EEE.EEEEEEEEE.EEEEEE...EFFFFFFFFFFFFEEEEEEEEEEEEEEEEEEEEEEEEEEEEEEEEEEEE [ 52%]
EEEEEEEEEEEEEEEEEEEEEEEEEEEE.EEEE.EEEE.........EEE...EEEE...EEEE         [100%]
==================================== ERRORS ====================================
_ ERROR at setup of test_tenant_roles_cannot_access_global_control_plane[asyncio-EDITOR] _

request = <SubRequest 'seeded_admin_tenant' for <Coroutine test_tenant_roles_cannot_access_global_control_plane[asyncio-EDITOR]>>
kwargs = {'client': <httpx.AsyncClient object at 0x152941250>, 'setup_db': (<sqlalchemy.ext.asyncio.engine.AsyncEngine object a...ers/nz/6q2p_ldx3txdbw_gttbpnwjr0000gn/T/pytest-of-haewonkim/pytest-364'), _retention_count=3, _retention_policy='all')}
event_loop_fixture_id = 'event_loop'
setup = <function _wrap_async_fixture.<locals>._async_fixture_wrapper.<locals>.setup at 0x14ff951c0>
context = <_contextvars.Context object at 0x15283ea40>
setup_task = <Task finished name='Task-4' coro=<_wrap_async_fixture.<locals>._async_fixture_wrapper.<locals>.setup() done, defined ...please specify a specific target revision, '<branchname>@head' to narrow to a specific head, or 'heads' for all heads
>

    @functools.wraps(fixture)
    def _async_fixture_wrapper(request: FixtureRequest, **kwargs: Any):
        func = _perhaps_rebind_fixture_func(fixture, request.instance)
        event_loop_fixture_id = _get_event_loop_fixture_id_for_async_fixture(
            request, func
        )
        event_loop = request.getfixturevalue(event_loop_fixture_id)
        kwargs.pop(event_loop_fixture_id, None)
    
        async def setup():
            res = await func(**_add_kwargs(func, kwargs, event_loop, request))
            return res
    
        context = contextvars.copy_context()
        setup_task = _create_task_in_context(event_loop, setup(), context)
>       result = event_loop.run_until_complete(setup_task)
                 ^^^^^^^^^^^^^^^^^^^^^^^^^^^^^^^^^^^^^^^^^

/opt/anaconda3/lib/python3.11/site-packages/pytest_asyncio/plugin.py:391: 
_ _ _ _ _ _ _ _ _ _ _ _ _ _ _ _ _ _ _ _ _ _ _ _ _ _ _ _ _ _ _ _ _ _ _ _ _ _ _ _ 
/opt/anaconda3/lib/python3.11/asyncio/base_events.py:653: in run_until_complete
    return future.result()
           ^^^^^^^^^^^^^^^
/opt/anaconda3/lib/python3.11/site-packages/pytest_asyncio/plugin.py:386: in setup
    res = await func(**_add_kwargs(func, kwargs, event_loop, request))
          ^^^^^^^^^^^^^^^^^^^^^^^^^^^^^^^^^^^^^^^^^^^^^^^^^^^^^^^^^^^^
_ _ _ _ _ _ _ _ _ _ _ _ _ _ _ _ _ _ _ _ _ _ _ _ _ _ _ _ _ _ _ _ _ _ _ _ _ _ _ _ 

client = <httpx.AsyncClient object at 0x152941250>
tmp_path = PosixPath('/private/var/folders/nz/6q2p_ldx3txdbw_gttbpnwjr0000gn/T/pytest-of-haewonkim/pytest-364/test_tenant_roles_cannot_acces0')
tmp_path_factory = TempPathFactory(_given_basetemp=None, _trace=<pluggy._tracing.TagTracerSub object at 0x14ec297d0>, _basetemp=PosixPath...ders/nz/6q2p_ldx3txdbw_gttbpnwjr0000gn/T/pytest-of-haewonkim/pytest-364'), _retention_count=3, _retention_policy='all')
setup_db = (<sqlalchemy.ext.asyncio.engine.AsyncEngine object at 0x15283ef80>, async_sessionmaker(class_='AsyncSession', autocommit=False, bind=<sqlalchemy.ext.asyncio.engine.AsyncEngine object at 0x15283ef80>, autoflush=False, expire_on_commit=True))

    @pytest_asyncio.fixture(scope="function")
    async def seeded_admin_tenant(client, tmp_path, tmp_path_factory, setup_db):
        _test_config_engine, ConfigSessionLocal = setup_db
        """
        Fixture to create and seed a unique tenant for the 'admin_root' user.
        Tests requiring a pre-existing tenant can depend on this fixture.
        """
        from app.models.config import Tenant, UserTenantAccess
        from app.database import Base # Keep Base for potential future use, though not used directly for schema creation here
        from app.api.tenants import run_alembic_upgrade # Import the migration function
    
        tenant_name = f"Admin Root Tenant {tmp_path.name}"
        tenant_db_path = tmp_path_factory.mktemp(f"seeded_tenant_db_{tmp_path.name}") / f"admin_root_tenant_{tmp_path.name}.db"
        tenant_db_url = f"sqlite+aiosqlite:///{tenant_db_path}"
    
        # Use the test-specific ConfigSessionLocal for seeding
        async with ConfigSessionLocal() as config_session:
            # Create a test tenant
            new_tenant = Tenant(name=tenant_name, db_url=tenant_db_url, is_active=True)
            config_session.add(new_tenant)
            await config_session.flush() # Flush to get tenant.id
    
            # IMPORTANT: Access attributes BEFORE committing the session,
            # otherwise the object will be detached.
            tenant_id = new_tenant.id
            tenant_name = new_tenant.name
    
            # Grant admin_root access to this tenant
            config_session.add(UserTenantAccess(user_id="admin_root", tenant_id=tenant_id, role="ADMIN", is_selected=True))
            await config_session.commit()
    
        # Now, run alembic migrations on this newly created tenant's database
        success, error_msg = run_alembic_upgrade(tenant_db_url)
        if not success:
>           pytest.fail(f"Alembic migration failed for seeded tenant {tenant_name}: {error_msg}")
E           Failed: Alembic migration failed for seeded tenant Admin Root Tenant test_tenant_roles_cannot_acces0: INFO  [alembic.runtime.migration] Context impl SQLiteImpl.
E           INFO  [alembic.runtime.migration] Will assume non-transactional DDL.
E           ERROR [alembic.util.messaging] Multiple head revisions are present for given argument 'head'; please specify a specific target revision, '<branchname>@head' to narrow to a specific head, or 'heads' for all heads

conftest.py:374: Failed
---------------------------- Captured stdout setup -----------------------------
ALEMBIC ERROR: INFO  [alembic.runtime.migration] Context impl SQLiteImpl.
INFO  [alembic.runtime.migration] Will assume non-transactional DDL.
ERROR [alembic.util.messaging] Multiple head revisions are present for given argument 'head'; please specify a specific target revision, '<branchname>@head' to narrow to a specific head, or 'heads' for all heads

_ ERROR at setup of test_tenant_roles_cannot_access_global_control_plane[asyncio-ADMIN] _

request = <SubRequest 'seeded_admin_tenant' for <Coroutine test_tenant_roles_cannot_access_global_control_plane[asyncio-ADMIN]>>
kwargs = {'client': <httpx.AsyncClient object at 0x152941250>, 'setup_db': (<sqlalchemy.ext.asyncio.engine.AsyncEngine object a...ers/nz/6q2p_ldx3txdbw_gttbpnwjr0000gn/T/pytest-of-haewonkim/pytest-364'), _retention_count=3, _retention_policy='all')}
event_loop_fixture_id = 'event_loop'
setup = <function _wrap_async_fixture.<locals>._async_fixture_wrapper.<locals>.setup at 0x14ff95f80>
context = <_contextvars.Context object at 0x1528c5880>
setup_task = <Task finished name='Task-10' coro=<_wrap_async_fixture.<locals>._async_fixture_wrapper.<locals>.setup() done, defined...please specify a specific target revision, '<branchname>@head' to narrow to a specific head, or 'heads' for all heads
>

    @functools.wraps(fixture)
    def _async_fixture_wrapper(request: FixtureRequest, **kwargs: Any):
        func = _perhaps_rebind_fixture_func(fixture, request.instance)
        event_loop_fixture_id = _get_event_loop_fixture_id_for_async_fixture(
            request, func
        )
        event_loop = request.getfixturevalue(event_loop_fixture_id)
        kwargs.pop(event_loop_fixture_id, None)
    
        async def setup():
            res = await func(**_add_kwargs(func, kwargs, event_loop, request))
            return res
    
        context = contextvars.copy_context()
        setup_task = _create_task_in_context(event_loop, setup(), context)
>       result = event_loop.run_until_complete(setup_task)
                 ^^^^^^^^^^^^^^^^^^^^^^^^^^^^^^^^^^^^^^^^^

/opt/anaconda3/lib/python3.11/site-packages/pytest_asyncio/plugin.py:391: 
_ _ _ _ _ _ _ _ _ _ _ _ _ _ _ _ _ _ _ _ _ _ _ _ _ _ _ _ _ _ _ _ _ _ _ _ _ _ _ _ 
/opt/anaconda3/lib/python3.11/asyncio/base_events.py:653: in run_until_complete
    return future.result()
           ^^^^^^^^^^^^^^^
/opt/anaconda3/lib/python3.11/site-packages/pytest_asyncio/plugin.py:386: in setup
    res = await func(**_add_kwargs(func, kwargs, event_loop, request))
          ^^^^^^^^^^^^^^^^^^^^^^^^^^^^^^^^^^^^^^^^^^^^^^^^^^^^^^^^^^^^
_ _ _ _ _ _ _ _ _ _ _ _ _ _ _ _ _ _ _ _ _ _ _ _ _ _ _ _ _ _ _ _ _ _ _ _ _ _ _ _ 

client = <httpx.AsyncClient object at 0x152941250>
tmp_path = PosixPath('/private/var/folders/nz/6q2p_ldx3txdbw_gttbpnwjr0000gn/T/pytest-of-haewonkim/pytest-364/test_tenant_roles_cannot_acces1')
tmp_path_factory = TempPathFactory(_given_basetemp=None, _trace=<pluggy._tracing.TagTracerSub object at 0x14ec297d0>, _basetemp=PosixPath...ders/nz/6q2p_ldx3txdbw_gttbpnwjr0000gn/T/pytest-of-haewonkim/pytest-364'), _retention_count=3, _retention_policy='all')
setup_db = (<sqlalchemy.ext.asyncio.engine.AsyncEngine object at 0x15281d180>, async_sessionmaker(class_='AsyncSession', autocommit=False, bind=<sqlalchemy.ext.asyncio.engine.AsyncEngine object at 0x15281d180>, autoflush=False, expire_on_commit=True))

    @pytest_asyncio.fixture(scope="function")
    async def seeded_admin_tenant(client, tmp_path, tmp_path_factory, setup_db):
        _test_config_engine, ConfigSessionLocal = setup_db
        """
        Fixture to create and seed a unique tenant for the 'admin_root' user.
        Tests requiring a pre-existing tenant can depend on this fixture.
        """
        from app.models.config import Tenant, UserTenantAccess
        from app.database import Base # Keep Base for potential future use, though not used directly for schema creation here
        from app.api.tenants import run_alembic_upgrade # Import the migration function
    
        tenant_name = f"Admin Root Tenant {tmp_path.name}"
        tenant_db_path = tmp_path_factory.mktemp(f"seeded_tenant_db_{tmp_path.name}") / f"admin_root_tenant_{tmp_path.name}.db"
        tenant_db_url = f"sqlite+aiosqlite:///{tenant_db_path}"
    
        # Use the test-specific ConfigSessionLocal for seeding
        async with ConfigSessionLocal() as config_session:
            # Create a test tenant
            new_tenant = Tenant(name=tenant_name, db_url=tenant_db_url, is_active=True)
            config_session.add(new_tenant)
            await config_session.flush() # Flush to get tenant.id
    
            # IMPORTANT: Access attributes BEFORE committing the session,
            # otherwise the object will be detached.
            tenant_id = new_tenant.id
            tenant_name = new_tenant.name
    
            # Grant admin_root access to this tenant
            config_session.add(UserTenantAccess(user_id="admin_root", tenant_id=tenant_id, role="ADMIN", is_selected=True))
            await config_session.commit()
    
        # Now, run alembic migrations on this newly created tenant's database
        success, error_msg = run_alembic_upgrade(tenant_db_url)
        if not success:
>           pytest.fail(f"Alembic migration failed for seeded tenant {tenant_name}: {error_msg}")
E           Failed: Alembic migration failed for seeded tenant Admin Root Tenant test_tenant_roles_cannot_acces1: INFO  [alembic.runtime.migration] Context impl SQLiteImpl.
E           INFO  [alembic.runtime.migration] Will assume non-transactional DDL.
E           ERROR [alembic.util.messaging] Multiple head revisions are present for given argument 'head'; please specify a specific target revision, '<branchname>@head' to narrow to a specific head, or 'heads' for all heads

conftest.py:374: Failed
---------------------------- Captured stdout setup -----------------------------
ALEMBIC ERROR: INFO  [alembic.runtime.migration] Context impl SQLiteImpl.
INFO  [alembic.runtime.migration] Will assume non-transactional DDL.
ERROR [alembic.util.messaging] Multiple head revisions are present for given argument 'head'; please specify a specific target revision, '<branchname>@head' to narrow to a specific head, or 'heads' for all heads

____ ERROR at setup of test_explicit_control_plane_admin_succeeds[asyncio] _____

request = <SubRequest 'seeded_admin_tenant' for <Coroutine test_explicit_control_plane_admin_succeeds[asyncio]>>
kwargs = {'client': <httpx.AsyncClient object at 0x152941250>, 'setup_db': (<sqlalchemy.ext.asyncio.engine.AsyncEngine object a...ers/nz/6q2p_ldx3txdbw_gttbpnwjr0000gn/T/pytest-of-haewonkim/pytest-364'), _retention_count=3, _retention_policy='all')}
event_loop_fixture_id = 'event_loop'
setup = <function _wrap_async_fixture.<locals>._async_fixture_wrapper.<locals>.setup at 0x14ffbdf80>
context = <_contextvars.Context object at 0x15281f4c0>
setup_task = <Task finished name='Task-16' coro=<_wrap_async_fixture.<locals>._async_fixture_wrapper.<locals>.setup() done, defined...please specify a specific target revision, '<branchname>@head' to narrow to a specific head, or 'heads' for all heads
>

    @functools.wraps(fixture)
    def _async_fixture_wrapper(request: FixtureRequest, **kwargs: Any):
        func = _perhaps_rebind_fixture_func(fixture, request.instance)
        event_loop_fixture_id = _get_event_loop_fixture_id_for_async_fixture(
            request, func
        )
        event_loop = request.getfixturevalue(event_loop_fixture_id)
        kwargs.pop(event_loop_fixture_id, None)
    
        async def setup():
            res = await func(**_add_kwargs(func, kwargs, event_loop, request))
            return res
    
        context = contextvars.copy_context()
        setup_task = _create_task_in_context(event_loop, setup(), context)
>       result = event_loop.run_until_complete(setup_task)
                 ^^^^^^^^^^^^^^^^^^^^^^^^^^^^^^^^^^^^^^^^^

/opt/anaconda3/lib/python3.11/site-packages/pytest_asyncio/plugin.py:391: 
_ _ _ _ _ _ _ _ _ _ _ _ _ _ _ _ _ _ _ _ _ _ _ _ _ _ _ _ _ _ _ _ _ _ _ _ _ _ _ _ 
/opt/anaconda3/lib/python3.11/asyncio/base_events.py:653: in run_until_complete
    return future.result()
           ^^^^^^^^^^^^^^^
/opt/anaconda3/lib/python3.11/site-packages/pytest_asyncio/plugin.py:386: in setup
    res = await func(**_add_kwargs(func, kwargs, event_loop, request))
          ^^^^^^^^^^^^^^^^^^^^^^^^^^^^^^^^^^^^^^^^^^^^^^^^^^^^^^^^^^^^
_ _ _ _ _ _ _ _ _ _ _ _ _ _ _ _ _ _ _ _ _ _ _ _ _ _ _ _ _ _ _ _ _ _ _ _ _ _ _ _ 

client = <httpx.AsyncClient object at 0x152941250>
tmp_path = PosixPath('/private/var/folders/nz/6q2p_ldx3txdbw_gttbpnwjr0000gn/T/pytest-of-haewonkim/pytest-364/test_explicit_control_plane_ad0')
tmp_path_factory = TempPathFactory(_given_basetemp=None, _trace=<pluggy._tracing.TagTracerSub object at 0x14ec297d0>, _basetemp=PosixPath...ders/nz/6q2p_ldx3txdbw_gttbpnwjr0000gn/T/pytest-of-haewonkim/pytest-364'), _retention_count=3, _retention_policy='all')
setup_db = (<sqlalchemy.ext.asyncio.engine.AsyncEngine object at 0x15296f880>, async_sessionmaker(class_='AsyncSession', autocommit=False, bind=<sqlalchemy.ext.asyncio.engine.AsyncEngine object at 0x15296f880>, autoflush=False, expire_on_commit=True))

    @pytest_asyncio.fixture(scope="function")
    async def seeded_admin_tenant(client, tmp_path, tmp_path_factory, setup_db):
        _test_config_engine, ConfigSessionLocal = setup_db
        """
        Fixture to create and seed a unique tenant for the 'admin_root' user.
        Tests requiring a pre-existing tenant can depend on this fixture.
        """
        from app.models.config import Tenant, UserTenantAccess
        from app.database import Base # Keep Base for potential future use, though not used directly for schema creation here
        from app.api.tenants import run_alembic_upgrade # Import the migration function
    
        tenant_name = f"Admin Root Tenant {tmp_path.name}"
        tenant_db_path = tmp_path_factory.mktemp(f"seeded_tenant_db_{tmp_path.name}") / f"admin_root_tenant_{tmp_path.name}.db"
        tenant_db_url = f"sqlite+aiosqlite:///{tenant_db_path}"
    
        # Use the test-specific ConfigSessionLocal for seeding
        async with ConfigSessionLocal() as config_session:
            # Create a test tenant
            new_tenant = Tenant(name=tenant_name, db_url=tenant_db_url, is_active=True)
            config_session.add(new_tenant)
            await config_session.flush() # Flush to get tenant.id
    
            # IMPORTANT: Access attributes BEFORE committing the session,
            # otherwise the object will be detached.
            tenant_id = new_tenant.id
            tenant_name = new_tenant.name
    
            # Grant admin_root access to this tenant
            config_session.add(UserTenantAccess(user_id="admin_root", tenant_id=tenant_id, role="ADMIN", is_selected=True))
            await config_session.commit()
    
        # Now, run alembic migrations on this newly created tenant's database
        success, error_msg = run_alembic_upgrade(tenant_db_url)
        if not success:
>           pytest.fail(f"Alembic migration failed for seeded tenant {tenant_name}: {error_msg}")
E           Failed: Alembic migration failed for seeded tenant Admin Root Tenant test_explicit_control_plane_ad0: INFO  [alembic.runtime.migration] Context impl SQLiteImpl.
E           INFO  [alembic.runtime.migration] Will assume non-transactional DDL.
E           ERROR [alembic.util.messaging] Multiple head revisions are present for given argument 'head'; please specify a specific target revision, '<branchname>@head' to narrow to a specific head, or 'heads' for all heads

conftest.py:374: Failed
---------------------------- Captured stdout setup -----------------------------
ALEMBIC ERROR: INFO  [alembic.runtime.migration] Context impl SQLiteImpl.
INFO  [alembic.runtime.migration] Will assume non-transactional DDL.
ERROR [alembic.util.messaging] Multiple head revisions are present for given argument 'head'; please specify a specific target revision, '<branchname>@head' to narrow to a specific head, or 'heads' for all heads

____ ERROR at setup of test_missing_trusted_identity_fails_closed[asyncio] _____

request = <SubRequest 'seeded_admin_tenant' for <Coroutine test_missing_trusted_identity_fails_closed[asyncio]>>
kwargs = {'client': <httpx.AsyncClient object at 0x152941250>, 'setup_db': (<sqlalchemy.ext.asyncio.engine.AsyncEngine object a...ers/nz/6q2p_ldx3txdbw_gttbpnwjr0000gn/T/pytest-of-haewonkim/pytest-364'), _retention_count=3, _retention_policy='all')}
event_loop_fixture_id = 'event_loop'
setup = <function _wrap_async_fixture.<locals>._async_fixture_wrapper.<locals>.setup at 0x1529fa480>
context = <_contextvars.Context object at 0x15281d000>
setup_task = <Task finished name='Task-34' coro=<_wrap_async_fixture.<locals>._async_fixture_wrapper.<locals>.setup() done, defined...please specify a specific target revision, '<branchname>@head' to narrow to a specific head, or 'heads' for all heads
>

    @functools.wraps(fixture)
    def _async_fixture_wrapper(request: FixtureRequest, **kwargs: Any):
        func = _perhaps_rebind_fixture_func(fixture, request.instance)
        event_loop_fixture_id = _get_event_loop_fixture_id_for_async_fixture(
            request, func
        )
        event_loop = request.getfixturevalue(event_loop_fixture_id)
        kwargs.pop(event_loop_fixture_id, None)
    
        async def setup():
            res = await func(**_add_kwargs(func, kwargs, event_loop, request))
            return res
    
        context = contextvars.copy_context()
        setup_task = _create_task_in_context(event_loop, setup(), context)
>       result = event_loop.run_until_complete(setup_task)
                 ^^^^^^^^^^^^^^^^^^^^^^^^^^^^^^^^^^^^^^^^^

/opt/anaconda3/lib/python3.11/site-packages/pytest_asyncio/plugin.py:391: 
_ _ _ _ _ _ _ _ _ _ _ _ _ _ _ _ _ _ _ _ _ _ _ _ _ _ _ _ _ _ _ _ _ _ _ _ _ _ _ _ 
/opt/anaconda3/lib/python3.11/asyncio/base_events.py:653: in run_until_complete
    return future.result()
           ^^^^^^^^^^^^^^^
/opt/anaconda3/lib/python3.11/site-packages/pytest_asyncio/plugin.py:386: in setup
    res = await func(**_add_kwargs(func, kwargs, event_loop, request))
          ^^^^^^^^^^^^^^^^^^^^^^^^^^^^^^^^^^^^^^^^^^^^^^^^^^^^^^^^^^^^
_ _ _ _ _ _ _ _ _ _ _ _ _ _ _ _ _ _ _ _ _ _ _ _ _ _ _ _ _ _ _ _ _ _ _ _ _ _ _ _ 

client = <httpx.AsyncClient object at 0x152941250>
tmp_path = PosixPath('/private/var/folders/nz/6q2p_ldx3txdbw_gttbpnwjr0000gn/T/pytest-of-haewonkim/pytest-364/test_missing_trusted_identity_0')
tmp_path_factory = TempPathFactory(_given_basetemp=None, _trace=<pluggy._tracing.TagTracerSub object at 0x14ec297d0>, _basetemp=PosixPath...ders/nz/6q2p_ldx3txdbw_gttbpnwjr0000gn/T/pytest-of-haewonkim/pytest-364'), _retention_count=3, _retention_policy='all')
setup_db = (<sqlalchemy.ext.asyncio.engine.AsyncEngine object at 0x14ff938c0>, async_sessionmaker(class_='AsyncSession', autocommit=False, bind=<sqlalchemy.ext.asyncio.engine.AsyncEngine object at 0x14ff938c0>, autoflush=False, expire_on_commit=True))

    @pytest_asyncio.fixture(scope="function")
    async def seeded_admin_tenant(client, tmp_path, tmp_path_factory, setup_db):
        _test_config_engine, ConfigSessionLocal = setup_db
        """
        Fixture to create and seed a unique tenant for the 'admin_root' user.
        Tests requiring a pre-existing tenant can depend on this fixture.
        """
        from app.models.config import Tenant, UserTenantAccess
        from app.database import Base # Keep Base for potential future use, though not used directly for schema creation here
        from app.api.tenants import run_alembic_upgrade # Import the migration function
    
        tenant_name = f"Admin Root Tenant {tmp_path.name}"
        tenant_db_path = tmp_path_factory.mktemp(f"seeded_tenant_db_{tmp_path.name}") / f"admin_root_tenant_{tmp_path.name}.db"
        tenant_db_url = f"sqlite+aiosqlite:///{tenant_db_path}"
    
        # Use the test-specific ConfigSessionLocal for seeding
        async with ConfigSessionLocal() as config_session:
            # Create a test tenant
            new_tenant = Tenant(name=tenant_name, db_url=tenant_db_url, is_active=True)
            config_session.add(new_tenant)
            await config_session.flush() # Flush to get tenant.id
    
            # IMPORTANT: Access attributes BEFORE committing the session,
            # otherwise the object will be detached.
            tenant_id = new_tenant.id
            tenant_name = new_tenant.name
    
            # Grant admin_root access to this tenant
            config_session.add(UserTenantAccess(user_id="admin_root", tenant_id=tenant_id, role="ADMIN", is_selected=True))
            await config_session.commit()
    
        # Now, run alembic migrations on this newly created tenant's database
        success, error_msg = run_alembic_upgrade(tenant_db_url)
        if not success:
>           pytest.fail(f"Alembic migration failed for seeded tenant {tenant_name}: {error_msg}")
E           Failed: Alembic migration failed for seeded tenant Admin Root Tenant test_missing_trusted_identity_0: INFO  [alembic.runtime.migration] Context impl SQLiteImpl.
E           INFO  [alembic.runtime.migration] Will assume non-transactional DDL.
E           ERROR [alembic.util.messaging] Multiple head revisions are present for given argument 'head'; please specify a specific target revision, '<branchname>@head' to narrow to a specific head, or 'heads' for all heads

conftest.py:374: Failed
---------------------------- Captured stdout setup -----------------------------
ALEMBIC ERROR: INFO  [alembic.runtime.migration] Context impl SQLiteImpl.
INFO  [alembic.runtime.migration] Will assume non-transactional DDL.
ERROR [alembic.util.messaging] Multiple head revisions are present for given argument 'head'; please specify a specific target revision, '<branchname>@head' to narrow to a specific head, or 'heads' for all heads

_ ERROR at setup of test_capability_dependency_denies_missing_operator[asyncio] _

request = <SubRequest 'seeded_admin_tenant' for <Coroutine test_capability_dependency_denies_missing_operator[asyncio]>>
kwargs = {'client': <httpx.AsyncClient object at 0x152941250>, 'setup_db': (<sqlalchemy.ext.asyncio.engine.AsyncEngine object a...ers/nz/6q2p_ldx3txdbw_gttbpnwjr0000gn/T/pytest-of-haewonkim/pytest-364'), _retention_count=3, _retention_policy='all')}
event_loop_fixture_id = 'event_loop'
setup = <function _wrap_async_fixture.<locals>._async_fixture_wrapper.<locals>.setup at 0x1529fc4a0>
context = <_contextvars.Context object at 0x14ff90d80>
setup_task = <Task finished name='Task-40' coro=<_wrap_async_fixture.<locals>._async_fixture_wrapper.<locals>.setup() done, defined...please specify a specific target revision, '<branchname>@head' to narrow to a specific head, or 'heads' for all heads
>

    @functools.wraps(fixture)
    def _async_fixture_wrapper(request: FixtureRequest, **kwargs: Any):
        func = _perhaps_rebind_fixture_func(fixture, request.instance)
        event_loop_fixture_id = _get_event_loop_fixture_id_for_async_fixture(
            request, func
        )
        event_loop = request.getfixturevalue(event_loop_fixture_id)
        kwargs.pop(event_loop_fixture_id, None)
    
        async def setup():
            res = await func(**_add_kwargs(func, kwargs, event_loop, request))
            return res
    
        context = contextvars.copy_context()
        setup_task = _create_task_in_context(event_loop, setup(), context)
>       result = event_loop.run_until_complete(setup_task)
                 ^^^^^^^^^^^^^^^^^^^^^^^^^^^^^^^^^^^^^^^^^

/opt/anaconda3/lib/python3.11/site-packages/pytest_asyncio/plugin.py:391: 
_ _ _ _ _ _ _ _ _ _ _ _ _ _ _ _ _ _ _ _ _ _ _ _ _ _ _ _ _ _ _ _ _ _ _ _ _ _ _ _ 
/opt/anaconda3/lib/python3.11/asyncio/base_events.py:653: in run_until_complete
    return future.result()
           ^^^^^^^^^^^^^^^
/opt/anaconda3/lib/python3.11/site-packages/pytest_asyncio/plugin.py:386: in setup
    res = await func(**_add_kwargs(func, kwargs, event_loop, request))
          ^^^^^^^^^^^^^^^^^^^^^^^^^^^^^^^^^^^^^^^^^^^^^^^^^^^^^^^^^^^^
_ _ _ _ _ _ _ _ _ _ _ _ _ _ _ _ _ _ _ _ _ _ _ _ _ _ _ _ _ _ _ _ _ _ _ _ _ _ _ _ 

client = <httpx.AsyncClient object at 0x152941250>
tmp_path = PosixPath('/private/var/folders/nz/6q2p_ldx3txdbw_gttbpnwjr0000gn/T/pytest-of-haewonkim/pytest-364/test_capability_dependency_den0')
tmp_path_factory = TempPathFactory(_given_basetemp=None, _trace=<pluggy._tracing.TagTracerSub object at 0x14ec297d0>, _basetemp=PosixPath...ders/nz/6q2p_ldx3txdbw_gttbpnwjr0000gn/T/pytest-of-haewonkim/pytest-364'), _retention_count=3, _retention_policy='all')
setup_db = (<sqlalchemy.ext.asyncio.engine.AsyncEngine object at 0x14ffa4dc0>, async_sessionmaker(class_='AsyncSession', autocommit=False, bind=<sqlalchemy.ext.asyncio.engine.AsyncEngine object at 0x14ffa4dc0>, autoflush=False, expire_on_commit=True))

    @pytest_asyncio.fixture(scope="function")
    async def seeded_admin_tenant(client, tmp_path, tmp_path_factory, setup_db):
        _test_config_engine, ConfigSessionLocal = setup_db
        """
        Fixture to create and seed a unique tenant for the 'admin_root' user.
        Tests requiring a pre-existing tenant can depend on this fixture.
        """
        from app.models.config import Tenant, UserTenantAccess
        from app.database import Base # Keep Base for potential future use, though not used directly for schema creation here
        from app.api.tenants import run_alembic_upgrade # Import the migration function
    
        tenant_name = f"Admin Root Tenant {tmp_path.name}"
        tenant_db_path = tmp_path_factory.mktemp(f"seeded_tenant_db_{tmp_path.name}") / f"admin_root_tenant_{tmp_path.name}.db"
        tenant_db_url = f"sqlite+aiosqlite:///{tenant_db_path}"
    
        # Use the test-specific ConfigSessionLocal for seeding
        async with ConfigSessionLocal() as config_session:
            # Create a test tenant
            new_tenant = Tenant(name=tenant_name, db_url=tenant_db_url, is_active=True)
            config_session.add(new_tenant)
            await config_session.flush() # Flush to get tenant.id
    
            # IMPORTANT: Access attributes BEFORE committing the session,
            # otherwise the object will be detached.
            tenant_id = new_tenant.id
            tenant_name = new_tenant.name
    
            # Grant admin_root access to this tenant
            config_session.add(UserTenantAccess(user_id="admin_root", tenant_id=tenant_id, role="ADMIN", is_selected=True))
            await config_session.commit()
    
        # Now, run alembic migrations on this newly created tenant's database
        success, error_msg = run_alembic_upgrade(tenant_db_url)
        if not success:
>           pytest.fail(f"Alembic migration failed for seeded tenant {tenant_name}: {error_msg}")
E           Failed: Alembic migration failed for seeded tenant Admin Root Tenant test_capability_dependency_den0: INFO  [alembic.runtime.migration] Context impl SQLiteImpl.
E           INFO  [alembic.runtime.migration] Will assume non-transactional DDL.
E           ERROR [alembic.util.messaging] Multiple head revisions are present for given argument 'head'; please specify a specific target revision, '<branchname>@head' to narrow to a specific head, or 'heads' for all heads

conftest.py:374: Failed
---------------------------- Captured stdout setup -----------------------------
ALEMBIC ERROR: INFO  [alembic.runtime.migration] Context impl SQLiteImpl.
INFO  [alembic.runtime.migration] Will assume non-transactional DDL.
ERROR [alembic.util.messaging] Multiple head revisions are present for given argument 'head'; please specify a specific target revision, '<branchname>@head' to narrow to a specific head, or 'heads' for all heads

_ ERROR at setup of test_logical_service_reads_never_return_legacy_passwords[asyncio] _

request = <SubRequest 'seeded_admin_tenant' for <Coroutine test_logical_service_reads_never_return_legacy_passwords[asyncio]>>
kwargs = {'client': <httpx.AsyncClient object at 0x152941250>, 'setup_db': (<sqlalchemy.ext.asyncio.engine.AsyncEngine object a...ers/nz/6q2p_ldx3txdbw_gttbpnwjr0000gn/T/pytest-of-haewonkim/pytest-364'), _retention_count=3, _retention_policy='all')}
event_loop_fixture_id = 'event_loop'
setup = <function _wrap_async_fixture.<locals>._async_fixture_wrapper.<locals>.setup at 0x1529fefc0>
context = <_contextvars.Context object at 0x14e4edf80>
setup_task = <Task finished name='Task-46' coro=<_wrap_async_fixture.<locals>._async_fixture_wrapper.<locals>.setup() done, defined...please specify a specific target revision, '<branchname>@head' to narrow to a specific head, or 'heads' for all heads
>

    @functools.wraps(fixture)
    def _async_fixture_wrapper(request: FixtureRequest, **kwargs: Any):
        func = _perhaps_rebind_fixture_func(fixture, request.instance)
        event_loop_fixture_id = _get_event_loop_fixture_id_for_async_fixture(
            request, func
        )
        event_loop = request.getfixturevalue(event_loop_fixture_id)
        kwargs.pop(event_loop_fixture_id, None)
    
        async def setup():
            res = await func(**_add_kwargs(func, kwargs, event_loop, request))
            return res
    
        context = contextvars.copy_context()
        setup_task = _create_task_in_context(event_loop, setup(), context)
>       result = event_loop.run_until_complete(setup_task)
                 ^^^^^^^^^^^^^^^^^^^^^^^^^^^^^^^^^^^^^^^^^

/opt/anaconda3/lib/python3.11/site-packages/pytest_asyncio/plugin.py:391: 
_ _ _ _ _ _ _ _ _ _ _ _ _ _ _ _ _ _ _ _ _ _ _ _ _ _ _ _ _ _ _ _ _ _ _ _ _ _ _ _ 
/opt/anaconda3/lib/python3.11/asyncio/base_events.py:653: in run_until_complete
    return future.result()
           ^^^^^^^^^^^^^^^
/opt/anaconda3/lib/python3.11/site-packages/pytest_asyncio/plugin.py:386: in setup
    res = await func(**_add_kwargs(func, kwargs, event_loop, request))
          ^^^^^^^^^^^^^^^^^^^^^^^^^^^^^^^^^^^^^^^^^^^^^^^^^^^^^^^^^^^^
_ _ _ _ _ _ _ _ _ _ _ _ _ _ _ _ _ _ _ _ _ _ _ _ _ _ _ _ _ _ _ _ _ _ _ _ _ _ _ _ 

client = <httpx.AsyncClient object at 0x152941250>
tmp_path = PosixPath('/private/var/folders/nz/6q2p_ldx3txdbw_gttbpnwjr0000gn/T/pytest-of-haewonkim/pytest-364/test_logical_service_reads_nev0')
tmp_path_factory = TempPathFactory(_given_basetemp=None, _trace=<pluggy._tracing.TagTracerSub object at 0x14ec297d0>, _basetemp=PosixPath...ders/nz/6q2p_ldx3txdbw_gttbpnwjr0000gn/T/pytest-of-haewonkim/pytest-364'), _retention_count=3, _retention_policy='all')
setup_db = (<sqlalchemy.ext.asyncio.engine.AsyncEngine object at 0x15286e100>, async_sessionmaker(class_='AsyncSession', autocommit=False, bind=<sqlalchemy.ext.asyncio.engine.AsyncEngine object at 0x15286e100>, autoflush=False, expire_on_commit=True))

    @pytest_asyncio.fixture(scope="function")
    async def seeded_admin_tenant(client, tmp_path, tmp_path_factory, setup_db):
        _test_config_engine, ConfigSessionLocal = setup_db
        """
        Fixture to create and seed a unique tenant for the 'admin_root' user.
        Tests requiring a pre-existing tenant can depend on this fixture.
        """
        from app.models.config import Tenant, UserTenantAccess
        from app.database import Base # Keep Base for potential future use, though not used directly for schema creation here
        from app.api.tenants import run_alembic_upgrade # Import the migration function
    
        tenant_name = f"Admin Root Tenant {tmp_path.name}"
        tenant_db_path = tmp_path_factory.mktemp(f"seeded_tenant_db_{tmp_path.name}") / f"admin_root_tenant_{tmp_path.name}.db"
        tenant_db_url = f"sqlite+aiosqlite:///{tenant_db_path}"
    
        # Use the test-specific ConfigSessionLocal for seeding
        async with ConfigSessionLocal() as config_session:
            # Create a test tenant
            new_tenant = Tenant(name=tenant_name, db_url=tenant_db_url, is_active=True)
            config_session.add(new_tenant)
            await config_session.flush() # Flush to get tenant.id
    
            # IMPORTANT: Access attributes BEFORE committing the session,
            # otherwise the object will be detached.
            tenant_id = new_tenant.id
            tenant_name = new_tenant.name
    
            # Grant admin_root access to this tenant
            config_session.add(UserTenantAccess(user_id="admin_root", tenant_id=tenant_id, role="ADMIN", is_selected=True))
            await config_session.commit()
    
        # Now, run alembic migrations on this newly created tenant's database
        success, error_msg = run_alembic_upgrade(tenant_db_url)
        if not success:
>           pytest.fail(f"Alembic migration failed for seeded tenant {tenant_name}: {error_msg}")
E           Failed: Alembic migration failed for seeded tenant Admin Root Tenant test_logical_service_reads_nev0: INFO  [alembic.runtime.migration] Context impl SQLiteImpl.
E           INFO  [alembic.runtime.migration] Will assume non-transactional DDL.
E           ERROR [alembic.util.messaging] Multiple head revisions are present for given argument 'head'; please specify a specific target revision, '<branchname>@head' to narrow to a specific head, or 'heads' for all heads

conftest.py:374: Failed
---------------------------- Captured stdout setup -----------------------------
ALEMBIC ERROR: INFO  [alembic.runtime.migration] Context impl SQLiteImpl.
INFO  [alembic.runtime.migration] Will assume non-transactional DDL.
ERROR [alembic.util.messaging] Multiple head revisions are present for given argument 'head'; please specify a specific target revision, '<branchname>@head' to narrow to a specific head, or 'heads' for all heads

_ ERROR at setup of test_viewer_and_editor_cannot_reveal_legacy_service_secret[asyncio] _

request = <SubRequest 'seeded_admin_tenant' for <Coroutine test_viewer_and_editor_cannot_reveal_legacy_service_secret[asyncio]>>
kwargs = {'client': <httpx.AsyncClient object at 0x152941250>, 'setup_db': (<sqlalchemy.ext.asyncio.engine.AsyncEngine object a...ers/nz/6q2p_ldx3txdbw_gttbpnwjr0000gn/T/pytest-of-haewonkim/pytest-364'), _retention_count=3, _retention_policy='all')}
event_loop_fixture_id = 'event_loop'
setup = <function _wrap_async_fixture.<locals>._async_fixture_wrapper.<locals>.setup at 0x1529fe8e0>
context = <_contextvars.Context object at 0x152834280>
setup_task = <Task finished name='Task-52' coro=<_wrap_async_fixture.<locals>._async_fixture_wrapper.<locals>.setup() done, defined...please specify a specific target revision, '<branchname>@head' to narrow to a specific head, or 'heads' for all heads
>

    @functools.wraps(fixture)
    def _async_fixture_wrapper(request: FixtureRequest, **kwargs: Any):
        func = _perhaps_rebind_fixture_func(fixture, request.instance)
        event_loop_fixture_id = _get_event_loop_fixture_id_for_async_fixture(
            request, func
        )
        event_loop = request.getfixturevalue(event_loop_fixture_id)
        kwargs.pop(event_loop_fixture_id, None)
    
        async def setup():
            res = await func(**_add_kwargs(func, kwargs, event_loop, request))
            return res
    
        context = contextvars.copy_context()
        setup_task = _create_task_in_context(event_loop, setup(), context)
>       result = event_loop.run_until_complete(setup_task)
                 ^^^^^^^^^^^^^^^^^^^^^^^^^^^^^^^^^^^^^^^^^

/opt/anaconda3/lib/python3.11/site-packages/pytest_asyncio/plugin.py:391: 
_ _ _ _ _ _ _ _ _ _ _ _ _ _ _ _ _ _ _ _ _ _ _ _ _ _ _ _ _ _ _ _ _ _ _ _ _ _ _ _ 
/opt/anaconda3/lib/python3.11/asyncio/base_events.py:653: in run_until_complete
    return future.result()
           ^^^^^^^^^^^^^^^
/opt/anaconda3/lib/python3.11/site-packages/pytest_asyncio/plugin.py:386: in setup
    res = await func(**_add_kwargs(func, kwargs, event_loop, request))
          ^^^^^^^^^^^^^^^^^^^^^^^^^^^^^^^^^^^^^^^^^^^^^^^^^^^^^^^^^^^^
_ _ _ _ _ _ _ _ _ _ _ _ _ _ _ _ _ _ _ _ _ _ _ _ _ _ _ _ _ _ _ _ _ _ _ _ _ _ _ _ 

client = <httpx.AsyncClient object at 0x152941250>
tmp_path = PosixPath('/private/var/folders/nz/6q2p_ldx3txdbw_gttbpnwjr0000gn/T/pytest-of-haewonkim/pytest-364/test_viewer_and_editor_cannot_0')
tmp_path_factory = TempPathFactory(_given_basetemp=None, _trace=<pluggy._tracing.TagTracerSub object at 0x14ec297d0>, _basetemp=PosixPath...ders/nz/6q2p_ldx3txdbw_gttbpnwjr0000gn/T/pytest-of-haewonkim/pytest-364'), _retention_count=3, _retention_policy='all')
setup_db = (<sqlalchemy.ext.asyncio.engine.AsyncEngine object at 0x1529ba140>, async_sessionmaker(class_='AsyncSession', autocommit=False, bind=<sqlalchemy.ext.asyncio.engine.AsyncEngine object at 0x1529ba140>, autoflush=False, expire_on_commit=True))

    @pytest_asyncio.fixture(scope="function")
    async def seeded_admin_tenant(client, tmp_path, tmp_path_factory, setup_db):
        _test_config_engine, ConfigSessionLocal = setup_db
        """
        Fixture to create and seed a unique tenant for the 'admin_root' user.
        Tests requiring a pre-existing tenant can depend on this fixture.
        """
        from app.models.config import Tenant, UserTenantAccess
        from app.database import Base # Keep Base for potential future use, though not used directly for schema creation here
        from app.api.tenants import run_alembic_upgrade # Import the migration function
    
        tenant_name = f"Admin Root Tenant {tmp_path.name}"
        tenant_db_path = tmp_path_factory.mktemp(f"seeded_tenant_db_{tmp_path.name}") / f"admin_root_tenant_{tmp_path.name}.db"
        tenant_db_url = f"sqlite+aiosqlite:///{tenant_db_path}"
    
        # Use the test-specific ConfigSessionLocal for seeding
        async with ConfigSessionLocal() as config_session:
            # Create a test tenant
            new_tenant = Tenant(name=tenant_name, db_url=tenant_db_url, is_active=True)
            config_session.add(new_tenant)
            await config_session.flush() # Flush to get tenant.id
    
            # IMPORTANT: Access attributes BEFORE committing the session,
            # otherwise the object will be detached.
            tenant_id = new_tenant.id
            tenant_name = new_tenant.name
    
            # Grant admin_root access to this tenant
            config_session.add(UserTenantAccess(user_id="admin_root", tenant_id=tenant_id, role="ADMIN", is_selected=True))
            await config_session.commit()
    
        # Now, run alembic migrations on this newly created tenant's database
        success, error_msg = run_alembic_upgrade(tenant_db_url)
        if not success:
>           pytest.fail(f"Alembic migration failed for seeded tenant {tenant_name}: {error_msg}")
E           Failed: Alembic migration failed for seeded tenant Admin Root Tenant test_viewer_and_editor_cannot_0: INFO  [alembic.runtime.migration] Context impl SQLiteImpl.
E           INFO  [alembic.runtime.migration] Will assume non-transactional DDL.
E           ERROR [alembic.util.messaging] Multiple head revisions are present for given argument 'head'; please specify a specific target revision, '<branchname>@head' to narrow to a specific head, or 'heads' for all heads

conftest.py:374: Failed
---------------------------- Captured stdout setup -----------------------------
ALEMBIC ERROR: INFO  [alembic.runtime.migration] Context impl SQLiteImpl.
INFO  [alembic.runtime.migration] Will assume non-transactional DDL.
ERROR [alembic.util.messaging] Multiple head revisions are present for given argument 'head'; please specify a specific target revision, '<branchname>@head' to narrow to a specific head, or 'heads' for all heads

_ ERROR at setup of test_new_plaintext_service_secret_write_fails_closed[asyncio] _

request = <SubRequest 'seeded_admin_tenant' for <Coroutine test_new_plaintext_service_secret_write_fails_closed[asyncio]>>
kwargs = {'client': <httpx.AsyncClient object at 0x152941250>, 'setup_db': (<sqlalchemy.ext.asyncio.engine.AsyncEngine object a...ers/nz/6q2p_ldx3txdbw_gttbpnwjr0000gn/T/pytest-of-haewonkim/pytest-364'), _retention_count=3, _retention_policy='all')}
event_loop_fixture_id = 'event_loop'
setup = <function _wrap_async_fixture.<locals>._async_fixture_wrapper.<locals>.setup at 0x1529f99e0>
context = <_contextvars.Context object at 0x152836240>
setup_task = <Task finished name='Task-58' coro=<_wrap_async_fixture.<locals>._async_fixture_wrapper.<locals>.setup() done, defined...please specify a specific target revision, '<branchname>@head' to narrow to a specific head, or 'heads' for all heads
>

    @functools.wraps(fixture)
    def _async_fixture_wrapper(request: FixtureRequest, **kwargs: Any):
        func = _perhaps_rebind_fixture_func(fixture, request.instance)
        event_loop_fixture_id = _get_event_loop_fixture_id_for_async_fixture(
            request, func
        )
        event_loop = request.getfixturevalue(event_loop_fixture_id)
        kwargs.pop(event_loop_fixture_id, None)
    
        async def setup():
            res = await func(**_add_kwargs(func, kwargs, event_loop, request))
            return res
    
        context = contextvars.copy_context()
        setup_task = _create_task_in_context(event_loop, setup(), context)
>       result = event_loop.run_until_complete(setup_task)
                 ^^^^^^^^^^^^^^^^^^^^^^^^^^^^^^^^^^^^^^^^^

/opt/anaconda3/lib/python3.11/site-packages/pytest_asyncio/plugin.py:391: 
_ _ _ _ _ _ _ _ _ _ _ _ _ _ _ _ _ _ _ _ _ _ _ _ _ _ _ _ _ _ _ _ _ _ _ _ _ _ _ _ 
/opt/anaconda3/lib/python3.11/asyncio/base_events.py:653: in run_until_complete
    return future.result()
           ^^^^^^^^^^^^^^^
/opt/anaconda3/lib/python3.11/site-packages/pytest_asyncio/plugin.py:386: in setup
    res = await func(**_add_kwargs(func, kwargs, event_loop, request))
          ^^^^^^^^^^^^^^^^^^^^^^^^^^^^^^^^^^^^^^^^^^^^^^^^^^^^^^^^^^^^
_ _ _ _ _ _ _ _ _ _ _ _ _ _ _ _ _ _ _ _ _ _ _ _ _ _ _ _ _ _ _ _ _ _ _ _ _ _ _ _ 

client = <httpx.AsyncClient object at 0x152941250>
tmp_path = PosixPath('/private/var/folders/nz/6q2p_ldx3txdbw_gttbpnwjr0000gn/T/pytest-of-haewonkim/pytest-364/test_new_plaintext_service_sec0')
tmp_path_factory = TempPathFactory(_given_basetemp=None, _trace=<pluggy._tracing.TagTracerSub object at 0x14ec297d0>, _basetemp=PosixPath...ders/nz/6q2p_ldx3txdbw_gttbpnwjr0000gn/T/pytest-of-haewonkim/pytest-364'), _retention_count=3, _retention_policy='all')
setup_db = (<sqlalchemy.ext.asyncio.engine.AsyncEngine object at 0x15283f700>, async_sessionmaker(class_='AsyncSession', autocommit=False, bind=<sqlalchemy.ext.asyncio.engine.AsyncEngine object at 0x15283f700>, autoflush=False, expire_on_commit=True))

    @pytest_asyncio.fixture(scope="function")
    async def seeded_admin_tenant(client, tmp_path, tmp_path_factory, setup_db):
        _test_config_engine, ConfigSessionLocal = setup_db
        """
        Fixture to create and seed a unique tenant for the 'admin_root' user.
        Tests requiring a pre-existing tenant can depend on this fixture.
        """
        from app.models.config import Tenant, UserTenantAccess
        from app.database import Base # Keep Base for potential future use, though not used directly for schema creation here
        from app.api.tenants import run_alembic_upgrade # Import the migration function
    
        tenant_name = f"Admin Root Tenant {tmp_path.name}"
        tenant_db_path = tmp_path_factory.mktemp(f"seeded_tenant_db_{tmp_path.name}") / f"admin_root_tenant_{tmp_path.name}.db"
        tenant_db_url = f"sqlite+aiosqlite:///{tenant_db_path}"
    
        # Use the test-specific ConfigSessionLocal for seeding
        async with ConfigSessionLocal() as config_session:
            # Create a test tenant
            new_tenant = Tenant(name=tenant_name, db_url=tenant_db_url, is_active=True)
            config_session.add(new_tenant)
            await config_session.flush() # Flush to get tenant.id
    
            # IMPORTANT: Access attributes BEFORE committing the session,
            # otherwise the object will be detached.
            tenant_id = new_tenant.id
            tenant_name = new_tenant.name
    
            # Grant admin_root access to this tenant
            config_session.add(UserTenantAccess(user_id="admin_root", tenant_id=tenant_id, role="ADMIN", is_selected=True))
            await config_session.commit()
    
        # Now, run alembic migrations on this newly created tenant's database
        success, error_msg = run_alembic_upgrade(tenant_db_url)
        if not success:
>           pytest.fail(f"Alembic migration failed for seeded tenant {tenant_name}: {error_msg}")
E           Failed: Alembic migration failed for seeded tenant Admin Root Tenant test_new_plaintext_service_sec0: INFO  [alembic.runtime.migration] Context impl SQLiteImpl.
E           INFO  [alembic.runtime.migration] Will assume non-transactional DDL.
E           ERROR [alembic.util.messaging] Multiple head revisions are present for given argument 'head'; please specify a specific target revision, '<branchname>@head' to narrow to a specific head, or 'heads' for all heads

conftest.py:374: Failed
---------------------------- Captured stdout setup -----------------------------
ALEMBIC ERROR: INFO  [alembic.runtime.migration] Context impl SQLiteImpl.
INFO  [alembic.runtime.migration] Will assume non-transactional DDL.
ERROR [alembic.util.messaging] Multiple head revisions are present for given argument 'head'; please specify a specific target revision, '<branchname>@head' to narrow to a specific head, or 'heads' for all heads

_ ERROR at setup of test_editor_cannot_mutate_service_secrets_without_manage_capability[asyncio] _

request = <SubRequest 'seeded_admin_tenant' for <Coroutine test_editor_cannot_mutate_service_secrets_without_manage_capability[asyncio]>>
kwargs = {'client': <httpx.AsyncClient object at 0x152941250>, 'setup_db': (<sqlalchemy.ext.asyncio.engine.AsyncEngine object a...ers/nz/6q2p_ldx3txdbw_gttbpnwjr0000gn/T/pytest-of-haewonkim/pytest-364'), _retention_count=3, _retention_policy='all')}
event_loop_fixture_id = 'event_loop'
setup = <function _wrap_async_fixture.<locals>._async_fixture_wrapper.<locals>.setup at 0x152955e40>
context = <_contextvars.Context object at 0x152b79580>
setup_task = <Task finished name='Task-64' coro=<_wrap_async_fixture.<locals>._async_fixture_wrapper.<locals>.setup() done, defined...please specify a specific target revision, '<branchname>@head' to narrow to a specific head, or 'heads' for all heads
>

    @functools.wraps(fixture)
    def _async_fixture_wrapper(request: FixtureRequest, **kwargs: Any):
        func = _perhaps_rebind_fixture_func(fixture, request.instance)
        event_loop_fixture_id = _get_event_loop_fixture_id_for_async_fixture(
            request, func
        )
        event_loop = request.getfixturevalue(event_loop_fixture_id)
        kwargs.pop(event_loop_fixture_id, None)
    
        async def setup():
            res = await func(**_add_kwargs(func, kwargs, event_loop, request))
            return res
    
        context = contextvars.copy_context()
        setup_task = _create_task_in_context(event_loop, setup(), context)
>       result = event_loop.run_until_complete(setup_task)
                 ^^^^^^^^^^^^^^^^^^^^^^^^^^^^^^^^^^^^^^^^^

/opt/anaconda3/lib/python3.11/site-packages/pytest_asyncio/plugin.py:391: 
_ _ _ _ _ _ _ _ _ _ _ _ _ _ _ _ _ _ _ _ _ _ _ _ _ _ _ _ _ _ _ _ _ _ _ _ _ _ _ _ 
/opt/anaconda3/lib/python3.11/asyncio/base_events.py:653: in run_until_complete
    return future.result()
           ^^^^^^^^^^^^^^^
/opt/anaconda3/lib/python3.11/site-packages/pytest_asyncio/plugin.py:386: in setup
    res = await func(**_add_kwargs(func, kwargs, event_loop, request))
          ^^^^^^^^^^^^^^^^^^^^^^^^^^^^^^^^^^^^^^^^^^^^^^^^^^^^^^^^^^^^
_ _ _ _ _ _ _ _ _ _ _ _ _ _ _ _ _ _ _ _ _ _ _ _ _ _ _ _ _ _ _ _ _ _ _ _ _ _ _ _ 

client = <httpx.AsyncClient object at 0x152941250>
tmp_path = PosixPath('/private/var/folders/nz/6q2p_ldx3txdbw_gttbpnwjr0000gn/T/pytest-of-haewonkim/pytest-364/test_editor_cannot_mutate_serv0')
tmp_path_factory = TempPathFactory(_given_basetemp=None, _trace=<pluggy._tracing.TagTracerSub object at 0x14ec297d0>, _basetemp=PosixPath...ders/nz/6q2p_ldx3txdbw_gttbpnwjr0000gn/T/pytest-of-haewonkim/pytest-364'), _retention_count=3, _retention_policy='all')
setup_db = (<sqlalchemy.ext.asyncio.engine.AsyncEngine object at 0x14ff76740>, async_sessionmaker(class_='AsyncSession', autocommit=False, bind=<sqlalchemy.ext.asyncio.engine.AsyncEngine object at 0x14ff76740>, autoflush=False, expire_on_commit=True))

    @pytest_asyncio.fixture(scope="function")
    async def seeded_admin_tenant(client, tmp_path, tmp_path_factory, setup_db):
        _test_config_engine, ConfigSessionLocal = setup_db
        """
        Fixture to create and seed a unique tenant for the 'admin_root' user.
        Tests requiring a pre-existing tenant can depend on this fixture.
        """
        from app.models.config import Tenant, UserTenantAccess
        from app.database import Base # Keep Base for potential future use, though not used directly for schema creation here
        from app.api.tenants import run_alembic_upgrade # Import the migration function
    
        tenant_name = f"Admin Root Tenant {tmp_path.name}"
        tenant_db_path = tmp_path_factory.mktemp(f"seeded_tenant_db_{tmp_path.name}") / f"admin_root_tenant_{tmp_path.name}.db"
        tenant_db_url = f"sqlite+aiosqlite:///{tenant_db_path}"
    
        # Use the test-specific ConfigSessionLocal for seeding
        async with ConfigSessionLocal() as config_session:
            # Create a test tenant
            new_tenant = Tenant(name=tenant_name, db_url=tenant_db_url, is_active=True)
            config_session.add(new_tenant)
            await config_session.flush() # Flush to get tenant.id
    
            # IMPORTANT: Access attributes BEFORE committing the session,
            # otherwise the object will be detached.
            tenant_id = new_tenant.id
            tenant_name = new_tenant.name
    
            # Grant admin_root access to this tenant
            config_session.add(UserTenantAccess(user_id="admin_root", tenant_id=tenant_id, role="ADMIN", is_selected=True))
            await config_session.commit()
    
        # Now, run alembic migrations on this newly created tenant's database
        success, error_msg = run_alembic_upgrade(tenant_db_url)
        if not success:
>           pytest.fail(f"Alembic migration failed for seeded tenant {tenant_name}: {error_msg}")
E           Failed: Alembic migration failed for seeded tenant Admin Root Tenant test_editor_cannot_mutate_serv0: INFO  [alembic.runtime.migration] Context impl SQLiteImpl.
E           INFO  [alembic.runtime.migration] Will assume non-transactional DDL.
E           ERROR [alembic.util.messaging] Multiple head revisions are present for given argument 'head'; please specify a specific target revision, '<branchname>@head' to narrow to a specific head, or 'heads' for all heads

conftest.py:374: Failed
---------------------------- Captured stdout setup -----------------------------
ALEMBIC ERROR: INFO  [alembic.runtime.migration] Context impl SQLiteImpl.
INFO  [alembic.runtime.migration] Will assume non-transactional DDL.
ERROR [alembic.util.messaging] Multiple head revisions are present for given argument 'head'; please specify a specific target revision, '<branchname>@head' to narrow to a specific head, or 'heads' for all heads

_ ERROR at setup of test_tenant_roles_cannot_access_global_control_plane[trio-EDITOR] _

request = <SubRequest 'seeded_admin_tenant' for <Coroutine test_tenant_roles_cannot_access_global_control_plane[trio-EDITOR]>>
kwargs = {'client': <httpx.AsyncClient object at 0x152941250>, 'setup_db': (<sqlalchemy.ext.asyncio.engine.AsyncEngine object a...ers/nz/6q2p_ldx3txdbw_gttbpnwjr0000gn/T/pytest-of-haewonkim/pytest-364'), _retention_count=3, _retention_policy='all')}
event_loop_fixture_id = 'event_loop'
setup = <function _wrap_async_fixture.<locals>._async_fixture_wrapper.<locals>.setup at 0x152957380>
context = <_contextvars.Context object at 0x152835700>
setup_task = <Task finished name='Task-70' coro=<_wrap_async_fixture.<locals>._async_fixture_wrapper.<locals>.setup() done, defined...please specify a specific target revision, '<branchname>@head' to narrow to a specific head, or 'heads' for all heads
>

    @functools.wraps(fixture)
    def _async_fixture_wrapper(request: FixtureRequest, **kwargs: Any):
        func = _perhaps_rebind_fixture_func(fixture, request.instance)
        event_loop_fixture_id = _get_event_loop_fixture_id_for_async_fixture(
            request, func
        )
        event_loop = request.getfixturevalue(event_loop_fixture_id)
        kwargs.pop(event_loop_fixture_id, None)
    
        async def setup():
            res = await func(**_add_kwargs(func, kwargs, event_loop, request))
            return res
    
        context = contextvars.copy_context()
        setup_task = _create_task_in_context(event_loop, setup(), context)
>       result = event_loop.run_until_complete(setup_task)
                 ^^^^^^^^^^^^^^^^^^^^^^^^^^^^^^^^^^^^^^^^^

/opt/anaconda3/lib/python3.11/site-packages/pytest_asyncio/plugin.py:391: 
_ _ _ _ _ _ _ _ _ _ _ _ _ _ _ _ _ _ _ _ _ _ _ _ _ _ _ _ _ _ _ _ _ _ _ _ _ _ _ _ 
/opt/anaconda3/lib/python3.11/asyncio/base_events.py:653: in run_until_complete
    return future.result()
           ^^^^^^^^^^^^^^^
/opt/anaconda3/lib/python3.11/site-packages/pytest_asyncio/plugin.py:386: in setup
    res = await func(**_add_kwargs(func, kwargs, event_loop, request))
          ^^^^^^^^^^^^^^^^^^^^^^^^^^^^^^^^^^^^^^^^^^^^^^^^^^^^^^^^^^^^
_ _ _ _ _ _ _ _ _ _ _ _ _ _ _ _ _ _ _ _ _ _ _ _ _ _ _ _ _ _ _ _ _ _ _ _ _ _ _ _ 

client = <httpx.AsyncClient object at 0x152941250>
tmp_path = PosixPath('/private/var/folders/nz/6q2p_ldx3txdbw_gttbpnwjr0000gn/T/pytest-of-haewonkim/pytest-364/test_tenant_roles_cannot_acces2')
tmp_path_factory = TempPathFactory(_given_basetemp=None, _trace=<pluggy._tracing.TagTracerSub object at 0x14ec297d0>, _basetemp=PosixPath...ders/nz/6q2p_ldx3txdbw_gttbpnwjr0000gn/T/pytest-of-haewonkim/pytest-364'), _retention_count=3, _retention_policy='all')
setup_db = (<sqlalchemy.ext.asyncio.engine.AsyncEngine object at 0x1528338c0>, async_sessionmaker(class_='AsyncSession', autocommit=False, bind=<sqlalchemy.ext.asyncio.engine.AsyncEngine object at 0x1528338c0>, autoflush=False, expire_on_commit=True))

    @pytest_asyncio.fixture(scope="function")
    async def seeded_admin_tenant(client, tmp_path, tmp_path_factory, setup_db):
        _test_config_engine, ConfigSessionLocal = setup_db
        """
        Fixture to create and seed a unique tenant for the 'admin_root' user.
        Tests requiring a pre-existing tenant can depend on this fixture.
        """
        from app.models.config import Tenant, UserTenantAccess
        from app.database import Base # Keep Base for potential future use, though not used directly for schema creation here
        from app.api.tenants import run_alembic_upgrade # Import the migration function
    
        tenant_name = f"Admin Root Tenant {tmp_path.name}"
        tenant_db_path = tmp_path_factory.mktemp(f"seeded_tenant_db_{tmp_path.name}") / f"admin_root_tenant_{tmp_path.name}.db"
        tenant_db_url = f"sqlite+aiosqlite:///{tenant_db_path}"
    
        # Use the test-specific ConfigSessionLocal for seeding
        async with ConfigSessionLocal() as config_session:
            # Create a test tenant
            new_tenant = Tenant(name=tenant_name, db_url=tenant_db_url, is_active=True)
            config_session.add(new_tenant)
            await config_session.flush() # Flush to get tenant.id
    
            # IMPORTANT: Access attributes BEFORE committing the session,
            # otherwise the object will be detached.
            tenant_id = new_tenant.id
            tenant_name = new_tenant.name
    
            # Grant admin_root access to this tenant
            config_session.add(UserTenantAccess(user_id="admin_root", tenant_id=tenant_id, role="ADMIN", is_selected=True))
            await config_session.commit()
    
        # Now, run alembic migrations on this newly created tenant's database
        success, error_msg = run_alembic_upgrade(tenant_db_url)
        if not success:
>           pytest.fail(f"Alembic migration failed for seeded tenant {tenant_name}: {error_msg}")
E           Failed: Alembic migration failed for seeded tenant Admin Root Tenant test_tenant_roles_cannot_acces2: INFO  [alembic.runtime.migration] Context impl SQLiteImpl.
E           INFO  [alembic.runtime.migration] Will assume non-transactional DDL.
E           ERROR [alembic.util.messaging] Multiple head revisions are present for given argument 'head'; please specify a specific target revision, '<branchname>@head' to narrow to a specific head, or 'heads' for all heads

conftest.py:374: Failed
---------------------------- Captured stdout setup -----------------------------
ALEMBIC ERROR: INFO  [alembic.runtime.migration] Context impl SQLiteImpl.
INFO  [alembic.runtime.migration] Will assume non-transactional DDL.
ERROR [alembic.util.messaging] Multiple head revisions are present for given argument 'head'; please specify a specific target revision, '<branchname>@head' to narrow to a specific head, or 'heads' for all heads

_ ERROR at setup of test_tenant_roles_cannot_access_global_control_plane[trio-ADMIN] _

request = <SubRequest 'seeded_admin_tenant' for <Coroutine test_tenant_roles_cannot_access_global_control_plane[trio-ADMIN]>>
kwargs = {'client': <httpx.AsyncClient object at 0x152941250>, 'setup_db': (<sqlalchemy.ext.asyncio.engine.AsyncEngine object a...ers/nz/6q2p_ldx3txdbw_gttbpnwjr0000gn/T/pytest-of-haewonkim/pytest-364'), _retention_count=3, _retention_policy='all')}
event_loop_fixture_id = 'event_loop'
setup = <function _wrap_async_fixture.<locals>._async_fixture_wrapper.<locals>.setup at 0x14ff96ca0>
context = <_contextvars.Context object at 0x15291e840>
setup_task = <Task finished name='Task-76' coro=<_wrap_async_fixture.<locals>._async_fixture_wrapper.<locals>.setup() done, defined...please specify a specific target revision, '<branchname>@head' to narrow to a specific head, or 'heads' for all heads
>

    @functools.wraps(fixture)
    def _async_fixture_wrapper(request: FixtureRequest, **kwargs: Any):
        func = _perhaps_rebind_fixture_func(fixture, request.instance)
        event_loop_fixture_id = _get_event_loop_fixture_id_for_async_fixture(
            request, func
        )
        event_loop = request.getfixturevalue(event_loop_fixture_id)
        kwargs.pop(event_loop_fixture_id, None)
    
        async def setup():
            res = await func(**_add_kwargs(func, kwargs, event_loop, request))
            return res
    
        context = contextvars.copy_context()
        setup_task = _create_task_in_context(event_loop, setup(), context)
>       result = event_loop.run_until_complete(setup_task)
                 ^^^^^^^^^^^^^^^^^^^^^^^^^^^^^^^^^^^^^^^^^

/opt/anaconda3/lib/python3.11/site-packages/pytest_asyncio/plugin.py:391: 
_ _ _ _ _ _ _ _ _ _ _ _ _ _ _ _ _ _ _ _ _ _ _ _ _ _ _ _ _ _ _ _ _ _ _ _ _ _ _ _ 
/opt/anaconda3/lib/python3.11/asyncio/base_events.py:653: in run_until_complete
    return future.result()
           ^^^^^^^^^^^^^^^
/opt/anaconda3/lib/python3.11/site-packages/pytest_asyncio/plugin.py:386: in setup
    res = await func(**_add_kwargs(func, kwargs, event_loop, request))
          ^^^^^^^^^^^^^^^^^^^^^^^^^^^^^^^^^^^^^^^^^^^^^^^^^^^^^^^^^^^^
_ _ _ _ _ _ _ _ _ _ _ _ _ _ _ _ _ _ _ _ _ _ _ _ _ _ _ _ _ _ _ _ _ _ _ _ _ _ _ _ 

client = <httpx.AsyncClient object at 0x152941250>
tmp_path = PosixPath('/private/var/folders/nz/6q2p_ldx3txdbw_gttbpnwjr0000gn/T/pytest-of-haewonkim/pytest-364/test_tenant_roles_cannot_acces3')
tmp_path_factory = TempPathFactory(_given_basetemp=None, _trace=<pluggy._tracing.TagTracerSub object at 0x14ec297d0>, _basetemp=PosixPath...ders/nz/6q2p_ldx3txdbw_gttbpnwjr0000gn/T/pytest-of-haewonkim/pytest-364'), _retention_count=3, _retention_policy='all')
setup_db = (<sqlalchemy.ext.asyncio.engine.AsyncEngine object at 0x15291e000>, async_sessionmaker(class_='AsyncSession', autocommit=False, bind=<sqlalchemy.ext.asyncio.engine.AsyncEngine object at 0x15291e000>, autoflush=False, expire_on_commit=True))

    @pytest_asyncio.fixture(scope="function")
    async def seeded_admin_tenant(client, tmp_path, tmp_path_factory, setup_db):
        _test_config_engine, ConfigSessionLocal = setup_db
        """
        Fixture to create and seed a unique tenant for the 'admin_root' user.
        Tests requiring a pre-existing tenant can depend on this fixture.
        """
        from app.models.config import Tenant, UserTenantAccess
        from app.database import Base # Keep Base for potential future use, though not used directly for schema creation here
        from app.api.tenants import run_alembic_upgrade # Import the migration function
    
        tenant_name = f"Admin Root Tenant {tmp_path.name}"
        tenant_db_path = tmp_path_factory.mktemp(f"seeded_tenant_db_{tmp_path.name}") / f"admin_root_tenant_{tmp_path.name}.db"
        tenant_db_url = f"sqlite+aiosqlite:///{tenant_db_path}"
    
        # Use the test-specific ConfigSessionLocal for seeding
        async with ConfigSessionLocal() as config_session:
            # Create a test tenant
            new_tenant = Tenant(name=tenant_name, db_url=tenant_db_url, is_active=True)
            config_session.add(new_tenant)
            await config_session.flush() # Flush to get tenant.id
    
            # IMPORTANT: Access attributes BEFORE committing the session,
            # otherwise the object will be detached.
            tenant_id = new_tenant.id
            tenant_name = new_tenant.name
    
            # Grant admin_root access to this tenant
            config_session.add(UserTenantAccess(user_id="admin_root", tenant_id=tenant_id, role="ADMIN", is_selected=True))
            await config_session.commit()
    
        # Now, run alembic migrations on this newly created tenant's database
        success, error_msg = run_alembic_upgrade(tenant_db_url)
        if not success:
>           pytest.fail(f"Alembic migration failed for seeded tenant {tenant_name}: {error_msg}")
E           Failed: Alembic migration failed for seeded tenant Admin Root Tenant test_tenant_roles_cannot_acces3: INFO  [alembic.runtime.migration] Context impl SQLiteImpl.
E           INFO  [alembic.runtime.migration] Will assume non-transactional DDL.
E           ERROR [alembic.util.messaging] Multiple head revisions are present for given argument 'head'; please specify a specific target revision, '<branchname>@head' to narrow to a specific head, or 'heads' for all heads

conftest.py:374: Failed
---------------------------- Captured stdout setup -----------------------------
ALEMBIC ERROR: INFO  [alembic.runtime.migration] Context impl SQLiteImpl.
INFO  [alembic.runtime.migration] Will assume non-transactional DDL.
ERROR [alembic.util.messaging] Multiple head revisions are present for given argument 'head'; please specify a specific target revision, '<branchname>@head' to narrow to a specific head, or 'heads' for all heads

______ ERROR at setup of test_explicit_control_plane_admin_succeeds[trio] ______

request = <SubRequest 'seeded_admin_tenant' for <Coroutine test_explicit_control_plane_admin_succeeds[trio]>>
kwargs = {'client': <httpx.AsyncClient object at 0x152941250>, 'setup_db': (<sqlalchemy.ext.asyncio.engine.AsyncEngine object a...ers/nz/6q2p_ldx3txdbw_gttbpnwjr0000gn/T/pytest-of-haewonkim/pytest-364'), _retention_count=3, _retention_policy='all')}
event_loop_fixture_id = 'event_loop'
setup = <function _wrap_async_fixture.<locals>._async_fixture_wrapper.<locals>.setup at 0x1529f8540>
context = <_contextvars.Context object at 0x15291edc0>
setup_task = <Task finished name='Task-82' coro=<_wrap_async_fixture.<locals>._async_fixture_wrapper.<locals>.setup() done, defined...please specify a specific target revision, '<branchname>@head' to narrow to a specific head, or 'heads' for all heads
>

    @functools.wraps(fixture)
    def _async_fixture_wrapper(request: FixtureRequest, **kwargs: Any):
        func = _perhaps_rebind_fixture_func(fixture, request.instance)
        event_loop_fixture_id = _get_event_loop_fixture_id_for_async_fixture(
            request, func
        )
        event_loop = request.getfixturevalue(event_loop_fixture_id)
        kwargs.pop(event_loop_fixture_id, None)
    
        async def setup():
            res = await func(**_add_kwargs(func, kwargs, event_loop, request))
            return res
    
        context = contextvars.copy_context()
        setup_task = _create_task_in_context(event_loop, setup(), context)
>       result = event_loop.run_until_complete(setup_task)
                 ^^^^^^^^^^^^^^^^^^^^^^^^^^^^^^^^^^^^^^^^^

/opt/anaconda3/lib/python3.11/site-packages/pytest_asyncio/plugin.py:391: 
_ _ _ _ _ _ _ _ _ _ _ _ _ _ _ _ _ _ _ _ _ _ _ _ _ _ _ _ _ _ _ _ _ _ _ _ _ _ _ _ 
/opt/anaconda3/lib/python3.11/asyncio/base_events.py:653: in run_until_complete
    return future.result()
           ^^^^^^^^^^^^^^^
/opt/anaconda3/lib/python3.11/site-packages/pytest_asyncio/plugin.py:386: in setup
    res = await func(**_add_kwargs(func, kwargs, event_loop, request))
          ^^^^^^^^^^^^^^^^^^^^^^^^^^^^^^^^^^^^^^^^^^^^^^^^^^^^^^^^^^^^
_ _ _ _ _ _ _ _ _ _ _ _ _ _ _ _ _ _ _ _ _ _ _ _ _ _ _ _ _ _ _ _ _ _ _ _ _ _ _ _ 

client = <httpx.AsyncClient object at 0x152941250>
tmp_path = PosixPath('/private/var/folders/nz/6q2p_ldx3txdbw_gttbpnwjr0000gn/T/pytest-of-haewonkim/pytest-364/test_explicit_control_plane_ad1')
tmp_path_factory = TempPathFactory(_given_basetemp=None, _trace=<pluggy._tracing.TagTracerSub object at 0x14ec297d0>, _basetemp=PosixPath...ders/nz/6q2p_ldx3txdbw_gttbpnwjr0000gn/T/pytest-of-haewonkim/pytest-364'), _retention_count=3, _retention_policy='all')
setup_db = (<sqlalchemy.ext.asyncio.engine.AsyncEngine object at 0x14ff166c0>, async_sessionmaker(class_='AsyncSession', autocommit=False, bind=<sqlalchemy.ext.asyncio.engine.AsyncEngine object at 0x14ff166c0>, autoflush=False, expire_on_commit=True))

    @pytest_asyncio.fixture(scope="function")
    async def seeded_admin_tenant(client, tmp_path, tmp_path_factory, setup_db):
        _test_config_engine, ConfigSessionLocal = setup_db
        """
        Fixture to create and seed a unique tenant for the 'admin_root' user.
        Tests requiring a pre-existing tenant can depend on this fixture.
        """
        from app.models.config import Tenant, UserTenantAccess
        from app.database import Base # Keep Base for potential future use, though not used directly for schema creation here
        from app.api.tenants import run_alembic_upgrade # Import the migration function
    
        tenant_name = f"Admin Root Tenant {tmp_path.name}"
        tenant_db_path = tmp_path_factory.mktemp(f"seeded_tenant_db_{tmp_path.name}") / f"admin_root_tenant_{tmp_path.name}.db"
        tenant_db_url = f"sqlite+aiosqlite:///{tenant_db_path}"
    
        # Use the test-specific ConfigSessionLocal for seeding
        async with ConfigSessionLocal() as config_session:
            # Create a test tenant
            new_tenant = Tenant(name=tenant_name, db_url=tenant_db_url, is_active=True)
            config_session.add(new_tenant)
            await config_session.flush() # Flush to get tenant.id
    
            # IMPORTANT: Access attributes BEFORE committing the session,
            # otherwise the object will be detached.
            tenant_id = new_tenant.id
            tenant_name = new_tenant.name
    
            # Grant admin_root access to this tenant
            config_session.add(UserTenantAccess(user_id="admin_root", tenant_id=tenant_id, role="ADMIN", is_selected=True))
            await config_session.commit()
    
        # Now, run alembic migrations on this newly created tenant's database
        success, error_msg = run_alembic_upgrade(tenant_db_url)
        if not success:
>           pytest.fail(f"Alembic migration failed for seeded tenant {tenant_name}: {error_msg}")
E           Failed: Alembic migration failed for seeded tenant Admin Root Tenant test_explicit_control_plane_ad1: INFO  [alembic.runtime.migration] Context impl SQLiteImpl.
E           INFO  [alembic.runtime.migration] Will assume non-transactional DDL.
E           ERROR [alembic.util.messaging] Multiple head revisions are present for given argument 'head'; please specify a specific target revision, '<branchname>@head' to narrow to a specific head, or 'heads' for all heads

conftest.py:374: Failed
---------------------------- Captured stdout setup -----------------------------
ALEMBIC ERROR: INFO  [alembic.runtime.migration] Context impl SQLiteImpl.
INFO  [alembic.runtime.migration] Will assume non-transactional DDL.
ERROR [alembic.util.messaging] Multiple head revisions are present for given argument 'head'; please specify a specific target revision, '<branchname>@head' to narrow to a specific head, or 'heads' for all heads

______ ERROR at setup of test_missing_trusted_identity_fails_closed[trio] ______

request = <SubRequest 'seeded_admin_tenant' for <Coroutine test_missing_trusted_identity_fails_closed[trio]>>
kwargs = {'client': <httpx.AsyncClient object at 0x152941250>, 'setup_db': (<sqlalchemy.ext.asyncio.engine.AsyncEngine object a...ers/nz/6q2p_ldx3txdbw_gttbpnwjr0000gn/T/pytest-of-haewonkim/pytest-364'), _retention_count=3, _retention_policy='all')}
event_loop_fixture_id = 'event_loop'
setup = <function _wrap_async_fixture.<locals>._async_fixture_wrapper.<locals>.setup at 0x1529ffce0>
context = <_contextvars.Context object at 0x15291e180>
setup_task = <Task finished name='Task-100' coro=<_wrap_async_fixture.<locals>._async_fixture_wrapper.<locals>.setup() done, define...please specify a specific target revision, '<branchname>@head' to narrow to a specific head, or 'heads' for all heads
>

    @functools.wraps(fixture)
    def _async_fixture_wrapper(request: FixtureRequest, **kwargs: Any):
        func = _perhaps_rebind_fixture_func(fixture, request.instance)
        event_loop_fixture_id = _get_event_loop_fixture_id_for_async_fixture(
            request, func
        )
        event_loop = request.getfixturevalue(event_loop_fixture_id)
        kwargs.pop(event_loop_fixture_id, None)
    
        async def setup():
            res = await func(**_add_kwargs(func, kwargs, event_loop, request))
            return res
    
        context = contextvars.copy_context()
        setup_task = _create_task_in_context(event_loop, setup(), context)
>       result = event_loop.run_until_complete(setup_task)
                 ^^^^^^^^^^^^^^^^^^^^^^^^^^^^^^^^^^^^^^^^^

/opt/anaconda3/lib/python3.11/site-packages/pytest_asyncio/plugin.py:391: 
_ _ _ _ _ _ _ _ _ _ _ _ _ _ _ _ _ _ _ _ _ _ _ _ _ _ _ _ _ _ _ _ _ _ _ _ _ _ _ _ 
/opt/anaconda3/lib/python3.11/asyncio/base_events.py:653: in run_until_complete
    return future.result()
           ^^^^^^^^^^^^^^^
/opt/anaconda3/lib/python3.11/site-packages/pytest_asyncio/plugin.py:386: in setup
    res = await func(**_add_kwargs(func, kwargs, event_loop, request))
          ^^^^^^^^^^^^^^^^^^^^^^^^^^^^^^^^^^^^^^^^^^^^^^^^^^^^^^^^^^^^
_ _ _ _ _ _ _ _ _ _ _ _ _ _ _ _ _ _ _ _ _ _ _ _ _ _ _ _ _ _ _ _ _ _ _ _ _ _ _ _ 

client = <httpx.AsyncClient object at 0x152941250>
tmp_path = PosixPath('/private/var/folders/nz/6q2p_ldx3txdbw_gttbpnwjr0000gn/T/pytest-of-haewonkim/pytest-364/test_missing_trusted_identity_1')
tmp_path_factory = TempPathFactory(_given_basetemp=None, _trace=<pluggy._tracing.TagTracerSub object at 0x14ec297d0>, _basetemp=PosixPath...ders/nz/6q2p_ldx3txdbw_gttbpnwjr0000gn/T/pytest-of-haewonkim/pytest-364'), _retention_count=3, _retention_policy='all')
setup_db = (<sqlalchemy.ext.asyncio.engine.AsyncEngine object at 0x152d80780>, async_sessionmaker(class_='AsyncSession', autocommit=False, bind=<sqlalchemy.ext.asyncio.engine.AsyncEngine object at 0x152d80780>, autoflush=False, expire_on_commit=True))

    @pytest_asyncio.fixture(scope="function")
    async def seeded_admin_tenant(client, tmp_path, tmp_path_factory, setup_db):
        _test_config_engine, ConfigSessionLocal = setup_db
        """
        Fixture to create and seed a unique tenant for the 'admin_root' user.
        Tests requiring a pre-existing tenant can depend on this fixture.
        """
        from app.models.config import Tenant, UserTenantAccess
        from app.database import Base # Keep Base for potential future use, though not used directly for schema creation here
        from app.api.tenants import run_alembic_upgrade # Import the migration function
    
        tenant_name = f"Admin Root Tenant {tmp_path.name}"
        tenant_db_path = tmp_path_factory.mktemp(f"seeded_tenant_db_{tmp_path.name}") / f"admin_root_tenant_{tmp_path.name}.db"
        tenant_db_url = f"sqlite+aiosqlite:///{tenant_db_path}"
    
        # Use the test-specific ConfigSessionLocal for seeding
        async with ConfigSessionLocal() as config_session:
            # Create a test tenant
            new_tenant = Tenant(name=tenant_name, db_url=tenant_db_url, is_active=True)
            config_session.add(new_tenant)
            await config_session.flush() # Flush to get tenant.id
    
            # IMPORTANT: Access attributes BEFORE committing the session,
            # otherwise the object will be detached.
            tenant_id = new_tenant.id
            tenant_name = new_tenant.name
    
            # Grant admin_root access to this tenant
            config_session.add(UserTenantAccess(user_id="admin_root", tenant_id=tenant_id, role="ADMIN", is_selected=True))
            await config_session.commit()
    
        # Now, run alembic migrations on this newly created tenant's database
        success, error_msg = run_alembic_upgrade(tenant_db_url)
        if not success:
>           pytest.fail(f"Alembic migration failed for seeded tenant {tenant_name}: {error_msg}")
E           Failed: Alembic migration failed for seeded tenant Admin Root Tenant test_missing_trusted_identity_1: INFO  [alembic.runtime.migration] Context impl SQLiteImpl.
E           INFO  [alembic.runtime.migration] Will assume non-transactional DDL.
E           ERROR [alembic.util.messaging] Multiple head revisions are present for given argument 'head'; please specify a specific target revision, '<branchname>@head' to narrow to a specific head, or 'heads' for all heads

conftest.py:374: Failed
---------------------------- Captured stdout setup -----------------------------
ALEMBIC ERROR: INFO  [alembic.runtime.migration] Context impl SQLiteImpl.
INFO  [alembic.runtime.migration] Will assume non-transactional DDL.
ERROR [alembic.util.messaging] Multiple head revisions are present for given argument 'head'; please specify a specific target revision, '<branchname>@head' to narrow to a specific head, or 'heads' for all heads

__ ERROR at setup of test_capability_dependency_denies_missing_operator[trio] __

request = <SubRequest 'seeded_admin_tenant' for <Coroutine test_capability_dependency_denies_missing_operator[trio]>>
kwargs = {'client': <httpx.AsyncClient object at 0x152941250>, 'setup_db': (<sqlalchemy.ext.asyncio.engine.AsyncEngine object a...ers/nz/6q2p_ldx3txdbw_gttbpnwjr0000gn/T/pytest-of-haewonkim/pytest-364'), _retention_count=3, _retention_policy='all')}
event_loop_fixture_id = 'event_loop'
setup = <function _wrap_async_fixture.<locals>._async_fixture_wrapper.<locals>.setup at 0x152b0b7e0>
context = <_contextvars.Context object at 0x152d82040>
setup_task = <Task finished name='Task-106' coro=<_wrap_async_fixture.<locals>._async_fixture_wrapper.<locals>.setup() done, define...please specify a specific target revision, '<branchname>@head' to narrow to a specific head, or 'heads' for all heads
>

    @functools.wraps(fixture)
    def _async_fixture_wrapper(request: FixtureRequest, **kwargs: Any):
        func = _perhaps_rebind_fixture_func(fixture, request.instance)
        event_loop_fixture_id = _get_event_loop_fixture_id_for_async_fixture(
            request, func
        )
        event_loop = request.getfixturevalue(event_loop_fixture_id)
        kwargs.pop(event_loop_fixture_id, None)
    
        async def setup():
            res = await func(**_add_kwargs(func, kwargs, event_loop, request))
            return res
    
        context = contextvars.copy_context()
        setup_task = _create_task_in_context(event_loop, setup(), context)
>       result = event_loop.run_until_complete(setup_task)
                 ^^^^^^^^^^^^^^^^^^^^^^^^^^^^^^^^^^^^^^^^^

/opt/anaconda3/lib/python3.11/site-packages/pytest_asyncio/plugin.py:391: 
_ _ _ _ _ _ _ _ _ _ _ _ _ _ _ _ _ _ _ _ _ _ _ _ _ _ _ _ _ _ _ _ _ _ _ _ _ _ _ _ 
/opt/anaconda3/lib/python3.11/asyncio/base_events.py:653: in run_until_complete
    return future.result()
           ^^^^^^^^^^^^^^^
/opt/anaconda3/lib/python3.11/site-packages/pytest_asyncio/plugin.py:386: in setup
    res = await func(**_add_kwargs(func, kwargs, event_loop, request))
          ^^^^^^^^^^^^^^^^^^^^^^^^^^^^^^^^^^^^^^^^^^^^^^^^^^^^^^^^^^^^
_ _ _ _ _ _ _ _ _ _ _ _ _ _ _ _ _ _ _ _ _ _ _ _ _ _ _ _ _ _ _ _ _ _ _ _ _ _ _ _ 

client = <httpx.AsyncClient object at 0x152941250>
tmp_path = PosixPath('/private/var/folders/nz/6q2p_ldx3txdbw_gttbpnwjr0000gn/T/pytest-of-haewonkim/pytest-364/test_capability_dependency_den1')
tmp_path_factory = TempPathFactory(_given_basetemp=None, _trace=<pluggy._tracing.TagTracerSub object at 0x14ec297d0>, _basetemp=PosixPath...ders/nz/6q2p_ldx3txdbw_gttbpnwjr0000gn/T/pytest-of-haewonkim/pytest-364'), _retention_count=3, _retention_policy='all')
setup_db = (<sqlalchemy.ext.asyncio.engine.AsyncEngine object at 0x152e08580>, async_sessionmaker(class_='AsyncSession', autocommit=False, bind=<sqlalchemy.ext.asyncio.engine.AsyncEngine object at 0x152e08580>, autoflush=False, expire_on_commit=True))

    @pytest_asyncio.fixture(scope="function")
    async def seeded_admin_tenant(client, tmp_path, tmp_path_factory, setup_db):
        _test_config_engine, ConfigSessionLocal = setup_db
        """
        Fixture to create and seed a unique tenant for the 'admin_root' user.
        Tests requiring a pre-existing tenant can depend on this fixture.
        """
        from app.models.config import Tenant, UserTenantAccess
        from app.database import Base # Keep Base for potential future use, though not used directly for schema creation here
        from app.api.tenants import run_alembic_upgrade # Import the migration function
    
        tenant_name = f"Admin Root Tenant {tmp_path.name}"
        tenant_db_path = tmp_path_factory.mktemp(f"seeded_tenant_db_{tmp_path.name}") / f"admin_root_tenant_{tmp_path.name}.db"
        tenant_db_url = f"sqlite+aiosqlite:///{tenant_db_path}"
    
        # Use the test-specific ConfigSessionLocal for seeding
        async with ConfigSessionLocal() as config_session:
            # Create a test tenant
            new_tenant = Tenant(name=tenant_name, db_url=tenant_db_url, is_active=True)
            config_session.add(new_tenant)
            await config_session.flush() # Flush to get tenant.id
    
            # IMPORTANT: Access attributes BEFORE committing the session,
            # otherwise the object will be detached.
            tenant_id = new_tenant.id
            tenant_name = new_tenant.name
    
            # Grant admin_root access to this tenant
            config_session.add(UserTenantAccess(user_id="admin_root", tenant_id=tenant_id, role="ADMIN", is_selected=True))
            await config_session.commit()
    
        # Now, run alembic migrations on this newly created tenant's database
        success, error_msg = run_alembic_upgrade(tenant_db_url)
        if not success:
>           pytest.fail(f"Alembic migration failed for seeded tenant {tenant_name}: {error_msg}")
E           Failed: Alembic migration failed for seeded tenant Admin Root Tenant test_capability_dependency_den1: INFO  [alembic.runtime.migration] Context impl SQLiteImpl.
E           INFO  [alembic.runtime.migration] Will assume non-transactional DDL.
E           ERROR [alembic.util.messaging] Multiple head revisions are present for given argument 'head'; please specify a specific target revision, '<branchname>@head' to narrow to a specific head, or 'heads' for all heads

conftest.py:374: Failed
---------------------------- Captured stdout setup -----------------------------
ALEMBIC ERROR: INFO  [alembic.runtime.migration] Context impl SQLiteImpl.
INFO  [alembic.runtime.migration] Will assume non-transactional DDL.
ERROR [alembic.util.messaging] Multiple head revisions are present for given argument 'head'; please specify a specific target revision, '<branchname>@head' to narrow to a specific head, or 'heads' for all heads

_ ERROR at setup of test_logical_service_reads_never_return_legacy_passwords[trio] _

request = <SubRequest 'seeded_admin_tenant' for <Coroutine test_logical_service_reads_never_return_legacy_passwords[trio]>>
kwargs = {'client': <httpx.AsyncClient object at 0x152941250>, 'setup_db': (<sqlalchemy.ext.asyncio.engine.AsyncEngine object a...ers/nz/6q2p_ldx3txdbw_gttbpnwjr0000gn/T/pytest-of-haewonkim/pytest-364'), _retention_count=3, _retention_policy='all')}
event_loop_fixture_id = 'event_loop'
setup = <function _wrap_async_fixture.<locals>._async_fixture_wrapper.<locals>.setup at 0x152954900>
context = <_contextvars.Context object at 0x1529a8f40>
setup_task = <Task finished name='Task-112' coro=<_wrap_async_fixture.<locals>._async_fixture_wrapper.<locals>.setup() done, define...please specify a specific target revision, '<branchname>@head' to narrow to a specific head, or 'heads' for all heads
>

    @functools.wraps(fixture)
    def _async_fixture_wrapper(request: FixtureRequest, **kwargs: Any):
        func = _perhaps_rebind_fixture_func(fixture, request.instance)
        event_loop_fixture_id = _get_event_loop_fixture_id_for_async_fixture(
            request, func
        )
        event_loop = request.getfixturevalue(event_loop_fixture_id)
        kwargs.pop(event_loop_fixture_id, None)
    
        async def setup():
            res = await func(**_add_kwargs(func, kwargs, event_loop, request))
            return res
    
        context = contextvars.copy_context()
        setup_task = _create_task_in_context(event_loop, setup(), context)
>       result = event_loop.run_until_complete(setup_task)
                 ^^^^^^^^^^^^^^^^^^^^^^^^^^^^^^^^^^^^^^^^^

/opt/anaconda3/lib/python3.11/site-packages/pytest_asyncio/plugin.py:391: 
_ _ _ _ _ _ _ _ _ _ _ _ _ _ _ _ _ _ _ _ _ _ _ _ _ _ _ _ _ _ _ _ _ _ _ _ _ _ _ _ 
/opt/anaconda3/lib/python3.11/asyncio/base_events.py:653: in run_until_complete
    return future.result()
           ^^^^^^^^^^^^^^^
/opt/anaconda3/lib/python3.11/site-packages/pytest_asyncio/plugin.py:386: in setup
    res = await func(**_add_kwargs(func, kwargs, event_loop, request))
          ^^^^^^^^^^^^^^^^^^^^^^^^^^^^^^^^^^^^^^^^^^^^^^^^^^^^^^^^^^^^
_ _ _ _ _ _ _ _ _ _ _ _ _ _ _ _ _ _ _ _ _ _ _ _ _ _ _ _ _ _ _ _ _ _ _ _ _ _ _ _ 

client = <httpx.AsyncClient object at 0x152941250>
tmp_path = PosixPath('/private/var/folders/nz/6q2p_ldx3txdbw_gttbpnwjr0000gn/T/pytest-of-haewonkim/pytest-364/test_logical_service_reads_nev1')
tmp_path_factory = TempPathFactory(_given_basetemp=None, _trace=<pluggy._tracing.TagTracerSub object at 0x14ec297d0>, _basetemp=PosixPath...ders/nz/6q2p_ldx3txdbw_gttbpnwjr0000gn/T/pytest-of-haewonkim/pytest-364'), _retention_count=3, _retention_policy='all')
setup_db = (<sqlalchemy.ext.asyncio.engine.AsyncEngine object at 0x14ffa63c0>, async_sessionmaker(class_='AsyncSession', autocommit=False, bind=<sqlalchemy.ext.asyncio.engine.AsyncEngine object at 0x14ffa63c0>, autoflush=False, expire_on_commit=True))

    @pytest_asyncio.fixture(scope="function")
    async def seeded_admin_tenant(client, tmp_path, tmp_path_factory, setup_db):
        _test_config_engine, ConfigSessionLocal = setup_db
        """
        Fixture to create and seed a unique tenant for the 'admin_root' user.
        Tests requiring a pre-existing tenant can depend on this fixture.
        """
        from app.models.config import Tenant, UserTenantAccess
        from app.database import Base # Keep Base for potential future use, though not used directly for schema creation here
        from app.api.tenants import run_alembic_upgrade # Import the migration function
    
        tenant_name = f"Admin Root Tenant {tmp_path.name}"
        tenant_db_path = tmp_path_factory.mktemp(f"seeded_tenant_db_{tmp_path.name}") / f"admin_root_tenant_{tmp_path.name}.db"
        tenant_db_url = f"sqlite+aiosqlite:///{tenant_db_path}"
    
        # Use the test-specific ConfigSessionLocal for seeding
        async with ConfigSessionLocal() as config_session:
            # Create a test tenant
            new_tenant = Tenant(name=tenant_name, db_url=tenant_db_url, is_active=True)
            config_session.add(new_tenant)
            await config_session.flush() # Flush to get tenant.id
    
            # IMPORTANT: Access attributes BEFORE committing the session,
            # otherwise the object will be detached.
            tenant_id = new_tenant.id
            tenant_name = new_tenant.name
    
            # Grant admin_root access to this tenant
            config_session.add(UserTenantAccess(user_id="admin_root", tenant_id=tenant_id, role="ADMIN", is_selected=True))
            await config_session.commit()
    
        # Now, run alembic migrations on this newly created tenant's database
        success, error_msg = run_alembic_upgrade(tenant_db_url)
        if not success:
>           pytest.fail(f"Alembic migration failed for seeded tenant {tenant_name}: {error_msg}")
E           Failed: Alembic migration failed for seeded tenant Admin Root Tenant test_logical_service_reads_nev1: INFO  [alembic.runtime.migration] Context impl SQLiteImpl.
E           INFO  [alembic.runtime.migration] Will assume non-transactional DDL.
E           ERROR [alembic.util.messaging] Multiple head revisions are present for given argument 'head'; please specify a specific target revision, '<branchname>@head' to narrow to a specific head, or 'heads' for all heads

conftest.py:374: Failed
---------------------------- Captured stdout setup -----------------------------
ALEMBIC ERROR: INFO  [alembic.runtime.migration] Context impl SQLiteImpl.
INFO  [alembic.runtime.migration] Will assume non-transactional DDL.
ERROR [alembic.util.messaging] Multiple head revisions are present for given argument 'head'; please specify a specific target revision, '<branchname>@head' to narrow to a specific head, or 'heads' for all heads

_ ERROR at setup of test_viewer_and_editor_cannot_reveal_legacy_service_secret[trio] _

request = <SubRequest 'seeded_admin_tenant' for <Coroutine test_viewer_and_editor_cannot_reveal_legacy_service_secret[trio]>>
kwargs = {'client': <httpx.AsyncClient object at 0x152941250>, 'setup_db': (<sqlalchemy.ext.asyncio.engine.AsyncEngine object a...ers/nz/6q2p_ldx3txdbw_gttbpnwjr0000gn/T/pytest-of-haewonkim/pytest-364'), _retention_count=3, _retention_policy='all')}
event_loop_fixture_id = 'event_loop'
setup = <function _wrap_async_fixture.<locals>._async_fixture_wrapper.<locals>.setup at 0x1529f8400>
context = <_contextvars.Context object at 0x14ffa7c80>
setup_task = <Task finished name='Task-118' coro=<_wrap_async_fixture.<locals>._async_fixture_wrapper.<locals>.setup() done, define...please specify a specific target revision, '<branchname>@head' to narrow to a specific head, or 'heads' for all heads
>

    @functools.wraps(fixture)
    def _async_fixture_wrapper(request: FixtureRequest, **kwargs: Any):
        func = _perhaps_rebind_fixture_func(fixture, request.instance)
        event_loop_fixture_id = _get_event_loop_fixture_id_for_async_fixture(
            request, func
        )
        event_loop = request.getfixturevalue(event_loop_fixture_id)
        kwargs.pop(event_loop_fixture_id, None)
    
        async def setup():
            res = await func(**_add_kwargs(func, kwargs, event_loop, request))
            return res
    
        context = contextvars.copy_context()
        setup_task = _create_task_in_context(event_loop, setup(), context)
>       result = event_loop.run_until_complete(setup_task)
                 ^^^^^^^^^^^^^^^^^^^^^^^^^^^^^^^^^^^^^^^^^

/opt/anaconda3/lib/python3.11/site-packages/pytest_asyncio/plugin.py:391: 
_ _ _ _ _ _ _ _ _ _ _ _ _ _ _ _ _ _ _ _ _ _ _ _ _ _ _ _ _ _ _ _ _ _ _ _ _ _ _ _ 
/opt/anaconda3/lib/python3.11/asyncio/base_events.py:653: in run_until_complete
    return future.result()
           ^^^^^^^^^^^^^^^
/opt/anaconda3/lib/python3.11/site-packages/pytest_asyncio/plugin.py:386: in setup
    res = await func(**_add_kwargs(func, kwargs, event_loop, request))
          ^^^^^^^^^^^^^^^^^^^^^^^^^^^^^^^^^^^^^^^^^^^^^^^^^^^^^^^^^^^^
_ _ _ _ _ _ _ _ _ _ _ _ _ _ _ _ _ _ _ _ _ _ _ _ _ _ _ _ _ _ _ _ _ _ _ _ _ _ _ _ 

client = <httpx.AsyncClient object at 0x152941250>
tmp_path = PosixPath('/private/var/folders/nz/6q2p_ldx3txdbw_gttbpnwjr0000gn/T/pytest-of-haewonkim/pytest-364/test_viewer_and_editor_cannot_1')
tmp_path_factory = TempPathFactory(_given_basetemp=None, _trace=<pluggy._tracing.TagTracerSub object at 0x14ec297d0>, _basetemp=PosixPath...ders/nz/6q2p_ldx3txdbw_gttbpnwjr0000gn/T/pytest-of-haewonkim/pytest-364'), _retention_count=3, _retention_policy='all')
setup_db = (<sqlalchemy.ext.asyncio.engine.AsyncEngine object at 0x152837c40>, async_sessionmaker(class_='AsyncSession', autocommit=False, bind=<sqlalchemy.ext.asyncio.engine.AsyncEngine object at 0x152837c40>, autoflush=False, expire_on_commit=True))

    @pytest_asyncio.fixture(scope="function")
    async def seeded_admin_tenant(client, tmp_path, tmp_path_factory, setup_db):
        _test_config_engine, ConfigSessionLocal = setup_db
        """
        Fixture to create and seed a unique tenant for the 'admin_root' user.
        Tests requiring a pre-existing tenant can depend on this fixture.
        """
        from app.models.config import Tenant, UserTenantAccess
        from app.database import Base # Keep Base for potential future use, though not used directly for schema creation here
        from app.api.tenants import run_alembic_upgrade # Import the migration function
    
        tenant_name = f"Admin Root Tenant {tmp_path.name}"
        tenant_db_path = tmp_path_factory.mktemp(f"seeded_tenant_db_{tmp_path.name}") / f"admin_root_tenant_{tmp_path.name}.db"
        tenant_db_url = f"sqlite+aiosqlite:///{tenant_db_path}"
    
        # Use the test-specific ConfigSessionLocal for seeding
        async with ConfigSessionLocal() as config_session:
            # Create a test tenant
            new_tenant = Tenant(name=tenant_name, db_url=tenant_db_url, is_active=True)
            config_session.add(new_tenant)
            await config_session.flush() # Flush to get tenant.id
    
            # IMPORTANT: Access attributes BEFORE committing the session,
            # otherwise the object will be detached.
            tenant_id = new_tenant.id
            tenant_name = new_tenant.name
    
            # Grant admin_root access to this tenant
            config_session.add(UserTenantAccess(user_id="admin_root", tenant_id=tenant_id, role="ADMIN", is_selected=True))
            await config_session.commit()
    
        # Now, run alembic migrations on this newly created tenant's database
        success, error_msg = run_alembic_upgrade(tenant_db_url)
        if not success:
>           pytest.fail(f"Alembic migration failed for seeded tenant {tenant_name}: {error_msg}")
E           Failed: Alembic migration failed for seeded tenant Admin Root Tenant test_viewer_and_editor_cannot_1: INFO  [alembic.runtime.migration] Context impl SQLiteImpl.
E           INFO  [alembic.runtime.migration] Will assume non-transactional DDL.
E           ERROR [alembic.util.messaging] Multiple head revisions are present for given argument 'head'; please specify a specific target revision, '<branchname>@head' to narrow to a specific head, or 'heads' for all heads

conftest.py:374: Failed
---------------------------- Captured stdout setup -----------------------------
ALEMBIC ERROR: INFO  [alembic.runtime.migration] Context impl SQLiteImpl.
INFO  [alembic.runtime.migration] Will assume non-transactional DDL.
ERROR [alembic.util.messaging] Multiple head revisions are present for given argument 'head'; please specify a specific target revision, '<branchname>@head' to narrow to a specific head, or 'heads' for all heads

_ ERROR at setup of test_new_plaintext_service_secret_write_fails_closed[trio] _

request = <SubRequest 'seeded_admin_tenant' for <Coroutine test_new_plaintext_service_secret_write_fails_closed[trio]>>
kwargs = {'client': <httpx.AsyncClient object at 0x152941250>, 'setup_db': (<sqlalchemy.ext.asyncio.engine.AsyncEngine object a...ers/nz/6q2p_ldx3txdbw_gttbpnwjr0000gn/T/pytest-of-haewonkim/pytest-364'), _retention_count=3, _retention_policy='all')}
event_loop_fixture_id = 'event_loop'
setup = <function _wrap_async_fixture.<locals>._async_fixture_wrapper.<locals>.setup at 0x152957920>
context = <_contextvars.Context object at 0x14ffa5bc0>
setup_task = <Task finished name='Task-124' coro=<_wrap_async_fixture.<locals>._async_fixture_wrapper.<locals>.setup() done, define...please specify a specific target revision, '<branchname>@head' to narrow to a specific head, or 'heads' for all heads
>

    @functools.wraps(fixture)
    def _async_fixture_wrapper(request: FixtureRequest, **kwargs: Any):
        func = _perhaps_rebind_fixture_func(fixture, request.instance)
        event_loop_fixture_id = _get_event_loop_fixture_id_for_async_fixture(
            request, func
        )
        event_loop = request.getfixturevalue(event_loop_fixture_id)
        kwargs.pop(event_loop_fixture_id, None)
    
        async def setup():
            res = await func(**_add_kwargs(func, kwargs, event_loop, request))
            return res
    
        context = contextvars.copy_context()
        setup_task = _create_task_in_context(event_loop, setup(), context)
>       result = event_loop.run_until_complete(setup_task)
                 ^^^^^^^^^^^^^^^^^^^^^^^^^^^^^^^^^^^^^^^^^

/opt/anaconda3/lib/python3.11/site-packages/pytest_asyncio/plugin.py:391: 
_ _ _ _ _ _ _ _ _ _ _ _ _ _ _ _ _ _ _ _ _ _ _ _ _ _ _ _ _ _ _ _ _ _ _ _ _ _ _ _ 
/opt/anaconda3/lib/python3.11/asyncio/base_events.py:653: in run_until_complete
    return future.result()
           ^^^^^^^^^^^^^^^
/opt/anaconda3/lib/python3.11/site-packages/pytest_asyncio/plugin.py:386: in setup
    res = await func(**_add_kwargs(func, kwargs, event_loop, request))
          ^^^^^^^^^^^^^^^^^^^^^^^^^^^^^^^^^^^^^^^^^^^^^^^^^^^^^^^^^^^^
_ _ _ _ _ _ _ _ _ _ _ _ _ _ _ _ _ _ _ _ _ _ _ _ _ _ _ _ _ _ _ _ _ _ _ _ _ _ _ _ 

client = <httpx.AsyncClient object at 0x152941250>
tmp_path = PosixPath('/private/var/folders/nz/6q2p_ldx3txdbw_gttbpnwjr0000gn/T/pytest-of-haewonkim/pytest-364/test_new_plaintext_service_sec1')
tmp_path_factory = TempPathFactory(_given_basetemp=None, _trace=<pluggy._tracing.TagTracerSub object at 0x14ec297d0>, _basetemp=PosixPath...ders/nz/6q2p_ldx3txdbw_gttbpnwjr0000gn/T/pytest-of-haewonkim/pytest-364'), _retention_count=3, _retention_policy='all')
setup_db = (<sqlalchemy.ext.asyncio.engine.AsyncEngine object at 0x152c9a700>, async_sessionmaker(class_='AsyncSession', autocommit=False, bind=<sqlalchemy.ext.asyncio.engine.AsyncEngine object at 0x152c9a700>, autoflush=False, expire_on_commit=True))

    @pytest_asyncio.fixture(scope="function")
    async def seeded_admin_tenant(client, tmp_path, tmp_path_factory, setup_db):
        _test_config_engine, ConfigSessionLocal = setup_db
        """
        Fixture to create and seed a unique tenant for the 'admin_root' user.
        Tests requiring a pre-existing tenant can depend on this fixture.
        """
        from app.models.config import Tenant, UserTenantAccess
        from app.database import Base # Keep Base for potential future use, though not used directly for schema creation here
        from app.api.tenants import run_alembic_upgrade # Import the migration function
    
        tenant_name = f"Admin Root Tenant {tmp_path.name}"
        tenant_db_path = tmp_path_factory.mktemp(f"seeded_tenant_db_{tmp_path.name}") / f"admin_root_tenant_{tmp_path.name}.db"
        tenant_db_url = f"sqlite+aiosqlite:///{tenant_db_path}"
    
        # Use the test-specific ConfigSessionLocal for seeding
        async with ConfigSessionLocal() as config_session:
            # Create a test tenant
            new_tenant = Tenant(name=tenant_name, db_url=tenant_db_url, is_active=True)
            config_session.add(new_tenant)
            await config_session.flush() # Flush to get tenant.id
    
            # IMPORTANT: Access attributes BEFORE committing the session,
            # otherwise the object will be detached.
            tenant_id = new_tenant.id
            tenant_name = new_tenant.name
    
            # Grant admin_root access to this tenant
            config_session.add(UserTenantAccess(user_id="admin_root", tenant_id=tenant_id, role="ADMIN", is_selected=True))
            await config_session.commit()
    
        # Now, run alembic migrations on this newly created tenant's database
        success, error_msg = run_alembic_upgrade(tenant_db_url)
        if not success:
>           pytest.fail(f"Alembic migration failed for seeded tenant {tenant_name}: {error_msg}")
E           Failed: Alembic migration failed for seeded tenant Admin Root Tenant test_new_plaintext_service_sec1: INFO  [alembic.runtime.migration] Context impl SQLiteImpl.
E           INFO  [alembic.runtime.migration] Will assume non-transactional DDL.
E           ERROR [alembic.util.messaging] Multiple head revisions are present for given argument 'head'; please specify a specific target revision, '<branchname>@head' to narrow to a specific head, or 'heads' for all heads

conftest.py:374: Failed
---------------------------- Captured stdout setup -----------------------------
ALEMBIC ERROR: INFO  [alembic.runtime.migration] Context impl SQLiteImpl.
INFO  [alembic.runtime.migration] Will assume non-transactional DDL.
ERROR [alembic.util.messaging] Multiple head revisions are present for given argument 'head'; please specify a specific target revision, '<branchname>@head' to narrow to a specific head, or 'heads' for all heads

_ ERROR at setup of test_editor_cannot_mutate_service_secrets_without_manage_capability[trio] _

request = <SubRequest 'seeded_admin_tenant' for <Coroutine test_editor_cannot_mutate_service_secrets_without_manage_capability[trio]>>
kwargs = {'client': <httpx.AsyncClient object at 0x152941250>, 'setup_db': (<sqlalchemy.ext.asyncio.engine.AsyncEngine object a...ers/nz/6q2p_ldx3txdbw_gttbpnwjr0000gn/T/pytest-of-haewonkim/pytest-364'), _retention_count=3, _retention_policy='all')}
event_loop_fixture_id = 'event_loop'
setup = <function _wrap_async_fixture.<locals>._async_fixture_wrapper.<locals>.setup at 0x152b987c0>
context = <_contextvars.Context object at 0x14ffa5580>
setup_task = <Task finished name='Task-130' coro=<_wrap_async_fixture.<locals>._async_fixture_wrapper.<locals>.setup() done, define...please specify a specific target revision, '<branchname>@head' to narrow to a specific head, or 'heads' for all heads
>

    @functools.wraps(fixture)
    def _async_fixture_wrapper(request: FixtureRequest, **kwargs: Any):
        func = _perhaps_rebind_fixture_func(fixture, request.instance)
        event_loop_fixture_id = _get_event_loop_fixture_id_for_async_fixture(
            request, func
        )
        event_loop = request.getfixturevalue(event_loop_fixture_id)
        kwargs.pop(event_loop_fixture_id, None)
    
        async def setup():
            res = await func(**_add_kwargs(func, kwargs, event_loop, request))
            return res
    
        context = contextvars.copy_context()
        setup_task = _create_task_in_context(event_loop, setup(), context)
>       result = event_loop.run_until_complete(setup_task)
                 ^^^^^^^^^^^^^^^^^^^^^^^^^^^^^^^^^^^^^^^^^

/opt/anaconda3/lib/python3.11/site-packages/pytest_asyncio/plugin.py:391: 
_ _ _ _ _ _ _ _ _ _ _ _ _ _ _ _ _ _ _ _ _ _ _ _ _ _ _ _ _ _ _ _ _ _ _ _ _ _ _ _ 
/opt/anaconda3/lib/python3.11/asyncio/base_events.py:653: in run_until_complete
    return future.result()
           ^^^^^^^^^^^^^^^
/opt/anaconda3/lib/python3.11/site-packages/pytest_asyncio/plugin.py:386: in setup
    res = await func(**_add_kwargs(func, kwargs, event_loop, request))
          ^^^^^^^^^^^^^^^^^^^^^^^^^^^^^^^^^^^^^^^^^^^^^^^^^^^^^^^^^^^^
_ _ _ _ _ _ _ _ _ _ _ _ _ _ _ _ _ _ _ _ _ _ _ _ _ _ _ _ _ _ _ _ _ _ _ _ _ _ _ _ 

client = <httpx.AsyncClient object at 0x152941250>
tmp_path = PosixPath('/private/var/folders/nz/6q2p_ldx3txdbw_gttbpnwjr0000gn/T/pytest-of-haewonkim/pytest-364/test_editor_cannot_mutate_serv1')
tmp_path_factory = TempPathFactory(_given_basetemp=None, _trace=<pluggy._tracing.TagTracerSub object at 0x14ec297d0>, _basetemp=PosixPath...ders/nz/6q2p_ldx3txdbw_gttbpnwjr0000gn/T/pytest-of-haewonkim/pytest-364'), _retention_count=3, _retention_policy='all')
setup_db = (<sqlalchemy.ext.asyncio.engine.AsyncEngine object at 0x14ff75140>, async_sessionmaker(class_='AsyncSession', autocommit=False, bind=<sqlalchemy.ext.asyncio.engine.AsyncEngine object at 0x14ff75140>, autoflush=False, expire_on_commit=True))

    @pytest_asyncio.fixture(scope="function")
    async def seeded_admin_tenant(client, tmp_path, tmp_path_factory, setup_db):
        _test_config_engine, ConfigSessionLocal = setup_db
        """
        Fixture to create and seed a unique tenant for the 'admin_root' user.
        Tests requiring a pre-existing tenant can depend on this fixture.
        """
        from app.models.config import Tenant, UserTenantAccess
        from app.database import Base # Keep Base for potential future use, though not used directly for schema creation here
        from app.api.tenants import run_alembic_upgrade # Import the migration function
    
        tenant_name = f"Admin Root Tenant {tmp_path.name}"
        tenant_db_path = tmp_path_factory.mktemp(f"seeded_tenant_db_{tmp_path.name}") / f"admin_root_tenant_{tmp_path.name}.db"
        tenant_db_url = f"sqlite+aiosqlite:///{tenant_db_path}"
    
        # Use the test-specific ConfigSessionLocal for seeding
        async with ConfigSessionLocal() as config_session:
            # Create a test tenant
            new_tenant = Tenant(name=tenant_name, db_url=tenant_db_url, is_active=True)
            config_session.add(new_tenant)
            await config_session.flush() # Flush to get tenant.id
    
            # IMPORTANT: Access attributes BEFORE committing the session,
            # otherwise the object will be detached.
            tenant_id = new_tenant.id
            tenant_name = new_tenant.name
    
            # Grant admin_root access to this tenant
            config_session.add(UserTenantAccess(user_id="admin_root", tenant_id=tenant_id, role="ADMIN", is_selected=True))
            await config_session.commit()
    
        # Now, run alembic migrations on this newly created tenant's database
        success, error_msg = run_alembic_upgrade(tenant_db_url)
        if not success:
>           pytest.fail(f"Alembic migration failed for seeded tenant {tenant_name}: {error_msg}")
E           Failed: Alembic migration failed for seeded tenant Admin Root Tenant test_editor_cannot_mutate_serv1: INFO  [alembic.runtime.migration] Context impl SQLiteImpl.
E           INFO  [alembic.runtime.migration] Will assume non-transactional DDL.
E           ERROR [alembic.util.messaging] Multiple head revisions are present for given argument 'head'; please specify a specific target revision, '<branchname>@head' to narrow to a specific head, or 'heads' for all heads

conftest.py:374: Failed
---------------------------- Captured stdout setup -----------------------------
ALEMBIC ERROR: INFO  [alembic.runtime.migration] Context impl SQLiteImpl.
INFO  [alembic.runtime.migration] Will assume non-transactional DDL.
ERROR [alembic.util.messaging] Multiple head revisions are present for given argument 'head'; please specify a specific target revision, '<branchname>@head' to narrow to a specific head, or 'heads' for all heads

___________ ERROR at setup of test_tenant_cross_contamination_sweep ____________

request = <SubRequest 'seeded_admin_tenant' for <Coroutine test_tenant_cross_contamination_sweep>>
kwargs = {'client': <httpx.AsyncClient object at 0x152ea7150>, 'setup_db': (<sqlalchemy.ext.asyncio.engine.AsyncEngine object a...ers/nz/6q2p_ldx3txdbw_gttbpnwjr0000gn/T/pytest-of-haewonkim/pytest-364'), _retention_count=3, _retention_policy='all')}
event_loop_fixture_id = 'event_loop'
setup = <function _wrap_async_fixture.<locals>._async_fixture_wrapper.<locals>.setup at 0x152977f60>
context = <_contextvars.Context object at 0x14ff31100>
setup_task = <Task finished name='Task-151' coro=<_wrap_async_fixture.<locals>._async_fixture_wrapper.<locals>.setup() done, define...please specify a specific target revision, '<branchname>@head' to narrow to a specific head, or 'heads' for all heads
>

    @functools.wraps(fixture)
    def _async_fixture_wrapper(request: FixtureRequest, **kwargs: Any):
        func = _perhaps_rebind_fixture_func(fixture, request.instance)
        event_loop_fixture_id = _get_event_loop_fixture_id_for_async_fixture(
            request, func
        )
        event_loop = request.getfixturevalue(event_loop_fixture_id)
        kwargs.pop(event_loop_fixture_id, None)
    
        async def setup():
            res = await func(**_add_kwargs(func, kwargs, event_loop, request))
            return res
    
        context = contextvars.copy_context()
        setup_task = _create_task_in_context(event_loop, setup(), context)
>       result = event_loop.run_until_complete(setup_task)
                 ^^^^^^^^^^^^^^^^^^^^^^^^^^^^^^^^^^^^^^^^^

/opt/anaconda3/lib/python3.11/site-packages/pytest_asyncio/plugin.py:391: 
_ _ _ _ _ _ _ _ _ _ _ _ _ _ _ _ _ _ _ _ _ _ _ _ _ _ _ _ _ _ _ _ _ _ _ _ _ _ _ _ 
/opt/anaconda3/lib/python3.11/asyncio/base_events.py:653: in run_until_complete
    return future.result()
           ^^^^^^^^^^^^^^^
/opt/anaconda3/lib/python3.11/site-packages/pytest_asyncio/plugin.py:386: in setup
    res = await func(**_add_kwargs(func, kwargs, event_loop, request))
          ^^^^^^^^^^^^^^^^^^^^^^^^^^^^^^^^^^^^^^^^^^^^^^^^^^^^^^^^^^^^
_ _ _ _ _ _ _ _ _ _ _ _ _ _ _ _ _ _ _ _ _ _ _ _ _ _ _ _ _ _ _ _ _ _ _ _ _ _ _ _ 

client = <httpx.AsyncClient object at 0x152ea7150>
tmp_path = PosixPath('/private/var/folders/nz/6q2p_ldx3txdbw_gttbpnwjr0000gn/T/pytest-of-haewonkim/pytest-364/test_tenant_cross_contaminatio0')
tmp_path_factory = TempPathFactory(_given_basetemp=None, _trace=<pluggy._tracing.TagTracerSub object at 0x14ec297d0>, _basetemp=PosixPath...ders/nz/6q2p_ldx3txdbw_gttbpnwjr0000gn/T/pytest-of-haewonkim/pytest-364'), _retention_count=3, _retention_policy='all')
setup_db = (<sqlalchemy.ext.asyncio.engine.AsyncEngine object at 0x152ea7c40>, async_sessionmaker(class_='AsyncSession', autocommit=False, bind=<sqlalchemy.ext.asyncio.engine.AsyncEngine object at 0x152ea7c40>, autoflush=False, expire_on_commit=True))

    @pytest_asyncio.fixture(scope="function")
    async def seeded_admin_tenant(client, tmp_path, tmp_path_factory, setup_db):
        _test_config_engine, ConfigSessionLocal = setup_db
        """
        Fixture to create and seed a unique tenant for the 'admin_root' user.
        Tests requiring a pre-existing tenant can depend on this fixture.
        """
        from app.models.config import Tenant, UserTenantAccess
        from app.database import Base # Keep Base for potential future use, though not used directly for schema creation here
        from app.api.tenants import run_alembic_upgrade # Import the migration function
    
        tenant_name = f"Admin Root Tenant {tmp_path.name}"
        tenant_db_path = tmp_path_factory.mktemp(f"seeded_tenant_db_{tmp_path.name}") / f"admin_root_tenant_{tmp_path.name}.db"
        tenant_db_url = f"sqlite+aiosqlite:///{tenant_db_path}"
    
        # Use the test-specific ConfigSessionLocal for seeding
        async with ConfigSessionLocal() as config_session:
            # Create a test tenant
            new_tenant = Tenant(name=tenant_name, db_url=tenant_db_url, is_active=True)
            config_session.add(new_tenant)
            await config_session.flush() # Flush to get tenant.id
    
            # IMPORTANT: Access attributes BEFORE committing the session,
            # otherwise the object will be detached.
            tenant_id = new_tenant.id
            tenant_name = new_tenant.name
    
            # Grant admin_root access to this tenant
            config_session.add(UserTenantAccess(user_id="admin_root", tenant_id=tenant_id, role="ADMIN", is_selected=True))
            await config_session.commit()
    
        # Now, run alembic migrations on this newly created tenant's database
        success, error_msg = run_alembic_upgrade(tenant_db_url)
        if not success:
>           pytest.fail(f"Alembic migration failed for seeded tenant {tenant_name}: {error_msg}")
E           Failed: Alembic migration failed for seeded tenant Admin Root Tenant test_tenant_cross_contaminatio0: INFO  [alembic.runtime.migration] Context impl SQLiteImpl.
E           INFO  [alembic.runtime.migration] Will assume non-transactional DDL.
E           ERROR [alembic.util.messaging] Multiple head revisions are present for given argument 'head'; please specify a specific target revision, '<branchname>@head' to narrow to a specific head, or 'heads' for all heads

conftest.py:374: Failed
---------------------------- Captured stdout setup -----------------------------
ALEMBIC ERROR: INFO  [alembic.runtime.migration] Context impl SQLiteImpl.
INFO  [alembic.runtime.migration] Will assume non-transactional DDL.
ERROR [alembic.util.messaging] Multiple head revisions are present for given argument 'head'; please specify a specific target revision, '<branchname>@head' to narrow to a specific head, or 'heads' for all heads

_ ERROR at setup of test_startup_check_strictly_sanitizes_configured_origin[asyncio-https://api.example.com/api/v1-https://api.example.com-True] _

request = <SubRequest 'seeded_admin_tenant' for <Coroutine test_startup_check_strictly_sanitizes_configured_origin[asyncio-https://api.example.com/api/v1-https://api.example.com-True]>>
kwargs = {'client': <httpx.AsyncClient object at 0x152c21650>, 'setup_db': (<sqlalchemy.ext.asyncio.engine.AsyncEngine object a...ers/nz/6q2p_ldx3txdbw_gttbpnwjr0000gn/T/pytest-of-haewonkim/pytest-364'), _retention_count=3, _retention_policy='all')}
event_loop_fixture_id = 'event_loop'
setup = <function _wrap_async_fixture.<locals>._async_fixture_wrapper.<locals>.setup at 0x152cd5120>
context = <_contextvars.Context object at 0x152c69b80>
setup_task = <Task finished name='Task-504' coro=<_wrap_async_fixture.<locals>._async_fixture_wrapper.<locals>.setup() done, define...please specify a specific target revision, '<branchname>@head' to narrow to a specific head, or 'heads' for all heads
>

    @functools.wraps(fixture)
    def _async_fixture_wrapper(request: FixtureRequest, **kwargs: Any):
        func = _perhaps_rebind_fixture_func(fixture, request.instance)
        event_loop_fixture_id = _get_event_loop_fixture_id_for_async_fixture(
            request, func
        )
        event_loop = request.getfixturevalue(event_loop_fixture_id)
        kwargs.pop(event_loop_fixture_id, None)
    
        async def setup():
            res = await func(**_add_kwargs(func, kwargs, event_loop, request))
            return res
    
        context = contextvars.copy_context()
        setup_task = _create_task_in_context(event_loop, setup(), context)
>       result = event_loop.run_until_complete(setup_task)
                 ^^^^^^^^^^^^^^^^^^^^^^^^^^^^^^^^^^^^^^^^^

/opt/anaconda3/lib/python3.11/site-packages/pytest_asyncio/plugin.py:391: 
_ _ _ _ _ _ _ _ _ _ _ _ _ _ _ _ _ _ _ _ _ _ _ _ _ _ _ _ _ _ _ _ _ _ _ _ _ _ _ _ 
/opt/anaconda3/lib/python3.11/asyncio/base_events.py:653: in run_until_complete
    return future.result()
           ^^^^^^^^^^^^^^^
/opt/anaconda3/lib/python3.11/site-packages/pytest_asyncio/plugin.py:386: in setup
    res = await func(**_add_kwargs(func, kwargs, event_loop, request))
          ^^^^^^^^^^^^^^^^^^^^^^^^^^^^^^^^^^^^^^^^^^^^^^^^^^^^^^^^^^^^
_ _ _ _ _ _ _ _ _ _ _ _ _ _ _ _ _ _ _ _ _ _ _ _ _ _ _ _ _ _ _ _ _ _ _ _ _ _ _ _ 

client = <httpx.AsyncClient object at 0x152c21650>
tmp_path = PosixPath('/private/var/folders/nz/6q2p_ldx3txdbw_gttbpnwjr0000gn/T/pytest-of-haewonkim/pytest-364/test_startup_check_strictly_sa0')
tmp_path_factory = TempPathFactory(_given_basetemp=None, _trace=<pluggy._tracing.TagTracerSub object at 0x14ec297d0>, _basetemp=PosixPath...ders/nz/6q2p_ldx3txdbw_gttbpnwjr0000gn/T/pytest-of-haewonkim/pytest-364'), _retention_count=3, _retention_policy='all')
setup_db = (<sqlalchemy.ext.asyncio.engine.AsyncEngine object at 0x152835c00>, async_sessionmaker(class_='AsyncSession', autocommit=False, bind=<sqlalchemy.ext.asyncio.engine.AsyncEngine object at 0x152835c00>, autoflush=False, expire_on_commit=True))

    @pytest_asyncio.fixture(scope="function")
    async def seeded_admin_tenant(client, tmp_path, tmp_path_factory, setup_db):
        _test_config_engine, ConfigSessionLocal = setup_db
        """
        Fixture to create and seed a unique tenant for the 'admin_root' user.
        Tests requiring a pre-existing tenant can depend on this fixture.
        """
        from app.models.config import Tenant, UserTenantAccess
        from app.database import Base # Keep Base for potential future use, though not used directly for schema creation here
        from app.api.tenants import run_alembic_upgrade # Import the migration function
    
        tenant_name = f"Admin Root Tenant {tmp_path.name}"
        tenant_db_path = tmp_path_factory.mktemp(f"seeded_tenant_db_{tmp_path.name}") / f"admin_root_tenant_{tmp_path.name}.db"
        tenant_db_url = f"sqlite+aiosqlite:///{tenant_db_path}"
    
        # Use the test-specific ConfigSessionLocal for seeding
        async with ConfigSessionLocal() as config_session:
            # Create a test tenant
            new_tenant = Tenant(name=tenant_name, db_url=tenant_db_url, is_active=True)
            config_session.add(new_tenant)
            await config_session.flush() # Flush to get tenant.id
    
            # IMPORTANT: Access attributes BEFORE committing the session,
            # otherwise the object will be detached.
            tenant_id = new_tenant.id
            tenant_name = new_tenant.name
    
            # Grant admin_root access to this tenant
            config_session.add(UserTenantAccess(user_id="admin_root", tenant_id=tenant_id, role="ADMIN", is_selected=True))
            await config_session.commit()
    
        # Now, run alembic migrations on this newly created tenant's database
        success, error_msg = run_alembic_upgrade(tenant_db_url)
        if not success:
>           pytest.fail(f"Alembic migration failed for seeded tenant {tenant_name}: {error_msg}")
E           Failed: Alembic migration failed for seeded tenant Admin Root Tenant test_startup_check_strictly_sa0: INFO  [alembic.runtime.migration] Context impl SQLiteImpl.
E           INFO  [alembic.runtime.migration] Will assume non-transactional DDL.
E           ERROR [alembic.util.messaging] Multiple head revisions are present for given argument 'head'; please specify a specific target revision, '<branchname>@head' to narrow to a specific head, or 'heads' for all heads

conftest.py:374: Failed
---------------------------- Captured stdout setup -----------------------------
ALEMBIC ERROR: INFO  [alembic.runtime.migration] Context impl SQLiteImpl.
INFO  [alembic.runtime.migration] Will assume non-transactional DDL.
ERROR [alembic.util.messaging] Multiple head revisions are present for given argument 'head'; please specify a specific target revision, '<branchname>@head' to narrow to a specific head, or 'heads' for all heads

_ ERROR at setup of test_startup_check_strictly_sanitizes_configured_origin[asyncio-https://api.example.com:8443/api/v1-https://api.example.com:8443-True] _

request = <SubRequest 'seeded_admin_tenant' for <Coroutine test_startup_check_strictly_sanitizes_configured_origin[asyncio-https://api.example.com:8443/api/v1-https://api.example.com:8443-True]>>
kwargs = {'client': <httpx.AsyncClient object at 0x152c21650>, 'setup_db': (<sqlalchemy.ext.asyncio.engine.AsyncEngine object a...ers/nz/6q2p_ldx3txdbw_gttbpnwjr0000gn/T/pytest-of-haewonkim/pytest-364'), _retention_count=3, _retention_policy='all')}
event_loop_fixture_id = 'event_loop'
setup = <function _wrap_async_fixture.<locals>._async_fixture_wrapper.<locals>.setup at 0x152cd53a0>
context = <_contextvars.Context object at 0x152c68a00>
setup_task = <Task finished name='Task-510' coro=<_wrap_async_fixture.<locals>._async_fixture_wrapper.<locals>.setup() done, define...please specify a specific target revision, '<branchname>@head' to narrow to a specific head, or 'heads' for all heads
>

    @functools.wraps(fixture)
    def _async_fixture_wrapper(request: FixtureRequest, **kwargs: Any):
        func = _perhaps_rebind_fixture_func(fixture, request.instance)
        event_loop_fixture_id = _get_event_loop_fixture_id_for_async_fixture(
            request, func
        )
        event_loop = request.getfixturevalue(event_loop_fixture_id)
        kwargs.pop(event_loop_fixture_id, None)
    
        async def setup():
            res = await func(**_add_kwargs(func, kwargs, event_loop, request))
            return res
    
        context = contextvars.copy_context()
        setup_task = _create_task_in_context(event_loop, setup(), context)
>       result = event_loop.run_until_complete(setup_task)
                 ^^^^^^^^^^^^^^^^^^^^^^^^^^^^^^^^^^^^^^^^^

/opt/anaconda3/lib/python3.11/site-packages/pytest_asyncio/plugin.py:391: 
_ _ _ _ _ _ _ _ _ _ _ _ _ _ _ _ _ _ _ _ _ _ _ _ _ _ _ _ _ _ _ _ _ _ _ _ _ _ _ _ 
/opt/anaconda3/lib/python3.11/asyncio/base_events.py:653: in run_until_complete
    return future.result()
           ^^^^^^^^^^^^^^^
/opt/anaconda3/lib/python3.11/site-packages/pytest_asyncio/plugin.py:386: in setup
    res = await func(**_add_kwargs(func, kwargs, event_loop, request))
          ^^^^^^^^^^^^^^^^^^^^^^^^^^^^^^^^^^^^^^^^^^^^^^^^^^^^^^^^^^^^
_ _ _ _ _ _ _ _ _ _ _ _ _ _ _ _ _ _ _ _ _ _ _ _ _ _ _ _ _ _ _ _ _ _ _ _ _ _ _ _ 

client = <httpx.AsyncClient object at 0x152c21650>
tmp_path = PosixPath('/private/var/folders/nz/6q2p_ldx3txdbw_gttbpnwjr0000gn/T/pytest-of-haewonkim/pytest-364/test_startup_check_strictly_sa1')
tmp_path_factory = TempPathFactory(_given_basetemp=None, _trace=<pluggy._tracing.TagTracerSub object at 0x14ec297d0>, _basetemp=PosixPath...ders/nz/6q2p_ldx3txdbw_gttbpnwjr0000gn/T/pytest-of-haewonkim/pytest-364'), _retention_count=3, _retention_policy='all')
setup_db = (<sqlalchemy.ext.asyncio.engine.AsyncEngine object at 0x152d83f80>, async_sessionmaker(class_='AsyncSession', autocommit=False, bind=<sqlalchemy.ext.asyncio.engine.AsyncEngine object at 0x152d83f80>, autoflush=False, expire_on_commit=True))

    @pytest_asyncio.fixture(scope="function")
    async def seeded_admin_tenant(client, tmp_path, tmp_path_factory, setup_db):
        _test_config_engine, ConfigSessionLocal = setup_db
        """
        Fixture to create and seed a unique tenant for the 'admin_root' user.
        Tests requiring a pre-existing tenant can depend on this fixture.
        """
        from app.models.config import Tenant, UserTenantAccess
        from app.database import Base # Keep Base for potential future use, though not used directly for schema creation here
        from app.api.tenants import run_alembic_upgrade # Import the migration function
    
        tenant_name = f"Admin Root Tenant {tmp_path.name}"
        tenant_db_path = tmp_path_factory.mktemp(f"seeded_tenant_db_{tmp_path.name}") / f"admin_root_tenant_{tmp_path.name}.db"
        tenant_db_url = f"sqlite+aiosqlite:///{tenant_db_path}"
    
        # Use the test-specific ConfigSessionLocal for seeding
        async with ConfigSessionLocal() as config_session:
            # Create a test tenant
            new_tenant = Tenant(name=tenant_name, db_url=tenant_db_url, is_active=True)
            config_session.add(new_tenant)
            await config_session.flush() # Flush to get tenant.id
    
            # IMPORTANT: Access attributes BEFORE committing the session,
            # otherwise the object will be detached.
            tenant_id = new_tenant.id
            tenant_name = new_tenant.name
    
            # Grant admin_root access to this tenant
            config_session.add(UserTenantAccess(user_id="admin_root", tenant_id=tenant_id, role="ADMIN", is_selected=True))
            await config_session.commit()
    
        # Now, run alembic migrations on this newly created tenant's database
        success, error_msg = run_alembic_upgrade(tenant_db_url)
        if not success:
>           pytest.fail(f"Alembic migration failed for seeded tenant {tenant_name}: {error_msg}")
E           Failed: Alembic migration failed for seeded tenant Admin Root Tenant test_startup_check_strictly_sa1: INFO  [alembic.runtime.migration] Context impl SQLiteImpl.
E           INFO  [alembic.runtime.migration] Will assume non-transactional DDL.
E           ERROR [alembic.util.messaging] Multiple head revisions are present for given argument 'head'; please specify a specific target revision, '<branchname>@head' to narrow to a specific head, or 'heads' for all heads

conftest.py:374: Failed
---------------------------- Captured stdout setup -----------------------------
ALEMBIC ERROR: INFO  [alembic.runtime.migration] Context impl SQLiteImpl.
INFO  [alembic.runtime.migration] Will assume non-transactional DDL.
ERROR [alembic.util.messaging] Multiple head revisions are present for given argument 'head'; please specify a specific target revision, '<branchname>@head' to narrow to a specific head, or 'heads' for all heads

_ ERROR at setup of test_startup_check_strictly_sanitizes_configured_origin[asyncio-https://user:pass@api.example.com/api/v1?token=abc#frag-https://api.example.com-True] _

request = <SubRequest 'seeded_admin_tenant' for <Coroutine test_startup_check_strictly_sanitizes_configured_origin[asyncio-https://user:pass@api.example.com/api/v1?token=abc#frag-https://api.example.com-True]>>
kwargs = {'client': <httpx.AsyncClient object at 0x152c21650>, 'setup_db': (<sqlalchemy.ext.asyncio.engine.AsyncEngine object a...ers/nz/6q2p_ldx3txdbw_gttbpnwjr0000gn/T/pytest-of-haewonkim/pytest-364'), _retention_count=3, _retention_policy='all')}
event_loop_fixture_id = 'event_loop'
setup = <function _wrap_async_fixture.<locals>._async_fixture_wrapper.<locals>.setup at 0x152c24680>
context = <_contextvars.Context object at 0x152c69840>
setup_task = <Task finished name='Task-516' coro=<_wrap_async_fixture.<locals>._async_fixture_wrapper.<locals>.setup() done, define...please specify a specific target revision, '<branchname>@head' to narrow to a specific head, or 'heads' for all heads
>

    @functools.wraps(fixture)
    def _async_fixture_wrapper(request: FixtureRequest, **kwargs: Any):
        func = _perhaps_rebind_fixture_func(fixture, request.instance)
        event_loop_fixture_id = _get_event_loop_fixture_id_for_async_fixture(
            request, func
        )
        event_loop = request.getfixturevalue(event_loop_fixture_id)
        kwargs.pop(event_loop_fixture_id, None)
    
        async def setup():
            res = await func(**_add_kwargs(func, kwargs, event_loop, request))
            return res
    
        context = contextvars.copy_context()
        setup_task = _create_task_in_context(event_loop, setup(), context)
>       result = event_loop.run_until_complete(setup_task)
                 ^^^^^^^^^^^^^^^^^^^^^^^^^^^^^^^^^^^^^^^^^

/opt/anaconda3/lib/python3.11/site-packages/pytest_asyncio/plugin.py:391: 
_ _ _ _ _ _ _ _ _ _ _ _ _ _ _ _ _ _ _ _ _ _ _ _ _ _ _ _ _ _ _ _ _ _ _ _ _ _ _ _ 
/opt/anaconda3/lib/python3.11/asyncio/base_events.py:653: in run_until_complete
    return future.result()
           ^^^^^^^^^^^^^^^
/opt/anaconda3/lib/python3.11/site-packages/pytest_asyncio/plugin.py:386: in setup
    res = await func(**_add_kwargs(func, kwargs, event_loop, request))
          ^^^^^^^^^^^^^^^^^^^^^^^^^^^^^^^^^^^^^^^^^^^^^^^^^^^^^^^^^^^^
_ _ _ _ _ _ _ _ _ _ _ _ _ _ _ _ _ _ _ _ _ _ _ _ _ _ _ _ _ _ _ _ _ _ _ _ _ _ _ _ 

client = <httpx.AsyncClient object at 0x152c21650>
tmp_path = PosixPath('/private/var/folders/nz/6q2p_ldx3txdbw_gttbpnwjr0000gn/T/pytest-of-haewonkim/pytest-364/test_startup_check_strictly_sa2')
tmp_path_factory = TempPathFactory(_given_basetemp=None, _trace=<pluggy._tracing.TagTracerSub object at 0x14ec297d0>, _basetemp=PosixPath...ders/nz/6q2p_ldx3txdbw_gttbpnwjr0000gn/T/pytest-of-haewonkim/pytest-364'), _retention_count=3, _retention_policy='all')
setup_db = (<sqlalchemy.ext.asyncio.engine.AsyncEngine object at 0x152d80740>, async_sessionmaker(class_='AsyncSession', autocommit=False, bind=<sqlalchemy.ext.asyncio.engine.AsyncEngine object at 0x152d80740>, autoflush=False, expire_on_commit=True))

    @pytest_asyncio.fixture(scope="function")
    async def seeded_admin_tenant(client, tmp_path, tmp_path_factory, setup_db):
        _test_config_engine, ConfigSessionLocal = setup_db
        """
        Fixture to create and seed a unique tenant for the 'admin_root' user.
        Tests requiring a pre-existing tenant can depend on this fixture.
        """
        from app.models.config import Tenant, UserTenantAccess
        from app.database import Base # Keep Base for potential future use, though not used directly for schema creation here
        from app.api.tenants import run_alembic_upgrade # Import the migration function
    
        tenant_name = f"Admin Root Tenant {tmp_path.name}"
        tenant_db_path = tmp_path_factory.mktemp(f"seeded_tenant_db_{tmp_path.name}") / f"admin_root_tenant_{tmp_path.name}.db"
        tenant_db_url = f"sqlite+aiosqlite:///{tenant_db_path}"
    
        # Use the test-specific ConfigSessionLocal for seeding
        async with ConfigSessionLocal() as config_session:
            # Create a test tenant
            new_tenant = Tenant(name=tenant_name, db_url=tenant_db_url, is_active=True)
            config_session.add(new_tenant)
            await config_session.flush() # Flush to get tenant.id
    
            # IMPORTANT: Access attributes BEFORE committing the session,
            # otherwise the object will be detached.
            tenant_id = new_tenant.id
            tenant_name = new_tenant.name
    
            # Grant admin_root access to this tenant
            config_session.add(UserTenantAccess(user_id="admin_root", tenant_id=tenant_id, role="ADMIN", is_selected=True))
            await config_session.commit()
    
        # Now, run alembic migrations on this newly created tenant's database
        success, error_msg = run_alembic_upgrade(tenant_db_url)
        if not success:
>           pytest.fail(f"Alembic migration failed for seeded tenant {tenant_name}: {error_msg}")
E           Failed: Alembic migration failed for seeded tenant Admin Root Tenant test_startup_check_strictly_sa2: INFO  [alembic.runtime.migration] Context impl SQLiteImpl.
E           INFO  [alembic.runtime.migration] Will assume non-transactional DDL.
E           ERROR [alembic.util.messaging] Multiple head revisions are present for given argument 'head'; please specify a specific target revision, '<branchname>@head' to narrow to a specific head, or 'heads' for all heads

conftest.py:374: Failed
---------------------------- Captured stdout setup -----------------------------
ALEMBIC ERROR: INFO  [alembic.runtime.migration] Context impl SQLiteImpl.
INFO  [alembic.runtime.migration] Will assume non-transactional DDL.
ERROR [alembic.util.messaging] Multiple head revisions are present for given argument 'head'; please specify a specific target revision, '<branchname>@head' to narrow to a specific head, or 'heads' for all heads

_ ERROR at setup of test_startup_check_strictly_sanitizes_configured_origin[asyncio-https://api.example.com/api/v1?token=abc#frag-https://api.example.com-True] _

request = <SubRequest 'seeded_admin_tenant' for <Coroutine test_startup_check_strictly_sanitizes_configured_origin[asyncio-https://api.example.com/api/v1?token=abc#frag-https://api.example.com-True]>>
kwargs = {'client': <httpx.AsyncClient object at 0x152c21650>, 'setup_db': (<sqlalchemy.ext.asyncio.engine.AsyncEngine object a...ers/nz/6q2p_ldx3txdbw_gttbpnwjr0000gn/T/pytest-of-haewonkim/pytest-364'), _retention_count=3, _retention_policy='all')}
event_loop_fixture_id = 'event_loop'
setup = <function _wrap_async_fixture.<locals>._async_fixture_wrapper.<locals>.setup at 0x152b9af20>
context = <_contextvars.Context object at 0x1529a9f00>
setup_task = <Task finished name='Task-522' coro=<_wrap_async_fixture.<locals>._async_fixture_wrapper.<locals>.setup() done, define...please specify a specific target revision, '<branchname>@head' to narrow to a specific head, or 'heads' for all heads
>

    @functools.wraps(fixture)
    def _async_fixture_wrapper(request: FixtureRequest, **kwargs: Any):
        func = _perhaps_rebind_fixture_func(fixture, request.instance)
        event_loop_fixture_id = _get_event_loop_fixture_id_for_async_fixture(
            request, func
        )
        event_loop = request.getfixturevalue(event_loop_fixture_id)
        kwargs.pop(event_loop_fixture_id, None)
    
        async def setup():
            res = await func(**_add_kwargs(func, kwargs, event_loop, request))
            return res
    
        context = contextvars.copy_context()
        setup_task = _create_task_in_context(event_loop, setup(), context)
>       result = event_loop.run_until_complete(setup_task)
                 ^^^^^^^^^^^^^^^^^^^^^^^^^^^^^^^^^^^^^^^^^

/opt/anaconda3/lib/python3.11/site-packages/pytest_asyncio/plugin.py:391: 
_ _ _ _ _ _ _ _ _ _ _ _ _ _ _ _ _ _ _ _ _ _ _ _ _ _ _ _ _ _ _ _ _ _ _ _ _ _ _ _ 
/opt/anaconda3/lib/python3.11/asyncio/base_events.py:653: in run_until_complete
    return future.result()
           ^^^^^^^^^^^^^^^
/opt/anaconda3/lib/python3.11/site-packages/pytest_asyncio/plugin.py:386: in setup
    res = await func(**_add_kwargs(func, kwargs, event_loop, request))
          ^^^^^^^^^^^^^^^^^^^^^^^^^^^^^^^^^^^^^^^^^^^^^^^^^^^^^^^^^^^^
_ _ _ _ _ _ _ _ _ _ _ _ _ _ _ _ _ _ _ _ _ _ _ _ _ _ _ _ _ _ _ _ _ _ _ _ _ _ _ _ 

client = <httpx.AsyncClient object at 0x152c21650>
tmp_path = PosixPath('/private/var/folders/nz/6q2p_ldx3txdbw_gttbpnwjr0000gn/T/pytest-of-haewonkim/pytest-364/test_startup_check_strictly_sa3')
tmp_path_factory = TempPathFactory(_given_basetemp=None, _trace=<pluggy._tracing.TagTracerSub object at 0x14ec297d0>, _basetemp=PosixPath...ders/nz/6q2p_ldx3txdbw_gttbpnwjr0000gn/T/pytest-of-haewonkim/pytest-364'), _retention_count=3, _retention_policy='all')
setup_db = (<sqlalchemy.ext.asyncio.engine.AsyncEngine object at 0x152c9b940>, async_sessionmaker(class_='AsyncSession', autocommit=False, bind=<sqlalchemy.ext.asyncio.engine.AsyncEngine object at 0x152c9b940>, autoflush=False, expire_on_commit=True))

    @pytest_asyncio.fixture(scope="function")
    async def seeded_admin_tenant(client, tmp_path, tmp_path_factory, setup_db):
        _test_config_engine, ConfigSessionLocal = setup_db
        """
        Fixture to create and seed a unique tenant for the 'admin_root' user.
        Tests requiring a pre-existing tenant can depend on this fixture.
        """
        from app.models.config import Tenant, UserTenantAccess
        from app.database import Base # Keep Base for potential future use, though not used directly for schema creation here
        from app.api.tenants import run_alembic_upgrade # Import the migration function
    
        tenant_name = f"Admin Root Tenant {tmp_path.name}"
        tenant_db_path = tmp_path_factory.mktemp(f"seeded_tenant_db_{tmp_path.name}") / f"admin_root_tenant_{tmp_path.name}.db"
        tenant_db_url = f"sqlite+aiosqlite:///{tenant_db_path}"
    
        # Use the test-specific ConfigSessionLocal for seeding
        async with ConfigSessionLocal() as config_session:
            # Create a test tenant
            new_tenant = Tenant(name=tenant_name, db_url=tenant_db_url, is_active=True)
            config_session.add(new_tenant)
            await config_session.flush() # Flush to get tenant.id
    
            # IMPORTANT: Access attributes BEFORE committing the session,
            # otherwise the object will be detached.
            tenant_id = new_tenant.id
            tenant_name = new_tenant.name
    
            # Grant admin_root access to this tenant
            config_session.add(UserTenantAccess(user_id="admin_root", tenant_id=tenant_id, role="ADMIN", is_selected=True))
            await config_session.commit()
    
        # Now, run alembic migrations on this newly created tenant's database
        success, error_msg = run_alembic_upgrade(tenant_db_url)
        if not success:
>           pytest.fail(f"Alembic migration failed for seeded tenant {tenant_name}: {error_msg}")
E           Failed: Alembic migration failed for seeded tenant Admin Root Tenant test_startup_check_strictly_sa3: INFO  [alembic.runtime.migration] Context impl SQLiteImpl.
E           INFO  [alembic.runtime.migration] Will assume non-transactional DDL.
E           ERROR [alembic.util.messaging] Multiple head revisions are present for given argument 'head'; please specify a specific target revision, '<branchname>@head' to narrow to a specific head, or 'heads' for all heads

conftest.py:374: Failed
---------------------------- Captured stdout setup -----------------------------
ALEMBIC ERROR: INFO  [alembic.runtime.migration] Context impl SQLiteImpl.
INFO  [alembic.runtime.migration] Will assume non-transactional DDL.
ERROR [alembic.util.messaging] Multiple head revisions are present for given argument 'head'; please specify a specific target revision, '<branchname>@head' to narrow to a specific head, or 'heads' for all heads

_ ERROR at setup of test_startup_check_strictly_sanitizes_configured_origin[asyncio-not a valid url-None-False] _

request = <SubRequest 'seeded_admin_tenant' for <Coroutine test_startup_check_strictly_sanitizes_configured_origin[asyncio-not a valid url-None-False]>>
kwargs = {'client': <httpx.AsyncClient object at 0x152c21650>, 'setup_db': (<sqlalchemy.ext.asyncio.engine.AsyncEngine object a...ers/nz/6q2p_ldx3txdbw_gttbpnwjr0000gn/T/pytest-of-haewonkim/pytest-364'), _retention_count=3, _retention_policy='all')}
event_loop_fixture_id = 'event_loop'
setup = <function _wrap_async_fixture.<locals>._async_fixture_wrapper.<locals>.setup at 0x152cd44a0>
context = <_contextvars.Context object at 0x14ff64d40>
setup_task = <Task finished name='Task-528' coro=<_wrap_async_fixture.<locals>._async_fixture_wrapper.<locals>.setup() done, define...please specify a specific target revision, '<branchname>@head' to narrow to a specific head, or 'heads' for all heads
>

    @functools.wraps(fixture)
    def _async_fixture_wrapper(request: FixtureRequest, **kwargs: Any):
        func = _perhaps_rebind_fixture_func(fixture, request.instance)
        event_loop_fixture_id = _get_event_loop_fixture_id_for_async_fixture(
            request, func
        )
        event_loop = request.getfixturevalue(event_loop_fixture_id)
        kwargs.pop(event_loop_fixture_id, None)
    
        async def setup():
            res = await func(**_add_kwargs(func, kwargs, event_loop, request))
            return res
    
        context = contextvars.copy_context()
        setup_task = _create_task_in_context(event_loop, setup(), context)
>       result = event_loop.run_until_complete(setup_task)
                 ^^^^^^^^^^^^^^^^^^^^^^^^^^^^^^^^^^^^^^^^^

/opt/anaconda3/lib/python3.11/site-packages/pytest_asyncio/plugin.py:391: 
_ _ _ _ _ _ _ _ _ _ _ _ _ _ _ _ _ _ _ _ _ _ _ _ _ _ _ _ _ _ _ _ _ _ _ _ _ _ _ _ 
/opt/anaconda3/lib/python3.11/asyncio/base_events.py:653: in run_until_complete
    return future.result()
           ^^^^^^^^^^^^^^^
/opt/anaconda3/lib/python3.11/site-packages/pytest_asyncio/plugin.py:386: in setup
    res = await func(**_add_kwargs(func, kwargs, event_loop, request))
          ^^^^^^^^^^^^^^^^^^^^^^^^^^^^^^^^^^^^^^^^^^^^^^^^^^^^^^^^^^^^
_ _ _ _ _ _ _ _ _ _ _ _ _ _ _ _ _ _ _ _ _ _ _ _ _ _ _ _ _ _ _ _ _ _ _ _ _ _ _ _ 

client = <httpx.AsyncClient object at 0x152c21650>
tmp_path = PosixPath('/private/var/folders/nz/6q2p_ldx3txdbw_gttbpnwjr0000gn/T/pytest-of-haewonkim/pytest-364/test_startup_check_strictly_sa4')
tmp_path_factory = TempPathFactory(_given_basetemp=None, _trace=<pluggy._tracing.TagTracerSub object at 0x14ec297d0>, _basetemp=PosixPath...ders/nz/6q2p_ldx3txdbw_gttbpnwjr0000gn/T/pytest-of-haewonkim/pytest-364'), _retention_count=3, _retention_policy='all')
setup_db = (<sqlalchemy.ext.asyncio.engine.AsyncEngine object at 0x152c98400>, async_sessionmaker(class_='AsyncSession', autocommit=False, bind=<sqlalchemy.ext.asyncio.engine.AsyncEngine object at 0x152c98400>, autoflush=False, expire_on_commit=True))

    @pytest_asyncio.fixture(scope="function")
    async def seeded_admin_tenant(client, tmp_path, tmp_path_factory, setup_db):
        _test_config_engine, ConfigSessionLocal = setup_db
        """
        Fixture to create and seed a unique tenant for the 'admin_root' user.
        Tests requiring a pre-existing tenant can depend on this fixture.
        """
        from app.models.config import Tenant, UserTenantAccess
        from app.database import Base # Keep Base for potential future use, though not used directly for schema creation here
        from app.api.tenants import run_alembic_upgrade # Import the migration function
    
        tenant_name = f"Admin Root Tenant {tmp_path.name}"
        tenant_db_path = tmp_path_factory.mktemp(f"seeded_tenant_db_{tmp_path.name}") / f"admin_root_tenant_{tmp_path.name}.db"
        tenant_db_url = f"sqlite+aiosqlite:///{tenant_db_path}"
    
        # Use the test-specific ConfigSessionLocal for seeding
        async with ConfigSessionLocal() as config_session:
            # Create a test tenant
            new_tenant = Tenant(name=tenant_name, db_url=tenant_db_url, is_active=True)
            config_session.add(new_tenant)
            await config_session.flush() # Flush to get tenant.id
    
            # IMPORTANT: Access attributes BEFORE committing the session,
            # otherwise the object will be detached.
            tenant_id = new_tenant.id
            tenant_name = new_tenant.name
    
            # Grant admin_root access to this tenant
            config_session.add(UserTenantAccess(user_id="admin_root", tenant_id=tenant_id, role="ADMIN", is_selected=True))
            await config_session.commit()
    
        # Now, run alembic migrations on this newly created tenant's database
        success, error_msg = run_alembic_upgrade(tenant_db_url)
        if not success:
>           pytest.fail(f"Alembic migration failed for seeded tenant {tenant_name}: {error_msg}")
E           Failed: Alembic migration failed for seeded tenant Admin Root Tenant test_startup_check_strictly_sa4: INFO  [alembic.runtime.migration] Context impl SQLiteImpl.
E           INFO  [alembic.runtime.migration] Will assume non-transactional DDL.
E           ERROR [alembic.util.messaging] Multiple head revisions are present for given argument 'head'; please specify a specific target revision, '<branchname>@head' to narrow to a specific head, or 'heads' for all heads

conftest.py:374: Failed
---------------------------- Captured stdout setup -----------------------------
ALEMBIC ERROR: INFO  [alembic.runtime.migration] Context impl SQLiteImpl.
INFO  [alembic.runtime.migration] Will assume non-transactional DDL.
ERROR [alembic.util.messaging] Multiple head revisions are present for given argument 'head'; please specify a specific target revision, '<branchname>@head' to narrow to a specific head, or 'heads' for all heads

__ ERROR at setup of test_settings_user_profile_env_and_global_edges[asyncio] __

request = <SubRequest 'seeded_admin_tenant' for <Coroutine test_settings_user_profile_env_and_global_edges[asyncio]>>
kwargs = {'client': <httpx.AsyncClient object at 0x152c21650>, 'setup_db': (<sqlalchemy.ext.asyncio.engine.AsyncEngine object a...ers/nz/6q2p_ldx3txdbw_gttbpnwjr0000gn/T/pytest-of-haewonkim/pytest-364'), _retention_count=3, _retention_policy='all')}
event_loop_fixture_id = 'event_loop'
setup = <function _wrap_async_fixture.<locals>._async_fixture_wrapper.<locals>.setup at 0x152cd4e00>
context = <_contextvars.Context object at 0x14ff66a00>
setup_task = <Task finished name='Task-534' coro=<_wrap_async_fixture.<locals>._async_fixture_wrapper.<locals>.setup() done, define...please specify a specific target revision, '<branchname>@head' to narrow to a specific head, or 'heads' for all heads
>

    @functools.wraps(fixture)
    def _async_fixture_wrapper(request: FixtureRequest, **kwargs: Any):
        func = _perhaps_rebind_fixture_func(fixture, request.instance)
        event_loop_fixture_id = _get_event_loop_fixture_id_for_async_fixture(
            request, func
        )
        event_loop = request.getfixturevalue(event_loop_fixture_id)
        kwargs.pop(event_loop_fixture_id, None)
    
        async def setup():
            res = await func(**_add_kwargs(func, kwargs, event_loop, request))
            return res
    
        context = contextvars.copy_context()
        setup_task = _create_task_in_context(event_loop, setup(), context)
>       result = event_loop.run_until_complete(setup_task)
                 ^^^^^^^^^^^^^^^^^^^^^^^^^^^^^^^^^^^^^^^^^

/opt/anaconda3/lib/python3.11/site-packages/pytest_asyncio/plugin.py:391: 
_ _ _ _ _ _ _ _ _ _ _ _ _ _ _ _ _ _ _ _ _ _ _ _ _ _ _ _ _ _ _ _ _ _ _ _ _ _ _ _ 
/opt/anaconda3/lib/python3.11/asyncio/base_events.py:653: in run_until_complete
    return future.result()
           ^^^^^^^^^^^^^^^
/opt/anaconda3/lib/python3.11/site-packages/pytest_asyncio/plugin.py:386: in setup
    res = await func(**_add_kwargs(func, kwargs, event_loop, request))
          ^^^^^^^^^^^^^^^^^^^^^^^^^^^^^^^^^^^^^^^^^^^^^^^^^^^^^^^^^^^^
_ _ _ _ _ _ _ _ _ _ _ _ _ _ _ _ _ _ _ _ _ _ _ _ _ _ _ _ _ _ _ _ _ _ _ _ _ _ _ _ 

client = <httpx.AsyncClient object at 0x152c21650>
tmp_path = PosixPath('/private/var/folders/nz/6q2p_ldx3txdbw_gttbpnwjr0000gn/T/pytest-of-haewonkim/pytest-364/test_settings_user_profile_env0')
tmp_path_factory = TempPathFactory(_given_basetemp=None, _trace=<pluggy._tracing.TagTracerSub object at 0x14ec297d0>, _basetemp=PosixPath...ders/nz/6q2p_ldx3txdbw_gttbpnwjr0000gn/T/pytest-of-haewonkim/pytest-364'), _retention_count=3, _retention_policy='all')
setup_db = (<sqlalchemy.ext.asyncio.engine.AsyncEngine object at 0x152b95d80>, async_sessionmaker(class_='AsyncSession', autocommit=False, bind=<sqlalchemy.ext.asyncio.engine.AsyncEngine object at 0x152b95d80>, autoflush=False, expire_on_commit=True))

    @pytest_asyncio.fixture(scope="function")
    async def seeded_admin_tenant(client, tmp_path, tmp_path_factory, setup_db):
        _test_config_engine, ConfigSessionLocal = setup_db
        """
        Fixture to create and seed a unique tenant for the 'admin_root' user.
        Tests requiring a pre-existing tenant can depend on this fixture.
        """
        from app.models.config import Tenant, UserTenantAccess
        from app.database import Base # Keep Base for potential future use, though not used directly for schema creation here
        from app.api.tenants import run_alembic_upgrade # Import the migration function
    
        tenant_name = f"Admin Root Tenant {tmp_path.name}"
        tenant_db_path = tmp_path_factory.mktemp(f"seeded_tenant_db_{tmp_path.name}") / f"admin_root_tenant_{tmp_path.name}.db"
        tenant_db_url = f"sqlite+aiosqlite:///{tenant_db_path}"
    
        # Use the test-specific ConfigSessionLocal for seeding
        async with ConfigSessionLocal() as config_session:
            # Create a test tenant
            new_tenant = Tenant(name=tenant_name, db_url=tenant_db_url, is_active=True)
            config_session.add(new_tenant)
            await config_session.flush() # Flush to get tenant.id
    
            # IMPORTANT: Access attributes BEFORE committing the session,
            # otherwise the object will be detached.
            tenant_id = new_tenant.id
            tenant_name = new_tenant.name
    
            # Grant admin_root access to this tenant
            config_session.add(UserTenantAccess(user_id="admin_root", tenant_id=tenant_id, role="ADMIN", is_selected=True))
            await config_session.commit()
    
        # Now, run alembic migrations on this newly created tenant's database
        success, error_msg = run_alembic_upgrade(tenant_db_url)
        if not success:
>           pytest.fail(f"Alembic migration failed for seeded tenant {tenant_name}: {error_msg}")
E           Failed: Alembic migration failed for seeded tenant Admin Root Tenant test_settings_user_profile_env0: INFO  [alembic.runtime.migration] Context impl SQLiteImpl.
E           INFO  [alembic.runtime.migration] Will assume non-transactional DDL.
E           ERROR [alembic.util.messaging] Multiple head revisions are present for given argument 'head'; please specify a specific target revision, '<branchname>@head' to narrow to a specific head, or 'heads' for all heads

conftest.py:374: Failed
---------------------------- Captured stdout setup -----------------------------
ALEMBIC ERROR: INFO  [alembic.runtime.migration] Context impl SQLiteImpl.
INFO  [alembic.runtime.migration] Will assume non-transactional DDL.
ERROR [alembic.util.messaging] Multiple head revisions are present for given argument 'head'; please specify a specific target revision, '<branchname>@head' to narrow to a specific head, or 'heads' for all heads

_____ ERROR at setup of test_settings_options_and_ui_constraints[asyncio] ______

request = <SubRequest 'seeded_admin_tenant' for <Coroutine test_settings_options_and_ui_constraints[asyncio]>>
kwargs = {'client': <httpx.AsyncClient object at 0x152c21650>, 'setup_db': (<sqlalchemy.ext.asyncio.engine.AsyncEngine object a...ers/nz/6q2p_ldx3txdbw_gttbpnwjr0000gn/T/pytest-of-haewonkim/pytest-364'), _retention_count=3, _retention_policy='all')}
event_loop_fixture_id = 'event_loop'
setup = <function _wrap_async_fixture.<locals>._async_fixture_wrapper.<locals>.setup at 0x152b88fe0>
context = <_contextvars.Context object at 0x14ff66980>
setup_task = <Task finished name='Task-540' coro=<_wrap_async_fixture.<locals>._async_fixture_wrapper.<locals>.setup() done, define...please specify a specific target revision, '<branchname>@head' to narrow to a specific head, or 'heads' for all heads
>

    @functools.wraps(fixture)
    def _async_fixture_wrapper(request: FixtureRequest, **kwargs: Any):
        func = _perhaps_rebind_fixture_func(fixture, request.instance)
        event_loop_fixture_id = _get_event_loop_fixture_id_for_async_fixture(
            request, func
        )
        event_loop = request.getfixturevalue(event_loop_fixture_id)
        kwargs.pop(event_loop_fixture_id, None)
    
        async def setup():
            res = await func(**_add_kwargs(func, kwargs, event_loop, request))
            return res
    
        context = contextvars.copy_context()
        setup_task = _create_task_in_context(event_loop, setup(), context)
>       result = event_loop.run_until_complete(setup_task)
                 ^^^^^^^^^^^^^^^^^^^^^^^^^^^^^^^^^^^^^^^^^

/opt/anaconda3/lib/python3.11/site-packages/pytest_asyncio/plugin.py:391: 
_ _ _ _ _ _ _ _ _ _ _ _ _ _ _ _ _ _ _ _ _ _ _ _ _ _ _ _ _ _ _ _ _ _ _ _ _ _ _ _ 
/opt/anaconda3/lib/python3.11/asyncio/base_events.py:653: in run_until_complete
    return future.result()
           ^^^^^^^^^^^^^^^
/opt/anaconda3/lib/python3.11/site-packages/pytest_asyncio/plugin.py:386: in setup
    res = await func(**_add_kwargs(func, kwargs, event_loop, request))
          ^^^^^^^^^^^^^^^^^^^^^^^^^^^^^^^^^^^^^^^^^^^^^^^^^^^^^^^^^^^^
_ _ _ _ _ _ _ _ _ _ _ _ _ _ _ _ _ _ _ _ _ _ _ _ _ _ _ _ _ _ _ _ _ _ _ _ _ _ _ _ 

client = <httpx.AsyncClient object at 0x152c21650>
tmp_path = PosixPath('/private/var/folders/nz/6q2p_ldx3txdbw_gttbpnwjr0000gn/T/pytest-of-haewonkim/pytest-364/test_settings_options_and_ui_c0')
tmp_path_factory = TempPathFactory(_given_basetemp=None, _trace=<pluggy._tracing.TagTracerSub object at 0x14ec297d0>, _basetemp=PosixPath...ders/nz/6q2p_ldx3txdbw_gttbpnwjr0000gn/T/pytest-of-haewonkim/pytest-364'), _retention_count=3, _retention_policy='all')
setup_db = (<sqlalchemy.ext.asyncio.engine.AsyncEngine object at 0x152b965c0>, async_sessionmaker(class_='AsyncSession', autocommit=False, bind=<sqlalchemy.ext.asyncio.engine.AsyncEngine object at 0x152b965c0>, autoflush=False, expire_on_commit=True))

    @pytest_asyncio.fixture(scope="function")
    async def seeded_admin_tenant(client, tmp_path, tmp_path_factory, setup_db):
        _test_config_engine, ConfigSessionLocal = setup_db
        """
        Fixture to create and seed a unique tenant for the 'admin_root' user.
        Tests requiring a pre-existing tenant can depend on this fixture.
        """
        from app.models.config import Tenant, UserTenantAccess
        from app.database import Base # Keep Base for potential future use, though not used directly for schema creation here
        from app.api.tenants import run_alembic_upgrade # Import the migration function
    
        tenant_name = f"Admin Root Tenant {tmp_path.name}"
        tenant_db_path = tmp_path_factory.mktemp(f"seeded_tenant_db_{tmp_path.name}") / f"admin_root_tenant_{tmp_path.name}.db"
        tenant_db_url = f"sqlite+aiosqlite:///{tenant_db_path}"
    
        # Use the test-specific ConfigSessionLocal for seeding
        async with ConfigSessionLocal() as config_session:
            # Create a test tenant
            new_tenant = Tenant(name=tenant_name, db_url=tenant_db_url, is_active=True)
            config_session.add(new_tenant)
            await config_session.flush() # Flush to get tenant.id
    
            # IMPORTANT: Access attributes BEFORE committing the session,
            # otherwise the object will be detached.
            tenant_id = new_tenant.id
            tenant_name = new_tenant.name
    
            # Grant admin_root access to this tenant
            config_session.add(UserTenantAccess(user_id="admin_root", tenant_id=tenant_id, role="ADMIN", is_selected=True))
            await config_session.commit()
    
        # Now, run alembic migrations on this newly created tenant's database
        success, error_msg = run_alembic_upgrade(tenant_db_url)
        if not success:
>           pytest.fail(f"Alembic migration failed for seeded tenant {tenant_name}: {error_msg}")
E           Failed: Alembic migration failed for seeded tenant Admin Root Tenant test_settings_options_and_ui_c0: INFO  [alembic.runtime.migration] Context impl SQLiteImpl.
E           INFO  [alembic.runtime.migration] Will assume non-transactional DDL.
E           ERROR [alembic.util.messaging] Multiple head revisions are present for given argument 'head'; please specify a specific target revision, '<branchname>@head' to narrow to a specific head, or 'heads' for all heads

conftest.py:374: Failed
---------------------------- Captured stdout setup -----------------------------
ALEMBIC ERROR: INFO  [alembic.runtime.migration] Context impl SQLiteImpl.
INFO  [alembic.runtime.migration] Will assume non-transactional DDL.
ERROR [alembic.util.messaging] Multiple head revisions are present for given argument 'head'; please specify a specific target revision, '<branchname>@head' to narrow to a specific head, or 'heads' for all heads

_ ERROR at setup of test_startup_check_strictly_sanitizes_configured_origin[trio-https://api.example.com/api/v1-https://api.example.com-True] _

request = <SubRequest 'seeded_admin_tenant' for <Coroutine test_startup_check_strictly_sanitizes_configured_origin[trio-https://api.example.com/api/v1-https://api.example.com-True]>>
kwargs = {'client': <httpx.AsyncClient object at 0x152c21650>, 'setup_db': (<sqlalchemy.ext.asyncio.engine.AsyncEngine object a...ers/nz/6q2p_ldx3txdbw_gttbpnwjr0000gn/T/pytest-of-haewonkim/pytest-364'), _retention_count=3, _retention_policy='all')}
event_loop_fixture_id = 'event_loop'
setup = <function _wrap_async_fixture.<locals>._async_fixture_wrapper.<locals>.setup at 0x152baa700>
context = <_contextvars.Context object at 0x14ff2a840>
setup_task = <Task finished name='Task-546' coro=<_wrap_async_fixture.<locals>._async_fixture_wrapper.<locals>.setup() done, define...please specify a specific target revision, '<branchname>@head' to narrow to a specific head, or 'heads' for all heads
>

    @functools.wraps(fixture)
    def _async_fixture_wrapper(request: FixtureRequest, **kwargs: Any):
        func = _perhaps_rebind_fixture_func(fixture, request.instance)
        event_loop_fixture_id = _get_event_loop_fixture_id_for_async_fixture(
            request, func
        )
        event_loop = request.getfixturevalue(event_loop_fixture_id)
        kwargs.pop(event_loop_fixture_id, None)
    
        async def setup():
            res = await func(**_add_kwargs(func, kwargs, event_loop, request))
            return res
    
        context = contextvars.copy_context()
        setup_task = _create_task_in_context(event_loop, setup(), context)
>       result = event_loop.run_until_complete(setup_task)
                 ^^^^^^^^^^^^^^^^^^^^^^^^^^^^^^^^^^^^^^^^^

/opt/anaconda3/lib/python3.11/site-packages/pytest_asyncio/plugin.py:391: 
_ _ _ _ _ _ _ _ _ _ _ _ _ _ _ _ _ _ _ _ _ _ _ _ _ _ _ _ _ _ _ _ _ _ _ _ _ _ _ _ 
/opt/anaconda3/lib/python3.11/asyncio/base_events.py:653: in run_until_complete
    return future.result()
           ^^^^^^^^^^^^^^^
/opt/anaconda3/lib/python3.11/site-packages/pytest_asyncio/plugin.py:386: in setup
    res = await func(**_add_kwargs(func, kwargs, event_loop, request))
          ^^^^^^^^^^^^^^^^^^^^^^^^^^^^^^^^^^^^^^^^^^^^^^^^^^^^^^^^^^^^
_ _ _ _ _ _ _ _ _ _ _ _ _ _ _ _ _ _ _ _ _ _ _ _ _ _ _ _ _ _ _ _ _ _ _ _ _ _ _ _ 

client = <httpx.AsyncClient object at 0x152c21650>
tmp_path = PosixPath('/private/var/folders/nz/6q2p_ldx3txdbw_gttbpnwjr0000gn/T/pytest-of-haewonkim/pytest-364/test_startup_check_strictly_sa5')
tmp_path_factory = TempPathFactory(_given_basetemp=None, _trace=<pluggy._tracing.TagTracerSub object at 0x14ec297d0>, _basetemp=PosixPath...ders/nz/6q2p_ldx3txdbw_gttbpnwjr0000gn/T/pytest-of-haewonkim/pytest-364'), _retention_count=3, _retention_policy='all')
setup_db = (<sqlalchemy.ext.asyncio.engine.AsyncEngine object at 0x152979a80>, async_sessionmaker(class_='AsyncSession', autocommit=False, bind=<sqlalchemy.ext.asyncio.engine.AsyncEngine object at 0x152979a80>, autoflush=False, expire_on_commit=True))

    @pytest_asyncio.fixture(scope="function")
    async def seeded_admin_tenant(client, tmp_path, tmp_path_factory, setup_db):
        _test_config_engine, ConfigSessionLocal = setup_db
        """
        Fixture to create and seed a unique tenant for the 'admin_root' user.
        Tests requiring a pre-existing tenant can depend on this fixture.
        """
        from app.models.config import Tenant, UserTenantAccess
        from app.database import Base # Keep Base for potential future use, though not used directly for schema creation here
        from app.api.tenants import run_alembic_upgrade # Import the migration function
    
        tenant_name = f"Admin Root Tenant {tmp_path.name}"
        tenant_db_path = tmp_path_factory.mktemp(f"seeded_tenant_db_{tmp_path.name}") / f"admin_root_tenant_{tmp_path.name}.db"
        tenant_db_url = f"sqlite+aiosqlite:///{tenant_db_path}"
    
        # Use the test-specific ConfigSessionLocal for seeding
        async with ConfigSessionLocal() as config_session:
            # Create a test tenant
            new_tenant = Tenant(name=tenant_name, db_url=tenant_db_url, is_active=True)
            config_session.add(new_tenant)
            await config_session.flush() # Flush to get tenant.id
    
            # IMPORTANT: Access attributes BEFORE committing the session,
            # otherwise the object will be detached.
            tenant_id = new_tenant.id
            tenant_name = new_tenant.name
    
            # Grant admin_root access to this tenant
            config_session.add(UserTenantAccess(user_id="admin_root", tenant_id=tenant_id, role="ADMIN", is_selected=True))
            await config_session.commit()
    
        # Now, run alembic migrations on this newly created tenant's database
        success, error_msg = run_alembic_upgrade(tenant_db_url)
        if not success:
>           pytest.fail(f"Alembic migration failed for seeded tenant {tenant_name}: {error_msg}")
E           Failed: Alembic migration failed for seeded tenant Admin Root Tenant test_startup_check_strictly_sa5: INFO  [alembic.runtime.migration] Context impl SQLiteImpl.
E           INFO  [alembic.runtime.migration] Will assume non-transactional DDL.
E           ERROR [alembic.util.messaging] Multiple head revisions are present for given argument 'head'; please specify a specific target revision, '<branchname>@head' to narrow to a specific head, or 'heads' for all heads

conftest.py:374: Failed
---------------------------- Captured stdout setup -----------------------------
ALEMBIC ERROR: INFO  [alembic.runtime.migration] Context impl SQLiteImpl.
INFO  [alembic.runtime.migration] Will assume non-transactional DDL.
ERROR [alembic.util.messaging] Multiple head revisions are present for given argument 'head'; please specify a specific target revision, '<branchname>@head' to narrow to a specific head, or 'heads' for all heads

_ ERROR at setup of test_startup_check_strictly_sanitizes_configured_origin[trio-https://api.example.com:8443/api/v1-https://api.example.com:8443-True] _

request = <SubRequest 'seeded_admin_tenant' for <Coroutine test_startup_check_strictly_sanitizes_configured_origin[trio-https://api.example.com:8443/api/v1-https://api.example.com:8443-True]>>
kwargs = {'client': <httpx.AsyncClient object at 0x152c21650>, 'setup_db': (<sqlalchemy.ext.asyncio.engine.AsyncEngine object a...ers/nz/6q2p_ldx3txdbw_gttbpnwjr0000gn/T/pytest-of-haewonkim/pytest-364'), _retention_count=3, _retention_policy='all')}
event_loop_fixture_id = 'event_loop'
setup = <function _wrap_async_fixture.<locals>._async_fixture_wrapper.<locals>.setup at 0x152bde020>
context = <_contextvars.Context object at 0x152b21f40>
setup_task = <Task finished name='Task-552' coro=<_wrap_async_fixture.<locals>._async_fixture_wrapper.<locals>.setup() done, define...please specify a specific target revision, '<branchname>@head' to narrow to a specific head, or 'heads' for all heads
>

    @functools.wraps(fixture)
    def _async_fixture_wrapper(request: FixtureRequest, **kwargs: Any):
        func = _perhaps_rebind_fixture_func(fixture, request.instance)
        event_loop_fixture_id = _get_event_loop_fixture_id_for_async_fixture(
            request, func
        )
        event_loop = request.getfixturevalue(event_loop_fixture_id)
        kwargs.pop(event_loop_fixture_id, None)
    
        async def setup():
            res = await func(**_add_kwargs(func, kwargs, event_loop, request))
            return res
    
        context = contextvars.copy_context()
        setup_task = _create_task_in_context(event_loop, setup(), context)
>       result = event_loop.run_until_complete(setup_task)
                 ^^^^^^^^^^^^^^^^^^^^^^^^^^^^^^^^^^^^^^^^^

/opt/anaconda3/lib/python3.11/site-packages/pytest_asyncio/plugin.py:391: 
_ _ _ _ _ _ _ _ _ _ _ _ _ _ _ _ _ _ _ _ _ _ _ _ _ _ _ _ _ _ _ _ _ _ _ _ _ _ _ _ 
/opt/anaconda3/lib/python3.11/asyncio/base_events.py:653: in run_until_complete
    return future.result()
           ^^^^^^^^^^^^^^^
/opt/anaconda3/lib/python3.11/site-packages/pytest_asyncio/plugin.py:386: in setup
    res = await func(**_add_kwargs(func, kwargs, event_loop, request))
          ^^^^^^^^^^^^^^^^^^^^^^^^^^^^^^^^^^^^^^^^^^^^^^^^^^^^^^^^^^^^
_ _ _ _ _ _ _ _ _ _ _ _ _ _ _ _ _ _ _ _ _ _ _ _ _ _ _ _ _ _ _ _ _ _ _ _ _ _ _ _ 

client = <httpx.AsyncClient object at 0x152c21650>
tmp_path = PosixPath('/private/var/folders/nz/6q2p_ldx3txdbw_gttbpnwjr0000gn/T/pytest-of-haewonkim/pytest-364/test_startup_check_strictly_sa6')
tmp_path_factory = TempPathFactory(_given_basetemp=None, _trace=<pluggy._tracing.TagTracerSub object at 0x14ec297d0>, _basetemp=PosixPath...ders/nz/6q2p_ldx3txdbw_gttbpnwjr0000gn/T/pytest-of-haewonkim/pytest-364'), _retention_count=3, _retention_policy='all')
setup_db = (<sqlalchemy.ext.asyncio.engine.AsyncEngine object at 0x152c06bc0>, async_sessionmaker(class_='AsyncSession', autocommit=False, bind=<sqlalchemy.ext.asyncio.engine.AsyncEngine object at 0x152c06bc0>, autoflush=False, expire_on_commit=True))

    @pytest_asyncio.fixture(scope="function")
    async def seeded_admin_tenant(client, tmp_path, tmp_path_factory, setup_db):
        _test_config_engine, ConfigSessionLocal = setup_db
        """
        Fixture to create and seed a unique tenant for the 'admin_root' user.
        Tests requiring a pre-existing tenant can depend on this fixture.
        """
        from app.models.config import Tenant, UserTenantAccess
        from app.database import Base # Keep Base for potential future use, though not used directly for schema creation here
        from app.api.tenants import run_alembic_upgrade # Import the migration function
    
        tenant_name = f"Admin Root Tenant {tmp_path.name}"
        tenant_db_path = tmp_path_factory.mktemp(f"seeded_tenant_db_{tmp_path.name}") / f"admin_root_tenant_{tmp_path.name}.db"
        tenant_db_url = f"sqlite+aiosqlite:///{tenant_db_path}"
    
        # Use the test-specific ConfigSessionLocal for seeding
        async with ConfigSessionLocal() as config_session:
            # Create a test tenant
            new_tenant = Tenant(name=tenant_name, db_url=tenant_db_url, is_active=True)
            config_session.add(new_tenant)
            await config_session.flush() # Flush to get tenant.id
    
            # IMPORTANT: Access attributes BEFORE committing the session,
            # otherwise the object will be detached.
            tenant_id = new_tenant.id
            tenant_name = new_tenant.name
    
            # Grant admin_root access to this tenant
            config_session.add(UserTenantAccess(user_id="admin_root", tenant_id=tenant_id, role="ADMIN", is_selected=True))
            await config_session.commit()
    
        # Now, run alembic migrations on this newly created tenant's database
        success, error_msg = run_alembic_upgrade(tenant_db_url)
        if not success:
>           pytest.fail(f"Alembic migration failed for seeded tenant {tenant_name}: {error_msg}")
E           Failed: Alembic migration failed for seeded tenant Admin Root Tenant test_startup_check_strictly_sa6: INFO  [alembic.runtime.migration] Context impl SQLiteImpl.
E           INFO  [alembic.runtime.migration] Will assume non-transactional DDL.
E           ERROR [alembic.util.messaging] Multiple head revisions are present for given argument 'head'; please specify a specific target revision, '<branchname>@head' to narrow to a specific head, or 'heads' for all heads

conftest.py:374: Failed
---------------------------- Captured stdout setup -----------------------------
ALEMBIC ERROR: INFO  [alembic.runtime.migration] Context impl SQLiteImpl.
INFO  [alembic.runtime.migration] Will assume non-transactional DDL.
ERROR [alembic.util.messaging] Multiple head revisions are present for given argument 'head'; please specify a specific target revision, '<branchname>@head' to narrow to a specific head, or 'heads' for all heads

_ ERROR at setup of test_startup_check_strictly_sanitizes_configured_origin[trio-https://user:pass@api.example.com/api/v1?token=abc#frag-https://api.example.com-True] _

request = <SubRequest 'seeded_admin_tenant' for <Coroutine test_startup_check_strictly_sanitizes_configured_origin[trio-https://user:pass@api.example.com/api/v1?token=abc#frag-https://api.example.com-True]>>
kwargs = {'client': <httpx.AsyncClient object at 0x152c21650>, 'setup_db': (<sqlalchemy.ext.asyncio.engine.AsyncEngine object a...ers/nz/6q2p_ldx3txdbw_gttbpnwjr0000gn/T/pytest-of-haewonkim/pytest-364'), _retention_count=3, _retention_policy='all')}
event_loop_fixture_id = 'event_loop'
setup = <function _wrap_async_fixture.<locals>._async_fixture_wrapper.<locals>.setup at 0x152bdcb80>
context = <_contextvars.Context object at 0x1529aa5c0>
setup_task = <Task finished name='Task-558' coro=<_wrap_async_fixture.<locals>._async_fixture_wrapper.<locals>.setup() done, define...please specify a specific target revision, '<branchname>@head' to narrow to a specific head, or 'heads' for all heads
>

    @functools.wraps(fixture)
    def _async_fixture_wrapper(request: FixtureRequest, **kwargs: Any):
        func = _perhaps_rebind_fixture_func(fixture, request.instance)
        event_loop_fixture_id = _get_event_loop_fixture_id_for_async_fixture(
            request, func
        )
        event_loop = request.getfixturevalue(event_loop_fixture_id)
        kwargs.pop(event_loop_fixture_id, None)
    
        async def setup():
            res = await func(**_add_kwargs(func, kwargs, event_loop, request))
            return res
    
        context = contextvars.copy_context()
        setup_task = _create_task_in_context(event_loop, setup(), context)
>       result = event_loop.run_until_complete(setup_task)
                 ^^^^^^^^^^^^^^^^^^^^^^^^^^^^^^^^^^^^^^^^^

/opt/anaconda3/lib/python3.11/site-packages/pytest_asyncio/plugin.py:391: 
_ _ _ _ _ _ _ _ _ _ _ _ _ _ _ _ _ _ _ _ _ _ _ _ _ _ _ _ _ _ _ _ _ _ _ _ _ _ _ _ 
/opt/anaconda3/lib/python3.11/asyncio/base_events.py:653: in run_until_complete
    return future.result()
           ^^^^^^^^^^^^^^^
/opt/anaconda3/lib/python3.11/site-packages/pytest_asyncio/plugin.py:386: in setup
    res = await func(**_add_kwargs(func, kwargs, event_loop, request))
          ^^^^^^^^^^^^^^^^^^^^^^^^^^^^^^^^^^^^^^^^^^^^^^^^^^^^^^^^^^^^
_ _ _ _ _ _ _ _ _ _ _ _ _ _ _ _ _ _ _ _ _ _ _ _ _ _ _ _ _ _ _ _ _ _ _ _ _ _ _ _ 

client = <httpx.AsyncClient object at 0x152c21650>
tmp_path = PosixPath('/private/var/folders/nz/6q2p_ldx3txdbw_gttbpnwjr0000gn/T/pytest-of-haewonkim/pytest-364/test_startup_check_strictly_sa7')
tmp_path_factory = TempPathFactory(_given_basetemp=None, _trace=<pluggy._tracing.TagTracerSub object at 0x14ec297d0>, _basetemp=PosixPath...ders/nz/6q2p_ldx3txdbw_gttbpnwjr0000gn/T/pytest-of-haewonkim/pytest-364'), _retention_count=3, _retention_policy='all')
setup_db = (<sqlalchemy.ext.asyncio.engine.AsyncEngine object at 0x15414cb00>, async_sessionmaker(class_='AsyncSession', autocommit=False, bind=<sqlalchemy.ext.asyncio.engine.AsyncEngine object at 0x15414cb00>, autoflush=False, expire_on_commit=True))

    @pytest_asyncio.fixture(scope="function")
    async def seeded_admin_tenant(client, tmp_path, tmp_path_factory, setup_db):
        _test_config_engine, ConfigSessionLocal = setup_db
        """
        Fixture to create and seed a unique tenant for the 'admin_root' user.
        Tests requiring a pre-existing tenant can depend on this fixture.
        """
        from app.models.config import Tenant, UserTenantAccess
        from app.database import Base # Keep Base for potential future use, though not used directly for schema creation here
        from app.api.tenants import run_alembic_upgrade # Import the migration function
    
        tenant_name = f"Admin Root Tenant {tmp_path.name}"
        tenant_db_path = tmp_path_factory.mktemp(f"seeded_tenant_db_{tmp_path.name}") / f"admin_root_tenant_{tmp_path.name}.db"
        tenant_db_url = f"sqlite+aiosqlite:///{tenant_db_path}"
    
        # Use the test-specific ConfigSessionLocal for seeding
        async with ConfigSessionLocal() as config_session:
            # Create a test tenant
            new_tenant = Tenant(name=tenant_name, db_url=tenant_db_url, is_active=True)
            config_session.add(new_tenant)
            await config_session.flush() # Flush to get tenant.id
    
            # IMPORTANT: Access attributes BEFORE committing the session,
            # otherwise the object will be detached.
            tenant_id = new_tenant.id
            tenant_name = new_tenant.name
    
            # Grant admin_root access to this tenant
            config_session.add(UserTenantAccess(user_id="admin_root", tenant_id=tenant_id, role="ADMIN", is_selected=True))
            await config_session.commit()
    
        # Now, run alembic migrations on this newly created tenant's database
        success, error_msg = run_alembic_upgrade(tenant_db_url)
        if not success:
>           pytest.fail(f"Alembic migration failed for seeded tenant {tenant_name}: {error_msg}")
E           Failed: Alembic migration failed for seeded tenant Admin Root Tenant test_startup_check_strictly_sa7: INFO  [alembic.runtime.migration] Context impl SQLiteImpl.
E           INFO  [alembic.runtime.migration] Will assume non-transactional DDL.
E           ERROR [alembic.util.messaging] Multiple head revisions are present for given argument 'head'; please specify a specific target revision, '<branchname>@head' to narrow to a specific head, or 'heads' for all heads

conftest.py:374: Failed
---------------------------- Captured stdout setup -----------------------------
ALEMBIC ERROR: INFO  [alembic.runtime.migration] Context impl SQLiteImpl.
INFO  [alembic.runtime.migration] Will assume non-transactional DDL.
ERROR [alembic.util.messaging] Multiple head revisions are present for given argument 'head'; please specify a specific target revision, '<branchname>@head' to narrow to a specific head, or 'heads' for all heads

_ ERROR at setup of test_startup_check_strictly_sanitizes_configured_origin[trio-https://api.example.com/api/v1?token=abc#frag-https://api.example.com-True] _

request = <SubRequest 'seeded_admin_tenant' for <Coroutine test_startup_check_strictly_sanitizes_configured_origin[trio-https://api.example.com/api/v1?token=abc#frag-https://api.example.com-True]>>
kwargs = {'client': <httpx.AsyncClient object at 0x152c21650>, 'setup_db': (<sqlalchemy.ext.asyncio.engine.AsyncEngine object a...ers/nz/6q2p_ldx3txdbw_gttbpnwjr0000gn/T/pytest-of-haewonkim/pytest-364'), _retention_count=3, _retention_policy='all')}
event_loop_fixture_id = 'event_loop'
setup = <function _wrap_async_fixture.<locals>._async_fixture_wrapper.<locals>.setup at 0x152ba8d60>
context = <_contextvars.Context object at 0x14ff2af40>
setup_task = <Task finished name='Task-564' coro=<_wrap_async_fixture.<locals>._async_fixture_wrapper.<locals>.setup() done, define...please specify a specific target revision, '<branchname>@head' to narrow to a specific head, or 'heads' for all heads
>

    @functools.wraps(fixture)
    def _async_fixture_wrapper(request: FixtureRequest, **kwargs: Any):
        func = _perhaps_rebind_fixture_func(fixture, request.instance)
        event_loop_fixture_id = _get_event_loop_fixture_id_for_async_fixture(
            request, func
        )
        event_loop = request.getfixturevalue(event_loop_fixture_id)
        kwargs.pop(event_loop_fixture_id, None)
    
        async def setup():
            res = await func(**_add_kwargs(func, kwargs, event_loop, request))
            return res
    
        context = contextvars.copy_context()
        setup_task = _create_task_in_context(event_loop, setup(), context)
>       result = event_loop.run_until_complete(setup_task)
                 ^^^^^^^^^^^^^^^^^^^^^^^^^^^^^^^^^^^^^^^^^

/opt/anaconda3/lib/python3.11/site-packages/pytest_asyncio/plugin.py:391: 
_ _ _ _ _ _ _ _ _ _ _ _ _ _ _ _ _ _ _ _ _ _ _ _ _ _ _ _ _ _ _ _ _ _ _ _ _ _ _ _ 
/opt/anaconda3/lib/python3.11/asyncio/base_events.py:653: in run_until_complete
    return future.result()
           ^^^^^^^^^^^^^^^
/opt/anaconda3/lib/python3.11/site-packages/pytest_asyncio/plugin.py:386: in setup
    res = await func(**_add_kwargs(func, kwargs, event_loop, request))
          ^^^^^^^^^^^^^^^^^^^^^^^^^^^^^^^^^^^^^^^^^^^^^^^^^^^^^^^^^^^^
_ _ _ _ _ _ _ _ _ _ _ _ _ _ _ _ _ _ _ _ _ _ _ _ _ _ _ _ _ _ _ _ _ _ _ _ _ _ _ _ 

client = <httpx.AsyncClient object at 0x152c21650>
tmp_path = PosixPath('/private/var/folders/nz/6q2p_ldx3txdbw_gttbpnwjr0000gn/T/pytest-of-haewonkim/pytest-364/test_startup_check_strictly_sa8')
tmp_path_factory = TempPathFactory(_given_basetemp=None, _trace=<pluggy._tracing.TagTracerSub object at 0x14ec297d0>, _basetemp=PosixPath...ders/nz/6q2p_ldx3txdbw_gttbpnwjr0000gn/T/pytest-of-haewonkim/pytest-364'), _retention_count=3, _retention_policy='all')
setup_db = (<sqlalchemy.ext.asyncio.engine.AsyncEngine object at 0x152851cc0>, async_sessionmaker(class_='AsyncSession', autocommit=False, bind=<sqlalchemy.ext.asyncio.engine.AsyncEngine object at 0x152851cc0>, autoflush=False, expire_on_commit=True))

    @pytest_asyncio.fixture(scope="function")
    async def seeded_admin_tenant(client, tmp_path, tmp_path_factory, setup_db):
        _test_config_engine, ConfigSessionLocal = setup_db
        """
        Fixture to create and seed a unique tenant for the 'admin_root' user.
        Tests requiring a pre-existing tenant can depend on this fixture.
        """
        from app.models.config import Tenant, UserTenantAccess
        from app.database import Base # Keep Base for potential future use, though not used directly for schema creation here
        from app.api.tenants import run_alembic_upgrade # Import the migration function
    
        tenant_name = f"Admin Root Tenant {tmp_path.name}"
        tenant_db_path = tmp_path_factory.mktemp(f"seeded_tenant_db_{tmp_path.name}") / f"admin_root_tenant_{tmp_path.name}.db"
        tenant_db_url = f"sqlite+aiosqlite:///{tenant_db_path}"
    
        # Use the test-specific ConfigSessionLocal for seeding
        async with ConfigSessionLocal() as config_session:
            # Create a test tenant
            new_tenant = Tenant(name=tenant_name, db_url=tenant_db_url, is_active=True)
            config_session.add(new_tenant)
            await config_session.flush() # Flush to get tenant.id
    
            # IMPORTANT: Access attributes BEFORE committing the session,
            # otherwise the object will be detached.
            tenant_id = new_tenant.id
            tenant_name = new_tenant.name
    
            # Grant admin_root access to this tenant
            config_session.add(UserTenantAccess(user_id="admin_root", tenant_id=tenant_id, role="ADMIN", is_selected=True))
            await config_session.commit()
    
        # Now, run alembic migrations on this newly created tenant's database
        success, error_msg = run_alembic_upgrade(tenant_db_url)
        if not success:
>           pytest.fail(f"Alembic migration failed for seeded tenant {tenant_name}: {error_msg}")
E           Failed: Alembic migration failed for seeded tenant Admin Root Tenant test_startup_check_strictly_sa8: INFO  [alembic.runtime.migration] Context impl SQLiteImpl.
E           INFO  [alembic.runtime.migration] Will assume non-transactional DDL.
E           ERROR [alembic.util.messaging] Multiple head revisions are present for given argument 'head'; please specify a specific target revision, '<branchname>@head' to narrow to a specific head, or 'heads' for all heads

conftest.py:374: Failed
---------------------------- Captured stdout setup -----------------------------
ALEMBIC ERROR: INFO  [alembic.runtime.migration] Context impl SQLiteImpl.
INFO  [alembic.runtime.migration] Will assume non-transactional DDL.
ERROR [alembic.util.messaging] Multiple head revisions are present for given argument 'head'; please specify a specific target revision, '<branchname>@head' to narrow to a specific head, or 'heads' for all heads

_ ERROR at setup of test_startup_check_strictly_sanitizes_configured_origin[trio-not a valid url-None-False] _

request = <SubRequest 'seeded_admin_tenant' for <Coroutine test_startup_check_strictly_sanitizes_configured_origin[trio-not a valid url-None-False]>>
kwargs = {'client': <httpx.AsyncClient object at 0x152c21650>, 'setup_db': (<sqlalchemy.ext.asyncio.engine.AsyncEngine object a...ers/nz/6q2p_ldx3txdbw_gttbpnwjr0000gn/T/pytest-of-haewonkim/pytest-364'), _retention_count=3, _retention_policy='all')}
event_loop_fixture_id = 'event_loop'
setup = <function _wrap_async_fixture.<locals>._async_fixture_wrapper.<locals>.setup at 0x152cd7880>
context = <_contextvars.Context object at 0x1529a8cc0>
setup_task = <Task finished name='Task-570' coro=<_wrap_async_fixture.<locals>._async_fixture_wrapper.<locals>.setup() done, define...please specify a specific target revision, '<branchname>@head' to narrow to a specific head, or 'heads' for all heads
>

    @functools.wraps(fixture)
    def _async_fixture_wrapper(request: FixtureRequest, **kwargs: Any):
        func = _perhaps_rebind_fixture_func(fixture, request.instance)
        event_loop_fixture_id = _get_event_loop_fixture_id_for_async_fixture(
            request, func
        )
        event_loop = request.getfixturevalue(event_loop_fixture_id)
        kwargs.pop(event_loop_fixture_id, None)
    
        async def setup():
            res = await func(**_add_kwargs(func, kwargs, event_loop, request))
            return res
    
        context = contextvars.copy_context()
        setup_task = _create_task_in_context(event_loop, setup(), context)
>       result = event_loop.run_until_complete(setup_task)
                 ^^^^^^^^^^^^^^^^^^^^^^^^^^^^^^^^^^^^^^^^^

/opt/anaconda3/lib/python3.11/site-packages/pytest_asyncio/plugin.py:391: 
_ _ _ _ _ _ _ _ _ _ _ _ _ _ _ _ _ _ _ _ _ _ _ _ _ _ _ _ _ _ _ _ _ _ _ _ _ _ _ _ 
/opt/anaconda3/lib/python3.11/asyncio/base_events.py:653: in run_until_complete
    return future.result()
           ^^^^^^^^^^^^^^^
/opt/anaconda3/lib/python3.11/site-packages/pytest_asyncio/plugin.py:386: in setup
    res = await func(**_add_kwargs(func, kwargs, event_loop, request))
          ^^^^^^^^^^^^^^^^^^^^^^^^^^^^^^^^^^^^^^^^^^^^^^^^^^^^^^^^^^^^
_ _ _ _ _ _ _ _ _ _ _ _ _ _ _ _ _ _ _ _ _ _ _ _ _ _ _ _ _ _ _ _ _ _ _ _ _ _ _ _ 

client = <httpx.AsyncClient object at 0x152c21650>
tmp_path = PosixPath('/private/var/folders/nz/6q2p_ldx3txdbw_gttbpnwjr0000gn/T/pytest-of-haewonkim/pytest-364/test_startup_check_strictly_sa9')
tmp_path_factory = TempPathFactory(_given_basetemp=None, _trace=<pluggy._tracing.TagTracerSub object at 0x14ec297d0>, _basetemp=PosixPath...ders/nz/6q2p_ldx3txdbw_gttbpnwjr0000gn/T/pytest-of-haewonkim/pytest-364'), _retention_count=3, _retention_policy='all')
setup_db = (<sqlalchemy.ext.asyncio.engine.AsyncEngine object at 0x152c9a7c0>, async_sessionmaker(class_='AsyncSession', autocommit=False, bind=<sqlalchemy.ext.asyncio.engine.AsyncEngine object at 0x152c9a7c0>, autoflush=False, expire_on_commit=True))

    @pytest_asyncio.fixture(scope="function")
    async def seeded_admin_tenant(client, tmp_path, tmp_path_factory, setup_db):
        _test_config_engine, ConfigSessionLocal = setup_db
        """
        Fixture to create and seed a unique tenant for the 'admin_root' user.
        Tests requiring a pre-existing tenant can depend on this fixture.
        """
        from app.models.config import Tenant, UserTenantAccess
        from app.database import Base # Keep Base for potential future use, though not used directly for schema creation here
        from app.api.tenants import run_alembic_upgrade # Import the migration function
    
        tenant_name = f"Admin Root Tenant {tmp_path.name}"
        tenant_db_path = tmp_path_factory.mktemp(f"seeded_tenant_db_{tmp_path.name}") / f"admin_root_tenant_{tmp_path.name}.db"
        tenant_db_url = f"sqlite+aiosqlite:///{tenant_db_path}"
    
        # Use the test-specific ConfigSessionLocal for seeding
        async with ConfigSessionLocal() as config_session:
            # Create a test tenant
            new_tenant = Tenant(name=tenant_name, db_url=tenant_db_url, is_active=True)
            config_session.add(new_tenant)
            await config_session.flush() # Flush to get tenant.id
    
            # IMPORTANT: Access attributes BEFORE committing the session,
            # otherwise the object will be detached.
            tenant_id = new_tenant.id
            tenant_name = new_tenant.name
    
            # Grant admin_root access to this tenant
            config_session.add(UserTenantAccess(user_id="admin_root", tenant_id=tenant_id, role="ADMIN", is_selected=True))
            await config_session.commit()
    
        # Now, run alembic migrations on this newly created tenant's database
        success, error_msg = run_alembic_upgrade(tenant_db_url)
        if not success:
>           pytest.fail(f"Alembic migration failed for seeded tenant {tenant_name}: {error_msg}")
E           Failed: Alembic migration failed for seeded tenant Admin Root Tenant test_startup_check_strictly_sa9: INFO  [alembic.runtime.migration] Context impl SQLiteImpl.
E           INFO  [alembic.runtime.migration] Will assume non-transactional DDL.
E           ERROR [alembic.util.messaging] Multiple head revisions are present for given argument 'head'; please specify a specific target revision, '<branchname>@head' to narrow to a specific head, or 'heads' for all heads

conftest.py:374: Failed
---------------------------- Captured stdout setup -----------------------------
ALEMBIC ERROR: INFO  [alembic.runtime.migration] Context impl SQLiteImpl.
INFO  [alembic.runtime.migration] Will assume non-transactional DDL.
ERROR [alembic.util.messaging] Multiple head revisions are present for given argument 'head'; please specify a specific target revision, '<branchname>@head' to narrow to a specific head, or 'heads' for all heads

___ ERROR at setup of test_settings_user_profile_env_and_global_edges[trio] ____

request = <SubRequest 'seeded_admin_tenant' for <Coroutine test_settings_user_profile_env_and_global_edges[trio]>>
kwargs = {'client': <httpx.AsyncClient object at 0x152c21650>, 'setup_db': (<sqlalchemy.ext.asyncio.engine.AsyncEngine object a...ers/nz/6q2p_ldx3txdbw_gttbpnwjr0000gn/T/pytest-of-haewonkim/pytest-364'), _retention_count=3, _retention_policy='all')}
event_loop_fixture_id = 'event_loop'
setup = <function _wrap_async_fixture.<locals>._async_fixture_wrapper.<locals>.setup at 0x152bdd800>
context = <_contextvars.Context object at 0x15286e100>
setup_task = <Task finished name='Task-576' coro=<_wrap_async_fixture.<locals>._async_fixture_wrapper.<locals>.setup() done, define...please specify a specific target revision, '<branchname>@head' to narrow to a specific head, or 'heads' for all heads
>

    @functools.wraps(fixture)
    def _async_fixture_wrapper(request: FixtureRequest, **kwargs: Any):
        func = _perhaps_rebind_fixture_func(fixture, request.instance)
        event_loop_fixture_id = _get_event_loop_fixture_id_for_async_fixture(
            request, func
        )
        event_loop = request.getfixturevalue(event_loop_fixture_id)
        kwargs.pop(event_loop_fixture_id, None)
    
        async def setup():
            res = await func(**_add_kwargs(func, kwargs, event_loop, request))
            return res
    
        context = contextvars.copy_context()
        setup_task = _create_task_in_context(event_loop, setup(), context)
>       result = event_loop.run_until_complete(setup_task)
                 ^^^^^^^^^^^^^^^^^^^^^^^^^^^^^^^^^^^^^^^^^

/opt/anaconda3/lib/python3.11/site-packages/pytest_asyncio/plugin.py:391: 
_ _ _ _ _ _ _ _ _ _ _ _ _ _ _ _ _ _ _ _ _ _ _ _ _ _ _ _ _ _ _ _ _ _ _ _ _ _ _ _ 
/opt/anaconda3/lib/python3.11/asyncio/base_events.py:653: in run_until_complete
    return future.result()
           ^^^^^^^^^^^^^^^
/opt/anaconda3/lib/python3.11/site-packages/pytest_asyncio/plugin.py:386: in setup
    res = await func(**_add_kwargs(func, kwargs, event_loop, request))
          ^^^^^^^^^^^^^^^^^^^^^^^^^^^^^^^^^^^^^^^^^^^^^^^^^^^^^^^^^^^^
_ _ _ _ _ _ _ _ _ _ _ _ _ _ _ _ _ _ _ _ _ _ _ _ _ _ _ _ _ _ _ _ _ _ _ _ _ _ _ _ 

client = <httpx.AsyncClient object at 0x152c21650>
tmp_path = PosixPath('/private/var/folders/nz/6q2p_ldx3txdbw_gttbpnwjr0000gn/T/pytest-of-haewonkim/pytest-364/test_settings_user_profile_env1')
tmp_path_factory = TempPathFactory(_given_basetemp=None, _trace=<pluggy._tracing.TagTracerSub object at 0x14ec297d0>, _basetemp=PosixPath...ders/nz/6q2p_ldx3txdbw_gttbpnwjr0000gn/T/pytest-of-haewonkim/pytest-364'), _retention_count=3, _retention_policy='all')
setup_db = (<sqlalchemy.ext.asyncio.engine.AsyncEngine object at 0x1529a9180>, async_sessionmaker(class_='AsyncSession', autocommit=False, bind=<sqlalchemy.ext.asyncio.engine.AsyncEngine object at 0x1529a9180>, autoflush=False, expire_on_commit=True))

    @pytest_asyncio.fixture(scope="function")
    async def seeded_admin_tenant(client, tmp_path, tmp_path_factory, setup_db):
        _test_config_engine, ConfigSessionLocal = setup_db
        """
        Fixture to create and seed a unique tenant for the 'admin_root' user.
        Tests requiring a pre-existing tenant can depend on this fixture.
        """
        from app.models.config import Tenant, UserTenantAccess
        from app.database import Base # Keep Base for potential future use, though not used directly for schema creation here
        from app.api.tenants import run_alembic_upgrade # Import the migration function
    
        tenant_name = f"Admin Root Tenant {tmp_path.name}"
        tenant_db_path = tmp_path_factory.mktemp(f"seeded_tenant_db_{tmp_path.name}") / f"admin_root_tenant_{tmp_path.name}.db"
        tenant_db_url = f"sqlite+aiosqlite:///{tenant_db_path}"
    
        # Use the test-specific ConfigSessionLocal for seeding
        async with ConfigSessionLocal() as config_session:
            # Create a test tenant
            new_tenant = Tenant(name=tenant_name, db_url=tenant_db_url, is_active=True)
            config_session.add(new_tenant)
            await config_session.flush() # Flush to get tenant.id
    
            # IMPORTANT: Access attributes BEFORE committing the session,
            # otherwise the object will be detached.
            tenant_id = new_tenant.id
            tenant_name = new_tenant.name
    
            # Grant admin_root access to this tenant
            config_session.add(UserTenantAccess(user_id="admin_root", tenant_id=tenant_id, role="ADMIN", is_selected=True))
            await config_session.commit()
    
        # Now, run alembic migrations on this newly created tenant's database
        success, error_msg = run_alembic_upgrade(tenant_db_url)
        if not success:
>           pytest.fail(f"Alembic migration failed for seeded tenant {tenant_name}: {error_msg}")
E           Failed: Alembic migration failed for seeded tenant Admin Root Tenant test_settings_user_profile_env1: INFO  [alembic.runtime.migration] Context impl SQLiteImpl.
E           INFO  [alembic.runtime.migration] Will assume non-transactional DDL.
E           ERROR [alembic.util.messaging] Multiple head revisions are present for given argument 'head'; please specify a specific target revision, '<branchname>@head' to narrow to a specific head, or 'heads' for all heads

conftest.py:374: Failed
---------------------------- Captured stdout setup -----------------------------
ALEMBIC ERROR: INFO  [alembic.runtime.migration] Context impl SQLiteImpl.
INFO  [alembic.runtime.migration] Will assume non-transactional DDL.
ERROR [alembic.util.messaging] Multiple head revisions are present for given argument 'head'; please specify a specific target revision, '<branchname>@head' to narrow to a specific head, or 'heads' for all heads

_______ ERROR at setup of test_settings_options_and_ui_constraints[trio] _______

request = <SubRequest 'seeded_admin_tenant' for <Coroutine test_settings_options_and_ui_constraints[trio]>>
kwargs = {'client': <httpx.AsyncClient object at 0x152c21650>, 'setup_db': (<sqlalchemy.ext.asyncio.engine.AsyncEngine object a...ers/nz/6q2p_ldx3txdbw_gttbpnwjr0000gn/T/pytest-of-haewonkim/pytest-364'), _retention_count=3, _retention_policy='all')}
event_loop_fixture_id = 'event_loop'
setup = <function _wrap_async_fixture.<locals>._async_fixture_wrapper.<locals>.setup at 0x152bdfec0>
context = <_contextvars.Context object at 0x15287d600>
setup_task = <Task finished name='Task-582' coro=<_wrap_async_fixture.<locals>._async_fixture_wrapper.<locals>.setup() done, define...please specify a specific target revision, '<branchname>@head' to narrow to a specific head, or 'heads' for all heads
>

    @functools.wraps(fixture)
    def _async_fixture_wrapper(request: FixtureRequest, **kwargs: Any):
        func = _perhaps_rebind_fixture_func(fixture, request.instance)
        event_loop_fixture_id = _get_event_loop_fixture_id_for_async_fixture(
            request, func
        )
        event_loop = request.getfixturevalue(event_loop_fixture_id)
        kwargs.pop(event_loop_fixture_id, None)
    
        async def setup():
            res = await func(**_add_kwargs(func, kwargs, event_loop, request))
            return res
    
        context = contextvars.copy_context()
        setup_task = _create_task_in_context(event_loop, setup(), context)
>       result = event_loop.run_until_complete(setup_task)
                 ^^^^^^^^^^^^^^^^^^^^^^^^^^^^^^^^^^^^^^^^^

/opt/anaconda3/lib/python3.11/site-packages/pytest_asyncio/plugin.py:391: 
_ _ _ _ _ _ _ _ _ _ _ _ _ _ _ _ _ _ _ _ _ _ _ _ _ _ _ _ _ _ _ _ _ _ _ _ _ _ _ _ 
/opt/anaconda3/lib/python3.11/asyncio/base_events.py:653: in run_until_complete
    return future.result()
           ^^^^^^^^^^^^^^^
/opt/anaconda3/lib/python3.11/site-packages/pytest_asyncio/plugin.py:386: in setup
    res = await func(**_add_kwargs(func, kwargs, event_loop, request))
          ^^^^^^^^^^^^^^^^^^^^^^^^^^^^^^^^^^^^^^^^^^^^^^^^^^^^^^^^^^^^
_ _ _ _ _ _ _ _ _ _ _ _ _ _ _ _ _ _ _ _ _ _ _ _ _ _ _ _ _ _ _ _ _ _ _ _ _ _ _ _ 

client = <httpx.AsyncClient object at 0x152c21650>
tmp_path = PosixPath('/private/var/folders/nz/6q2p_ldx3txdbw_gttbpnwjr0000gn/T/pytest-of-haewonkim/pytest-364/test_settings_options_and_ui_c1')
tmp_path_factory = TempPathFactory(_given_basetemp=None, _trace=<pluggy._tracing.TagTracerSub object at 0x14ec297d0>, _basetemp=PosixPath...ders/nz/6q2p_ldx3txdbw_gttbpnwjr0000gn/T/pytest-of-haewonkim/pytest-364'), _retention_count=3, _retention_policy='all')
setup_db = (<sqlalchemy.ext.asyncio.engine.AsyncEngine object at 0x14ffcd640>, async_sessionmaker(class_='AsyncSession', autocommit=False, bind=<sqlalchemy.ext.asyncio.engine.AsyncEngine object at 0x14ffcd640>, autoflush=False, expire_on_commit=True))

    @pytest_asyncio.fixture(scope="function")
    async def seeded_admin_tenant(client, tmp_path, tmp_path_factory, setup_db):
        _test_config_engine, ConfigSessionLocal = setup_db
        """
        Fixture to create and seed a unique tenant for the 'admin_root' user.
        Tests requiring a pre-existing tenant can depend on this fixture.
        """
        from app.models.config import Tenant, UserTenantAccess
        from app.database import Base # Keep Base for potential future use, though not used directly for schema creation here
        from app.api.tenants import run_alembic_upgrade # Import the migration function
    
        tenant_name = f"Admin Root Tenant {tmp_path.name}"
        tenant_db_path = tmp_path_factory.mktemp(f"seeded_tenant_db_{tmp_path.name}") / f"admin_root_tenant_{tmp_path.name}.db"
        tenant_db_url = f"sqlite+aiosqlite:///{tenant_db_path}"
    
        # Use the test-specific ConfigSessionLocal for seeding
        async with ConfigSessionLocal() as config_session:
            # Create a test tenant
            new_tenant = Tenant(name=tenant_name, db_url=tenant_db_url, is_active=True)
            config_session.add(new_tenant)
            await config_session.flush() # Flush to get tenant.id
    
            # IMPORTANT: Access attributes BEFORE committing the session,
            # otherwise the object will be detached.
            tenant_id = new_tenant.id
            tenant_name = new_tenant.name
    
            # Grant admin_root access to this tenant
            config_session.add(UserTenantAccess(user_id="admin_root", tenant_id=tenant_id, role="ADMIN", is_selected=True))
            await config_session.commit()
    
        # Now, run alembic migrations on this newly created tenant's database
        success, error_msg = run_alembic_upgrade(tenant_db_url)
        if not success:
>           pytest.fail(f"Alembic migration failed for seeded tenant {tenant_name}: {error_msg}")
E           Failed: Alembic migration failed for seeded tenant Admin Root Tenant test_settings_options_and_ui_c1: INFO  [alembic.runtime.migration] Context impl SQLiteImpl.
E           INFO  [alembic.runtime.migration] Will assume non-transactional DDL.
E           ERROR [alembic.util.messaging] Multiple head revisions are present for given argument 'head'; please specify a specific target revision, '<branchname>@head' to narrow to a specific head, or 'heads' for all heads

conftest.py:374: Failed
---------------------------- Captured stdout setup -----------------------------
ALEMBIC ERROR: INFO  [alembic.runtime.migration] Context impl SQLiteImpl.
INFO  [alembic.runtime.migration] Will assume non-transactional DDL.
ERROR [alembic.util.messaging] Multiple head revisions are present for given argument 'head'; please specify a specific target revision, '<branchname>@head' to narrow to a specific head, or 'heads' for all heads

_ ERROR at setup of test_user_pool_refresh_persists_identity_records[asyncio] __

request = <SubRequest 'seeded_admin_tenant' for <Coroutine test_user_pool_refresh_persists_identity_records[asyncio]>>
kwargs = {'client': <httpx.AsyncClient object at 0x152868fd0>, 'setup_db': (<sqlalchemy.ext.asyncio.engine.AsyncEngine object a...ers/nz/6q2p_ldx3txdbw_gttbpnwjr0000gn/T/pytest-of-haewonkim/pytest-364'), _retention_count=3, _retention_policy='all')}
event_loop_fixture_id = 'event_loop'
setup = <function _wrap_async_fixture.<locals>._async_fixture_wrapper.<locals>.setup at 0x152b8a2a0>
context = <_contextvars.Context object at 0x15287e980>
setup_task = <Task finished name='Task-591' coro=<_wrap_async_fixture.<locals>._async_fixture_wrapper.<locals>.setup() done, define...please specify a specific target revision, '<branchname>@head' to narrow to a specific head, or 'heads' for all heads
>

    @functools.wraps(fixture)
    def _async_fixture_wrapper(request: FixtureRequest, **kwargs: Any):
        func = _perhaps_rebind_fixture_func(fixture, request.instance)
        event_loop_fixture_id = _get_event_loop_fixture_id_for_async_fixture(
            request, func
        )
        event_loop = request.getfixturevalue(event_loop_fixture_id)
        kwargs.pop(event_loop_fixture_id, None)
    
        async def setup():
            res = await func(**_add_kwargs(func, kwargs, event_loop, request))
            return res
    
        context = contextvars.copy_context()
        setup_task = _create_task_in_context(event_loop, setup(), context)
>       result = event_loop.run_until_complete(setup_task)
                 ^^^^^^^^^^^^^^^^^^^^^^^^^^^^^^^^^^^^^^^^^

/opt/anaconda3/lib/python3.11/site-packages/pytest_asyncio/plugin.py:391: 
_ _ _ _ _ _ _ _ _ _ _ _ _ _ _ _ _ _ _ _ _ _ _ _ _ _ _ _ _ _ _ _ _ _ _ _ _ _ _ _ 
/opt/anaconda3/lib/python3.11/asyncio/base_events.py:653: in run_until_complete
    return future.result()
           ^^^^^^^^^^^^^^^
/opt/anaconda3/lib/python3.11/site-packages/pytest_asyncio/plugin.py:386: in setup
    res = await func(**_add_kwargs(func, kwargs, event_loop, request))
          ^^^^^^^^^^^^^^^^^^^^^^^^^^^^^^^^^^^^^^^^^^^^^^^^^^^^^^^^^^^^
_ _ _ _ _ _ _ _ _ _ _ _ _ _ _ _ _ _ _ _ _ _ _ _ _ _ _ _ _ _ _ _ _ _ _ _ _ _ _ _ 

client = <httpx.AsyncClient object at 0x152868fd0>
tmp_path = PosixPath('/private/var/folders/nz/6q2p_ldx3txdbw_gttbpnwjr0000gn/T/pytest-of-haewonkim/pytest-364/test_user_pool_refresh_persist0')
tmp_path_factory = TempPathFactory(_given_basetemp=None, _trace=<pluggy._tracing.TagTracerSub object at 0x14ec297d0>, _basetemp=PosixPath...ders/nz/6q2p_ldx3txdbw_gttbpnwjr0000gn/T/pytest-of-haewonkim/pytest-364'), _retention_count=3, _retention_policy='all')
setup_db = (<sqlalchemy.ext.asyncio.engine.AsyncEngine object at 0x152d01180>, async_sessionmaker(class_='AsyncSession', autocommit=False, bind=<sqlalchemy.ext.asyncio.engine.AsyncEngine object at 0x152d01180>, autoflush=False, expire_on_commit=True))

    @pytest_asyncio.fixture(scope="function")
    async def seeded_admin_tenant(client, tmp_path, tmp_path_factory, setup_db):
        _test_config_engine, ConfigSessionLocal = setup_db
        """
        Fixture to create and seed a unique tenant for the 'admin_root' user.
        Tests requiring a pre-existing tenant can depend on this fixture.
        """
        from app.models.config import Tenant, UserTenantAccess
        from app.database import Base # Keep Base for potential future use, though not used directly for schema creation here
        from app.api.tenants import run_alembic_upgrade # Import the migration function
    
        tenant_name = f"Admin Root Tenant {tmp_path.name}"
        tenant_db_path = tmp_path_factory.mktemp(f"seeded_tenant_db_{tmp_path.name}") / f"admin_root_tenant_{tmp_path.name}.db"
        tenant_db_url = f"sqlite+aiosqlite:///{tenant_db_path}"
    
        # Use the test-specific ConfigSessionLocal for seeding
        async with ConfigSessionLocal() as config_session:
            # Create a test tenant
            new_tenant = Tenant(name=tenant_name, db_url=tenant_db_url, is_active=True)
            config_session.add(new_tenant)
            await config_session.flush() # Flush to get tenant.id
    
            # IMPORTANT: Access attributes BEFORE committing the session,
            # otherwise the object will be detached.
            tenant_id = new_tenant.id
            tenant_name = new_tenant.name
    
            # Grant admin_root access to this tenant
            config_session.add(UserTenantAccess(user_id="admin_root", tenant_id=tenant_id, role="ADMIN", is_selected=True))
            await config_session.commit()
    
        # Now, run alembic migrations on this newly created tenant's database
        success, error_msg = run_alembic_upgrade(tenant_db_url)
        if not success:
>           pytest.fail(f"Alembic migration failed for seeded tenant {tenant_name}: {error_msg}")
E           Failed: Alembic migration failed for seeded tenant Admin Root Tenant test_user_pool_refresh_persist0: INFO  [alembic.runtime.migration] Context impl SQLiteImpl.
E           INFO  [alembic.runtime.migration] Will assume non-transactional DDL.
E           ERROR [alembic.util.messaging] Multiple head revisions are present for given argument 'head'; please specify a specific target revision, '<branchname>@head' to narrow to a specific head, or 'heads' for all heads

conftest.py:374: Failed
---------------------------- Captured stdout setup -----------------------------
ALEMBIC ERROR: INFO  [alembic.runtime.migration] Context impl SQLiteImpl.
INFO  [alembic.runtime.migration] Will assume non-transactional DDL.
ERROR [alembic.util.messaging] Multiple head revisions are present for given argument 'head'; please specify a specific target revision, '<branchname>@head' to narrow to a specific head, or 'heads' for all heads

___ ERROR at setup of test_team_management_and_operator_assignment[asyncio] ____

request = <SubRequest 'seeded_admin_tenant' for <Coroutine test_team_management_and_operator_assignment[asyncio]>>
kwargs = {'client': <httpx.AsyncClient object at 0x152868fd0>, 'setup_db': (<sqlalchemy.ext.asyncio.engine.AsyncEngine object a...ers/nz/6q2p_ldx3txdbw_gttbpnwjr0000gn/T/pytest-of-haewonkim/pytest-364'), _retention_count=3, _retention_policy='all')}
event_loop_fixture_id = 'event_loop'
setup = <function _wrap_async_fixture.<locals>._async_fixture_wrapper.<locals>.setup at 0x152c45800>
context = <_contextvars.Context object at 0x152c69540>
setup_task = <Task finished name='Task-597' coro=<_wrap_async_fixture.<locals>._async_fixture_wrapper.<locals>.setup() done, define...please specify a specific target revision, '<branchname>@head' to narrow to a specific head, or 'heads' for all heads
>

    @functools.wraps(fixture)
    def _async_fixture_wrapper(request: FixtureRequest, **kwargs: Any):
        func = _perhaps_rebind_fixture_func(fixture, request.instance)
        event_loop_fixture_id = _get_event_loop_fixture_id_for_async_fixture(
            request, func
        )
        event_loop = request.getfixturevalue(event_loop_fixture_id)
        kwargs.pop(event_loop_fixture_id, None)
    
        async def setup():
            res = await func(**_add_kwargs(func, kwargs, event_loop, request))
            return res
    
        context = contextvars.copy_context()
        setup_task = _create_task_in_context(event_loop, setup(), context)
>       result = event_loop.run_until_complete(setup_task)
                 ^^^^^^^^^^^^^^^^^^^^^^^^^^^^^^^^^^^^^^^^^

/opt/anaconda3/lib/python3.11/site-packages/pytest_asyncio/plugin.py:391: 
_ _ _ _ _ _ _ _ _ _ _ _ _ _ _ _ _ _ _ _ _ _ _ _ _ _ _ _ _ _ _ _ _ _ _ _ _ _ _ _ 
/opt/anaconda3/lib/python3.11/asyncio/base_events.py:653: in run_until_complete
    return future.result()
           ^^^^^^^^^^^^^^^
/opt/anaconda3/lib/python3.11/site-packages/pytest_asyncio/plugin.py:386: in setup
    res = await func(**_add_kwargs(func, kwargs, event_loop, request))
          ^^^^^^^^^^^^^^^^^^^^^^^^^^^^^^^^^^^^^^^^^^^^^^^^^^^^^^^^^^^^
_ _ _ _ _ _ _ _ _ _ _ _ _ _ _ _ _ _ _ _ _ _ _ _ _ _ _ _ _ _ _ _ _ _ _ _ _ _ _ _ 

client = <httpx.AsyncClient object at 0x152868fd0>
tmp_path = PosixPath('/private/var/folders/nz/6q2p_ldx3txdbw_gttbpnwjr0000gn/T/pytest-of-haewonkim/pytest-364/test_team_management_and_opera0')
tmp_path_factory = TempPathFactory(_given_basetemp=None, _trace=<pluggy._tracing.TagTracerSub object at 0x14ec297d0>, _basetemp=PosixPath...ders/nz/6q2p_ldx3txdbw_gttbpnwjr0000gn/T/pytest-of-haewonkim/pytest-364'), _retention_count=3, _retention_policy='all')
setup_db = (<sqlalchemy.ext.asyncio.engine.AsyncEngine object at 0x152f4f2c0>, async_sessionmaker(class_='AsyncSession', autocommit=False, bind=<sqlalchemy.ext.asyncio.engine.AsyncEngine object at 0x152f4f2c0>, autoflush=False, expire_on_commit=True))

    @pytest_asyncio.fixture(scope="function")
    async def seeded_admin_tenant(client, tmp_path, tmp_path_factory, setup_db):
        _test_config_engine, ConfigSessionLocal = setup_db
        """
        Fixture to create and seed a unique tenant for the 'admin_root' user.
        Tests requiring a pre-existing tenant can depend on this fixture.
        """
        from app.models.config import Tenant, UserTenantAccess
        from app.database import Base # Keep Base for potential future use, though not used directly for schema creation here
        from app.api.tenants import run_alembic_upgrade # Import the migration function
    
        tenant_name = f"Admin Root Tenant {tmp_path.name}"
        tenant_db_path = tmp_path_factory.mktemp(f"seeded_tenant_db_{tmp_path.name}") / f"admin_root_tenant_{tmp_path.name}.db"
        tenant_db_url = f"sqlite+aiosqlite:///{tenant_db_path}"
    
        # Use the test-specific ConfigSessionLocal for seeding
        async with ConfigSessionLocal() as config_session:
            # Create a test tenant
            new_tenant = Tenant(name=tenant_name, db_url=tenant_db_url, is_active=True)
            config_session.add(new_tenant)
            await config_session.flush() # Flush to get tenant.id
    
            # IMPORTANT: Access attributes BEFORE committing the session,
            # otherwise the object will be detached.
            tenant_id = new_tenant.id
            tenant_name = new_tenant.name
    
            # Grant admin_root access to this tenant
            config_session.add(UserTenantAccess(user_id="admin_root", tenant_id=tenant_id, role="ADMIN", is_selected=True))
            await config_session.commit()
    
        # Now, run alembic migrations on this newly created tenant's database
        success, error_msg = run_alembic_upgrade(tenant_db_url)
        if not success:
>           pytest.fail(f"Alembic migration failed for seeded tenant {tenant_name}: {error_msg}")
E           Failed: Alembic migration failed for seeded tenant Admin Root Tenant test_team_management_and_opera0: INFO  [alembic.runtime.migration] Context impl SQLiteImpl.
E           INFO  [alembic.runtime.migration] Will assume non-transactional DDL.
E           ERROR [alembic.util.messaging] Multiple head revisions are present for given argument 'head'; please specify a specific target revision, '<branchname>@head' to narrow to a specific head, or 'heads' for all heads

conftest.py:374: Failed
---------------------------- Captured stdout setup -----------------------------
ALEMBIC ERROR: INFO  [alembic.runtime.migration] Context impl SQLiteImpl.
INFO  [alembic.runtime.migration] Will assume non-transactional DDL.
ERROR [alembic.util.messaging] Multiple head revisions are present for given argument 'head'; please specify a specific target revision, '<branchname>@head' to narrow to a specific head, or 'heads' for all heads

__ ERROR at setup of test_team_delete_is_blocked_when_members_exist[asyncio] ___

request = <SubRequest 'seeded_admin_tenant' for <Coroutine test_team_delete_is_blocked_when_members_exist[asyncio]>>
kwargs = {'client': <httpx.AsyncClient object at 0x152868fd0>, 'setup_db': (<sqlalchemy.ext.asyncio.engine.AsyncEngine object a...ers/nz/6q2p_ldx3txdbw_gttbpnwjr0000gn/T/pytest-of-haewonkim/pytest-364'), _retention_count=3, _retention_policy='all')}
event_loop_fixture_id = 'event_loop'
setup = <function _wrap_async_fixture.<locals>._async_fixture_wrapper.<locals>.setup at 0x152c47ec0>
context = <_contextvars.Context object at 0x152bdb4c0>
setup_task = <Task finished name='Task-603' coro=<_wrap_async_fixture.<locals>._async_fixture_wrapper.<locals>.setup() done, define...please specify a specific target revision, '<branchname>@head' to narrow to a specific head, or 'heads' for all heads
>

    @functools.wraps(fixture)
    def _async_fixture_wrapper(request: FixtureRequest, **kwargs: Any):
        func = _perhaps_rebind_fixture_func(fixture, request.instance)
        event_loop_fixture_id = _get_event_loop_fixture_id_for_async_fixture(
            request, func
        )
        event_loop = request.getfixturevalue(event_loop_fixture_id)
        kwargs.pop(event_loop_fixture_id, None)
    
        async def setup():
            res = await func(**_add_kwargs(func, kwargs, event_loop, request))
            return res
    
        context = contextvars.copy_context()
        setup_task = _create_task_in_context(event_loop, setup(), context)
>       result = event_loop.run_until_complete(setup_task)
                 ^^^^^^^^^^^^^^^^^^^^^^^^^^^^^^^^^^^^^^^^^

/opt/anaconda3/lib/python3.11/site-packages/pytest_asyncio/plugin.py:391: 
_ _ _ _ _ _ _ _ _ _ _ _ _ _ _ _ _ _ _ _ _ _ _ _ _ _ _ _ _ _ _ _ _ _ _ _ _ _ _ _ 
/opt/anaconda3/lib/python3.11/asyncio/base_events.py:653: in run_until_complete
    return future.result()
           ^^^^^^^^^^^^^^^
/opt/anaconda3/lib/python3.11/site-packages/pytest_asyncio/plugin.py:386: in setup
    res = await func(**_add_kwargs(func, kwargs, event_loop, request))
          ^^^^^^^^^^^^^^^^^^^^^^^^^^^^^^^^^^^^^^^^^^^^^^^^^^^^^^^^^^^^
_ _ _ _ _ _ _ _ _ _ _ _ _ _ _ _ _ _ _ _ _ _ _ _ _ _ _ _ _ _ _ _ _ _ _ _ _ _ _ _ 

client = <httpx.AsyncClient object at 0x152868fd0>
tmp_path = PosixPath('/private/var/folders/nz/6q2p_ldx3txdbw_gttbpnwjr0000gn/T/pytest-of-haewonkim/pytest-364/test_team_delete_is_blocked_wh0')
tmp_path_factory = TempPathFactory(_given_basetemp=None, _trace=<pluggy._tracing.TagTracerSub object at 0x14ec297d0>, _basetemp=PosixPath...ders/nz/6q2p_ldx3txdbw_gttbpnwjr0000gn/T/pytest-of-haewonkim/pytest-364'), _retention_count=3, _retention_policy='all')
setup_db = (<sqlalchemy.ext.asyncio.engine.AsyncEngine object at 0x1541dcc80>, async_sessionmaker(class_='AsyncSession', autocommit=False, bind=<sqlalchemy.ext.asyncio.engine.AsyncEngine object at 0x1541dcc80>, autoflush=False, expire_on_commit=True))

    @pytest_asyncio.fixture(scope="function")
    async def seeded_admin_tenant(client, tmp_path, tmp_path_factory, setup_db):
        _test_config_engine, ConfigSessionLocal = setup_db
        """
        Fixture to create and seed a unique tenant for the 'admin_root' user.
        Tests requiring a pre-existing tenant can depend on this fixture.
        """
        from app.models.config import Tenant, UserTenantAccess
        from app.database import Base # Keep Base for potential future use, though not used directly for schema creation here
        from app.api.tenants import run_alembic_upgrade # Import the migration function
    
        tenant_name = f"Admin Root Tenant {tmp_path.name}"
        tenant_db_path = tmp_path_factory.mktemp(f"seeded_tenant_db_{tmp_path.name}") / f"admin_root_tenant_{tmp_path.name}.db"
        tenant_db_url = f"sqlite+aiosqlite:///{tenant_db_path}"
    
        # Use the test-specific ConfigSessionLocal for seeding
        async with ConfigSessionLocal() as config_session:
            # Create a test tenant
            new_tenant = Tenant(name=tenant_name, db_url=tenant_db_url, is_active=True)
            config_session.add(new_tenant)
            await config_session.flush() # Flush to get tenant.id
    
            # IMPORTANT: Access attributes BEFORE committing the session,
            # otherwise the object will be detached.
            tenant_id = new_tenant.id
            tenant_name = new_tenant.name
    
            # Grant admin_root access to this tenant
            config_session.add(UserTenantAccess(user_id="admin_root", tenant_id=tenant_id, role="ADMIN", is_selected=True))
            await config_session.commit()
    
        # Now, run alembic migrations on this newly created tenant's database
        success, error_msg = run_alembic_upgrade(tenant_db_url)
        if not success:
>           pytest.fail(f"Alembic migration failed for seeded tenant {tenant_name}: {error_msg}")
E           Failed: Alembic migration failed for seeded tenant Admin Root Tenant test_team_delete_is_blocked_wh0: INFO  [alembic.runtime.migration] Context impl SQLiteImpl.
E           INFO  [alembic.runtime.migration] Will assume non-transactional DDL.
E           ERROR [alembic.util.messaging] Multiple head revisions are present for given argument 'head'; please specify a specific target revision, '<branchname>@head' to narrow to a specific head, or 'heads' for all heads

conftest.py:374: Failed
---------------------------- Captured stdout setup -----------------------------
ALEMBIC ERROR: INFO  [alembic.runtime.migration] Context impl SQLiteImpl.
INFO  [alembic.runtime.migration] Will assume non-transactional DDL.
ERROR [alembic.util.messaging] Multiple head revisions are present for given argument 'head'; please specify a specific target revision, '<branchname>@head' to narrow to a specific head, or 'heads' for all heads

_ ERROR at setup of test_tenant_storage_explorer_lists_accessible_locations[asyncio] _

request = <SubRequest 'seeded_admin_tenant' for <Coroutine test_tenant_storage_explorer_lists_accessible_locations[asyncio]>>
kwargs = {'client': <httpx.AsyncClient object at 0x152868fd0>, 'setup_db': (<sqlalchemy.ext.asyncio.engine.AsyncEngine object a...ers/nz/6q2p_ldx3txdbw_gttbpnwjr0000gn/T/pytest-of-haewonkim/pytest-364'), _retention_count=3, _retention_policy='all')}
event_loop_fixture_id = 'event_loop'
setup = <function _wrap_async_fixture.<locals>._async_fixture_wrapper.<locals>.setup at 0x152c476a0>
context = <_contextvars.Context object at 0x14e510140>
setup_task = <Task finished name='Task-609' coro=<_wrap_async_fixture.<locals>._async_fixture_wrapper.<locals>.setup() done, define...please specify a specific target revision, '<branchname>@head' to narrow to a specific head, or 'heads' for all heads
>

    @functools.wraps(fixture)
    def _async_fixture_wrapper(request: FixtureRequest, **kwargs: Any):
        func = _perhaps_rebind_fixture_func(fixture, request.instance)
        event_loop_fixture_id = _get_event_loop_fixture_id_for_async_fixture(
            request, func
        )
        event_loop = request.getfixturevalue(event_loop_fixture_id)
        kwargs.pop(event_loop_fixture_id, None)
    
        async def setup():
            res = await func(**_add_kwargs(func, kwargs, event_loop, request))
            return res
    
        context = contextvars.copy_context()
        setup_task = _create_task_in_context(event_loop, setup(), context)
>       result = event_loop.run_until_complete(setup_task)
                 ^^^^^^^^^^^^^^^^^^^^^^^^^^^^^^^^^^^^^^^^^

/opt/anaconda3/lib/python3.11/site-packages/pytest_asyncio/plugin.py:391: 
_ _ _ _ _ _ _ _ _ _ _ _ _ _ _ _ _ _ _ _ _ _ _ _ _ _ _ _ _ _ _ _ _ _ _ _ _ _ _ _ 
/opt/anaconda3/lib/python3.11/asyncio/base_events.py:653: in run_until_complete
    return future.result()
           ^^^^^^^^^^^^^^^
/opt/anaconda3/lib/python3.11/site-packages/pytest_asyncio/plugin.py:386: in setup
    res = await func(**_add_kwargs(func, kwargs, event_loop, request))
          ^^^^^^^^^^^^^^^^^^^^^^^^^^^^^^^^^^^^^^^^^^^^^^^^^^^^^^^^^^^^
_ _ _ _ _ _ _ _ _ _ _ _ _ _ _ _ _ _ _ _ _ _ _ _ _ _ _ _ _ _ _ _ _ _ _ _ _ _ _ _ 

client = <httpx.AsyncClient object at 0x152868fd0>
tmp_path = PosixPath('/private/var/folders/nz/6q2p_ldx3txdbw_gttbpnwjr0000gn/T/pytest-of-haewonkim/pytest-364/test_tenant_storage_explorer_l0')
tmp_path_factory = TempPathFactory(_given_basetemp=None, _trace=<pluggy._tracing.TagTracerSub object at 0x14ec297d0>, _basetemp=PosixPath...ders/nz/6q2p_ldx3txdbw_gttbpnwjr0000gn/T/pytest-of-haewonkim/pytest-364'), _retention_count=3, _retention_policy='all')
setup_db = (<sqlalchemy.ext.asyncio.engine.AsyncEngine object at 0x152ea5500>, async_sessionmaker(class_='AsyncSession', autocommit=False, bind=<sqlalchemy.ext.asyncio.engine.AsyncEngine object at 0x152ea5500>, autoflush=False, expire_on_commit=True))

    @pytest_asyncio.fixture(scope="function")
    async def seeded_admin_tenant(client, tmp_path, tmp_path_factory, setup_db):
        _test_config_engine, ConfigSessionLocal = setup_db
        """
        Fixture to create and seed a unique tenant for the 'admin_root' user.
        Tests requiring a pre-existing tenant can depend on this fixture.
        """
        from app.models.config import Tenant, UserTenantAccess
        from app.database import Base # Keep Base for potential future use, though not used directly for schema creation here
        from app.api.tenants import run_alembic_upgrade # Import the migration function
    
        tenant_name = f"Admin Root Tenant {tmp_path.name}"
        tenant_db_path = tmp_path_factory.mktemp(f"seeded_tenant_db_{tmp_path.name}") / f"admin_root_tenant_{tmp_path.name}.db"
        tenant_db_url = f"sqlite+aiosqlite:///{tenant_db_path}"
    
        # Use the test-specific ConfigSessionLocal for seeding
        async with ConfigSessionLocal() as config_session:
            # Create a test tenant
            new_tenant = Tenant(name=tenant_name, db_url=tenant_db_url, is_active=True)
            config_session.add(new_tenant)
            await config_session.flush() # Flush to get tenant.id
    
            # IMPORTANT: Access attributes BEFORE committing the session,
            # otherwise the object will be detached.
            tenant_id = new_tenant.id
            tenant_name = new_tenant.name
    
            # Grant admin_root access to this tenant
            config_session.add(UserTenantAccess(user_id="admin_root", tenant_id=tenant_id, role="ADMIN", is_selected=True))
            await config_session.commit()
    
        # Now, run alembic migrations on this newly created tenant's database
        success, error_msg = run_alembic_upgrade(tenant_db_url)
        if not success:
>           pytest.fail(f"Alembic migration failed for seeded tenant {tenant_name}: {error_msg}")
E           Failed: Alembic migration failed for seeded tenant Admin Root Tenant test_tenant_storage_explorer_l0: INFO  [alembic.runtime.migration] Context impl SQLiteImpl.
E           INFO  [alembic.runtime.migration] Will assume non-transactional DDL.
E           ERROR [alembic.util.messaging] Multiple head revisions are present for given argument 'head'; please specify a specific target revision, '<branchname>@head' to narrow to a specific head, or 'heads' for all heads

conftest.py:374: Failed
---------------------------- Captured stdout setup -----------------------------
ALEMBIC ERROR: INFO  [alembic.runtime.migration] Context impl SQLiteImpl.
INFO  [alembic.runtime.migration] Will assume non-transactional DDL.
ERROR [alembic.util.messaging] Multiple head revisions are present for given argument 'head'; please specify a specific target revision, '<branchname>@head' to narrow to a specific head, or 'heads' for all heads

___ ERROR at setup of test_user_pool_refresh_persists_identity_records[trio] ___

request = <SubRequest 'seeded_admin_tenant' for <Coroutine test_user_pool_refresh_persists_identity_records[trio]>>
kwargs = {'client': <httpx.AsyncClient object at 0x152868fd0>, 'setup_db': (<sqlalchemy.ext.asyncio.engine.AsyncEngine object a...ers/nz/6q2p_ldx3txdbw_gttbpnwjr0000gn/T/pytest-of-haewonkim/pytest-364'), _retention_count=3, _retention_policy='all')}
event_loop_fixture_id = 'event_loop'
setup = <function _wrap_async_fixture.<locals>._async_fixture_wrapper.<locals>.setup at 0x152c47740>
context = <_contextvars.Context object at 0x152c9b040>
setup_task = <Task finished name='Task-615' coro=<_wrap_async_fixture.<locals>._async_fixture_wrapper.<locals>.setup() done, define...please specify a specific target revision, '<branchname>@head' to narrow to a specific head, or 'heads' for all heads
>

    @functools.wraps(fixture)
    def _async_fixture_wrapper(request: FixtureRequest, **kwargs: Any):
        func = _perhaps_rebind_fixture_func(fixture, request.instance)
        event_loop_fixture_id = _get_event_loop_fixture_id_for_async_fixture(
            request, func
        )
        event_loop = request.getfixturevalue(event_loop_fixture_id)
        kwargs.pop(event_loop_fixture_id, None)
    
        async def setup():
            res = await func(**_add_kwargs(func, kwargs, event_loop, request))
            return res
    
        context = contextvars.copy_context()
        setup_task = _create_task_in_context(event_loop, setup(), context)
>       result = event_loop.run_until_complete(setup_task)
                 ^^^^^^^^^^^^^^^^^^^^^^^^^^^^^^^^^^^^^^^^^

/opt/anaconda3/lib/python3.11/site-packages/pytest_asyncio/plugin.py:391: 
_ _ _ _ _ _ _ _ _ _ _ _ _ _ _ _ _ _ _ _ _ _ _ _ _ _ _ _ _ _ _ _ _ _ _ _ _ _ _ _ 
/opt/anaconda3/lib/python3.11/asyncio/base_events.py:653: in run_until_complete
    return future.result()
           ^^^^^^^^^^^^^^^
/opt/anaconda3/lib/python3.11/site-packages/pytest_asyncio/plugin.py:386: in setup
    res = await func(**_add_kwargs(func, kwargs, event_loop, request))
          ^^^^^^^^^^^^^^^^^^^^^^^^^^^^^^^^^^^^^^^^^^^^^^^^^^^^^^^^^^^^
_ _ _ _ _ _ _ _ _ _ _ _ _ _ _ _ _ _ _ _ _ _ _ _ _ _ _ _ _ _ _ _ _ _ _ _ _ _ _ _ 

client = <httpx.AsyncClient object at 0x152868fd0>
tmp_path = PosixPath('/private/var/folders/nz/6q2p_ldx3txdbw_gttbpnwjr0000gn/T/pytest-of-haewonkim/pytest-364/test_user_pool_refresh_persist1')
tmp_path_factory = TempPathFactory(_given_basetemp=None, _trace=<pluggy._tracing.TagTracerSub object at 0x14ec297d0>, _basetemp=PosixPath...ders/nz/6q2p_ldx3txdbw_gttbpnwjr0000gn/T/pytest-of-haewonkim/pytest-364'), _retention_count=3, _retention_policy='all')
setup_db = (<sqlalchemy.ext.asyncio.engine.AsyncEngine object at 0x152e1ac40>, async_sessionmaker(class_='AsyncSession', autocommit=False, bind=<sqlalchemy.ext.asyncio.engine.AsyncEngine object at 0x152e1ac40>, autoflush=False, expire_on_commit=True))

    @pytest_asyncio.fixture(scope="function")
    async def seeded_admin_tenant(client, tmp_path, tmp_path_factory, setup_db):
        _test_config_engine, ConfigSessionLocal = setup_db
        """
        Fixture to create and seed a unique tenant for the 'admin_root' user.
        Tests requiring a pre-existing tenant can depend on this fixture.
        """
        from app.models.config import Tenant, UserTenantAccess
        from app.database import Base # Keep Base for potential future use, though not used directly for schema creation here
        from app.api.tenants import run_alembic_upgrade # Import the migration function
    
        tenant_name = f"Admin Root Tenant {tmp_path.name}"
        tenant_db_path = tmp_path_factory.mktemp(f"seeded_tenant_db_{tmp_path.name}") / f"admin_root_tenant_{tmp_path.name}.db"
        tenant_db_url = f"sqlite+aiosqlite:///{tenant_db_path}"
    
        # Use the test-specific ConfigSessionLocal for seeding
        async with ConfigSessionLocal() as config_session:
            # Create a test tenant
            new_tenant = Tenant(name=tenant_name, db_url=tenant_db_url, is_active=True)
            config_session.add(new_tenant)
            await config_session.flush() # Flush to get tenant.id
    
            # IMPORTANT: Access attributes BEFORE committing the session,
            # otherwise the object will be detached.
            tenant_id = new_tenant.id
            tenant_name = new_tenant.name
    
            # Grant admin_root access to this tenant
            config_session.add(UserTenantAccess(user_id="admin_root", tenant_id=tenant_id, role="ADMIN", is_selected=True))
            await config_session.commit()
    
        # Now, run alembic migrations on this newly created tenant's database
        success, error_msg = run_alembic_upgrade(tenant_db_url)
        if not success:
>           pytest.fail(f"Alembic migration failed for seeded tenant {tenant_name}: {error_msg}")
E           Failed: Alembic migration failed for seeded tenant Admin Root Tenant test_user_pool_refresh_persist1: INFO  [alembic.runtime.migration] Context impl SQLiteImpl.
E           INFO  [alembic.runtime.migration] Will assume non-transactional DDL.
E           ERROR [alembic.util.messaging] Multiple head revisions are present for given argument 'head'; please specify a specific target revision, '<branchname>@head' to narrow to a specific head, or 'heads' for all heads

conftest.py:374: Failed
---------------------------- Captured stdout setup -----------------------------
ALEMBIC ERROR: INFO  [alembic.runtime.migration] Context impl SQLiteImpl.
INFO  [alembic.runtime.migration] Will assume non-transactional DDL.
ERROR [alembic.util.messaging] Multiple head revisions are present for given argument 'head'; please specify a specific target revision, '<branchname>@head' to narrow to a specific head, or 'heads' for all heads

_____ ERROR at setup of test_team_management_and_operator_assignment[trio] _____

request = <SubRequest 'seeded_admin_tenant' for <Coroutine test_team_management_and_operator_assignment[trio]>>
kwargs = {'client': <httpx.AsyncClient object at 0x152868fd0>, 'setup_db': (<sqlalchemy.ext.asyncio.engine.AsyncEngine object a...ers/nz/6q2p_ldx3txdbw_gttbpnwjr0000gn/T/pytest-of-haewonkim/pytest-364'), _retention_count=3, _retention_policy='all')}
event_loop_fixture_id = 'event_loop'
setup = <function _wrap_async_fixture.<locals>._async_fixture_wrapper.<locals>.setup at 0x152b885e0>
context = <_contextvars.Context object at 0x14ff01600>
setup_task = <Task finished name='Task-621' coro=<_wrap_async_fixture.<locals>._async_fixture_wrapper.<locals>.setup() done, define...please specify a specific target revision, '<branchname>@head' to narrow to a specific head, or 'heads' for all heads
>

    @functools.wraps(fixture)
    def _async_fixture_wrapper(request: FixtureRequest, **kwargs: Any):
        func = _perhaps_rebind_fixture_func(fixture, request.instance)
        event_loop_fixture_id = _get_event_loop_fixture_id_for_async_fixture(
            request, func
        )
        event_loop = request.getfixturevalue(event_loop_fixture_id)
        kwargs.pop(event_loop_fixture_id, None)
    
        async def setup():
            res = await func(**_add_kwargs(func, kwargs, event_loop, request))
            return res
    
        context = contextvars.copy_context()
        setup_task = _create_task_in_context(event_loop, setup(), context)
>       result = event_loop.run_until_complete(setup_task)
                 ^^^^^^^^^^^^^^^^^^^^^^^^^^^^^^^^^^^^^^^^^

/opt/anaconda3/lib/python3.11/site-packages/pytest_asyncio/plugin.py:391: 
_ _ _ _ _ _ _ _ _ _ _ _ _ _ _ _ _ _ _ _ _ _ _ _ _ _ _ _ _ _ _ _ _ _ _ _ _ _ _ _ 
/opt/anaconda3/lib/python3.11/asyncio/base_events.py:653: in run_until_complete
    return future.result()
           ^^^^^^^^^^^^^^^
/opt/anaconda3/lib/python3.11/site-packages/pytest_asyncio/plugin.py:386: in setup
    res = await func(**_add_kwargs(func, kwargs, event_loop, request))
          ^^^^^^^^^^^^^^^^^^^^^^^^^^^^^^^^^^^^^^^^^^^^^^^^^^^^^^^^^^^^
_ _ _ _ _ _ _ _ _ _ _ _ _ _ _ _ _ _ _ _ _ _ _ _ _ _ _ _ _ _ _ _ _ _ _ _ _ _ _ _ 

client = <httpx.AsyncClient object at 0x152868fd0>
tmp_path = PosixPath('/private/var/folders/nz/6q2p_ldx3txdbw_gttbpnwjr0000gn/T/pytest-of-haewonkim/pytest-364/test_team_management_and_opera1')
tmp_path_factory = TempPathFactory(_given_basetemp=None, _trace=<pluggy._tracing.TagTracerSub object at 0x14ec297d0>, _basetemp=PosixPath...ders/nz/6q2p_ldx3txdbw_gttbpnwjr0000gn/T/pytest-of-haewonkim/pytest-364'), _retention_count=3, _retention_policy='all')
setup_db = (<sqlalchemy.ext.asyncio.engine.AsyncEngine object at 0x152d81700>, async_sessionmaker(class_='AsyncSession', autocommit=False, bind=<sqlalchemy.ext.asyncio.engine.AsyncEngine object at 0x152d81700>, autoflush=False, expire_on_commit=True))

    @pytest_asyncio.fixture(scope="function")
    async def seeded_admin_tenant(client, tmp_path, tmp_path_factory, setup_db):
        _test_config_engine, ConfigSessionLocal = setup_db
        """
        Fixture to create and seed a unique tenant for the 'admin_root' user.
        Tests requiring a pre-existing tenant can depend on this fixture.
        """
        from app.models.config import Tenant, UserTenantAccess
        from app.database import Base # Keep Base for potential future use, though not used directly for schema creation here
        from app.api.tenants import run_alembic_upgrade # Import the migration function
    
        tenant_name = f"Admin Root Tenant {tmp_path.name}"
        tenant_db_path = tmp_path_factory.mktemp(f"seeded_tenant_db_{tmp_path.name}") / f"admin_root_tenant_{tmp_path.name}.db"
        tenant_db_url = f"sqlite+aiosqlite:///{tenant_db_path}"
    
        # Use the test-specific ConfigSessionLocal for seeding
        async with ConfigSessionLocal() as config_session:
            # Create a test tenant
            new_tenant = Tenant(name=tenant_name, db_url=tenant_db_url, is_active=True)
            config_session.add(new_tenant)
            await config_session.flush() # Flush to get tenant.id
    
            # IMPORTANT: Access attributes BEFORE committing the session,
            # otherwise the object will be detached.
            tenant_id = new_tenant.id
            tenant_name = new_tenant.name
    
            # Grant admin_root access to this tenant
            config_session.add(UserTenantAccess(user_id="admin_root", tenant_id=tenant_id, role="ADMIN", is_selected=True))
            await config_session.commit()
    
        # Now, run alembic migrations on this newly created tenant's database
        success, error_msg = run_alembic_upgrade(tenant_db_url)
        if not success:
>           pytest.fail(f"Alembic migration failed for seeded tenant {tenant_name}: {error_msg}")
E           Failed: Alembic migration failed for seeded tenant Admin Root Tenant test_team_management_and_opera1: INFO  [alembic.runtime.migration] Context impl SQLiteImpl.
E           INFO  [alembic.runtime.migration] Will assume non-transactional DDL.
E           ERROR [alembic.util.messaging] Multiple head revisions are present for given argument 'head'; please specify a specific target revision, '<branchname>@head' to narrow to a specific head, or 'heads' for all heads

conftest.py:374: Failed
---------------------------- Captured stdout setup -----------------------------
ALEMBIC ERROR: INFO  [alembic.runtime.migration] Context impl SQLiteImpl.
INFO  [alembic.runtime.migration] Will assume non-transactional DDL.
ERROR [alembic.util.messaging] Multiple head revisions are present for given argument 'head'; please specify a specific target revision, '<branchname>@head' to narrow to a specific head, or 'heads' for all heads

____ ERROR at setup of test_team_delete_is_blocked_when_members_exist[trio] ____

request = <SubRequest 'seeded_admin_tenant' for <Coroutine test_team_delete_is_blocked_when_members_exist[trio]>>
kwargs = {'client': <httpx.AsyncClient object at 0x152868fd0>, 'setup_db': (<sqlalchemy.ext.asyncio.engine.AsyncEngine object a...ers/nz/6q2p_ldx3txdbw_gttbpnwjr0000gn/T/pytest-of-haewonkim/pytest-364'), _retention_count=3, _retention_policy='all')}
event_loop_fixture_id = 'event_loop'
setup = <function _wrap_async_fixture.<locals>._async_fixture_wrapper.<locals>.setup at 0x152c0cf40>
context = <_contextvars.Context object at 0x152cabfc0>
setup_task = <Task finished name='Task-627' coro=<_wrap_async_fixture.<locals>._async_fixture_wrapper.<locals>.setup() done, define...please specify a specific target revision, '<branchname>@head' to narrow to a specific head, or 'heads' for all heads
>

    @functools.wraps(fixture)
    def _async_fixture_wrapper(request: FixtureRequest, **kwargs: Any):
        func = _perhaps_rebind_fixture_func(fixture, request.instance)
        event_loop_fixture_id = _get_event_loop_fixture_id_for_async_fixture(
            request, func
        )
        event_loop = request.getfixturevalue(event_loop_fixture_id)
        kwargs.pop(event_loop_fixture_id, None)
    
        async def setup():
            res = await func(**_add_kwargs(func, kwargs, event_loop, request))
            return res
    
        context = contextvars.copy_context()
        setup_task = _create_task_in_context(event_loop, setup(), context)
>       result = event_loop.run_until_complete(setup_task)
                 ^^^^^^^^^^^^^^^^^^^^^^^^^^^^^^^^^^^^^^^^^

/opt/anaconda3/lib/python3.11/site-packages/pytest_asyncio/plugin.py:391: 
_ _ _ _ _ _ _ _ _ _ _ _ _ _ _ _ _ _ _ _ _ _ _ _ _ _ _ _ _ _ _ _ _ _ _ _ _ _ _ _ 
/opt/anaconda3/lib/python3.11/asyncio/base_events.py:653: in run_until_complete
    return future.result()
           ^^^^^^^^^^^^^^^
/opt/anaconda3/lib/python3.11/site-packages/pytest_asyncio/plugin.py:386: in setup
    res = await func(**_add_kwargs(func, kwargs, event_loop, request))
          ^^^^^^^^^^^^^^^^^^^^^^^^^^^^^^^^^^^^^^^^^^^^^^^^^^^^^^^^^^^^
_ _ _ _ _ _ _ _ _ _ _ _ _ _ _ _ _ _ _ _ _ _ _ _ _ _ _ _ _ _ _ _ _ _ _ _ _ _ _ _ 

client = <httpx.AsyncClient object at 0x152868fd0>
tmp_path = PosixPath('/private/var/folders/nz/6q2p_ldx3txdbw_gttbpnwjr0000gn/T/pytest-of-haewonkim/pytest-364/test_team_delete_is_blocked_wh1')
tmp_path_factory = TempPathFactory(_given_basetemp=None, _trace=<pluggy._tracing.TagTracerSub object at 0x14ec297d0>, _basetemp=PosixPath...ders/nz/6q2p_ldx3txdbw_gttbpnwjr0000gn/T/pytest-of-haewonkim/pytest-364'), _retention_count=3, _retention_policy='all')
setup_db = (<sqlalchemy.ext.asyncio.engine.AsyncEngine object at 0x152996ac0>, async_sessionmaker(class_='AsyncSession', autocommit=False, bind=<sqlalchemy.ext.asyncio.engine.AsyncEngine object at 0x152996ac0>, autoflush=False, expire_on_commit=True))

    @pytest_asyncio.fixture(scope="function")
    async def seeded_admin_tenant(client, tmp_path, tmp_path_factory, setup_db):
        _test_config_engine, ConfigSessionLocal = setup_db
        """
        Fixture to create and seed a unique tenant for the 'admin_root' user.
        Tests requiring a pre-existing tenant can depend on this fixture.
        """
        from app.models.config import Tenant, UserTenantAccess
        from app.database import Base # Keep Base for potential future use, though not used directly for schema creation here
        from app.api.tenants import run_alembic_upgrade # Import the migration function
    
        tenant_name = f"Admin Root Tenant {tmp_path.name}"
        tenant_db_path = tmp_path_factory.mktemp(f"seeded_tenant_db_{tmp_path.name}") / f"admin_root_tenant_{tmp_path.name}.db"
        tenant_db_url = f"sqlite+aiosqlite:///{tenant_db_path}"
    
        # Use the test-specific ConfigSessionLocal for seeding
        async with ConfigSessionLocal() as config_session:
            # Create a test tenant
            new_tenant = Tenant(name=tenant_name, db_url=tenant_db_url, is_active=True)
            config_session.add(new_tenant)
            await config_session.flush() # Flush to get tenant.id
    
            # IMPORTANT: Access attributes BEFORE committing the session,
            # otherwise the object will be detached.
            tenant_id = new_tenant.id
            tenant_name = new_tenant.name
    
            # Grant admin_root access to this tenant
            config_session.add(UserTenantAccess(user_id="admin_root", tenant_id=tenant_id, role="ADMIN", is_selected=True))
            await config_session.commit()
    
        # Now, run alembic migrations on this newly created tenant's database
        success, error_msg = run_alembic_upgrade(tenant_db_url)
        if not success:
>           pytest.fail(f"Alembic migration failed for seeded tenant {tenant_name}: {error_msg}")
E           Failed: Alembic migration failed for seeded tenant Admin Root Tenant test_team_delete_is_blocked_wh1: INFO  [alembic.runtime.migration] Context impl SQLiteImpl.
E           INFO  [alembic.runtime.migration] Will assume non-transactional DDL.
E           ERROR [alembic.util.messaging] Multiple head revisions are present for given argument 'head'; please specify a specific target revision, '<branchname>@head' to narrow to a specific head, or 'heads' for all heads

conftest.py:374: Failed
---------------------------- Captured stdout setup -----------------------------
ALEMBIC ERROR: INFO  [alembic.runtime.migration] Context impl SQLiteImpl.
INFO  [alembic.runtime.migration] Will assume non-transactional DDL.
ERROR [alembic.util.messaging] Multiple head revisions are present for given argument 'head'; please specify a specific target revision, '<branchname>@head' to narrow to a specific head, or 'heads' for all heads

_ ERROR at setup of test_tenant_storage_explorer_lists_accessible_locations[trio] _

request = <SubRequest 'seeded_admin_tenant' for <Coroutine test_tenant_storage_explorer_lists_accessible_locations[trio]>>
kwargs = {'client': <httpx.AsyncClient object at 0x152868fd0>, 'setup_db': (<sqlalchemy.ext.asyncio.engine.AsyncEngine object a...ers/nz/6q2p_ldx3txdbw_gttbpnwjr0000gn/T/pytest-of-haewonkim/pytest-364'), _retention_count=3, _retention_policy='all')}
event_loop_fixture_id = 'event_loop'
setup = <function _wrap_async_fixture.<locals>._async_fixture_wrapper.<locals>.setup at 0x152e600e0>
context = <_contextvars.Context object at 0x152c9a040>
setup_task = <Task finished name='Task-633' coro=<_wrap_async_fixture.<locals>._async_fixture_wrapper.<locals>.setup() done, define...please specify a specific target revision, '<branchname>@head' to narrow to a specific head, or 'heads' for all heads
>

    @functools.wraps(fixture)
    def _async_fixture_wrapper(request: FixtureRequest, **kwargs: Any):
        func = _perhaps_rebind_fixture_func(fixture, request.instance)
        event_loop_fixture_id = _get_event_loop_fixture_id_for_async_fixture(
            request, func
        )
        event_loop = request.getfixturevalue(event_loop_fixture_id)
        kwargs.pop(event_loop_fixture_id, None)
    
        async def setup():
            res = await func(**_add_kwargs(func, kwargs, event_loop, request))
            return res
    
        context = contextvars.copy_context()
        setup_task = _create_task_in_context(event_loop, setup(), context)
>       result = event_loop.run_until_complete(setup_task)
                 ^^^^^^^^^^^^^^^^^^^^^^^^^^^^^^^^^^^^^^^^^

/opt/anaconda3/lib/python3.11/site-packages/pytest_asyncio/plugin.py:391: 
_ _ _ _ _ _ _ _ _ _ _ _ _ _ _ _ _ _ _ _ _ _ _ _ _ _ _ _ _ _ _ _ _ _ _ _ _ _ _ _ 
/opt/anaconda3/lib/python3.11/asyncio/base_events.py:653: in run_until_complete
    return future.result()
           ^^^^^^^^^^^^^^^
/opt/anaconda3/lib/python3.11/site-packages/pytest_asyncio/plugin.py:386: in setup
    res = await func(**_add_kwargs(func, kwargs, event_loop, request))
          ^^^^^^^^^^^^^^^^^^^^^^^^^^^^^^^^^^^^^^^^^^^^^^^^^^^^^^^^^^^^
_ _ _ _ _ _ _ _ _ _ _ _ _ _ _ _ _ _ _ _ _ _ _ _ _ _ _ _ _ _ _ _ _ _ _ _ _ _ _ _ 

client = <httpx.AsyncClient object at 0x152868fd0>
tmp_path = PosixPath('/private/var/folders/nz/6q2p_ldx3txdbw_gttbpnwjr0000gn/T/pytest-of-haewonkim/pytest-364/test_tenant_storage_explorer_l1')
tmp_path_factory = TempPathFactory(_given_basetemp=None, _trace=<pluggy._tracing.TagTracerSub object at 0x14ec297d0>, _basetemp=PosixPath...ders/nz/6q2p_ldx3txdbw_gttbpnwjr0000gn/T/pytest-of-haewonkim/pytest-364'), _retention_count=3, _retention_policy='all')
setup_db = (<sqlalchemy.ext.asyncio.engine.AsyncEngine object at 0x1529295c0>, async_sessionmaker(class_='AsyncSession', autocommit=False, bind=<sqlalchemy.ext.asyncio.engine.AsyncEngine object at 0x1529295c0>, autoflush=False, expire_on_commit=True))

    @pytest_asyncio.fixture(scope="function")
    async def seeded_admin_tenant(client, tmp_path, tmp_path_factory, setup_db):
        _test_config_engine, ConfigSessionLocal = setup_db
        """
        Fixture to create and seed a unique tenant for the 'admin_root' user.
        Tests requiring a pre-existing tenant can depend on this fixture.
        """
        from app.models.config import Tenant, UserTenantAccess
        from app.database import Base # Keep Base for potential future use, though not used directly for schema creation here
        from app.api.tenants import run_alembic_upgrade # Import the migration function
    
        tenant_name = f"Admin Root Tenant {tmp_path.name}"
        tenant_db_path = tmp_path_factory.mktemp(f"seeded_tenant_db_{tmp_path.name}") / f"admin_root_tenant_{tmp_path.name}.db"
        tenant_db_url = f"sqlite+aiosqlite:///{tenant_db_path}"
    
        # Use the test-specific ConfigSessionLocal for seeding
        async with ConfigSessionLocal() as config_session:
            # Create a test tenant
            new_tenant = Tenant(name=tenant_name, db_url=tenant_db_url, is_active=True)
            config_session.add(new_tenant)
            await config_session.flush() # Flush to get tenant.id
    
            # IMPORTANT: Access attributes BEFORE committing the session,
            # otherwise the object will be detached.
            tenant_id = new_tenant.id
            tenant_name = new_tenant.name
    
            # Grant admin_root access to this tenant
            config_session.add(UserTenantAccess(user_id="admin_root", tenant_id=tenant_id, role="ADMIN", is_selected=True))
            await config_session.commit()
    
        # Now, run alembic migrations on this newly created tenant's database
        success, error_msg = run_alembic_upgrade(tenant_db_url)
        if not success:
>           pytest.fail(f"Alembic migration failed for seeded tenant {tenant_name}: {error_msg}")
E           Failed: Alembic migration failed for seeded tenant Admin Root Tenant test_tenant_storage_explorer_l1: INFO  [alembic.runtime.migration] Context impl SQLiteImpl.
E           INFO  [alembic.runtime.migration] Will assume non-transactional DDL.
E           ERROR [alembic.util.messaging] Multiple head revisions are present for given argument 'head'; please specify a specific target revision, '<branchname>@head' to narrow to a specific head, or 'heads' for all heads

conftest.py:374: Failed
---------------------------- Captured stdout setup -----------------------------
ALEMBIC ERROR: INFO  [alembic.runtime.migration] Context impl SQLiteImpl.
INFO  [alembic.runtime.migration] Will assume non-transactional DDL.
ERROR [alembic.util.messaging] Multiple head revisions are present for given argument 'head'; please specify a specific target revision, '<branchname>@head' to narrow to a specific head, or 'heads' for all heads

_ ERROR at setup of test_knowledge_search_expands_to_linked_entities_and_version_history[asyncio] _

request = <SubRequest 'seeded_admin_tenant' for <Coroutine test_knowledge_search_expands_to_linked_entities_and_version_history[asyncio]>>
kwargs = {'client': <httpx.AsyncClient object at 0x154219210>, 'setup_db': (<sqlalchemy.ext.asyncio.engine.AsyncEngine object a...ers/nz/6q2p_ldx3txdbw_gttbpnwjr0000gn/T/pytest-of-haewonkim/pytest-364'), _retention_count=3, _retention_policy='all')}
event_loop_fixture_id = 'event_loop'
setup = <function _wrap_async_fixture.<locals>._async_fixture_wrapper.<locals>.setup at 0x152b89760>
context = <_contextvars.Context object at 0x154218440>
setup_task = <Task finished name='Task-642' coro=<_wrap_async_fixture.<locals>._async_fixture_wrapper.<locals>.setup() done, define...please specify a specific target revision, '<branchname>@head' to narrow to a specific head, or 'heads' for all heads
>

    @functools.wraps(fixture)
    def _async_fixture_wrapper(request: FixtureRequest, **kwargs: Any):
        func = _perhaps_rebind_fixture_func(fixture, request.instance)
        event_loop_fixture_id = _get_event_loop_fixture_id_for_async_fixture(
            request, func
        )
        event_loop = request.getfixturevalue(event_loop_fixture_id)
        kwargs.pop(event_loop_fixture_id, None)
    
        async def setup():
            res = await func(**_add_kwargs(func, kwargs, event_loop, request))
            return res
    
        context = contextvars.copy_context()
        setup_task = _create_task_in_context(event_loop, setup(), context)
>       result = event_loop.run_until_complete(setup_task)
                 ^^^^^^^^^^^^^^^^^^^^^^^^^^^^^^^^^^^^^^^^^

/opt/anaconda3/lib/python3.11/site-packages/pytest_asyncio/plugin.py:391: 
_ _ _ _ _ _ _ _ _ _ _ _ _ _ _ _ _ _ _ _ _ _ _ _ _ _ _ _ _ _ _ _ _ _ _ _ _ _ _ _ 
/opt/anaconda3/lib/python3.11/asyncio/base_events.py:653: in run_until_complete
    return future.result()
           ^^^^^^^^^^^^^^^
/opt/anaconda3/lib/python3.11/site-packages/pytest_asyncio/plugin.py:386: in setup
    res = await func(**_add_kwargs(func, kwargs, event_loop, request))
          ^^^^^^^^^^^^^^^^^^^^^^^^^^^^^^^^^^^^^^^^^^^^^^^^^^^^^^^^^^^^
_ _ _ _ _ _ _ _ _ _ _ _ _ _ _ _ _ _ _ _ _ _ _ _ _ _ _ _ _ _ _ _ _ _ _ _ _ _ _ _ 

client = <httpx.AsyncClient object at 0x154219210>
tmp_path = PosixPath('/private/var/folders/nz/6q2p_ldx3txdbw_gttbpnwjr0000gn/T/pytest-of-haewonkim/pytest-364/test_knowledge_search_expands_0')
tmp_path_factory = TempPathFactory(_given_basetemp=None, _trace=<pluggy._tracing.TagTracerSub object at 0x14ec297d0>, _basetemp=PosixPath...ders/nz/6q2p_ldx3txdbw_gttbpnwjr0000gn/T/pytest-of-haewonkim/pytest-364'), _retention_count=3, _retention_policy='all')
setup_db = (<sqlalchemy.ext.asyncio.engine.AsyncEngine object at 0x154219780>, async_sessionmaker(class_='AsyncSession', autocommit=False, bind=<sqlalchemy.ext.asyncio.engine.AsyncEngine object at 0x154219780>, autoflush=False, expire_on_commit=True))

    @pytest_asyncio.fixture(scope="function")
    async def seeded_admin_tenant(client, tmp_path, tmp_path_factory, setup_db):
        _test_config_engine, ConfigSessionLocal = setup_db
        """
        Fixture to create and seed a unique tenant for the 'admin_root' user.
        Tests requiring a pre-existing tenant can depend on this fixture.
        """
        from app.models.config import Tenant, UserTenantAccess
        from app.database import Base # Keep Base for potential future use, though not used directly for schema creation here
        from app.api.tenants import run_alembic_upgrade # Import the migration function
    
        tenant_name = f"Admin Root Tenant {tmp_path.name}"
        tenant_db_path = tmp_path_factory.mktemp(f"seeded_tenant_db_{tmp_path.name}") / f"admin_root_tenant_{tmp_path.name}.db"
        tenant_db_url = f"sqlite+aiosqlite:///{tenant_db_path}"
    
        # Use the test-specific ConfigSessionLocal for seeding
        async with ConfigSessionLocal() as config_session:
            # Create a test tenant
            new_tenant = Tenant(name=tenant_name, db_url=tenant_db_url, is_active=True)
            config_session.add(new_tenant)
            await config_session.flush() # Flush to get tenant.id
    
            # IMPORTANT: Access attributes BEFORE committing the session,
            # otherwise the object will be detached.
            tenant_id = new_tenant.id
            tenant_name = new_tenant.name
    
            # Grant admin_root access to this tenant
            config_session.add(UserTenantAccess(user_id="admin_root", tenant_id=tenant_id, role="ADMIN", is_selected=True))
            await config_session.commit()
    
        # Now, run alembic migrations on this newly created tenant's database
        success, error_msg = run_alembic_upgrade(tenant_db_url)
        if not success:
>           pytest.fail(f"Alembic migration failed for seeded tenant {tenant_name}: {error_msg}")
E           Failed: Alembic migration failed for seeded tenant Admin Root Tenant test_knowledge_search_expands_0: INFO  [alembic.runtime.migration] Context impl SQLiteImpl.
E           INFO  [alembic.runtime.migration] Will assume non-transactional DDL.
E           ERROR [alembic.util.messaging] Multiple head revisions are present for given argument 'head'; please specify a specific target revision, '<branchname>@head' to narrow to a specific head, or 'heads' for all heads

conftest.py:374: Failed
---------------------------- Captured stdout setup -----------------------------
ALEMBIC ERROR: INFO  [alembic.runtime.migration] Context impl SQLiteImpl.
INFO  [alembic.runtime.migration] Will assume non-transactional DDL.
ERROR [alembic.util.messaging] Multiple head revisions are present for given argument 'head'; please specify a specific target revision, '<branchname>@head' to narrow to a specific head, or 'heads' for all heads

_ ERROR at setup of test_knowledge_search_expands_to_linked_entities_and_version_history[trio] _

request = <SubRequest 'seeded_admin_tenant' for <Coroutine test_knowledge_search_expands_to_linked_entities_and_version_history[trio]>>
kwargs = {'client': <httpx.AsyncClient object at 0x154219210>, 'setup_db': (<sqlalchemy.ext.asyncio.engine.AsyncEngine object a...ers/nz/6q2p_ldx3txdbw_gttbpnwjr0000gn/T/pytest-of-haewonkim/pytest-364'), _retention_count=3, _retention_policy='all')}
event_loop_fixture_id = 'event_loop'
setup = <function _wrap_async_fixture.<locals>._async_fixture_wrapper.<locals>.setup at 0x152c0fe20>
context = <_contextvars.Context object at 0x15421b040>
setup_task = <Task finished name='Task-648' coro=<_wrap_async_fixture.<locals>._async_fixture_wrapper.<locals>.setup() done, define...please specify a specific target revision, '<branchname>@head' to narrow to a specific head, or 'heads' for all heads
>

    @functools.wraps(fixture)
    def _async_fixture_wrapper(request: FixtureRequest, **kwargs: Any):
        func = _perhaps_rebind_fixture_func(fixture, request.instance)
        event_loop_fixture_id = _get_event_loop_fixture_id_for_async_fixture(
            request, func
        )
        event_loop = request.getfixturevalue(event_loop_fixture_id)
        kwargs.pop(event_loop_fixture_id, None)
    
        async def setup():
            res = await func(**_add_kwargs(func, kwargs, event_loop, request))
            return res
    
        context = contextvars.copy_context()
        setup_task = _create_task_in_context(event_loop, setup(), context)
>       result = event_loop.run_until_complete(setup_task)
                 ^^^^^^^^^^^^^^^^^^^^^^^^^^^^^^^^^^^^^^^^^

/opt/anaconda3/lib/python3.11/site-packages/pytest_asyncio/plugin.py:391: 
_ _ _ _ _ _ _ _ _ _ _ _ _ _ _ _ _ _ _ _ _ _ _ _ _ _ _ _ _ _ _ _ _ _ _ _ _ _ _ _ 
/opt/anaconda3/lib/python3.11/asyncio/base_events.py:653: in run_until_complete
    return future.result()
           ^^^^^^^^^^^^^^^
/opt/anaconda3/lib/python3.11/site-packages/pytest_asyncio/plugin.py:386: in setup
    res = await func(**_add_kwargs(func, kwargs, event_loop, request))
          ^^^^^^^^^^^^^^^^^^^^^^^^^^^^^^^^^^^^^^^^^^^^^^^^^^^^^^^^^^^^
_ _ _ _ _ _ _ _ _ _ _ _ _ _ _ _ _ _ _ _ _ _ _ _ _ _ _ _ _ _ _ _ _ _ _ _ _ _ _ _ 

client = <httpx.AsyncClient object at 0x154219210>
tmp_path = PosixPath('/private/var/folders/nz/6q2p_ldx3txdbw_gttbpnwjr0000gn/T/pytest-of-haewonkim/pytest-364/test_knowledge_search_expands_1')
tmp_path_factory = TempPathFactory(_given_basetemp=None, _trace=<pluggy._tracing.TagTracerSub object at 0x14ec297d0>, _basetemp=PosixPath...ders/nz/6q2p_ldx3txdbw_gttbpnwjr0000gn/T/pytest-of-haewonkim/pytest-364'), _retention_count=3, _retention_policy='all')
setup_db = (<sqlalchemy.ext.asyncio.engine.AsyncEngine object at 0x15416e480>, async_sessionmaker(class_='AsyncSession', autocommit=False, bind=<sqlalchemy.ext.asyncio.engine.AsyncEngine object at 0x15416e480>, autoflush=False, expire_on_commit=True))

    @pytest_asyncio.fixture(scope="function")
    async def seeded_admin_tenant(client, tmp_path, tmp_path_factory, setup_db):
        _test_config_engine, ConfigSessionLocal = setup_db
        """
        Fixture to create and seed a unique tenant for the 'admin_root' user.
        Tests requiring a pre-existing tenant can depend on this fixture.
        """
        from app.models.config import Tenant, UserTenantAccess
        from app.database import Base # Keep Base for potential future use, though not used directly for schema creation here
        from app.api.tenants import run_alembic_upgrade # Import the migration function
    
        tenant_name = f"Admin Root Tenant {tmp_path.name}"
        tenant_db_path = tmp_path_factory.mktemp(f"seeded_tenant_db_{tmp_path.name}") / f"admin_root_tenant_{tmp_path.name}.db"
        tenant_db_url = f"sqlite+aiosqlite:///{tenant_db_path}"
    
        # Use the test-specific ConfigSessionLocal for seeding
        async with ConfigSessionLocal() as config_session:
            # Create a test tenant
            new_tenant = Tenant(name=tenant_name, db_url=tenant_db_url, is_active=True)
            config_session.add(new_tenant)
            await config_session.flush() # Flush to get tenant.id
    
            # IMPORTANT: Access attributes BEFORE committing the session,
            # otherwise the object will be detached.
            tenant_id = new_tenant.id
            tenant_name = new_tenant.name
    
            # Grant admin_root access to this tenant
            config_session.add(UserTenantAccess(user_id="admin_root", tenant_id=tenant_id, role="ADMIN", is_selected=True))
            await config_session.commit()
    
        # Now, run alembic migrations on this newly created tenant's database
        success, error_msg = run_alembic_upgrade(tenant_db_url)
        if not success:
>           pytest.fail(f"Alembic migration failed for seeded tenant {tenant_name}: {error_msg}")
E           Failed: Alembic migration failed for seeded tenant Admin Root Tenant test_knowledge_search_expands_1: INFO  [alembic.runtime.migration] Context impl SQLiteImpl.
E           INFO  [alembic.runtime.migration] Will assume non-transactional DDL.
E           ERROR [alembic.util.messaging] Multiple head revisions are present for given argument 'head'; please specify a specific target revision, '<branchname>@head' to narrow to a specific head, or 'heads' for all heads

conftest.py:374: Failed
---------------------------- Captured stdout setup -----------------------------
ALEMBIC ERROR: INFO  [alembic.runtime.migration] Context impl SQLiteImpl.
INFO  [alembic.runtime.migration] Will assume non-transactional DDL.
ERROR [alembic.util.messaging] Multiple head revisions are present for given argument 'head'; please specify a specific target revision, '<branchname>@head' to narrow to a specific head, or 'heads' for all heads

____ ERROR at setup of test_monitoring_import_schema_and_template[asyncio] _____

request = <SubRequest 'seeded_admin_tenant' for <Coroutine test_monitoring_import_schema_and_template[asyncio]>>
kwargs = {'client': <httpx.AsyncClient object at 0x154188610>, 'setup_db': (<sqlalchemy.ext.asyncio.engine.AsyncEngine object a...ers/nz/6q2p_ldx3txdbw_gttbpnwjr0000gn/T/pytest-of-haewonkim/pytest-364'), _retention_count=3, _retention_policy='all')}
event_loop_fixture_id = 'event_loop'
setup = <function _wrap_async_fixture.<locals>._async_fixture_wrapper.<locals>.setup at 0x152c0d4e0>
context = <_contextvars.Context object at 0x15421afc0>
setup_task = <Task finished name='Task-657' coro=<_wrap_async_fixture.<locals>._async_fixture_wrapper.<locals>.setup() done, define...please specify a specific target revision, '<branchname>@head' to narrow to a specific head, or 'heads' for all heads
>

    @functools.wraps(fixture)
    def _async_fixture_wrapper(request: FixtureRequest, **kwargs: Any):
        func = _perhaps_rebind_fixture_func(fixture, request.instance)
        event_loop_fixture_id = _get_event_loop_fixture_id_for_async_fixture(
            request, func
        )
        event_loop = request.getfixturevalue(event_loop_fixture_id)
        kwargs.pop(event_loop_fixture_id, None)
    
        async def setup():
            res = await func(**_add_kwargs(func, kwargs, event_loop, request))
            return res
    
        context = contextvars.copy_context()
        setup_task = _create_task_in_context(event_loop, setup(), context)
>       result = event_loop.run_until_complete(setup_task)
                 ^^^^^^^^^^^^^^^^^^^^^^^^^^^^^^^^^^^^^^^^^

/opt/anaconda3/lib/python3.11/site-packages/pytest_asyncio/plugin.py:391: 
_ _ _ _ _ _ _ _ _ _ _ _ _ _ _ _ _ _ _ _ _ _ _ _ _ _ _ _ _ _ _ _ _ _ _ _ _ _ _ _ 
/opt/anaconda3/lib/python3.11/asyncio/base_events.py:653: in run_until_complete
    return future.result()
           ^^^^^^^^^^^^^^^
/opt/anaconda3/lib/python3.11/site-packages/pytest_asyncio/plugin.py:386: in setup
    res = await func(**_add_kwargs(func, kwargs, event_loop, request))
          ^^^^^^^^^^^^^^^^^^^^^^^^^^^^^^^^^^^^^^^^^^^^^^^^^^^^^^^^^^^^
_ _ _ _ _ _ _ _ _ _ _ _ _ _ _ _ _ _ _ _ _ _ _ _ _ _ _ _ _ _ _ _ _ _ _ _ _ _ _ _ 

client = <httpx.AsyncClient object at 0x154188610>
tmp_path = PosixPath('/private/var/folders/nz/6q2p_ldx3txdbw_gttbpnwjr0000gn/T/pytest-of-haewonkim/pytest-364/test_monitoring_import_schema_0')
tmp_path_factory = TempPathFactory(_given_basetemp=None, _trace=<pluggy._tracing.TagTracerSub object at 0x14ec297d0>, _basetemp=PosixPath...ders/nz/6q2p_ldx3txdbw_gttbpnwjr0000gn/T/pytest-of-haewonkim/pytest-364'), _retention_count=3, _retention_policy='all')
setup_db = (<sqlalchemy.ext.asyncio.engine.AsyncEngine object at 0x15418a240>, async_sessionmaker(class_='AsyncSession', autocommit=False, bind=<sqlalchemy.ext.asyncio.engine.AsyncEngine object at 0x15418a240>, autoflush=False, expire_on_commit=True))

    @pytest_asyncio.fixture(scope="function")
    async def seeded_admin_tenant(client, tmp_path, tmp_path_factory, setup_db):
        _test_config_engine, ConfigSessionLocal = setup_db
        """
        Fixture to create and seed a unique tenant for the 'admin_root' user.
        Tests requiring a pre-existing tenant can depend on this fixture.
        """
        from app.models.config import Tenant, UserTenantAccess
        from app.database import Base # Keep Base for potential future use, though not used directly for schema creation here
        from app.api.tenants import run_alembic_upgrade # Import the migration function
    
        tenant_name = f"Admin Root Tenant {tmp_path.name}"
        tenant_db_path = tmp_path_factory.mktemp(f"seeded_tenant_db_{tmp_path.name}") / f"admin_root_tenant_{tmp_path.name}.db"
        tenant_db_url = f"sqlite+aiosqlite:///{tenant_db_path}"
    
        # Use the test-specific ConfigSessionLocal for seeding
        async with ConfigSessionLocal() as config_session:
            # Create a test tenant
            new_tenant = Tenant(name=tenant_name, db_url=tenant_db_url, is_active=True)
            config_session.add(new_tenant)
            await config_session.flush() # Flush to get tenant.id
    
            # IMPORTANT: Access attributes BEFORE committing the session,
            # otherwise the object will be detached.
            tenant_id = new_tenant.id
            tenant_name = new_tenant.name
    
            # Grant admin_root access to this tenant
            config_session.add(UserTenantAccess(user_id="admin_root", tenant_id=tenant_id, role="ADMIN", is_selected=True))
            await config_session.commit()
    
        # Now, run alembic migrations on this newly created tenant's database
        success, error_msg = run_alembic_upgrade(tenant_db_url)
        if not success:
>           pytest.fail(f"Alembic migration failed for seeded tenant {tenant_name}: {error_msg}")
E           Failed: Alembic migration failed for seeded tenant Admin Root Tenant test_monitoring_import_schema_0: INFO  [alembic.runtime.migration] Context impl SQLiteImpl.
E           INFO  [alembic.runtime.migration] Will assume non-transactional DDL.
E           ERROR [alembic.util.messaging] Multiple head revisions are present for given argument 'head'; please specify a specific target revision, '<branchname>@head' to narrow to a specific head, or 'heads' for all heads

conftest.py:374: Failed
---------------------------- Captured stdout setup -----------------------------
ALEMBIC ERROR: INFO  [alembic.runtime.migration] Context impl SQLiteImpl.
INFO  [alembic.runtime.migration] Will assume non-transactional DDL.
ERROR [alembic.util.messaging] Multiple head revisions are present for given argument 'head'; please specify a specific target revision, '<branchname>@head' to narrow to a specific head, or 'heads' for all heads

__ ERROR at setup of test_monitoring_import_preview_rows_and_execute[asyncio] __

request = <SubRequest 'seeded_admin_tenant' for <Coroutine test_monitoring_import_preview_rows_and_execute[asyncio]>>
kwargs = {'client': <httpx.AsyncClient object at 0x154188610>, 'setup_db': (<sqlalchemy.ext.asyncio.engine.AsyncEngine object a...ers/nz/6q2p_ldx3txdbw_gttbpnwjr0000gn/T/pytest-of-haewonkim/pytest-364'), _retention_count=3, _retention_policy='all')}
event_loop_fixture_id = 'event_loop'
setup = <function _wrap_async_fixture.<locals>._async_fixture_wrapper.<locals>.setup at 0x152e63560>
context = <_contextvars.Context object at 0x15421b2c0>
setup_task = <Task finished name='Task-663' coro=<_wrap_async_fixture.<locals>._async_fixture_wrapper.<locals>.setup() done, define...please specify a specific target revision, '<branchname>@head' to narrow to a specific head, or 'heads' for all heads
>

    @functools.wraps(fixture)
    def _async_fixture_wrapper(request: FixtureRequest, **kwargs: Any):
        func = _perhaps_rebind_fixture_func(fixture, request.instance)
        event_loop_fixture_id = _get_event_loop_fixture_id_for_async_fixture(
            request, func
        )
        event_loop = request.getfixturevalue(event_loop_fixture_id)
        kwargs.pop(event_loop_fixture_id, None)
    
        async def setup():
            res = await func(**_add_kwargs(func, kwargs, event_loop, request))
            return res
    
        context = contextvars.copy_context()
        setup_task = _create_task_in_context(event_loop, setup(), context)
>       result = event_loop.run_until_complete(setup_task)
                 ^^^^^^^^^^^^^^^^^^^^^^^^^^^^^^^^^^^^^^^^^

/opt/anaconda3/lib/python3.11/site-packages/pytest_asyncio/plugin.py:391: 
_ _ _ _ _ _ _ _ _ _ _ _ _ _ _ _ _ _ _ _ _ _ _ _ _ _ _ _ _ _ _ _ _ _ _ _ _ _ _ _ 
/opt/anaconda3/lib/python3.11/asyncio/base_events.py:653: in run_until_complete
    return future.result()
           ^^^^^^^^^^^^^^^
/opt/anaconda3/lib/python3.11/site-packages/pytest_asyncio/plugin.py:386: in setup
    res = await func(**_add_kwargs(func, kwargs, event_loop, request))
          ^^^^^^^^^^^^^^^^^^^^^^^^^^^^^^^^^^^^^^^^^^^^^^^^^^^^^^^^^^^^
_ _ _ _ _ _ _ _ _ _ _ _ _ _ _ _ _ _ _ _ _ _ _ _ _ _ _ _ _ _ _ _ _ _ _ _ _ _ _ _ 

client = <httpx.AsyncClient object at 0x154188610>
tmp_path = PosixPath('/private/var/folders/nz/6q2p_ldx3txdbw_gttbpnwjr0000gn/T/pytest-of-haewonkim/pytest-364/test_monitoring_import_preview0')
tmp_path_factory = TempPathFactory(_given_basetemp=None, _trace=<pluggy._tracing.TagTracerSub object at 0x14ec297d0>, _basetemp=PosixPath...ders/nz/6q2p_ldx3txdbw_gttbpnwjr0000gn/T/pytest-of-haewonkim/pytest-364'), _retention_count=3, _retention_policy='all')
setup_db = (<sqlalchemy.ext.asyncio.engine.AsyncEngine object at 0x154230b40>, async_sessionmaker(class_='AsyncSession', autocommit=False, bind=<sqlalchemy.ext.asyncio.engine.AsyncEngine object at 0x154230b40>, autoflush=False, expire_on_commit=True))

    @pytest_asyncio.fixture(scope="function")
    async def seeded_admin_tenant(client, tmp_path, tmp_path_factory, setup_db):
        _test_config_engine, ConfigSessionLocal = setup_db
        """
        Fixture to create and seed a unique tenant for the 'admin_root' user.
        Tests requiring a pre-existing tenant can depend on this fixture.
        """
        from app.models.config import Tenant, UserTenantAccess
        from app.database import Base # Keep Base for potential future use, though not used directly for schema creation here
        from app.api.tenants import run_alembic_upgrade # Import the migration function
    
        tenant_name = f"Admin Root Tenant {tmp_path.name}"
        tenant_db_path = tmp_path_factory.mktemp(f"seeded_tenant_db_{tmp_path.name}") / f"admin_root_tenant_{tmp_path.name}.db"
        tenant_db_url = f"sqlite+aiosqlite:///{tenant_db_path}"
    
        # Use the test-specific ConfigSessionLocal for seeding
        async with ConfigSessionLocal() as config_session:
            # Create a test tenant
            new_tenant = Tenant(name=tenant_name, db_url=tenant_db_url, is_active=True)
            config_session.add(new_tenant)
            await config_session.flush() # Flush to get tenant.id
    
            # IMPORTANT: Access attributes BEFORE committing the session,
            # otherwise the object will be detached.
            tenant_id = new_tenant.id
            tenant_name = new_tenant.name
    
            # Grant admin_root access to this tenant
            config_session.add(UserTenantAccess(user_id="admin_root", tenant_id=tenant_id, role="ADMIN", is_selected=True))
            await config_session.commit()
    
        # Now, run alembic migrations on this newly created tenant's database
        success, error_msg = run_alembic_upgrade(tenant_db_url)
        if not success:
>           pytest.fail(f"Alembic migration failed for seeded tenant {tenant_name}: {error_msg}")
E           Failed: Alembic migration failed for seeded tenant Admin Root Tenant test_monitoring_import_preview0: INFO  [alembic.runtime.migration] Context impl SQLiteImpl.
E           INFO  [alembic.runtime.migration] Will assume non-transactional DDL.
E           ERROR [alembic.util.messaging] Multiple head revisions are present for given argument 'head'; please specify a specific target revision, '<branchname>@head' to narrow to a specific head, or 'heads' for all heads

conftest.py:374: Failed
---------------------------- Captured stdout setup -----------------------------
ALEMBIC ERROR: INFO  [alembic.runtime.migration] Context impl SQLiteImpl.
INFO  [alembic.runtime.migration] Will assume non-transactional DDL.
ERROR [alembic.util.messaging] Multiple head revisions are present for given argument 'head'; please specify a specific target revision, '<branchname>@head' to narrow to a specific head, or 'heads' for all heads

_ ERROR at setup of test_monitoring_snapshot_export_uses_round_trip_import_contract[asyncio] _

request = <SubRequest 'seeded_admin_tenant' for <Coroutine test_monitoring_snapshot_export_uses_round_trip_import_contract[asyncio]>>
kwargs = {'client': <httpx.AsyncClient object at 0x154188610>, 'setup_db': (<sqlalchemy.ext.asyncio.engine.AsyncEngine object a...ers/nz/6q2p_ldx3txdbw_gttbpnwjr0000gn/T/pytest-of-haewonkim/pytest-364'), _retention_count=3, _retention_policy='all')}
event_loop_fixture_id = 'event_loop'
setup = <function _wrap_async_fixture.<locals>._async_fixture_wrapper.<locals>.setup at 0x152b88040>
context = <_contextvars.Context object at 0x152e9ae80>
setup_task = <Task finished name='Task-669' coro=<_wrap_async_fixture.<locals>._async_fixture_wrapper.<locals>.setup() done, define...please specify a specific target revision, '<branchname>@head' to narrow to a specific head, or 'heads' for all heads
>

    @functools.wraps(fixture)
    def _async_fixture_wrapper(request: FixtureRequest, **kwargs: Any):
        func = _perhaps_rebind_fixture_func(fixture, request.instance)
        event_loop_fixture_id = _get_event_loop_fixture_id_for_async_fixture(
            request, func
        )
        event_loop = request.getfixturevalue(event_loop_fixture_id)
        kwargs.pop(event_loop_fixture_id, None)
    
        async def setup():
            res = await func(**_add_kwargs(func, kwargs, event_loop, request))
            return res
    
        context = contextvars.copy_context()
        setup_task = _create_task_in_context(event_loop, setup(), context)
>       result = event_loop.run_until_complete(setup_task)
                 ^^^^^^^^^^^^^^^^^^^^^^^^^^^^^^^^^^^^^^^^^

/opt/anaconda3/lib/python3.11/site-packages/pytest_asyncio/plugin.py:391: 
_ _ _ _ _ _ _ _ _ _ _ _ _ _ _ _ _ _ _ _ _ _ _ _ _ _ _ _ _ _ _ _ _ _ _ _ _ _ _ _ 
/opt/anaconda3/lib/python3.11/asyncio/base_events.py:653: in run_until_complete
    return future.result()
           ^^^^^^^^^^^^^^^
/opt/anaconda3/lib/python3.11/site-packages/pytest_asyncio/plugin.py:386: in setup
    res = await func(**_add_kwargs(func, kwargs, event_loop, request))
          ^^^^^^^^^^^^^^^^^^^^^^^^^^^^^^^^^^^^^^^^^^^^^^^^^^^^^^^^^^^^
_ _ _ _ _ _ _ _ _ _ _ _ _ _ _ _ _ _ _ _ _ _ _ _ _ _ _ _ _ _ _ _ _ _ _ _ _ _ _ _ 

client = <httpx.AsyncClient object at 0x154188610>
tmp_path = PosixPath('/private/var/folders/nz/6q2p_ldx3txdbw_gttbpnwjr0000gn/T/pytest-of-haewonkim/pytest-364/test_monitoring_snapshot_expor0')
tmp_path_factory = TempPathFactory(_given_basetemp=None, _trace=<pluggy._tracing.TagTracerSub object at 0x14ec297d0>, _basetemp=PosixPath...ders/nz/6q2p_ldx3txdbw_gttbpnwjr0000gn/T/pytest-of-haewonkim/pytest-364'), _retention_count=3, _retention_policy='all')
setup_db = (<sqlalchemy.ext.asyncio.engine.AsyncEngine object at 0x15426b0c0>, async_sessionmaker(class_='AsyncSession', autocommit=False, bind=<sqlalchemy.ext.asyncio.engine.AsyncEngine object at 0x15426b0c0>, autoflush=False, expire_on_commit=True))

    @pytest_asyncio.fixture(scope="function")
    async def seeded_admin_tenant(client, tmp_path, tmp_path_factory, setup_db):
        _test_config_engine, ConfigSessionLocal = setup_db
        """
        Fixture to create and seed a unique tenant for the 'admin_root' user.
        Tests requiring a pre-existing tenant can depend on this fixture.
        """
        from app.models.config import Tenant, UserTenantAccess
        from app.database import Base # Keep Base for potential future use, though not used directly for schema creation here
        from app.api.tenants import run_alembic_upgrade # Import the migration function
    
        tenant_name = f"Admin Root Tenant {tmp_path.name}"
        tenant_db_path = tmp_path_factory.mktemp(f"seeded_tenant_db_{tmp_path.name}") / f"admin_root_tenant_{tmp_path.name}.db"
        tenant_db_url = f"sqlite+aiosqlite:///{tenant_db_path}"
    
        # Use the test-specific ConfigSessionLocal for seeding
        async with ConfigSessionLocal() as config_session:
            # Create a test tenant
            new_tenant = Tenant(name=tenant_name, db_url=tenant_db_url, is_active=True)
            config_session.add(new_tenant)
            await config_session.flush() # Flush to get tenant.id
    
            # IMPORTANT: Access attributes BEFORE committing the session,
            # otherwise the object will be detached.
            tenant_id = new_tenant.id
            tenant_name = new_tenant.name
    
            # Grant admin_root access to this tenant
            config_session.add(UserTenantAccess(user_id="admin_root", tenant_id=tenant_id, role="ADMIN", is_selected=True))
            await config_session.commit()
    
        # Now, run alembic migrations on this newly created tenant's database
        success, error_msg = run_alembic_upgrade(tenant_db_url)
        if not success:
>           pytest.fail(f"Alembic migration failed for seeded tenant {tenant_name}: {error_msg}")
E           Failed: Alembic migration failed for seeded tenant Admin Root Tenant test_monitoring_snapshot_expor0: INFO  [alembic.runtime.migration] Context impl SQLiteImpl.
E           INFO  [alembic.runtime.migration] Will assume non-transactional DDL.
E           ERROR [alembic.util.messaging] Multiple head revisions are present for given argument 'head'; please specify a specific target revision, '<branchname>@head' to narrow to a specific head, or 'heads' for all heads

conftest.py:374: Failed
---------------------------- Captured stdout setup -----------------------------
ALEMBIC ERROR: INFO  [alembic.runtime.migration] Context impl SQLiteImpl.
INFO  [alembic.runtime.migration] Will assume non-transactional DDL.
ERROR [alembic.util.messaging] Multiple head revisions are present for given argument 'head'; please specify a specific target revision, '<branchname>@head' to narrow to a specific head, or 'heads' for all heads

_ ERROR at setup of test_monitoring_import_preview_file_accepts_csv_upload[asyncio] _

request = <SubRequest 'seeded_admin_tenant' for <Coroutine test_monitoring_import_preview_file_accepts_csv_upload[asyncio]>>
kwargs = {'client': <httpx.AsyncClient object at 0x154188610>, 'setup_db': (<sqlalchemy.ext.asyncio.engine.AsyncEngine object a...ers/nz/6q2p_ldx3txdbw_gttbpnwjr0000gn/T/pytest-of-haewonkim/pytest-364'), _retention_count=3, _retention_policy='all')}
event_loop_fixture_id = 'event_loop'
setup = <function _wrap_async_fixture.<locals>._async_fixture_wrapper.<locals>.setup at 0x152c442c0>
context = <_contextvars.Context object at 0x154268a80>
setup_task = <Task finished name='Task-675' coro=<_wrap_async_fixture.<locals>._async_fixture_wrapper.<locals>.setup() done, define...please specify a specific target revision, '<branchname>@head' to narrow to a specific head, or 'heads' for all heads
>

    @functools.wraps(fixture)
    def _async_fixture_wrapper(request: FixtureRequest, **kwargs: Any):
        func = _perhaps_rebind_fixture_func(fixture, request.instance)
        event_loop_fixture_id = _get_event_loop_fixture_id_for_async_fixture(
            request, func
        )
        event_loop = request.getfixturevalue(event_loop_fixture_id)
        kwargs.pop(event_loop_fixture_id, None)
    
        async def setup():
            res = await func(**_add_kwargs(func, kwargs, event_loop, request))
            return res
    
        context = contextvars.copy_context()
        setup_task = _create_task_in_context(event_loop, setup(), context)
>       result = event_loop.run_until_complete(setup_task)
                 ^^^^^^^^^^^^^^^^^^^^^^^^^^^^^^^^^^^^^^^^^

/opt/anaconda3/lib/python3.11/site-packages/pytest_asyncio/plugin.py:391: 
_ _ _ _ _ _ _ _ _ _ _ _ _ _ _ _ _ _ _ _ _ _ _ _ _ _ _ _ _ _ _ _ _ _ _ _ _ _ _ _ 
/opt/anaconda3/lib/python3.11/asyncio/base_events.py:653: in run_until_complete
    return future.result()
           ^^^^^^^^^^^^^^^
/opt/anaconda3/lib/python3.11/site-packages/pytest_asyncio/plugin.py:386: in setup
    res = await func(**_add_kwargs(func, kwargs, event_loop, request))
          ^^^^^^^^^^^^^^^^^^^^^^^^^^^^^^^^^^^^^^^^^^^^^^^^^^^^^^^^^^^^
_ _ _ _ _ _ _ _ _ _ _ _ _ _ _ _ _ _ _ _ _ _ _ _ _ _ _ _ _ _ _ _ _ _ _ _ _ _ _ _ 

client = <httpx.AsyncClient object at 0x154188610>
tmp_path = PosixPath('/private/var/folders/nz/6q2p_ldx3txdbw_gttbpnwjr0000gn/T/pytest-of-haewonkim/pytest-364/test_monitoring_import_preview1')
tmp_path_factory = TempPathFactory(_given_basetemp=None, _trace=<pluggy._tracing.TagTracerSub object at 0x14ec297d0>, _basetemp=PosixPath...ders/nz/6q2p_ldx3txdbw_gttbpnwjr0000gn/T/pytest-of-haewonkim/pytest-364'), _retention_count=3, _retention_policy='all')
setup_db = (<sqlalchemy.ext.asyncio.engine.AsyncEngine object at 0x15418a6c0>, async_sessionmaker(class_='AsyncSession', autocommit=False, bind=<sqlalchemy.ext.asyncio.engine.AsyncEngine object at 0x15418a6c0>, autoflush=False, expire_on_commit=True))

    @pytest_asyncio.fixture(scope="function")
    async def seeded_admin_tenant(client, tmp_path, tmp_path_factory, setup_db):
        _test_config_engine, ConfigSessionLocal = setup_db
        """
        Fixture to create and seed a unique tenant for the 'admin_root' user.
        Tests requiring a pre-existing tenant can depend on this fixture.
        """
        from app.models.config import Tenant, UserTenantAccess
        from app.database import Base # Keep Base for potential future use, though not used directly for schema creation here
        from app.api.tenants import run_alembic_upgrade # Import the migration function
    
        tenant_name = f"Admin Root Tenant {tmp_path.name}"
        tenant_db_path = tmp_path_factory.mktemp(f"seeded_tenant_db_{tmp_path.name}") / f"admin_root_tenant_{tmp_path.name}.db"
        tenant_db_url = f"sqlite+aiosqlite:///{tenant_db_path}"
    
        # Use the test-specific ConfigSessionLocal for seeding
        async with ConfigSessionLocal() as config_session:
            # Create a test tenant
            new_tenant = Tenant(name=tenant_name, db_url=tenant_db_url, is_active=True)
            config_session.add(new_tenant)
            await config_session.flush() # Flush to get tenant.id
    
            # IMPORTANT: Access attributes BEFORE committing the session,
            # otherwise the object will be detached.
            tenant_id = new_tenant.id
            tenant_name = new_tenant.name
    
            # Grant admin_root access to this tenant
            config_session.add(UserTenantAccess(user_id="admin_root", tenant_id=tenant_id, role="ADMIN", is_selected=True))
            await config_session.commit()
    
        # Now, run alembic migrations on this newly created tenant's database
        success, error_msg = run_alembic_upgrade(tenant_db_url)
        if not success:
>           pytest.fail(f"Alembic migration failed for seeded tenant {tenant_name}: {error_msg}")
E           Failed: Alembic migration failed for seeded tenant Admin Root Tenant test_monitoring_import_preview1: INFO  [alembic.runtime.migration] Context impl SQLiteImpl.
E           INFO  [alembic.runtime.migration] Will assume non-transactional DDL.
E           ERROR [alembic.util.messaging] Multiple head revisions are present for given argument 'head'; please specify a specific target revision, '<branchname>@head' to narrow to a specific head, or 'heads' for all heads

conftest.py:374: Failed
---------------------------- Captured stdout setup -----------------------------
ALEMBIC ERROR: INFO  [alembic.runtime.migration] Context impl SQLiteImpl.
INFO  [alembic.runtime.migration] Will assume non-transactional DDL.
ERROR [alembic.util.messaging] Multiple head revisions are present for given argument 'head'; please specify a specific target revision, '<branchname>@head' to narrow to a specific head, or 'heads' for all heads

_ ERROR at setup of test_external_import_schema_template_preview_and_execute[asyncio] _

request = <SubRequest 'seeded_admin_tenant' for <Coroutine test_external_import_schema_template_preview_and_execute[asyncio]>>
kwargs = {'client': <httpx.AsyncClient object at 0x154188610>, 'setup_db': (<sqlalchemy.ext.asyncio.engine.AsyncEngine object a...ers/nz/6q2p_ldx3txdbw_gttbpnwjr0000gn/T/pytest-of-haewonkim/pytest-364'), _retention_count=3, _retention_policy='all')}
event_loop_fixture_id = 'event_loop'
setup = <function _wrap_async_fixture.<locals>._async_fixture_wrapper.<locals>.setup at 0x152c44860>
context = <_contextvars.Context object at 0x1542689c0>
setup_task = <Task finished name='Task-681' coro=<_wrap_async_fixture.<locals>._async_fixture_wrapper.<locals>.setup() done, define...please specify a specific target revision, '<branchname>@head' to narrow to a specific head, or 'heads' for all heads
>

    @functools.wraps(fixture)
    def _async_fixture_wrapper(request: FixtureRequest, **kwargs: Any):
        func = _perhaps_rebind_fixture_func(fixture, request.instance)
        event_loop_fixture_id = _get_event_loop_fixture_id_for_async_fixture(
            request, func
        )
        event_loop = request.getfixturevalue(event_loop_fixture_id)
        kwargs.pop(event_loop_fixture_id, None)
    
        async def setup():
            res = await func(**_add_kwargs(func, kwargs, event_loop, request))
            return res
    
        context = contextvars.copy_context()
        setup_task = _create_task_in_context(event_loop, setup(), context)
>       result = event_loop.run_until_complete(setup_task)
                 ^^^^^^^^^^^^^^^^^^^^^^^^^^^^^^^^^^^^^^^^^

/opt/anaconda3/lib/python3.11/site-packages/pytest_asyncio/plugin.py:391: 
_ _ _ _ _ _ _ _ _ _ _ _ _ _ _ _ _ _ _ _ _ _ _ _ _ _ _ _ _ _ _ _ _ _ _ _ _ _ _ _ 
/opt/anaconda3/lib/python3.11/asyncio/base_events.py:653: in run_until_complete
    return future.result()
           ^^^^^^^^^^^^^^^
/opt/anaconda3/lib/python3.11/site-packages/pytest_asyncio/plugin.py:386: in setup
    res = await func(**_add_kwargs(func, kwargs, event_loop, request))
          ^^^^^^^^^^^^^^^^^^^^^^^^^^^^^^^^^^^^^^^^^^^^^^^^^^^^^^^^^^^^
_ _ _ _ _ _ _ _ _ _ _ _ _ _ _ _ _ _ _ _ _ _ _ _ _ _ _ _ _ _ _ _ _ _ _ _ _ _ _ _ 

client = <httpx.AsyncClient object at 0x154188610>
tmp_path = PosixPath('/private/var/folders/nz/6q2p_ldx3txdbw_gttbpnwjr0000gn/T/pytest-of-haewonkim/pytest-364/test_external_import_schema_te0')
tmp_path_factory = TempPathFactory(_given_basetemp=None, _trace=<pluggy._tracing.TagTracerSub object at 0x14ec297d0>, _basetemp=PosixPath...ders/nz/6q2p_ldx3txdbw_gttbpnwjr0000gn/T/pytest-of-haewonkim/pytest-364'), _retention_count=3, _retention_policy='all')
setup_db = (<sqlalchemy.ext.asyncio.engine.AsyncEngine object at 0x1542c0980>, async_sessionmaker(class_='AsyncSession', autocommit=False, bind=<sqlalchemy.ext.asyncio.engine.AsyncEngine object at 0x1542c0980>, autoflush=False, expire_on_commit=True))

    @pytest_asyncio.fixture(scope="function")
    async def seeded_admin_tenant(client, tmp_path, tmp_path_factory, setup_db):
        _test_config_engine, ConfigSessionLocal = setup_db
        """
        Fixture to create and seed a unique tenant for the 'admin_root' user.
        Tests requiring a pre-existing tenant can depend on this fixture.
        """
        from app.models.config import Tenant, UserTenantAccess
        from app.database import Base # Keep Base for potential future use, though not used directly for schema creation here
        from app.api.tenants import run_alembic_upgrade # Import the migration function
    
        tenant_name = f"Admin Root Tenant {tmp_path.name}"
        tenant_db_path = tmp_path_factory.mktemp(f"seeded_tenant_db_{tmp_path.name}") / f"admin_root_tenant_{tmp_path.name}.db"
        tenant_db_url = f"sqlite+aiosqlite:///{tenant_db_path}"
    
        # Use the test-specific ConfigSessionLocal for seeding
        async with ConfigSessionLocal() as config_session:
            # Create a test tenant
            new_tenant = Tenant(name=tenant_name, db_url=tenant_db_url, is_active=True)
            config_session.add(new_tenant)
            await config_session.flush() # Flush to get tenant.id
    
            # IMPORTANT: Access attributes BEFORE committing the session,
            # otherwise the object will be detached.
            tenant_id = new_tenant.id
            tenant_name = new_tenant.name
    
            # Grant admin_root access to this tenant
            config_session.add(UserTenantAccess(user_id="admin_root", tenant_id=tenant_id, role="ADMIN", is_selected=True))
            await config_session.commit()
    
        # Now, run alembic migrations on this newly created tenant's database
        success, error_msg = run_alembic_upgrade(tenant_db_url)
        if not success:
>           pytest.fail(f"Alembic migration failed for seeded tenant {tenant_name}: {error_msg}")
E           Failed: Alembic migration failed for seeded tenant Admin Root Tenant test_external_import_schema_te0: INFO  [alembic.runtime.migration] Context impl SQLiteImpl.
E           INFO  [alembic.runtime.migration] Will assume non-transactional DDL.
E           ERROR [alembic.util.messaging] Multiple head revisions are present for given argument 'head'; please specify a specific target revision, '<branchname>@head' to narrow to a specific head, or 'heads' for all heads

conftest.py:374: Failed
---------------------------- Captured stdout setup -----------------------------
ALEMBIC ERROR: INFO  [alembic.runtime.migration] Context impl SQLiteImpl.
INFO  [alembic.runtime.migration] Will assume non-transactional DDL.
ERROR [alembic.util.messaging] Multiple head revisions are present for given argument 'head'; please specify a specific target revision, '<branchname>@head' to narrow to a specific head, or 'heads' for all heads

_ ERROR at setup of test_external_snapshot_export_exposes_round_trip_headers_for_browser_js[asyncio] _

request = <SubRequest 'seeded_admin_tenant' for <Coroutine test_external_snapshot_export_exposes_round_trip_headers_for_browser_js[asyncio]>>
kwargs = {'client': <httpx.AsyncClient object at 0x154188610>, 'setup_db': (<sqlalchemy.ext.asyncio.engine.AsyncEngine object a...ers/nz/6q2p_ldx3txdbw_gttbpnwjr0000gn/T/pytest-of-haewonkim/pytest-364'), _retention_count=3, _retention_policy='all')}
event_loop_fixture_id = 'event_loop'
setup = <function _wrap_async_fixture.<locals>._async_fixture_wrapper.<locals>.setup at 0x152e87060>
context = <_contextvars.Context object at 0x15426a0c0>
setup_task = <Task finished name='Task-687' coro=<_wrap_async_fixture.<locals>._async_fixture_wrapper.<locals>.setup() done, define...please specify a specific target revision, '<branchname>@head' to narrow to a specific head, or 'heads' for all heads
>

    @functools.wraps(fixture)
    def _async_fixture_wrapper(request: FixtureRequest, **kwargs: Any):
        func = _perhaps_rebind_fixture_func(fixture, request.instance)
        event_loop_fixture_id = _get_event_loop_fixture_id_for_async_fixture(
            request, func
        )
        event_loop = request.getfixturevalue(event_loop_fixture_id)
        kwargs.pop(event_loop_fixture_id, None)
    
        async def setup():
            res = await func(**_add_kwargs(func, kwargs, event_loop, request))
            return res
    
        context = contextvars.copy_context()
        setup_task = _create_task_in_context(event_loop, setup(), context)
>       result = event_loop.run_until_complete(setup_task)
                 ^^^^^^^^^^^^^^^^^^^^^^^^^^^^^^^^^^^^^^^^^

/opt/anaconda3/lib/python3.11/site-packages/pytest_asyncio/plugin.py:391: 
_ _ _ _ _ _ _ _ _ _ _ _ _ _ _ _ _ _ _ _ _ _ _ _ _ _ _ _ _ _ _ _ _ _ _ _ _ _ _ _ 
/opt/anaconda3/lib/python3.11/asyncio/base_events.py:653: in run_until_complete
    return future.result()
           ^^^^^^^^^^^^^^^
/opt/anaconda3/lib/python3.11/site-packages/pytest_asyncio/plugin.py:386: in setup
    res = await func(**_add_kwargs(func, kwargs, event_loop, request))
          ^^^^^^^^^^^^^^^^^^^^^^^^^^^^^^^^^^^^^^^^^^^^^^^^^^^^^^^^^^^^
_ _ _ _ _ _ _ _ _ _ _ _ _ _ _ _ _ _ _ _ _ _ _ _ _ _ _ _ _ _ _ _ _ _ _ _ _ _ _ _ 

client = <httpx.AsyncClient object at 0x154188610>
tmp_path = PosixPath('/private/var/folders/nz/6q2p_ldx3txdbw_gttbpnwjr0000gn/T/pytest-of-haewonkim/pytest-364/test_external_snapshot_export_0')
tmp_path_factory = TempPathFactory(_given_basetemp=None, _trace=<pluggy._tracing.TagTracerSub object at 0x14ec297d0>, _basetemp=PosixPath...ders/nz/6q2p_ldx3txdbw_gttbpnwjr0000gn/T/pytest-of-haewonkim/pytest-364'), _retention_count=3, _retention_policy='all')
setup_db = (<sqlalchemy.ext.asyncio.engine.AsyncEngine object at 0x1542c3340>, async_sessionmaker(class_='AsyncSession', autocommit=False, bind=<sqlalchemy.ext.asyncio.engine.AsyncEngine object at 0x1542c3340>, autoflush=False, expire_on_commit=True))

    @pytest_asyncio.fixture(scope="function")
    async def seeded_admin_tenant(client, tmp_path, tmp_path_factory, setup_db):
        _test_config_engine, ConfigSessionLocal = setup_db
        """
        Fixture to create and seed a unique tenant for the 'admin_root' user.
        Tests requiring a pre-existing tenant can depend on this fixture.
        """
        from app.models.config import Tenant, UserTenantAccess
        from app.database import Base # Keep Base for potential future use, though not used directly for schema creation here
        from app.api.tenants import run_alembic_upgrade # Import the migration function
    
        tenant_name = f"Admin Root Tenant {tmp_path.name}"
        tenant_db_path = tmp_path_factory.mktemp(f"seeded_tenant_db_{tmp_path.name}") / f"admin_root_tenant_{tmp_path.name}.db"
        tenant_db_url = f"sqlite+aiosqlite:///{tenant_db_path}"
    
        # Use the test-specific ConfigSessionLocal for seeding
        async with ConfigSessionLocal() as config_session:
            # Create a test tenant
            new_tenant = Tenant(name=tenant_name, db_url=tenant_db_url, is_active=True)
            config_session.add(new_tenant)
            await config_session.flush() # Flush to get tenant.id
    
            # IMPORTANT: Access attributes BEFORE committing the session,
            # otherwise the object will be detached.
            tenant_id = new_tenant.id
            tenant_name = new_tenant.name
    
            # Grant admin_root access to this tenant
            config_session.add(UserTenantAccess(user_id="admin_root", tenant_id=tenant_id, role="ADMIN", is_selected=True))
            await config_session.commit()
    
        # Now, run alembic migrations on this newly created tenant's database
        success, error_msg = run_alembic_upgrade(tenant_db_url)
        if not success:
>           pytest.fail(f"Alembic migration failed for seeded tenant {tenant_name}: {error_msg}")
E           Failed: Alembic migration failed for seeded tenant Admin Root Tenant test_external_snapshot_export_0: INFO  [alembic.runtime.migration] Context impl SQLiteImpl.
E           INFO  [alembic.runtime.migration] Will assume non-transactional DDL.
E           ERROR [alembic.util.messaging] Multiple head revisions are present for given argument 'head'; please specify a specific target revision, '<branchname>@head' to narrow to a specific head, or 'heads' for all heads

conftest.py:374: Failed
---------------------------- Captured stdout setup -----------------------------
ALEMBIC ERROR: INFO  [alembic.runtime.migration] Context impl SQLiteImpl.
INFO  [alembic.runtime.migration] Will assume non-transactional DDL.
ERROR [alembic.util.messaging] Multiple head revisions are present for given argument 'head'; please specify a specific target revision, '<branchname>@head' to narrow to a specific head, or 'heads' for all heads

_ ERROR at setup of test_external_snapshot_manifest_and_csv_contract_stay_in_sync[asyncio] _

request = <SubRequest 'seeded_admin_tenant' for <Coroutine test_external_snapshot_manifest_and_csv_contract_stay_in_sync[asyncio]>>
kwargs = {'client': <httpx.AsyncClient object at 0x154188610>, 'setup_db': (<sqlalchemy.ext.asyncio.engine.AsyncEngine object a...ers/nz/6q2p_ldx3txdbw_gttbpnwjr0000gn/T/pytest-of-haewonkim/pytest-364'), _retention_count=3, _retention_policy='all')}
event_loop_fixture_id = 'event_loop'
setup = <function _wrap_async_fixture.<locals>._async_fixture_wrapper.<locals>.setup at 0x152c474c0>
context = <_contextvars.Context object at 0x14ff56c00>
setup_task = <Task finished name='Task-693' coro=<_wrap_async_fixture.<locals>._async_fixture_wrapper.<locals>.setup() done, define...please specify a specific target revision, '<branchname>@head' to narrow to a specific head, or 'heads' for all heads
>

    @functools.wraps(fixture)
    def _async_fixture_wrapper(request: FixtureRequest, **kwargs: Any):
        func = _perhaps_rebind_fixture_func(fixture, request.instance)
        event_loop_fixture_id = _get_event_loop_fixture_id_for_async_fixture(
            request, func
        )
        event_loop = request.getfixturevalue(event_loop_fixture_id)
        kwargs.pop(event_loop_fixture_id, None)
    
        async def setup():
            res = await func(**_add_kwargs(func, kwargs, event_loop, request))
            return res
    
        context = contextvars.copy_context()
        setup_task = _create_task_in_context(event_loop, setup(), context)
>       result = event_loop.run_until_complete(setup_task)
                 ^^^^^^^^^^^^^^^^^^^^^^^^^^^^^^^^^^^^^^^^^

/opt/anaconda3/lib/python3.11/site-packages/pytest_asyncio/plugin.py:391: 
_ _ _ _ _ _ _ _ _ _ _ _ _ _ _ _ _ _ _ _ _ _ _ _ _ _ _ _ _ _ _ _ _ _ _ _ _ _ _ _ 
/opt/anaconda3/lib/python3.11/asyncio/base_events.py:653: in run_until_complete
    return future.result()
           ^^^^^^^^^^^^^^^
/opt/anaconda3/lib/python3.11/site-packages/pytest_asyncio/plugin.py:386: in setup
    res = await func(**_add_kwargs(func, kwargs, event_loop, request))
          ^^^^^^^^^^^^^^^^^^^^^^^^^^^^^^^^^^^^^^^^^^^^^^^^^^^^^^^^^^^^
_ _ _ _ _ _ _ _ _ _ _ _ _ _ _ _ _ _ _ _ _ _ _ _ _ _ _ _ _ _ _ _ _ _ _ _ _ _ _ _ 

client = <httpx.AsyncClient object at 0x154188610>
tmp_path = PosixPath('/private/var/folders/nz/6q2p_ldx3txdbw_gttbpnwjr0000gn/T/pytest-of-haewonkim/pytest-364/test_external_snapshot_manifes0')
tmp_path_factory = TempPathFactory(_given_basetemp=None, _trace=<pluggy._tracing.TagTracerSub object at 0x14ec297d0>, _basetemp=PosixPath...ders/nz/6q2p_ldx3txdbw_gttbpnwjr0000gn/T/pytest-of-haewonkim/pytest-364'), _retention_count=3, _retention_policy='all')
setup_db = (<sqlalchemy.ext.asyncio.engine.AsyncEngine object at 0x154289e80>, async_sessionmaker(class_='AsyncSession', autocommit=False, bind=<sqlalchemy.ext.asyncio.engine.AsyncEngine object at 0x154289e80>, autoflush=False, expire_on_commit=True))

    @pytest_asyncio.fixture(scope="function")
    async def seeded_admin_tenant(client, tmp_path, tmp_path_factory, setup_db):
        _test_config_engine, ConfigSessionLocal = setup_db
        """
        Fixture to create and seed a unique tenant for the 'admin_root' user.
        Tests requiring a pre-existing tenant can depend on this fixture.
        """
        from app.models.config import Tenant, UserTenantAccess
        from app.database import Base # Keep Base for potential future use, though not used directly for schema creation here
        from app.api.tenants import run_alembic_upgrade # Import the migration function
    
        tenant_name = f"Admin Root Tenant {tmp_path.name}"
        tenant_db_path = tmp_path_factory.mktemp(f"seeded_tenant_db_{tmp_path.name}") / f"admin_root_tenant_{tmp_path.name}.db"
        tenant_db_url = f"sqlite+aiosqlite:///{tenant_db_path}"
    
        # Use the test-specific ConfigSessionLocal for seeding
        async with ConfigSessionLocal() as config_session:
            # Create a test tenant
            new_tenant = Tenant(name=tenant_name, db_url=tenant_db_url, is_active=True)
            config_session.add(new_tenant)
            await config_session.flush() # Flush to get tenant.id
    
            # IMPORTANT: Access attributes BEFORE committing the session,
            # otherwise the object will be detached.
            tenant_id = new_tenant.id
            tenant_name = new_tenant.name
    
            # Grant admin_root access to this tenant
            config_session.add(UserTenantAccess(user_id="admin_root", tenant_id=tenant_id, role="ADMIN", is_selected=True))
            await config_session.commit()
    
        # Now, run alembic migrations on this newly created tenant's database
        success, error_msg = run_alembic_upgrade(tenant_db_url)
        if not success:
>           pytest.fail(f"Alembic migration failed for seeded tenant {tenant_name}: {error_msg}")
E           Failed: Alembic migration failed for seeded tenant Admin Root Tenant test_external_snapshot_manifes0: INFO  [alembic.runtime.migration] Context impl SQLiteImpl.
E           INFO  [alembic.runtime.migration] Will assume non-transactional DDL.
E           ERROR [alembic.util.messaging] Multiple head revisions are present for given argument 'head'; please specify a specific target revision, '<branchname>@head' to narrow to a specific head, or 'heads' for all heads

conftest.py:374: Failed
---------------------------- Captured stdout setup -----------------------------
ALEMBIC ERROR: INFO  [alembic.runtime.migration] Context impl SQLiteImpl.
INFO  [alembic.runtime.migration] Will assume non-transactional DDL.
ERROR [alembic.util.messaging] Multiple head revisions are present for given argument 'head'; please specify a specific target revision, '<branchname>@head' to narrow to a specific head, or 'heads' for all heads

_ ERROR at setup of test_external_snapshot_export_previews_successfully_on_round_trip[asyncio] _

request = <SubRequest 'seeded_admin_tenant' for <Coroutine test_external_snapshot_export_previews_successfully_on_round_trip[asyncio]>>
kwargs = {'client': <httpx.AsyncClient object at 0x154188610>, 'setup_db': (<sqlalchemy.ext.asyncio.engine.AsyncEngine object a...ers/nz/6q2p_ldx3txdbw_gttbpnwjr0000gn/T/pytest-of-haewonkim/pytest-364'), _retention_count=3, _retention_policy='all')}
event_loop_fixture_id = 'event_loop'
setup = <function _wrap_async_fixture.<locals>._async_fixture_wrapper.<locals>.setup at 0x152c44180>
context = <_contextvars.Context object at 0x15422b3c0>
setup_task = <Task finished name='Task-699' coro=<_wrap_async_fixture.<locals>._async_fixture_wrapper.<locals>.setup() done, define...please specify a specific target revision, '<branchname>@head' to narrow to a specific head, or 'heads' for all heads
>

    @functools.wraps(fixture)
    def _async_fixture_wrapper(request: FixtureRequest, **kwargs: Any):
        func = _perhaps_rebind_fixture_func(fixture, request.instance)
        event_loop_fixture_id = _get_event_loop_fixture_id_for_async_fixture(
            request, func
        )
        event_loop = request.getfixturevalue(event_loop_fixture_id)
        kwargs.pop(event_loop_fixture_id, None)
    
        async def setup():
            res = await func(**_add_kwargs(func, kwargs, event_loop, request))
            return res
    
        context = contextvars.copy_context()
        setup_task = _create_task_in_context(event_loop, setup(), context)
>       result = event_loop.run_until_complete(setup_task)
                 ^^^^^^^^^^^^^^^^^^^^^^^^^^^^^^^^^^^^^^^^^

/opt/anaconda3/lib/python3.11/site-packages/pytest_asyncio/plugin.py:391: 
_ _ _ _ _ _ _ _ _ _ _ _ _ _ _ _ _ _ _ _ _ _ _ _ _ _ _ _ _ _ _ _ _ _ _ _ _ _ _ _ 
/opt/anaconda3/lib/python3.11/asyncio/base_events.py:653: in run_until_complete
    return future.result()
           ^^^^^^^^^^^^^^^
/opt/anaconda3/lib/python3.11/site-packages/pytest_asyncio/plugin.py:386: in setup
    res = await func(**_add_kwargs(func, kwargs, event_loop, request))
          ^^^^^^^^^^^^^^^^^^^^^^^^^^^^^^^^^^^^^^^^^^^^^^^^^^^^^^^^^^^^
_ _ _ _ _ _ _ _ _ _ _ _ _ _ _ _ _ _ _ _ _ _ _ _ _ _ _ _ _ _ _ _ _ _ _ _ _ _ _ _ 

client = <httpx.AsyncClient object at 0x154188610>
tmp_path = PosixPath('/private/var/folders/nz/6q2p_ldx3txdbw_gttbpnwjr0000gn/T/pytest-of-haewonkim/pytest-364/test_external_snapshot_export_1')
tmp_path_factory = TempPathFactory(_given_basetemp=None, _trace=<pluggy._tracing.TagTracerSub object at 0x14ec297d0>, _basetemp=PosixPath...ders/nz/6q2p_ldx3txdbw_gttbpnwjr0000gn/T/pytest-of-haewonkim/pytest-364'), _retention_count=3, _retention_policy='all')
setup_db = (<sqlalchemy.ext.asyncio.engine.AsyncEngine object at 0x154218fc0>, async_sessionmaker(class_='AsyncSession', autocommit=False, bind=<sqlalchemy.ext.asyncio.engine.AsyncEngine object at 0x154218fc0>, autoflush=False, expire_on_commit=True))

    @pytest_asyncio.fixture(scope="function")
    async def seeded_admin_tenant(client, tmp_path, tmp_path_factory, setup_db):
        _test_config_engine, ConfigSessionLocal = setup_db
        """
        Fixture to create and seed a unique tenant for the 'admin_root' user.
        Tests requiring a pre-existing tenant can depend on this fixture.
        """
        from app.models.config import Tenant, UserTenantAccess
        from app.database import Base # Keep Base for potential future use, though not used directly for schema creation here
        from app.api.tenants import run_alembic_upgrade # Import the migration function
    
        tenant_name = f"Admin Root Tenant {tmp_path.name}"
        tenant_db_path = tmp_path_factory.mktemp(f"seeded_tenant_db_{tmp_path.name}") / f"admin_root_tenant_{tmp_path.name}.db"
        tenant_db_url = f"sqlite+aiosqlite:///{tenant_db_path}"
    
        # Use the test-specific ConfigSessionLocal for seeding
        async with ConfigSessionLocal() as config_session:
            # Create a test tenant
            new_tenant = Tenant(name=tenant_name, db_url=tenant_db_url, is_active=True)
            config_session.add(new_tenant)
            await config_session.flush() # Flush to get tenant.id
    
            # IMPORTANT: Access attributes BEFORE committing the session,
            # otherwise the object will be detached.
            tenant_id = new_tenant.id
            tenant_name = new_tenant.name
    
            # Grant admin_root access to this tenant
            config_session.add(UserTenantAccess(user_id="admin_root", tenant_id=tenant_id, role="ADMIN", is_selected=True))
            await config_session.commit()
    
        # Now, run alembic migrations on this newly created tenant's database
        success, error_msg = run_alembic_upgrade(tenant_db_url)
        if not success:
>           pytest.fail(f"Alembic migration failed for seeded tenant {tenant_name}: {error_msg}")
E           Failed: Alembic migration failed for seeded tenant Admin Root Tenant test_external_snapshot_export_1: INFO  [alembic.runtime.migration] Context impl SQLiteImpl.
E           INFO  [alembic.runtime.migration] Will assume non-transactional DDL.
E           ERROR [alembic.util.messaging] Multiple head revisions are present for given argument 'head'; please specify a specific target revision, '<branchname>@head' to narrow to a specific head, or 'heads' for all heads

conftest.py:374: Failed
---------------------------- Captured stdout setup -----------------------------
ALEMBIC ERROR: INFO  [alembic.runtime.migration] Context impl SQLiteImpl.
INFO  [alembic.runtime.migration] Will assume non-transactional DDL.
ERROR [alembic.util.messaging] Multiple head revisions are present for given argument 'head'; please specify a specific target revision, '<branchname>@head' to narrow to a specific head, or 'heads' for all heads

_ ERROR at setup of test_monitoring_import_rejects_duplicate_rows_in_same_batch[asyncio] _

request = <SubRequest 'seeded_admin_tenant' for <Coroutine test_monitoring_import_rejects_duplicate_rows_in_same_batch[asyncio]>>
kwargs = {'client': <httpx.AsyncClient object at 0x154188610>, 'setup_db': (<sqlalchemy.ext.asyncio.engine.AsyncEngine object a...ers/nz/6q2p_ldx3txdbw_gttbpnwjr0000gn/T/pytest-of-haewonkim/pytest-364'), _retention_count=3, _retention_policy='all')}
event_loop_fixture_id = 'event_loop'
setup = <function _wrap_async_fixture.<locals>._async_fixture_wrapper.<locals>.setup at 0x152c0cd60>
context = <_contextvars.Context object at 0x154228980>
setup_task = <Task finished name='Task-705' coro=<_wrap_async_fixture.<locals>._async_fixture_wrapper.<locals>.setup() done, define...please specify a specific target revision, '<branchname>@head' to narrow to a specific head, or 'heads' for all heads
>

    @functools.wraps(fixture)
    def _async_fixture_wrapper(request: FixtureRequest, **kwargs: Any):
        func = _perhaps_rebind_fixture_func(fixture, request.instance)
        event_loop_fixture_id = _get_event_loop_fixture_id_for_async_fixture(
            request, func
        )
        event_loop = request.getfixturevalue(event_loop_fixture_id)
        kwargs.pop(event_loop_fixture_id, None)
    
        async def setup():
            res = await func(**_add_kwargs(func, kwargs, event_loop, request))
            return res
    
        context = contextvars.copy_context()
        setup_task = _create_task_in_context(event_loop, setup(), context)
>       result = event_loop.run_until_complete(setup_task)
                 ^^^^^^^^^^^^^^^^^^^^^^^^^^^^^^^^^^^^^^^^^

/opt/anaconda3/lib/python3.11/site-packages/pytest_asyncio/plugin.py:391: 
_ _ _ _ _ _ _ _ _ _ _ _ _ _ _ _ _ _ _ _ _ _ _ _ _ _ _ _ _ _ _ _ _ _ _ _ _ _ _ _ 
/opt/anaconda3/lib/python3.11/asyncio/base_events.py:653: in run_until_complete
    return future.result()
           ^^^^^^^^^^^^^^^
/opt/anaconda3/lib/python3.11/site-packages/pytest_asyncio/plugin.py:386: in setup
    res = await func(**_add_kwargs(func, kwargs, event_loop, request))
          ^^^^^^^^^^^^^^^^^^^^^^^^^^^^^^^^^^^^^^^^^^^^^^^^^^^^^^^^^^^^
_ _ _ _ _ _ _ _ _ _ _ _ _ _ _ _ _ _ _ _ _ _ _ _ _ _ _ _ _ _ _ _ _ _ _ _ _ _ _ _ 

client = <httpx.AsyncClient object at 0x154188610>
tmp_path = PosixPath('/private/var/folders/nz/6q2p_ldx3txdbw_gttbpnwjr0000gn/T/pytest-of-haewonkim/pytest-364/test_monitoring_import_rejects0')
tmp_path_factory = TempPathFactory(_given_basetemp=None, _trace=<pluggy._tracing.TagTracerSub object at 0x14ec297d0>, _basetemp=PosixPath...ders/nz/6q2p_ldx3txdbw_gttbpnwjr0000gn/T/pytest-of-haewonkim/pytest-364'), _retention_count=3, _retention_policy='all')
setup_db = (<sqlalchemy.ext.asyncio.engine.AsyncEngine object at 0x15426bc00>, async_sessionmaker(class_='AsyncSession', autocommit=False, bind=<sqlalchemy.ext.asyncio.engine.AsyncEngine object at 0x15426bc00>, autoflush=False, expire_on_commit=True))

    @pytest_asyncio.fixture(scope="function")
    async def seeded_admin_tenant(client, tmp_path, tmp_path_factory, setup_db):
        _test_config_engine, ConfigSessionLocal = setup_db
        """
        Fixture to create and seed a unique tenant for the 'admin_root' user.
        Tests requiring a pre-existing tenant can depend on this fixture.
        """
        from app.models.config import Tenant, UserTenantAccess
        from app.database import Base # Keep Base for potential future use, though not used directly for schema creation here
        from app.api.tenants import run_alembic_upgrade # Import the migration function
    
        tenant_name = f"Admin Root Tenant {tmp_path.name}"
        tenant_db_path = tmp_path_factory.mktemp(f"seeded_tenant_db_{tmp_path.name}") / f"admin_root_tenant_{tmp_path.name}.db"
        tenant_db_url = f"sqlite+aiosqlite:///{tenant_db_path}"
    
        # Use the test-specific ConfigSessionLocal for seeding
        async with ConfigSessionLocal() as config_session:
            # Create a test tenant
            new_tenant = Tenant(name=tenant_name, db_url=tenant_db_url, is_active=True)
            config_session.add(new_tenant)
            await config_session.flush() # Flush to get tenant.id
    
            # IMPORTANT: Access attributes BEFORE committing the session,
            # otherwise the object will be detached.
            tenant_id = new_tenant.id
            tenant_name = new_tenant.name
    
            # Grant admin_root access to this tenant
            config_session.add(UserTenantAccess(user_id="admin_root", tenant_id=tenant_id, role="ADMIN", is_selected=True))
            await config_session.commit()
    
        # Now, run alembic migrations on this newly created tenant's database
        success, error_msg = run_alembic_upgrade(tenant_db_url)
        if not success:
>           pytest.fail(f"Alembic migration failed for seeded tenant {tenant_name}: {error_msg}")
E           Failed: Alembic migration failed for seeded tenant Admin Root Tenant test_monitoring_import_rejects0: INFO  [alembic.runtime.migration] Context impl SQLiteImpl.
E           INFO  [alembic.runtime.migration] Will assume non-transactional DDL.
E           ERROR [alembic.util.messaging] Multiple head revisions are present for given argument 'head'; please specify a specific target revision, '<branchname>@head' to narrow to a specific head, or 'heads' for all heads

conftest.py:374: Failed
---------------------------- Captured stdout setup -----------------------------
ALEMBIC ERROR: INFO  [alembic.runtime.migration] Context impl SQLiteImpl.
INFO  [alembic.runtime.migration] Will assume non-transactional DDL.
ERROR [alembic.util.messaging] Multiple head revisions are present for given argument 'head'; please specify a specific target revision, '<branchname>@head' to narrow to a specific head, or 'heads' for all heads

______ ERROR at setup of test_monitoring_import_schema_and_template[trio] ______

request = <SubRequest 'seeded_admin_tenant' for <Coroutine test_monitoring_import_schema_and_template[trio]>>
kwargs = {'client': <httpx.AsyncClient object at 0x154188610>, 'setup_db': (<sqlalchemy.ext.asyncio.engine.AsyncEngine object a...ers/nz/6q2p_ldx3txdbw_gttbpnwjr0000gn/T/pytest-of-haewonkim/pytest-364'), _retention_count=3, _retention_policy='all')}
event_loop_fixture_id = 'event_loop'
setup = <function _wrap_async_fixture.<locals>._async_fixture_wrapper.<locals>.setup at 0x152e4b240>
context = <_contextvars.Context object at 0x154229640>
setup_task = <Task finished name='Task-711' coro=<_wrap_async_fixture.<locals>._async_fixture_wrapper.<locals>.setup() done, define...please specify a specific target revision, '<branchname>@head' to narrow to a specific head, or 'heads' for all heads
>

    @functools.wraps(fixture)
    def _async_fixture_wrapper(request: FixtureRequest, **kwargs: Any):
        func = _perhaps_rebind_fixture_func(fixture, request.instance)
        event_loop_fixture_id = _get_event_loop_fixture_id_for_async_fixture(
            request, func
        )
        event_loop = request.getfixturevalue(event_loop_fixture_id)
        kwargs.pop(event_loop_fixture_id, None)
    
        async def setup():
            res = await func(**_add_kwargs(func, kwargs, event_loop, request))
            return res
    
        context = contextvars.copy_context()
        setup_task = _create_task_in_context(event_loop, setup(), context)
>       result = event_loop.run_until_complete(setup_task)
                 ^^^^^^^^^^^^^^^^^^^^^^^^^^^^^^^^^^^^^^^^^

/opt/anaconda3/lib/python3.11/site-packages/pytest_asyncio/plugin.py:391: 
_ _ _ _ _ _ _ _ _ _ _ _ _ _ _ _ _ _ _ _ _ _ _ _ _ _ _ _ _ _ _ _ _ _ _ _ _ _ _ _ 
/opt/anaconda3/lib/python3.11/asyncio/base_events.py:653: in run_until_complete
    return future.result()
           ^^^^^^^^^^^^^^^
/opt/anaconda3/lib/python3.11/site-packages/pytest_asyncio/plugin.py:386: in setup
    res = await func(**_add_kwargs(func, kwargs, event_loop, request))
          ^^^^^^^^^^^^^^^^^^^^^^^^^^^^^^^^^^^^^^^^^^^^^^^^^^^^^^^^^^^^
_ _ _ _ _ _ _ _ _ _ _ _ _ _ _ _ _ _ _ _ _ _ _ _ _ _ _ _ _ _ _ _ _ _ _ _ _ _ _ _ 

client = <httpx.AsyncClient object at 0x154188610>
tmp_path = PosixPath('/private/var/folders/nz/6q2p_ldx3txdbw_gttbpnwjr0000gn/T/pytest-of-haewonkim/pytest-364/test_monitoring_import_schema_1')
tmp_path_factory = TempPathFactory(_given_basetemp=None, _trace=<pluggy._tracing.TagTracerSub object at 0x14ec297d0>, _basetemp=PosixPath...ders/nz/6q2p_ldx3txdbw_gttbpnwjr0000gn/T/pytest-of-haewonkim/pytest-364'), _retention_count=3, _retention_policy='all')
setup_db = (<sqlalchemy.ext.asyncio.engine.AsyncEngine object at 0x15426a9c0>, async_sessionmaker(class_='AsyncSession', autocommit=False, bind=<sqlalchemy.ext.asyncio.engine.AsyncEngine object at 0x15426a9c0>, autoflush=False, expire_on_commit=True))

    @pytest_asyncio.fixture(scope="function")
    async def seeded_admin_tenant(client, tmp_path, tmp_path_factory, setup_db):
        _test_config_engine, ConfigSessionLocal = setup_db
        """
        Fixture to create and seed a unique tenant for the 'admin_root' user.
        Tests requiring a pre-existing tenant can depend on this fixture.
        """
        from app.models.config import Tenant, UserTenantAccess
        from app.database import Base # Keep Base for potential future use, though not used directly for schema creation here
        from app.api.tenants import run_alembic_upgrade # Import the migration function
    
        tenant_name = f"Admin Root Tenant {tmp_path.name}"
        tenant_db_path = tmp_path_factory.mktemp(f"seeded_tenant_db_{tmp_path.name}") / f"admin_root_tenant_{tmp_path.name}.db"
        tenant_db_url = f"sqlite+aiosqlite:///{tenant_db_path}"
    
        # Use the test-specific ConfigSessionLocal for seeding
        async with ConfigSessionLocal() as config_session:
            # Create a test tenant
            new_tenant = Tenant(name=tenant_name, db_url=tenant_db_url, is_active=True)
            config_session.add(new_tenant)
            await config_session.flush() # Flush to get tenant.id
    
            # IMPORTANT: Access attributes BEFORE committing the session,
            # otherwise the object will be detached.
            tenant_id = new_tenant.id
            tenant_name = new_tenant.name
    
            # Grant admin_root access to this tenant
            config_session.add(UserTenantAccess(user_id="admin_root", tenant_id=tenant_id, role="ADMIN", is_selected=True))
            await config_session.commit()
    
        # Now, run alembic migrations on this newly created tenant's database
        success, error_msg = run_alembic_upgrade(tenant_db_url)
        if not success:
>           pytest.fail(f"Alembic migration failed for seeded tenant {tenant_name}: {error_msg}")
E           Failed: Alembic migration failed for seeded tenant Admin Root Tenant test_monitoring_import_schema_1: INFO  [alembic.runtime.migration] Context impl SQLiteImpl.
E           INFO  [alembic.runtime.migration] Will assume non-transactional DDL.
E           ERROR [alembic.util.messaging] Multiple head revisions are present for given argument 'head'; please specify a specific target revision, '<branchname>@head' to narrow to a specific head, or 'heads' for all heads

conftest.py:374: Failed
---------------------------- Captured stdout setup -----------------------------
ALEMBIC ERROR: INFO  [alembic.runtime.migration] Context impl SQLiteImpl.
INFO  [alembic.runtime.migration] Will assume non-transactional DDL.
ERROR [alembic.util.messaging] Multiple head revisions are present for given argument 'head'; please specify a specific target revision, '<branchname>@head' to narrow to a specific head, or 'heads' for all heads

___ ERROR at setup of test_monitoring_import_preview_rows_and_execute[trio] ____

request = <SubRequest 'seeded_admin_tenant' for <Coroutine test_monitoring_import_preview_rows_and_execute[trio]>>
kwargs = {'client': <httpx.AsyncClient object at 0x154188610>, 'setup_db': (<sqlalchemy.ext.asyncio.engine.AsyncEngine object a...ers/nz/6q2p_ldx3txdbw_gttbpnwjr0000gn/T/pytest-of-haewonkim/pytest-364'), _retention_count=3, _retention_policy='all')}
event_loop_fixture_id = 'event_loop'
setup = <function _wrap_async_fixture.<locals>._async_fixture_wrapper.<locals>.setup at 0x152e7cb80>
context = <_contextvars.Context object at 0x15421ae40>
setup_task = <Task finished name='Task-717' coro=<_wrap_async_fixture.<locals>._async_fixture_wrapper.<locals>.setup() done, define...please specify a specific target revision, '<branchname>@head' to narrow to a specific head, or 'heads' for all heads
>

    @functools.wraps(fixture)
    def _async_fixture_wrapper(request: FixtureRequest, **kwargs: Any):
        func = _perhaps_rebind_fixture_func(fixture, request.instance)
        event_loop_fixture_id = _get_event_loop_fixture_id_for_async_fixture(
            request, func
        )
        event_loop = request.getfixturevalue(event_loop_fixture_id)
        kwargs.pop(event_loop_fixture_id, None)
    
        async def setup():
            res = await func(**_add_kwargs(func, kwargs, event_loop, request))
            return res
    
        context = contextvars.copy_context()
        setup_task = _create_task_in_context(event_loop, setup(), context)
>       result = event_loop.run_until_complete(setup_task)
                 ^^^^^^^^^^^^^^^^^^^^^^^^^^^^^^^^^^^^^^^^^

/opt/anaconda3/lib/python3.11/site-packages/pytest_asyncio/plugin.py:391: 
_ _ _ _ _ _ _ _ _ _ _ _ _ _ _ _ _ _ _ _ _ _ _ _ _ _ _ _ _ _ _ _ _ _ _ _ _ _ _ _ 
/opt/anaconda3/lib/python3.11/asyncio/base_events.py:653: in run_until_complete
    return future.result()
           ^^^^^^^^^^^^^^^
/opt/anaconda3/lib/python3.11/site-packages/pytest_asyncio/plugin.py:386: in setup
    res = await func(**_add_kwargs(func, kwargs, event_loop, request))
          ^^^^^^^^^^^^^^^^^^^^^^^^^^^^^^^^^^^^^^^^^^^^^^^^^^^^^^^^^^^^
_ _ _ _ _ _ _ _ _ _ _ _ _ _ _ _ _ _ _ _ _ _ _ _ _ _ _ _ _ _ _ _ _ _ _ _ _ _ _ _ 

client = <httpx.AsyncClient object at 0x154188610>
tmp_path = PosixPath('/private/var/folders/nz/6q2p_ldx3txdbw_gttbpnwjr0000gn/T/pytest-of-haewonkim/pytest-364/test_monitoring_import_preview2')
tmp_path_factory = TempPathFactory(_given_basetemp=None, _trace=<pluggy._tracing.TagTracerSub object at 0x14ec297d0>, _basetemp=PosixPath...ders/nz/6q2p_ldx3txdbw_gttbpnwjr0000gn/T/pytest-of-haewonkim/pytest-364'), _retention_count=3, _retention_policy='all')
setup_db = (<sqlalchemy.ext.asyncio.engine.AsyncEngine object at 0x154233e00>, async_sessionmaker(class_='AsyncSession', autocommit=False, bind=<sqlalchemy.ext.asyncio.engine.AsyncEngine object at 0x154233e00>, autoflush=False, expire_on_commit=True))

    @pytest_asyncio.fixture(scope="function")
    async def seeded_admin_tenant(client, tmp_path, tmp_path_factory, setup_db):
        _test_config_engine, ConfigSessionLocal = setup_db
        """
        Fixture to create and seed a unique tenant for the 'admin_root' user.
        Tests requiring a pre-existing tenant can depend on this fixture.
        """
        from app.models.config import Tenant, UserTenantAccess
        from app.database import Base # Keep Base for potential future use, though not used directly for schema creation here
        from app.api.tenants import run_alembic_upgrade # Import the migration function
    
        tenant_name = f"Admin Root Tenant {tmp_path.name}"
        tenant_db_path = tmp_path_factory.mktemp(f"seeded_tenant_db_{tmp_path.name}") / f"admin_root_tenant_{tmp_path.name}.db"
        tenant_db_url = f"sqlite+aiosqlite:///{tenant_db_path}"
    
        # Use the test-specific ConfigSessionLocal for seeding
        async with ConfigSessionLocal() as config_session:
            # Create a test tenant
            new_tenant = Tenant(name=tenant_name, db_url=tenant_db_url, is_active=True)
            config_session.add(new_tenant)
            await config_session.flush() # Flush to get tenant.id
    
            # IMPORTANT: Access attributes BEFORE committing the session,
            # otherwise the object will be detached.
            tenant_id = new_tenant.id
            tenant_name = new_tenant.name
    
            # Grant admin_root access to this tenant
            config_session.add(UserTenantAccess(user_id="admin_root", tenant_id=tenant_id, role="ADMIN", is_selected=True))
            await config_session.commit()
    
        # Now, run alembic migrations on this newly created tenant's database
        success, error_msg = run_alembic_upgrade(tenant_db_url)
        if not success:
>           pytest.fail(f"Alembic migration failed for seeded tenant {tenant_name}: {error_msg}")
E           Failed: Alembic migration failed for seeded tenant Admin Root Tenant test_monitoring_import_preview2: INFO  [alembic.runtime.migration] Context impl SQLiteImpl.
E           INFO  [alembic.runtime.migration] Will assume non-transactional DDL.
E           ERROR [alembic.util.messaging] Multiple head revisions are present for given argument 'head'; please specify a specific target revision, '<branchname>@head' to narrow to a specific head, or 'heads' for all heads

conftest.py:374: Failed
---------------------------- Captured stdout setup -----------------------------
ALEMBIC ERROR: INFO  [alembic.runtime.migration] Context impl SQLiteImpl.
INFO  [alembic.runtime.migration] Will assume non-transactional DDL.
ERROR [alembic.util.messaging] Multiple head revisions are present for given argument 'head'; please specify a specific target revision, '<branchname>@head' to narrow to a specific head, or 'heads' for all heads

_ ERROR at setup of test_monitoring_snapshot_export_uses_round_trip_import_contract[trio] _

request = <SubRequest 'seeded_admin_tenant' for <Coroutine test_monitoring_snapshot_export_uses_round_trip_import_contract[trio]>>
kwargs = {'client': <httpx.AsyncClient object at 0x154188610>, 'setup_db': (<sqlalchemy.ext.asyncio.engine.AsyncEngine object a...ers/nz/6q2p_ldx3txdbw_gttbpnwjr0000gn/T/pytest-of-haewonkim/pytest-364'), _retention_count=3, _retention_policy='all')}
event_loop_fixture_id = 'event_loop'
setup = <function _wrap_async_fixture.<locals>._async_fixture_wrapper.<locals>.setup at 0x152cd51c0>
context = <_contextvars.Context object at 0x1528c5a80>
setup_task = <Task finished name='Task-723' coro=<_wrap_async_fixture.<locals>._async_fixture_wrapper.<locals>.setup() done, define...please specify a specific target revision, '<branchname>@head' to narrow to a specific head, or 'heads' for all heads
>

    @functools.wraps(fixture)
    def _async_fixture_wrapper(request: FixtureRequest, **kwargs: Any):
        func = _perhaps_rebind_fixture_func(fixture, request.instance)
        event_loop_fixture_id = _get_event_loop_fixture_id_for_async_fixture(
            request, func
        )
        event_loop = request.getfixturevalue(event_loop_fixture_id)
        kwargs.pop(event_loop_fixture_id, None)
    
        async def setup():
            res = await func(**_add_kwargs(func, kwargs, event_loop, request))
            return res
    
        context = contextvars.copy_context()
        setup_task = _create_task_in_context(event_loop, setup(), context)
>       result = event_loop.run_until_complete(setup_task)
                 ^^^^^^^^^^^^^^^^^^^^^^^^^^^^^^^^^^^^^^^^^

/opt/anaconda3/lib/python3.11/site-packages/pytest_asyncio/plugin.py:391: 
_ _ _ _ _ _ _ _ _ _ _ _ _ _ _ _ _ _ _ _ _ _ _ _ _ _ _ _ _ _ _ _ _ _ _ _ _ _ _ _ 
/opt/anaconda3/lib/python3.11/asyncio/base_events.py:653: in run_until_complete
    return future.result()
           ^^^^^^^^^^^^^^^
/opt/anaconda3/lib/python3.11/site-packages/pytest_asyncio/plugin.py:386: in setup
    res = await func(**_add_kwargs(func, kwargs, event_loop, request))
          ^^^^^^^^^^^^^^^^^^^^^^^^^^^^^^^^^^^^^^^^^^^^^^^^^^^^^^^^^^^^
_ _ _ _ _ _ _ _ _ _ _ _ _ _ _ _ _ _ _ _ _ _ _ _ _ _ _ _ _ _ _ _ _ _ _ _ _ _ _ _ 

client = <httpx.AsyncClient object at 0x154188610>
tmp_path = PosixPath('/private/var/folders/nz/6q2p_ldx3txdbw_gttbpnwjr0000gn/T/pytest-of-haewonkim/pytest-364/test_monitoring_snapshot_expor1')
tmp_path_factory = TempPathFactory(_given_basetemp=None, _trace=<pluggy._tracing.TagTracerSub object at 0x14ec297d0>, _basetemp=PosixPath...ders/nz/6q2p_ldx3txdbw_gttbpnwjr0000gn/T/pytest-of-haewonkim/pytest-364'), _retention_count=3, _retention_policy='all')
setup_db = (<sqlalchemy.ext.asyncio.engine.AsyncEngine object at 0x152dfcf00>, async_sessionmaker(class_='AsyncSession', autocommit=False, bind=<sqlalchemy.ext.asyncio.engine.AsyncEngine object at 0x152dfcf00>, autoflush=False, expire_on_commit=True))

    @pytest_asyncio.fixture(scope="function")
    async def seeded_admin_tenant(client, tmp_path, tmp_path_factory, setup_db):
        _test_config_engine, ConfigSessionLocal = setup_db
        """
        Fixture to create and seed a unique tenant for the 'admin_root' user.
        Tests requiring a pre-existing tenant can depend on this fixture.
        """
        from app.models.config import Tenant, UserTenantAccess
        from app.database import Base # Keep Base for potential future use, though not used directly for schema creation here
        from app.api.tenants import run_alembic_upgrade # Import the migration function
    
        tenant_name = f"Admin Root Tenant {tmp_path.name}"
        tenant_db_path = tmp_path_factory.mktemp(f"seeded_tenant_db_{tmp_path.name}") / f"admin_root_tenant_{tmp_path.name}.db"
        tenant_db_url = f"sqlite+aiosqlite:///{tenant_db_path}"
    
        # Use the test-specific ConfigSessionLocal for seeding
        async with ConfigSessionLocal() as config_session:
            # Create a test tenant
            new_tenant = Tenant(name=tenant_name, db_url=tenant_db_url, is_active=True)
            config_session.add(new_tenant)
            await config_session.flush() # Flush to get tenant.id
    
            # IMPORTANT: Access attributes BEFORE committing the session,
            # otherwise the object will be detached.
            tenant_id = new_tenant.id
            tenant_name = new_tenant.name
    
            # Grant admin_root access to this tenant
            config_session.add(UserTenantAccess(user_id="admin_root", tenant_id=tenant_id, role="ADMIN", is_selected=True))
            await config_session.commit()
    
        # Now, run alembic migrations on this newly created tenant's database
        success, error_msg = run_alembic_upgrade(tenant_db_url)
        if not success:
>           pytest.fail(f"Alembic migration failed for seeded tenant {tenant_name}: {error_msg}")
E           Failed: Alembic migration failed for seeded tenant Admin Root Tenant test_monitoring_snapshot_expor1: INFO  [alembic.runtime.migration] Context impl SQLiteImpl.
E           INFO  [alembic.runtime.migration] Will assume non-transactional DDL.
E           ERROR [alembic.util.messaging] Multiple head revisions are present for given argument 'head'; please specify a specific target revision, '<branchname>@head' to narrow to a specific head, or 'heads' for all heads

conftest.py:374: Failed
---------------------------- Captured stdout setup -----------------------------
ALEMBIC ERROR: INFO  [alembic.runtime.migration] Context impl SQLiteImpl.
INFO  [alembic.runtime.migration] Will assume non-transactional DDL.
ERROR [alembic.util.messaging] Multiple head revisions are present for given argument 'head'; please specify a specific target revision, '<branchname>@head' to narrow to a specific head, or 'heads' for all heads

_ ERROR at setup of test_monitoring_import_preview_file_accepts_csv_upload[trio] _

request = <SubRequest 'seeded_admin_tenant' for <Coroutine test_monitoring_import_preview_file_accepts_csv_upload[trio]>>
kwargs = {'client': <httpx.AsyncClient object at 0x154188610>, 'setup_db': (<sqlalchemy.ext.asyncio.engine.AsyncEngine object a...ers/nz/6q2p_ldx3txdbw_gttbpnwjr0000gn/T/pytest-of-haewonkim/pytest-364'), _retention_count=3, _retention_policy='all')}
event_loop_fixture_id = 'event_loop'
setup = <function _wrap_async_fixture.<locals>._async_fixture_wrapper.<locals>.setup at 0x152e61da0>
context = <_contextvars.Context object at 0x154233400>
setup_task = <Task finished name='Task-729' coro=<_wrap_async_fixture.<locals>._async_fixture_wrapper.<locals>.setup() done, define...please specify a specific target revision, '<branchname>@head' to narrow to a specific head, or 'heads' for all heads
>

    @functools.wraps(fixture)
    def _async_fixture_wrapper(request: FixtureRequest, **kwargs: Any):
        func = _perhaps_rebind_fixture_func(fixture, request.instance)
        event_loop_fixture_id = _get_event_loop_fixture_id_for_async_fixture(
            request, func
        )
        event_loop = request.getfixturevalue(event_loop_fixture_id)
        kwargs.pop(event_loop_fixture_id, None)
    
        async def setup():
            res = await func(**_add_kwargs(func, kwargs, event_loop, request))
            return res
    
        context = contextvars.copy_context()
        setup_task = _create_task_in_context(event_loop, setup(), context)
>       result = event_loop.run_until_complete(setup_task)
                 ^^^^^^^^^^^^^^^^^^^^^^^^^^^^^^^^^^^^^^^^^

/opt/anaconda3/lib/python3.11/site-packages/pytest_asyncio/plugin.py:391: 
_ _ _ _ _ _ _ _ _ _ _ _ _ _ _ _ _ _ _ _ _ _ _ _ _ _ _ _ _ _ _ _ _ _ _ _ _ _ _ _ 
/opt/anaconda3/lib/python3.11/asyncio/base_events.py:653: in run_until_complete
    return future.result()
           ^^^^^^^^^^^^^^^
/opt/anaconda3/lib/python3.11/site-packages/pytest_asyncio/plugin.py:386: in setup
    res = await func(**_add_kwargs(func, kwargs, event_loop, request))
          ^^^^^^^^^^^^^^^^^^^^^^^^^^^^^^^^^^^^^^^^^^^^^^^^^^^^^^^^^^^^
_ _ _ _ _ _ _ _ _ _ _ _ _ _ _ _ _ _ _ _ _ _ _ _ _ _ _ _ _ _ _ _ _ _ _ _ _ _ _ _ 

client = <httpx.AsyncClient object at 0x154188610>
tmp_path = PosixPath('/private/var/folders/nz/6q2p_ldx3txdbw_gttbpnwjr0000gn/T/pytest-of-haewonkim/pytest-364/test_monitoring_import_preview3')
tmp_path_factory = TempPathFactory(_given_basetemp=None, _trace=<pluggy._tracing.TagTracerSub object at 0x14ec297d0>, _basetemp=PosixPath...ders/nz/6q2p_ldx3txdbw_gttbpnwjr0000gn/T/pytest-of-haewonkim/pytest-364'), _retention_count=3, _retention_policy='all')
setup_db = (<sqlalchemy.ext.asyncio.engine.AsyncEngine object at 0x154301080>, async_sessionmaker(class_='AsyncSession', autocommit=False, bind=<sqlalchemy.ext.asyncio.engine.AsyncEngine object at 0x154301080>, autoflush=False, expire_on_commit=True))

    @pytest_asyncio.fixture(scope="function")
    async def seeded_admin_tenant(client, tmp_path, tmp_path_factory, setup_db):
        _test_config_engine, ConfigSessionLocal = setup_db
        """
        Fixture to create and seed a unique tenant for the 'admin_root' user.
        Tests requiring a pre-existing tenant can depend on this fixture.
        """
        from app.models.config import Tenant, UserTenantAccess
        from app.database import Base # Keep Base for potential future use, though not used directly for schema creation here
        from app.api.tenants import run_alembic_upgrade # Import the migration function
    
        tenant_name = f"Admin Root Tenant {tmp_path.name}"
        tenant_db_path = tmp_path_factory.mktemp(f"seeded_tenant_db_{tmp_path.name}") / f"admin_root_tenant_{tmp_path.name}.db"
        tenant_db_url = f"sqlite+aiosqlite:///{tenant_db_path}"
    
        # Use the test-specific ConfigSessionLocal for seeding
        async with ConfigSessionLocal() as config_session:
            # Create a test tenant
            new_tenant = Tenant(name=tenant_name, db_url=tenant_db_url, is_active=True)
            config_session.add(new_tenant)
            await config_session.flush() # Flush to get tenant.id
    
            # IMPORTANT: Access attributes BEFORE committing the session,
            # otherwise the object will be detached.
            tenant_id = new_tenant.id
            tenant_name = new_tenant.name
    
            # Grant admin_root access to this tenant
            config_session.add(UserTenantAccess(user_id="admin_root", tenant_id=tenant_id, role="ADMIN", is_selected=True))
            await config_session.commit()
    
        # Now, run alembic migrations on this newly created tenant's database
        success, error_msg = run_alembic_upgrade(tenant_db_url)
        if not success:
>           pytest.fail(f"Alembic migration failed for seeded tenant {tenant_name}: {error_msg}")
E           Failed: Alembic migration failed for seeded tenant Admin Root Tenant test_monitoring_import_preview3: INFO  [alembic.runtime.migration] Context impl SQLiteImpl.
E           INFO  [alembic.runtime.migration] Will assume non-transactional DDL.
E           ERROR [alembic.util.messaging] Multiple head revisions are present for given argument 'head'; please specify a specific target revision, '<branchname>@head' to narrow to a specific head, or 'heads' for all heads

conftest.py:374: Failed
---------------------------- Captured stdout setup -----------------------------
ALEMBIC ERROR: INFO  [alembic.runtime.migration] Context impl SQLiteImpl.
INFO  [alembic.runtime.migration] Will assume non-transactional DDL.
ERROR [alembic.util.messaging] Multiple head revisions are present for given argument 'head'; please specify a specific target revision, '<branchname>@head' to narrow to a specific head, or 'heads' for all heads

_ ERROR at setup of test_external_import_schema_template_preview_and_execute[trio] _

request = <SubRequest 'seeded_admin_tenant' for <Coroutine test_external_import_schema_template_preview_and_execute[trio]>>
kwargs = {'client': <httpx.AsyncClient object at 0x154188610>, 'setup_db': (<sqlalchemy.ext.asyncio.engine.AsyncEngine object a...ers/nz/6q2p_ldx3txdbw_gttbpnwjr0000gn/T/pytest-of-haewonkim/pytest-364'), _retention_count=3, _retention_policy='all')}
event_loop_fixture_id = 'event_loop'
setup = <function _wrap_async_fixture.<locals>._async_fixture_wrapper.<locals>.setup at 0x152e4b240>
context = <_contextvars.Context object at 0x1542309c0>
setup_task = <Task finished name='Task-735' coro=<_wrap_async_fixture.<locals>._async_fixture_wrapper.<locals>.setup() done, define...please specify a specific target revision, '<branchname>@head' to narrow to a specific head, or 'heads' for all heads
>

    @functools.wraps(fixture)
    def _async_fixture_wrapper(request: FixtureRequest, **kwargs: Any):
        func = _perhaps_rebind_fixture_func(fixture, request.instance)
        event_loop_fixture_id = _get_event_loop_fixture_id_for_async_fixture(
            request, func
        )
        event_loop = request.getfixturevalue(event_loop_fixture_id)
        kwargs.pop(event_loop_fixture_id, None)
    
        async def setup():
            res = await func(**_add_kwargs(func, kwargs, event_loop, request))
            return res
    
        context = contextvars.copy_context()
        setup_task = _create_task_in_context(event_loop, setup(), context)
>       result = event_loop.run_until_complete(setup_task)
                 ^^^^^^^^^^^^^^^^^^^^^^^^^^^^^^^^^^^^^^^^^

/opt/anaconda3/lib/python3.11/site-packages/pytest_asyncio/plugin.py:391: 
_ _ _ _ _ _ _ _ _ _ _ _ _ _ _ _ _ _ _ _ _ _ _ _ _ _ _ _ _ _ _ _ _ _ _ _ _ _ _ _ 
/opt/anaconda3/lib/python3.11/asyncio/base_events.py:653: in run_until_complete
    return future.result()
           ^^^^^^^^^^^^^^^
/opt/anaconda3/lib/python3.11/site-packages/pytest_asyncio/plugin.py:386: in setup
    res = await func(**_add_kwargs(func, kwargs, event_loop, request))
          ^^^^^^^^^^^^^^^^^^^^^^^^^^^^^^^^^^^^^^^^^^^^^^^^^^^^^^^^^^^^
_ _ _ _ _ _ _ _ _ _ _ _ _ _ _ _ _ _ _ _ _ _ _ _ _ _ _ _ _ _ _ _ _ _ _ _ _ _ _ _ 

client = <httpx.AsyncClient object at 0x154188610>
tmp_path = PosixPath('/private/var/folders/nz/6q2p_ldx3txdbw_gttbpnwjr0000gn/T/pytest-of-haewonkim/pytest-364/test_external_import_schema_te1')
tmp_path_factory = TempPathFactory(_given_basetemp=None, _trace=<pluggy._tracing.TagTracerSub object at 0x14ec297d0>, _basetemp=PosixPath...ders/nz/6q2p_ldx3txdbw_gttbpnwjr0000gn/T/pytest-of-haewonkim/pytest-364'), _retention_count=3, _retention_policy='all')
setup_db = (<sqlalchemy.ext.asyncio.engine.AsyncEngine object at 0x15419d0c0>, async_sessionmaker(class_='AsyncSession', autocommit=False, bind=<sqlalchemy.ext.asyncio.engine.AsyncEngine object at 0x15419d0c0>, autoflush=False, expire_on_commit=True))

    @pytest_asyncio.fixture(scope="function")
    async def seeded_admin_tenant(client, tmp_path, tmp_path_factory, setup_db):
        _test_config_engine, ConfigSessionLocal = setup_db
        """
        Fixture to create and seed a unique tenant for the 'admin_root' user.
        Tests requiring a pre-existing tenant can depend on this fixture.
        """
        from app.models.config import Tenant, UserTenantAccess
        from app.database import Base # Keep Base for potential future use, though not used directly for schema creation here
        from app.api.tenants import run_alembic_upgrade # Import the migration function
    
        tenant_name = f"Admin Root Tenant {tmp_path.name}"
        tenant_db_path = tmp_path_factory.mktemp(f"seeded_tenant_db_{tmp_path.name}") / f"admin_root_tenant_{tmp_path.name}.db"
        tenant_db_url = f"sqlite+aiosqlite:///{tenant_db_path}"
    
        # Use the test-specific ConfigSessionLocal for seeding
        async with ConfigSessionLocal() as config_session:
            # Create a test tenant
            new_tenant = Tenant(name=tenant_name, db_url=tenant_db_url, is_active=True)
            config_session.add(new_tenant)
            await config_session.flush() # Flush to get tenant.id
    
            # IMPORTANT: Access attributes BEFORE committing the session,
            # otherwise the object will be detached.
            tenant_id = new_tenant.id
            tenant_name = new_tenant.name
    
            # Grant admin_root access to this tenant
            config_session.add(UserTenantAccess(user_id="admin_root", tenant_id=tenant_id, role="ADMIN", is_selected=True))
            await config_session.commit()
    
        # Now, run alembic migrations on this newly created tenant's database
        success, error_msg = run_alembic_upgrade(tenant_db_url)
        if not success:
>           pytest.fail(f"Alembic migration failed for seeded tenant {tenant_name}: {error_msg}")
E           Failed: Alembic migration failed for seeded tenant Admin Root Tenant test_external_import_schema_te1: INFO  [alembic.runtime.migration] Context impl SQLiteImpl.
E           INFO  [alembic.runtime.migration] Will assume non-transactional DDL.
E           ERROR [alembic.util.messaging] Multiple head revisions are present for given argument 'head'; please specify a specific target revision, '<branchname>@head' to narrow to a specific head, or 'heads' for all heads

conftest.py:374: Failed
---------------------------- Captured stdout setup -----------------------------
ALEMBIC ERROR: INFO  [alembic.runtime.migration] Context impl SQLiteImpl.
INFO  [alembic.runtime.migration] Will assume non-transactional DDL.
ERROR [alembic.util.messaging] Multiple head revisions are present for given argument 'head'; please specify a specific target revision, '<branchname>@head' to narrow to a specific head, or 'heads' for all heads

_ ERROR at setup of test_external_snapshot_export_exposes_round_trip_headers_for_browser_js[trio] _

request = <SubRequest 'seeded_admin_tenant' for <Coroutine test_external_snapshot_export_exposes_round_trip_headers_for_browser_js[trio]>>
kwargs = {'client': <httpx.AsyncClient object at 0x154188610>, 'setup_db': (<sqlalchemy.ext.asyncio.engine.AsyncEngine object a...ers/nz/6q2p_ldx3txdbw_gttbpnwjr0000gn/T/pytest-of-haewonkim/pytest-364'), _retention_count=3, _retention_policy='all')}
event_loop_fixture_id = 'event_loop'
setup = <function _wrap_async_fixture.<locals>._async_fixture_wrapper.<locals>.setup at 0x152e7f060>
context = <_contextvars.Context object at 0x152f4c880>
setup_task = <Task finished name='Task-741' coro=<_wrap_async_fixture.<locals>._async_fixture_wrapper.<locals>.setup() done, define...please specify a specific target revision, '<branchname>@head' to narrow to a specific head, or 'heads' for all heads
>

    @functools.wraps(fixture)
    def _async_fixture_wrapper(request: FixtureRequest, **kwargs: Any):
        func = _perhaps_rebind_fixture_func(fixture, request.instance)
        event_loop_fixture_id = _get_event_loop_fixture_id_for_async_fixture(
            request, func
        )
        event_loop = request.getfixturevalue(event_loop_fixture_id)
        kwargs.pop(event_loop_fixture_id, None)
    
        async def setup():
            res = await func(**_add_kwargs(func, kwargs, event_loop, request))
            return res
    
        context = contextvars.copy_context()
        setup_task = _create_task_in_context(event_loop, setup(), context)
>       result = event_loop.run_until_complete(setup_task)
                 ^^^^^^^^^^^^^^^^^^^^^^^^^^^^^^^^^^^^^^^^^

/opt/anaconda3/lib/python3.11/site-packages/pytest_asyncio/plugin.py:391: 
_ _ _ _ _ _ _ _ _ _ _ _ _ _ _ _ _ _ _ _ _ _ _ _ _ _ _ _ _ _ _ _ _ _ _ _ _ _ _ _ 
/opt/anaconda3/lib/python3.11/asyncio/base_events.py:653: in run_until_complete
    return future.result()
           ^^^^^^^^^^^^^^^
/opt/anaconda3/lib/python3.11/site-packages/pytest_asyncio/plugin.py:386: in setup
    res = await func(**_add_kwargs(func, kwargs, event_loop, request))
          ^^^^^^^^^^^^^^^^^^^^^^^^^^^^^^^^^^^^^^^^^^^^^^^^^^^^^^^^^^^^
_ _ _ _ _ _ _ _ _ _ _ _ _ _ _ _ _ _ _ _ _ _ _ _ _ _ _ _ _ _ _ _ _ _ _ _ _ _ _ _ 

client = <httpx.AsyncClient object at 0x154188610>
tmp_path = PosixPath('/private/var/folders/nz/6q2p_ldx3txdbw_gttbpnwjr0000gn/T/pytest-of-haewonkim/pytest-364/test_external_snapshot_export_2')
tmp_path_factory = TempPathFactory(_given_basetemp=None, _trace=<pluggy._tracing.TagTracerSub object at 0x14ec297d0>, _basetemp=PosixPath...ders/nz/6q2p_ldx3txdbw_gttbpnwjr0000gn/T/pytest-of-haewonkim/pytest-364'), _retention_count=3, _retention_policy='all')
setup_db = (<sqlalchemy.ext.asyncio.engine.AsyncEngine object at 0x152d04080>, async_sessionmaker(class_='AsyncSession', autocommit=False, bind=<sqlalchemy.ext.asyncio.engine.AsyncEngine object at 0x152d04080>, autoflush=False, expire_on_commit=True))

    @pytest_asyncio.fixture(scope="function")
    async def seeded_admin_tenant(client, tmp_path, tmp_path_factory, setup_db):
        _test_config_engine, ConfigSessionLocal = setup_db
        """
        Fixture to create and seed a unique tenant for the 'admin_root' user.
        Tests requiring a pre-existing tenant can depend on this fixture.
        """
        from app.models.config import Tenant, UserTenantAccess
        from app.database import Base # Keep Base for potential future use, though not used directly for schema creation here
        from app.api.tenants import run_alembic_upgrade # Import the migration function
    
        tenant_name = f"Admin Root Tenant {tmp_path.name}"
        tenant_db_path = tmp_path_factory.mktemp(f"seeded_tenant_db_{tmp_path.name}") / f"admin_root_tenant_{tmp_path.name}.db"
        tenant_db_url = f"sqlite+aiosqlite:///{tenant_db_path}"
    
        # Use the test-specific ConfigSessionLocal for seeding
        async with ConfigSessionLocal() as config_session:
            # Create a test tenant
            new_tenant = Tenant(name=tenant_name, db_url=tenant_db_url, is_active=True)
            config_session.add(new_tenant)
            await config_session.flush() # Flush to get tenant.id
    
            # IMPORTANT: Access attributes BEFORE committing the session,
            # otherwise the object will be detached.
            tenant_id = new_tenant.id
            tenant_name = new_tenant.name
    
            # Grant admin_root access to this tenant
            config_session.add(UserTenantAccess(user_id="admin_root", tenant_id=tenant_id, role="ADMIN", is_selected=True))
            await config_session.commit()
    
        # Now, run alembic migrations on this newly created tenant's database
        success, error_msg = run_alembic_upgrade(tenant_db_url)
        if not success:
>           pytest.fail(f"Alembic migration failed for seeded tenant {tenant_name}: {error_msg}")
E           Failed: Alembic migration failed for seeded tenant Admin Root Tenant test_external_snapshot_export_2: INFO  [alembic.runtime.migration] Context impl SQLiteImpl.
E           INFO  [alembic.runtime.migration] Will assume non-transactional DDL.
E           ERROR [alembic.util.messaging] Multiple head revisions are present for given argument 'head'; please specify a specific target revision, '<branchname>@head' to narrow to a specific head, or 'heads' for all heads

conftest.py:374: Failed
---------------------------- Captured stdout setup -----------------------------
ALEMBIC ERROR: INFO  [alembic.runtime.migration] Context impl SQLiteImpl.
INFO  [alembic.runtime.migration] Will assume non-transactional DDL.
ERROR [alembic.util.messaging] Multiple head revisions are present for given argument 'head'; please specify a specific target revision, '<branchname>@head' to narrow to a specific head, or 'heads' for all heads

_ ERROR at setup of test_external_snapshot_manifest_and_csv_contract_stay_in_sync[trio] _

request = <SubRequest 'seeded_admin_tenant' for <Coroutine test_external_snapshot_manifest_and_csv_contract_stay_in_sync[trio]>>
kwargs = {'client': <httpx.AsyncClient object at 0x154188610>, 'setup_db': (<sqlalchemy.ext.asyncio.engine.AsyncEngine object a...ers/nz/6q2p_ldx3txdbw_gttbpnwjr0000gn/T/pytest-of-haewonkim/pytest-364'), _retention_count=3, _retention_policy='all')}
event_loop_fixture_id = 'event_loop'
setup = <function _wrap_async_fixture.<locals>._async_fixture_wrapper.<locals>.setup at 0x152e4b7e0>
context = <_contextvars.Context object at 0x1542c1e80>
setup_task = <Task finished name='Task-747' coro=<_wrap_async_fixture.<locals>._async_fixture_wrapper.<locals>.setup() done, define...please specify a specific target revision, '<branchname>@head' to narrow to a specific head, or 'heads' for all heads
>

    @functools.wraps(fixture)
    def _async_fixture_wrapper(request: FixtureRequest, **kwargs: Any):
        func = _perhaps_rebind_fixture_func(fixture, request.instance)
        event_loop_fixture_id = _get_event_loop_fixture_id_for_async_fixture(
            request, func
        )
        event_loop = request.getfixturevalue(event_loop_fixture_id)
        kwargs.pop(event_loop_fixture_id, None)
    
        async def setup():
            res = await func(**_add_kwargs(func, kwargs, event_loop, request))
            return res
    
        context = contextvars.copy_context()
        setup_task = _create_task_in_context(event_loop, setup(), context)
>       result = event_loop.run_until_complete(setup_task)
                 ^^^^^^^^^^^^^^^^^^^^^^^^^^^^^^^^^^^^^^^^^

/opt/anaconda3/lib/python3.11/site-packages/pytest_asyncio/plugin.py:391: 
_ _ _ _ _ _ _ _ _ _ _ _ _ _ _ _ _ _ _ _ _ _ _ _ _ _ _ _ _ _ _ _ _ _ _ _ _ _ _ _ 
/opt/anaconda3/lib/python3.11/asyncio/base_events.py:653: in run_until_complete
    return future.result()
           ^^^^^^^^^^^^^^^
/opt/anaconda3/lib/python3.11/site-packages/pytest_asyncio/plugin.py:386: in setup
    res = await func(**_add_kwargs(func, kwargs, event_loop, request))
          ^^^^^^^^^^^^^^^^^^^^^^^^^^^^^^^^^^^^^^^^^^^^^^^^^^^^^^^^^^^^
_ _ _ _ _ _ _ _ _ _ _ _ _ _ _ _ _ _ _ _ _ _ _ _ _ _ _ _ _ _ _ _ _ _ _ _ _ _ _ _ 

client = <httpx.AsyncClient object at 0x154188610>
tmp_path = PosixPath('/private/var/folders/nz/6q2p_ldx3txdbw_gttbpnwjr0000gn/T/pytest-of-haewonkim/pytest-364/test_external_snapshot_manifes1')
tmp_path_factory = TempPathFactory(_given_basetemp=None, _trace=<pluggy._tracing.TagTracerSub object at 0x14ec297d0>, _basetemp=PosixPath...ders/nz/6q2p_ldx3txdbw_gttbpnwjr0000gn/T/pytest-of-haewonkim/pytest-364'), _retention_count=3, _retention_policy='all')
setup_db = (<sqlalchemy.ext.asyncio.engine.AsyncEngine object at 0x152f55500>, async_sessionmaker(class_='AsyncSession', autocommit=False, bind=<sqlalchemy.ext.asyncio.engine.AsyncEngine object at 0x152f55500>, autoflush=False, expire_on_commit=True))

    @pytest_asyncio.fixture(scope="function")
    async def seeded_admin_tenant(client, tmp_path, tmp_path_factory, setup_db):
        _test_config_engine, ConfigSessionLocal = setup_db
        """
        Fixture to create and seed a unique tenant for the 'admin_root' user.
        Tests requiring a pre-existing tenant can depend on this fixture.
        """
        from app.models.config import Tenant, UserTenantAccess
        from app.database import Base # Keep Base for potential future use, though not used directly for schema creation here
        from app.api.tenants import run_alembic_upgrade # Import the migration function
    
        tenant_name = f"Admin Root Tenant {tmp_path.name}"
        tenant_db_path = tmp_path_factory.mktemp(f"seeded_tenant_db_{tmp_path.name}") / f"admin_root_tenant_{tmp_path.name}.db"
        tenant_db_url = f"sqlite+aiosqlite:///{tenant_db_path}"
    
        # Use the test-specific ConfigSessionLocal for seeding
        async with ConfigSessionLocal() as config_session:
            # Create a test tenant
            new_tenant = Tenant(name=tenant_name, db_url=tenant_db_url, is_active=True)
            config_session.add(new_tenant)
            await config_session.flush() # Flush to get tenant.id
    
            # IMPORTANT: Access attributes BEFORE committing the session,
            # otherwise the object will be detached.
            tenant_id = new_tenant.id
            tenant_name = new_tenant.name
    
            # Grant admin_root access to this tenant
            config_session.add(UserTenantAccess(user_id="admin_root", tenant_id=tenant_id, role="ADMIN", is_selected=True))
            await config_session.commit()
    
        # Now, run alembic migrations on this newly created tenant's database
        success, error_msg = run_alembic_upgrade(tenant_db_url)
        if not success:
>           pytest.fail(f"Alembic migration failed for seeded tenant {tenant_name}: {error_msg}")
E           Failed: Alembic migration failed for seeded tenant Admin Root Tenant test_external_snapshot_manifes1: INFO  [alembic.runtime.migration] Context impl SQLiteImpl.
E           INFO  [alembic.runtime.migration] Will assume non-transactional DDL.
E           ERROR [alembic.util.messaging] Multiple head revisions are present for given argument 'head'; please specify a specific target revision, '<branchname>@head' to narrow to a specific head, or 'heads' for all heads

conftest.py:374: Failed
---------------------------- Captured stdout setup -----------------------------
ALEMBIC ERROR: INFO  [alembic.runtime.migration] Context impl SQLiteImpl.
INFO  [alembic.runtime.migration] Will assume non-transactional DDL.
ERROR [alembic.util.messaging] Multiple head revisions are present for given argument 'head'; please specify a specific target revision, '<branchname>@head' to narrow to a specific head, or 'heads' for all heads

_ ERROR at setup of test_external_snapshot_export_previews_successfully_on_round_trip[trio] _

request = <SubRequest 'seeded_admin_tenant' for <Coroutine test_external_snapshot_export_previews_successfully_on_round_trip[trio]>>
kwargs = {'client': <httpx.AsyncClient object at 0x154188610>, 'setup_db': (<sqlalchemy.ext.asyncio.engine.AsyncEngine object a...ers/nz/6q2p_ldx3txdbw_gttbpnwjr0000gn/T/pytest-of-haewonkim/pytest-364'), _retention_count=3, _retention_policy='all')}
event_loop_fixture_id = 'event_loop'
setup = <function _wrap_async_fixture.<locals>._async_fixture_wrapper.<locals>.setup at 0x152b88040>
context = <_contextvars.Context object at 0x152dfc980>
setup_task = <Task finished name='Task-753' coro=<_wrap_async_fixture.<locals>._async_fixture_wrapper.<locals>.setup() done, define...please specify a specific target revision, '<branchname>@head' to narrow to a specific head, or 'heads' for all heads
>

    @functools.wraps(fixture)
    def _async_fixture_wrapper(request: FixtureRequest, **kwargs: Any):
        func = _perhaps_rebind_fixture_func(fixture, request.instance)
        event_loop_fixture_id = _get_event_loop_fixture_id_for_async_fixture(
            request, func
        )
        event_loop = request.getfixturevalue(event_loop_fixture_id)
        kwargs.pop(event_loop_fixture_id, None)
    
        async def setup():
            res = await func(**_add_kwargs(func, kwargs, event_loop, request))
            return res
    
        context = contextvars.copy_context()
        setup_task = _create_task_in_context(event_loop, setup(), context)
>       result = event_loop.run_until_complete(setup_task)
                 ^^^^^^^^^^^^^^^^^^^^^^^^^^^^^^^^^^^^^^^^^

/opt/anaconda3/lib/python3.11/site-packages/pytest_asyncio/plugin.py:391: 
_ _ _ _ _ _ _ _ _ _ _ _ _ _ _ _ _ _ _ _ _ _ _ _ _ _ _ _ _ _ _ _ _ _ _ _ _ _ _ _ 
/opt/anaconda3/lib/python3.11/asyncio/base_events.py:653: in run_until_complete
    return future.result()
           ^^^^^^^^^^^^^^^
/opt/anaconda3/lib/python3.11/site-packages/pytest_asyncio/plugin.py:386: in setup
    res = await func(**_add_kwargs(func, kwargs, event_loop, request))
          ^^^^^^^^^^^^^^^^^^^^^^^^^^^^^^^^^^^^^^^^^^^^^^^^^^^^^^^^^^^^
_ _ _ _ _ _ _ _ _ _ _ _ _ _ _ _ _ _ _ _ _ _ _ _ _ _ _ _ _ _ _ _ _ _ _ _ _ _ _ _ 

client = <httpx.AsyncClient object at 0x154188610>
tmp_path = PosixPath('/private/var/folders/nz/6q2p_ldx3txdbw_gttbpnwjr0000gn/T/pytest-of-haewonkim/pytest-364/test_external_snapshot_export_3')
tmp_path_factory = TempPathFactory(_given_basetemp=None, _trace=<pluggy._tracing.TagTracerSub object at 0x14ec297d0>, _basetemp=PosixPath...ders/nz/6q2p_ldx3txdbw_gttbpnwjr0000gn/T/pytest-of-haewonkim/pytest-364'), _retention_count=3, _retention_policy='all')
setup_db = (<sqlalchemy.ext.asyncio.engine.AsyncEngine object at 0x15431b840>, async_sessionmaker(class_='AsyncSession', autocommit=False, bind=<sqlalchemy.ext.asyncio.engine.AsyncEngine object at 0x15431b840>, autoflush=False, expire_on_commit=True))

    @pytest_asyncio.fixture(scope="function")
    async def seeded_admin_tenant(client, tmp_path, tmp_path_factory, setup_db):
        _test_config_engine, ConfigSessionLocal = setup_db
        """
        Fixture to create and seed a unique tenant for the 'admin_root' user.
        Tests requiring a pre-existing tenant can depend on this fixture.
        """
        from app.models.config import Tenant, UserTenantAccess
        from app.database import Base # Keep Base for potential future use, though not used directly for schema creation here
        from app.api.tenants import run_alembic_upgrade # Import the migration function
    
        tenant_name = f"Admin Root Tenant {tmp_path.name}"
        tenant_db_path = tmp_path_factory.mktemp(f"seeded_tenant_db_{tmp_path.name}") / f"admin_root_tenant_{tmp_path.name}.db"
        tenant_db_url = f"sqlite+aiosqlite:///{tenant_db_path}"
    
        # Use the test-specific ConfigSessionLocal for seeding
        async with ConfigSessionLocal() as config_session:
            # Create a test tenant
            new_tenant = Tenant(name=tenant_name, db_url=tenant_db_url, is_active=True)
            config_session.add(new_tenant)
            await config_session.flush() # Flush to get tenant.id
    
            # IMPORTANT: Access attributes BEFORE committing the session,
            # otherwise the object will be detached.
            tenant_id = new_tenant.id
            tenant_name = new_tenant.name
    
            # Grant admin_root access to this tenant
            config_session.add(UserTenantAccess(user_id="admin_root", tenant_id=tenant_id, role="ADMIN", is_selected=True))
            await config_session.commit()
    
        # Now, run alembic migrations on this newly created tenant's database
        success, error_msg = run_alembic_upgrade(tenant_db_url)
        if not success:
>           pytest.fail(f"Alembic migration failed for seeded tenant {tenant_name}: {error_msg}")
E           Failed: Alembic migration failed for seeded tenant Admin Root Tenant test_external_snapshot_export_3: INFO  [alembic.runtime.migration] Context impl SQLiteImpl.
E           INFO  [alembic.runtime.migration] Will assume non-transactional DDL.
E           ERROR [alembic.util.messaging] Multiple head revisions are present for given argument 'head'; please specify a specific target revision, '<branchname>@head' to narrow to a specific head, or 'heads' for all heads

conftest.py:374: Failed
---------------------------- Captured stdout setup -----------------------------
ALEMBIC ERROR: INFO  [alembic.runtime.migration] Context impl SQLiteImpl.
INFO  [alembic.runtime.migration] Will assume non-transactional DDL.
ERROR [alembic.util.messaging] Multiple head revisions are present for given argument 'head'; please specify a specific target revision, '<branchname>@head' to narrow to a specific head, or 'heads' for all heads

_ ERROR at setup of test_monitoring_import_rejects_duplicate_rows_in_same_batch[trio] _

request = <SubRequest 'seeded_admin_tenant' for <Coroutine test_monitoring_import_rejects_duplicate_rows_in_same_batch[trio]>>
kwargs = {'client': <httpx.AsyncClient object at 0x154188610>, 'setup_db': (<sqlalchemy.ext.asyncio.engine.AsyncEngine object a...ers/nz/6q2p_ldx3txdbw_gttbpnwjr0000gn/T/pytest-of-haewonkim/pytest-364'), _retention_count=3, _retention_policy='all')}
event_loop_fixture_id = 'event_loop'
setup = <function _wrap_async_fixture.<locals>._async_fixture_wrapper.<locals>.setup at 0x152e60040>
context = <_contextvars.Context object at 0x152dfcf00>
setup_task = <Task finished name='Task-759' coro=<_wrap_async_fixture.<locals>._async_fixture_wrapper.<locals>.setup() done, define...please specify a specific target revision, '<branchname>@head' to narrow to a specific head, or 'heads' for all heads
>

    @functools.wraps(fixture)
    def _async_fixture_wrapper(request: FixtureRequest, **kwargs: Any):
        func = _perhaps_rebind_fixture_func(fixture, request.instance)
        event_loop_fixture_id = _get_event_loop_fixture_id_for_async_fixture(
            request, func
        )
        event_loop = request.getfixturevalue(event_loop_fixture_id)
        kwargs.pop(event_loop_fixture_id, None)
    
        async def setup():
            res = await func(**_add_kwargs(func, kwargs, event_loop, request))
            return res
    
        context = contextvars.copy_context()
        setup_task = _create_task_in_context(event_loop, setup(), context)
>       result = event_loop.run_until_complete(setup_task)
                 ^^^^^^^^^^^^^^^^^^^^^^^^^^^^^^^^^^^^^^^^^

/opt/anaconda3/lib/python3.11/site-packages/pytest_asyncio/plugin.py:391: 
_ _ _ _ _ _ _ _ _ _ _ _ _ _ _ _ _ _ _ _ _ _ _ _ _ _ _ _ _ _ _ _ _ _ _ _ _ _ _ _ 
/opt/anaconda3/lib/python3.11/asyncio/base_events.py:653: in run_until_complete
    return future.result()
           ^^^^^^^^^^^^^^^
/opt/anaconda3/lib/python3.11/site-packages/pytest_asyncio/plugin.py:386: in setup
    res = await func(**_add_kwargs(func, kwargs, event_loop, request))
          ^^^^^^^^^^^^^^^^^^^^^^^^^^^^^^^^^^^^^^^^^^^^^^^^^^^^^^^^^^^^
_ _ _ _ _ _ _ _ _ _ _ _ _ _ _ _ _ _ _ _ _ _ _ _ _ _ _ _ _ _ _ _ _ _ _ _ _ _ _ _ 

client = <httpx.AsyncClient object at 0x154188610>
tmp_path = PosixPath('/private/var/folders/nz/6q2p_ldx3txdbw_gttbpnwjr0000gn/T/pytest-of-haewonkim/pytest-364/test_monitoring_import_rejects1')
tmp_path_factory = TempPathFactory(_given_basetemp=None, _trace=<pluggy._tracing.TagTracerSub object at 0x14ec297d0>, _basetemp=PosixPath...ders/nz/6q2p_ldx3txdbw_gttbpnwjr0000gn/T/pytest-of-haewonkim/pytest-364'), _retention_count=3, _retention_policy='all')
setup_db = (<sqlalchemy.ext.asyncio.engine.AsyncEngine object at 0x1541fff80>, async_sessionmaker(class_='AsyncSession', autocommit=False, bind=<sqlalchemy.ext.asyncio.engine.AsyncEngine object at 0x1541fff80>, autoflush=False, expire_on_commit=True))

    @pytest_asyncio.fixture(scope="function")
    async def seeded_admin_tenant(client, tmp_path, tmp_path_factory, setup_db):
        _test_config_engine, ConfigSessionLocal = setup_db
        """
        Fixture to create and seed a unique tenant for the 'admin_root' user.
        Tests requiring a pre-existing tenant can depend on this fixture.
        """
        from app.models.config import Tenant, UserTenantAccess
        from app.database import Base # Keep Base for potential future use, though not used directly for schema creation here
        from app.api.tenants import run_alembic_upgrade # Import the migration function
    
        tenant_name = f"Admin Root Tenant {tmp_path.name}"
        tenant_db_path = tmp_path_factory.mktemp(f"seeded_tenant_db_{tmp_path.name}") / f"admin_root_tenant_{tmp_path.name}.db"
        tenant_db_url = f"sqlite+aiosqlite:///{tenant_db_path}"
    
        # Use the test-specific ConfigSessionLocal for seeding
        async with ConfigSessionLocal() as config_session:
            # Create a test tenant
            new_tenant = Tenant(name=tenant_name, db_url=tenant_db_url, is_active=True)
            config_session.add(new_tenant)
            await config_session.flush() # Flush to get tenant.id
    
            # IMPORTANT: Access attributes BEFORE committing the session,
            # otherwise the object will be detached.
            tenant_id = new_tenant.id
            tenant_name = new_tenant.name
    
            # Grant admin_root access to this tenant
            config_session.add(UserTenantAccess(user_id="admin_root", tenant_id=tenant_id, role="ADMIN", is_selected=True))
            await config_session.commit()
    
        # Now, run alembic migrations on this newly created tenant's database
        success, error_msg = run_alembic_upgrade(tenant_db_url)
        if not success:
>           pytest.fail(f"Alembic migration failed for seeded tenant {tenant_name}: {error_msg}")
E           Failed: Alembic migration failed for seeded tenant Admin Root Tenant test_monitoring_import_rejects1: INFO  [alembic.runtime.migration] Context impl SQLiteImpl.
E           INFO  [alembic.runtime.migration] Will assume non-transactional DDL.
E           ERROR [alembic.util.messaging] Multiple head revisions are present for given argument 'head'; please specify a specific target revision, '<branchname>@head' to narrow to a specific head, or 'heads' for all heads

conftest.py:374: Failed
---------------------------- Captured stdout setup -----------------------------
ALEMBIC ERROR: INFO  [alembic.runtime.migration] Context impl SQLiteImpl.
INFO  [alembic.runtime.migration] Will assume non-transactional DDL.
ERROR [alembic.util.messaging] Multiple head revisions are present for given argument 'head'; please specify a specific target revision, '<branchname>@head' to narrow to a specific head, or 'heads' for all heads

_ ERROR at setup of test_external_entity_creation_and_secret_management[asyncio] _

request = <SubRequest 'seeded_admin_tenant' for <Coroutine test_external_entity_creation_and_secret_management[asyncio]>>
kwargs = {'client': <httpx.AsyncClient object at 0x152f15bd0>, 'setup_db': (<sqlalchemy.ext.asyncio.engine.AsyncEngine object a...ers/nz/6q2p_ldx3txdbw_gttbpnwjr0000gn/T/pytest-of-haewonkim/pytest-364'), _retention_count=3, _retention_policy='all')}
event_loop_fixture_id = 'event_loop'
setup = <function _wrap_async_fixture.<locals>._async_fixture_wrapper.<locals>.setup at 0x152ec7f60>
context = <_contextvars.Context object at 0x152fc5480>
setup_task = <Task finished name='Task-768' coro=<_wrap_async_fixture.<locals>._async_fixture_wrapper.<locals>.setup() done, define...please specify a specific target revision, '<branchname>@head' to narrow to a specific head, or 'heads' for all heads
>

    @functools.wraps(fixture)
    def _async_fixture_wrapper(request: FixtureRequest, **kwargs: Any):
        func = _perhaps_rebind_fixture_func(fixture, request.instance)
        event_loop_fixture_id = _get_event_loop_fixture_id_for_async_fixture(
            request, func
        )
        event_loop = request.getfixturevalue(event_loop_fixture_id)
        kwargs.pop(event_loop_fixture_id, None)
    
        async def setup():
            res = await func(**_add_kwargs(func, kwargs, event_loop, request))
            return res
    
        context = contextvars.copy_context()
        setup_task = _create_task_in_context(event_loop, setup(), context)
>       result = event_loop.run_until_complete(setup_task)
                 ^^^^^^^^^^^^^^^^^^^^^^^^^^^^^^^^^^^^^^^^^

/opt/anaconda3/lib/python3.11/site-packages/pytest_asyncio/plugin.py:391: 
_ _ _ _ _ _ _ _ _ _ _ _ _ _ _ _ _ _ _ _ _ _ _ _ _ _ _ _ _ _ _ _ _ _ _ _ _ _ _ _ 
/opt/anaconda3/lib/python3.11/asyncio/base_events.py:653: in run_until_complete
    return future.result()
           ^^^^^^^^^^^^^^^
/opt/anaconda3/lib/python3.11/site-packages/pytest_asyncio/plugin.py:386: in setup
    res = await func(**_add_kwargs(func, kwargs, event_loop, request))
          ^^^^^^^^^^^^^^^^^^^^^^^^^^^^^^^^^^^^^^^^^^^^^^^^^^^^^^^^^^^^
_ _ _ _ _ _ _ _ _ _ _ _ _ _ _ _ _ _ _ _ _ _ _ _ _ _ _ _ _ _ _ _ _ _ _ _ _ _ _ _ 

client = <httpx.AsyncClient object at 0x152f15bd0>
tmp_path = PosixPath('/private/var/folders/nz/6q2p_ldx3txdbw_gttbpnwjr0000gn/T/pytest-of-haewonkim/pytest-364/test_external_entity_creation_0')
tmp_path_factory = TempPathFactory(_given_basetemp=None, _trace=<pluggy._tracing.TagTracerSub object at 0x14ec297d0>, _basetemp=PosixPath...ders/nz/6q2p_ldx3txdbw_gttbpnwjr0000gn/T/pytest-of-haewonkim/pytest-364'), _retention_count=3, _retention_policy='all')
setup_db = (<sqlalchemy.ext.asyncio.engine.AsyncEngine object at 0x1541ffd80>, async_sessionmaker(class_='AsyncSession', autocommit=False, bind=<sqlalchemy.ext.asyncio.engine.AsyncEngine object at 0x1541ffd80>, autoflush=False, expire_on_commit=True))

    @pytest_asyncio.fixture(scope="function")
    async def seeded_admin_tenant(client, tmp_path, tmp_path_factory, setup_db):
        _test_config_engine, ConfigSessionLocal = setup_db
        """
        Fixture to create and seed a unique tenant for the 'admin_root' user.
        Tests requiring a pre-existing tenant can depend on this fixture.
        """
        from app.models.config import Tenant, UserTenantAccess
        from app.database import Base # Keep Base for potential future use, though not used directly for schema creation here
        from app.api.tenants import run_alembic_upgrade # Import the migration function
    
        tenant_name = f"Admin Root Tenant {tmp_path.name}"
        tenant_db_path = tmp_path_factory.mktemp(f"seeded_tenant_db_{tmp_path.name}") / f"admin_root_tenant_{tmp_path.name}.db"
        tenant_db_url = f"sqlite+aiosqlite:///{tenant_db_path}"
    
        # Use the test-specific ConfigSessionLocal for seeding
        async with ConfigSessionLocal() as config_session:
            # Create a test tenant
            new_tenant = Tenant(name=tenant_name, db_url=tenant_db_url, is_active=True)
            config_session.add(new_tenant)
            await config_session.flush() # Flush to get tenant.id
    
            # IMPORTANT: Access attributes BEFORE committing the session,
            # otherwise the object will be detached.
            tenant_id = new_tenant.id
            tenant_name = new_tenant.name
    
            # Grant admin_root access to this tenant
            config_session.add(UserTenantAccess(user_id="admin_root", tenant_id=tenant_id, role="ADMIN", is_selected=True))
            await config_session.commit()
    
        # Now, run alembic migrations on this newly created tenant's database
        success, error_msg = run_alembic_upgrade(tenant_db_url)
        if not success:
>           pytest.fail(f"Alembic migration failed for seeded tenant {tenant_name}: {error_msg}")
E           Failed: Alembic migration failed for seeded tenant Admin Root Tenant test_external_entity_creation_0: INFO  [alembic.runtime.migration] Context impl SQLiteImpl.
E           INFO  [alembic.runtime.migration] Will assume non-transactional DDL.
E           ERROR [alembic.util.messaging] Multiple head revisions are present for given argument 'head'; please specify a specific target revision, '<branchname>@head' to narrow to a specific head, or 'heads' for all heads

conftest.py:374: Failed
---------------------------- Captured stdout setup -----------------------------
ALEMBIC ERROR: INFO  [alembic.runtime.migration] Context impl SQLiteImpl.
INFO  [alembic.runtime.migration] Will assume non-transactional DDL.
ERROR [alembic.util.messaging] Multiple head revisions are present for given argument 'head'; please specify a specific target revision, '<branchname>@head' to narrow to a specific head, or 'heads' for all heads

_ ERROR at setup of test_external_archived_entity_blocks_new_links_and_secrets[asyncio] _

request = <SubRequest 'seeded_admin_tenant' for <Coroutine test_external_archived_entity_blocks_new_links_and_secrets[asyncio]>>
kwargs = {'client': <httpx.AsyncClient object at 0x152f15bd0>, 'setup_db': (<sqlalchemy.ext.asyncio.engine.AsyncEngine object a...ers/nz/6q2p_ldx3txdbw_gttbpnwjr0000gn/T/pytest-of-haewonkim/pytest-364'), _retention_count=3, _retention_policy='all')}
event_loop_fixture_id = 'event_loop'
setup = <function _wrap_async_fixture.<locals>._async_fixture_wrapper.<locals>.setup at 0x152e44f40>
context = <_contextvars.Context object at 0x152d30b00>
setup_task = <Task finished name='Task-774' coro=<_wrap_async_fixture.<locals>._async_fixture_wrapper.<locals>.setup() done, define...please specify a specific target revision, '<branchname>@head' to narrow to a specific head, or 'heads' for all heads
>

    @functools.wraps(fixture)
    def _async_fixture_wrapper(request: FixtureRequest, **kwargs: Any):
        func = _perhaps_rebind_fixture_func(fixture, request.instance)
        event_loop_fixture_id = _get_event_loop_fixture_id_for_async_fixture(
            request, func
        )
        event_loop = request.getfixturevalue(event_loop_fixture_id)
        kwargs.pop(event_loop_fixture_id, None)
    
        async def setup():
            res = await func(**_add_kwargs(func, kwargs, event_loop, request))
            return res
    
        context = contextvars.copy_context()
        setup_task = _create_task_in_context(event_loop, setup(), context)
>       result = event_loop.run_until_complete(setup_task)
                 ^^^^^^^^^^^^^^^^^^^^^^^^^^^^^^^^^^^^^^^^^

/opt/anaconda3/lib/python3.11/site-packages/pytest_asyncio/plugin.py:391: 
_ _ _ _ _ _ _ _ _ _ _ _ _ _ _ _ _ _ _ _ _ _ _ _ _ _ _ _ _ _ _ _ _ _ _ _ _ _ _ _ 
/opt/anaconda3/lib/python3.11/asyncio/base_events.py:653: in run_until_complete
    return future.result()
           ^^^^^^^^^^^^^^^
/opt/anaconda3/lib/python3.11/site-packages/pytest_asyncio/plugin.py:386: in setup
    res = await func(**_add_kwargs(func, kwargs, event_loop, request))
          ^^^^^^^^^^^^^^^^^^^^^^^^^^^^^^^^^^^^^^^^^^^^^^^^^^^^^^^^^^^^
_ _ _ _ _ _ _ _ _ _ _ _ _ _ _ _ _ _ _ _ _ _ _ _ _ _ _ _ _ _ _ _ _ _ _ _ _ _ _ _ 

client = <httpx.AsyncClient object at 0x152f15bd0>
tmp_path = PosixPath('/private/var/folders/nz/6q2p_ldx3txdbw_gttbpnwjr0000gn/T/pytest-of-haewonkim/pytest-364/test_external_archived_entity_0')
tmp_path_factory = TempPathFactory(_given_basetemp=None, _trace=<pluggy._tracing.TagTracerSub object at 0x14ec297d0>, _basetemp=PosixPath...ders/nz/6q2p_ldx3txdbw_gttbpnwjr0000gn/T/pytest-of-haewonkim/pytest-364'), _retention_count=3, _retention_policy='all')
setup_db = (<sqlalchemy.ext.asyncio.engine.AsyncEngine object at 0x154331240>, async_sessionmaker(class_='AsyncSession', autocommit=False, bind=<sqlalchemy.ext.asyncio.engine.AsyncEngine object at 0x154331240>, autoflush=False, expire_on_commit=True))

    @pytest_asyncio.fixture(scope="function")
    async def seeded_admin_tenant(client, tmp_path, tmp_path_factory, setup_db):
        _test_config_engine, ConfigSessionLocal = setup_db
        """
        Fixture to create and seed a unique tenant for the 'admin_root' user.
        Tests requiring a pre-existing tenant can depend on this fixture.
        """
        from app.models.config import Tenant, UserTenantAccess
        from app.database import Base # Keep Base for potential future use, though not used directly for schema creation here
        from app.api.tenants import run_alembic_upgrade # Import the migration function
    
        tenant_name = f"Admin Root Tenant {tmp_path.name}"
        tenant_db_path = tmp_path_factory.mktemp(f"seeded_tenant_db_{tmp_path.name}") / f"admin_root_tenant_{tmp_path.name}.db"
        tenant_db_url = f"sqlite+aiosqlite:///{tenant_db_path}"
    
        # Use the test-specific ConfigSessionLocal for seeding
        async with ConfigSessionLocal() as config_session:
            # Create a test tenant
            new_tenant = Tenant(name=tenant_name, db_url=tenant_db_url, is_active=True)
            config_session.add(new_tenant)
            await config_session.flush() # Flush to get tenant.id
    
            # IMPORTANT: Access attributes BEFORE committing the session,
            # otherwise the object will be detached.
            tenant_id = new_tenant.id
            tenant_name = new_tenant.name
    
            # Grant admin_root access to this tenant
            config_session.add(UserTenantAccess(user_id="admin_root", tenant_id=tenant_id, role="ADMIN", is_selected=True))
            await config_session.commit()
    
        # Now, run alembic migrations on this newly created tenant's database
        success, error_msg = run_alembic_upgrade(tenant_db_url)
        if not success:
>           pytest.fail(f"Alembic migration failed for seeded tenant {tenant_name}: {error_msg}")
E           Failed: Alembic migration failed for seeded tenant Admin Root Tenant test_external_archived_entity_0: INFO  [alembic.runtime.migration] Context impl SQLiteImpl.
E           INFO  [alembic.runtime.migration] Will assume non-transactional DDL.
E           ERROR [alembic.util.messaging] Multiple head revisions are present for given argument 'head'; please specify a specific target revision, '<branchname>@head' to narrow to a specific head, or 'heads' for all heads

conftest.py:374: Failed
---------------------------- Captured stdout setup -----------------------------
ALEMBIC ERROR: INFO  [alembic.runtime.migration] Context impl SQLiteImpl.
INFO  [alembic.runtime.migration] Will assume non-transactional DDL.
ERROR [alembic.util.messaging] Multiple head revisions are present for given argument 'head'; please specify a specific target revision, '<branchname>@head' to narrow to a specific head, or 'heads' for all heads

_ ERROR at setup of test_external_links_are_enriched_and_duplicate_shape_is_blocked[asyncio] _

request = <SubRequest 'seeded_admin_tenant' for <Coroutine test_external_links_are_enriched_and_duplicate_shape_is_blocked[asyncio]>>
kwargs = {'client': <httpx.AsyncClient object at 0x152f15bd0>, 'setup_db': (<sqlalchemy.ext.asyncio.engine.AsyncEngine object a...ers/nz/6q2p_ldx3txdbw_gttbpnwjr0000gn/T/pytest-of-haewonkim/pytest-364'), _retention_count=3, _retention_policy='all')}
event_loop_fixture_id = 'event_loop'
setup = <function _wrap_async_fixture.<locals>._async_fixture_wrapper.<locals>.setup at 0x152e4b240>
context = <_contextvars.Context object at 0x15426a680>
setup_task = <Task finished name='Task-780' coro=<_wrap_async_fixture.<locals>._async_fixture_wrapper.<locals>.setup() done, define...please specify a specific target revision, '<branchname>@head' to narrow to a specific head, or 'heads' for all heads
>

    @functools.wraps(fixture)
    def _async_fixture_wrapper(request: FixtureRequest, **kwargs: Any):
        func = _perhaps_rebind_fixture_func(fixture, request.instance)
        event_loop_fixture_id = _get_event_loop_fixture_id_for_async_fixture(
            request, func
        )
        event_loop = request.getfixturevalue(event_loop_fixture_id)
        kwargs.pop(event_loop_fixture_id, None)
    
        async def setup():
            res = await func(**_add_kwargs(func, kwargs, event_loop, request))
            return res
    
        context = contextvars.copy_context()
        setup_task = _create_task_in_context(event_loop, setup(), context)
>       result = event_loop.run_until_complete(setup_task)
                 ^^^^^^^^^^^^^^^^^^^^^^^^^^^^^^^^^^^^^^^^^

/opt/anaconda3/lib/python3.11/site-packages/pytest_asyncio/plugin.py:391: 
_ _ _ _ _ _ _ _ _ _ _ _ _ _ _ _ _ _ _ _ _ _ _ _ _ _ _ _ _ _ _ _ _ _ _ _ _ _ _ _ 
/opt/anaconda3/lib/python3.11/asyncio/base_events.py:653: in run_until_complete
    return future.result()
           ^^^^^^^^^^^^^^^
/opt/anaconda3/lib/python3.11/site-packages/pytest_asyncio/plugin.py:386: in setup
    res = await func(**_add_kwargs(func, kwargs, event_loop, request))
          ^^^^^^^^^^^^^^^^^^^^^^^^^^^^^^^^^^^^^^^^^^^^^^^^^^^^^^^^^^^^
_ _ _ _ _ _ _ _ _ _ _ _ _ _ _ _ _ _ _ _ _ _ _ _ _ _ _ _ _ _ _ _ _ _ _ _ _ _ _ _ 

client = <httpx.AsyncClient object at 0x152f15bd0>
tmp_path = PosixPath('/private/var/folders/nz/6q2p_ldx3txdbw_gttbpnwjr0000gn/T/pytest-of-haewonkim/pytest-364/test_external_links_are_enrich0')
tmp_path_factory = TempPathFactory(_given_basetemp=None, _trace=<pluggy._tracing.TagTracerSub object at 0x14ec297d0>, _basetemp=PosixPath...ders/nz/6q2p_ldx3txdbw_gttbpnwjr0000gn/T/pytest-of-haewonkim/pytest-364'), _retention_count=3, _retention_policy='all')
setup_db = (<sqlalchemy.ext.asyncio.engine.AsyncEngine object at 0x152f3aa80>, async_sessionmaker(class_='AsyncSession', autocommit=False, bind=<sqlalchemy.ext.asyncio.engine.AsyncEngine object at 0x152f3aa80>, autoflush=False, expire_on_commit=True))

    @pytest_asyncio.fixture(scope="function")
    async def seeded_admin_tenant(client, tmp_path, tmp_path_factory, setup_db):
        _test_config_engine, ConfigSessionLocal = setup_db
        """
        Fixture to create and seed a unique tenant for the 'admin_root' user.
        Tests requiring a pre-existing tenant can depend on this fixture.
        """
        from app.models.config import Tenant, UserTenantAccess
        from app.database import Base # Keep Base for potential future use, though not used directly for schema creation here
        from app.api.tenants import run_alembic_upgrade # Import the migration function
    
        tenant_name = f"Admin Root Tenant {tmp_path.name}"
        tenant_db_path = tmp_path_factory.mktemp(f"seeded_tenant_db_{tmp_path.name}") / f"admin_root_tenant_{tmp_path.name}.db"
        tenant_db_url = f"sqlite+aiosqlite:///{tenant_db_path}"
    
        # Use the test-specific ConfigSessionLocal for seeding
        async with ConfigSessionLocal() as config_session:
            # Create a test tenant
            new_tenant = Tenant(name=tenant_name, db_url=tenant_db_url, is_active=True)
            config_session.add(new_tenant)
            await config_session.flush() # Flush to get tenant.id
    
            # IMPORTANT: Access attributes BEFORE committing the session,
            # otherwise the object will be detached.
            tenant_id = new_tenant.id
            tenant_name = new_tenant.name
    
            # Grant admin_root access to this tenant
            config_session.add(UserTenantAccess(user_id="admin_root", tenant_id=tenant_id, role="ADMIN", is_selected=True))
            await config_session.commit()
    
        # Now, run alembic migrations on this newly created tenant's database
        success, error_msg = run_alembic_upgrade(tenant_db_url)
        if not success:
>           pytest.fail(f"Alembic migration failed for seeded tenant {tenant_name}: {error_msg}")
E           Failed: Alembic migration failed for seeded tenant Admin Root Tenant test_external_links_are_enrich0: INFO  [alembic.runtime.migration] Context impl SQLiteImpl.
E           INFO  [alembic.runtime.migration] Will assume non-transactional DDL.
E           ERROR [alembic.util.messaging] Multiple head revisions are present for given argument 'head'; please specify a specific target revision, '<branchname>@head' to narrow to a specific head, or 'heads' for all heads

conftest.py:374: Failed
---------------------------- Captured stdout setup -----------------------------
ALEMBIC ERROR: INFO  [alembic.runtime.migration] Context impl SQLiteImpl.
INFO  [alembic.runtime.migration] Will assume non-transactional DDL.
ERROR [alembic.util.messaging] Multiple head revisions are present for given argument 'head'; please specify a specific target revision, '<branchname>@head' to narrow to a specific head, or 'heads' for all heads

_ ERROR at setup of test_external_entity_blocks_active_identity_duplicates_and_restore_conflicts[asyncio] _

request = <SubRequest 'seeded_admin_tenant' for <Coroutine test_external_entity_blocks_active_identity_duplicates_and_restore_conflicts[asyncio]>>
kwargs = {'client': <httpx.AsyncClient object at 0x152f15bd0>, 'setup_db': (<sqlalchemy.ext.asyncio.engine.AsyncEngine object a...ers/nz/6q2p_ldx3txdbw_gttbpnwjr0000gn/T/pytest-of-haewonkim/pytest-364'), _retention_count=3, _retention_policy='all')}
event_loop_fixture_id = 'event_loop'
setup = <function _wrap_async_fixture.<locals>._async_fixture_wrapper.<locals>.setup at 0x152e871a0>
context = <_contextvars.Context object at 0x152f16e40>
setup_task = <Task finished name='Task-786' coro=<_wrap_async_fixture.<locals>._async_fixture_wrapper.<locals>.setup() done, define...please specify a specific target revision, '<branchname>@head' to narrow to a specific head, or 'heads' for all heads
>

    @functools.wraps(fixture)
    def _async_fixture_wrapper(request: FixtureRequest, **kwargs: Any):
        func = _perhaps_rebind_fixture_func(fixture, request.instance)
        event_loop_fixture_id = _get_event_loop_fixture_id_for_async_fixture(
            request, func
        )
        event_loop = request.getfixturevalue(event_loop_fixture_id)
        kwargs.pop(event_loop_fixture_id, None)
    
        async def setup():
            res = await func(**_add_kwargs(func, kwargs, event_loop, request))
            return res
    
        context = contextvars.copy_context()
        setup_task = _create_task_in_context(event_loop, setup(), context)
>       result = event_loop.run_until_complete(setup_task)
                 ^^^^^^^^^^^^^^^^^^^^^^^^^^^^^^^^^^^^^^^^^

/opt/anaconda3/lib/python3.11/site-packages/pytest_asyncio/plugin.py:391: 
_ _ _ _ _ _ _ _ _ _ _ _ _ _ _ _ _ _ _ _ _ _ _ _ _ _ _ _ _ _ _ _ _ _ _ _ _ _ _ _ 
/opt/anaconda3/lib/python3.11/asyncio/base_events.py:653: in run_until_complete
    return future.result()
           ^^^^^^^^^^^^^^^
/opt/anaconda3/lib/python3.11/site-packages/pytest_asyncio/plugin.py:386: in setup
    res = await func(**_add_kwargs(func, kwargs, event_loop, request))
          ^^^^^^^^^^^^^^^^^^^^^^^^^^^^^^^^^^^^^^^^^^^^^^^^^^^^^^^^^^^^
_ _ _ _ _ _ _ _ _ _ _ _ _ _ _ _ _ _ _ _ _ _ _ _ _ _ _ _ _ _ _ _ _ _ _ _ _ _ _ _ 

client = <httpx.AsyncClient object at 0x152f15bd0>
tmp_path = PosixPath('/private/var/folders/nz/6q2p_ldx3txdbw_gttbpnwjr0000gn/T/pytest-of-haewonkim/pytest-364/test_external_entity_blocks_ac0')
tmp_path_factory = TempPathFactory(_given_basetemp=None, _trace=<pluggy._tracing.TagTracerSub object at 0x14ec297d0>, _basetemp=PosixPath...ders/nz/6q2p_ldx3txdbw_gttbpnwjr0000gn/T/pytest-of-haewonkim/pytest-364'), _retention_count=3, _retention_policy='all')
setup_db = (<sqlalchemy.ext.asyncio.engine.AsyncEngine object at 0x152f3c580>, async_sessionmaker(class_='AsyncSession', autocommit=False, bind=<sqlalchemy.ext.asyncio.engine.AsyncEngine object at 0x152f3c580>, autoflush=False, expire_on_commit=True))

    @pytest_asyncio.fixture(scope="function")
    async def seeded_admin_tenant(client, tmp_path, tmp_path_factory, setup_db):
        _test_config_engine, ConfigSessionLocal = setup_db
        """
        Fixture to create and seed a unique tenant for the 'admin_root' user.
        Tests requiring a pre-existing tenant can depend on this fixture.
        """
        from app.models.config import Tenant, UserTenantAccess
        from app.database import Base # Keep Base for potential future use, though not used directly for schema creation here
        from app.api.tenants import run_alembic_upgrade # Import the migration function
    
        tenant_name = f"Admin Root Tenant {tmp_path.name}"
        tenant_db_path = tmp_path_factory.mktemp(f"seeded_tenant_db_{tmp_path.name}") / f"admin_root_tenant_{tmp_path.name}.db"
        tenant_db_url = f"sqlite+aiosqlite:///{tenant_db_path}"
    
        # Use the test-specific ConfigSessionLocal for seeding
        async with ConfigSessionLocal() as config_session:
            # Create a test tenant
            new_tenant = Tenant(name=tenant_name, db_url=tenant_db_url, is_active=True)
            config_session.add(new_tenant)
            await config_session.flush() # Flush to get tenant.id
    
            # IMPORTANT: Access attributes BEFORE committing the session,
            # otherwise the object will be detached.
            tenant_id = new_tenant.id
            tenant_name = new_tenant.name
    
            # Grant admin_root access to this tenant
            config_session.add(UserTenantAccess(user_id="admin_root", tenant_id=tenant_id, role="ADMIN", is_selected=True))
            await config_session.commit()
    
        # Now, run alembic migrations on this newly created tenant's database
        success, error_msg = run_alembic_upgrade(tenant_db_url)
        if not success:
>           pytest.fail(f"Alembic migration failed for seeded tenant {tenant_name}: {error_msg}")
E           Failed: Alembic migration failed for seeded tenant Admin Root Tenant test_external_entity_blocks_ac0: INFO  [alembic.runtime.migration] Context impl SQLiteImpl.
E           INFO  [alembic.runtime.migration] Will assume non-transactional DDL.
E           ERROR [alembic.util.messaging] Multiple head revisions are present for given argument 'head'; please specify a specific target revision, '<branchname>@head' to narrow to a specific head, or 'heads' for all heads

conftest.py:374: Failed
---------------------------- Captured stdout setup -----------------------------
ALEMBIC ERROR: INFO  [alembic.runtime.migration] Context impl SQLiteImpl.
INFO  [alembic.runtime.migration] Will assume non-transactional DDL.
ERROR [alembic.util.messaging] Multiple head revisions are present for given argument 'head'; please specify a specific target revision, '<branchname>@head' to narrow to a specific head, or 'heads' for all heads

_ ERROR at setup of test_external_entity_creation_and_secret_management[trio] __

request = <SubRequest 'seeded_admin_tenant' for <Coroutine test_external_entity_creation_and_secret_management[trio]>>
kwargs = {'client': <httpx.AsyncClient object at 0x152f15bd0>, 'setup_db': (<sqlalchemy.ext.asyncio.engine.AsyncEngine object a...ers/nz/6q2p_ldx3txdbw_gttbpnwjr0000gn/T/pytest-of-haewonkim/pytest-364'), _retention_count=3, _retention_policy='all')}
event_loop_fixture_id = 'event_loop'
setup = <function _wrap_async_fixture.<locals>._async_fixture_wrapper.<locals>.setup at 0x152e4b7e0>
context = <_contextvars.Context object at 0x152f14040>
setup_task = <Task finished name='Task-792' coro=<_wrap_async_fixture.<locals>._async_fixture_wrapper.<locals>.setup() done, define...please specify a specific target revision, '<branchname>@head' to narrow to a specific head, or 'heads' for all heads
>

    @functools.wraps(fixture)
    def _async_fixture_wrapper(request: FixtureRequest, **kwargs: Any):
        func = _perhaps_rebind_fixture_func(fixture, request.instance)
        event_loop_fixture_id = _get_event_loop_fixture_id_for_async_fixture(
            request, func
        )
        event_loop = request.getfixturevalue(event_loop_fixture_id)
        kwargs.pop(event_loop_fixture_id, None)
    
        async def setup():
            res = await func(**_add_kwargs(func, kwargs, event_loop, request))
            return res
    
        context = contextvars.copy_context()
        setup_task = _create_task_in_context(event_loop, setup(), context)
>       result = event_loop.run_until_complete(setup_task)
                 ^^^^^^^^^^^^^^^^^^^^^^^^^^^^^^^^^^^^^^^^^

/opt/anaconda3/lib/python3.11/site-packages/pytest_asyncio/plugin.py:391: 
_ _ _ _ _ _ _ _ _ _ _ _ _ _ _ _ _ _ _ _ _ _ _ _ _ _ _ _ _ _ _ _ _ _ _ _ _ _ _ _ 
/opt/anaconda3/lib/python3.11/asyncio/base_events.py:653: in run_until_complete
    return future.result()
           ^^^^^^^^^^^^^^^
/opt/anaconda3/lib/python3.11/site-packages/pytest_asyncio/plugin.py:386: in setup
    res = await func(**_add_kwargs(func, kwargs, event_loop, request))
          ^^^^^^^^^^^^^^^^^^^^^^^^^^^^^^^^^^^^^^^^^^^^^^^^^^^^^^^^^^^^
_ _ _ _ _ _ _ _ _ _ _ _ _ _ _ _ _ _ _ _ _ _ _ _ _ _ _ _ _ _ _ _ _ _ _ _ _ _ _ _ 

client = <httpx.AsyncClient object at 0x152f15bd0>
tmp_path = PosixPath('/private/var/folders/nz/6q2p_ldx3txdbw_gttbpnwjr0000gn/T/pytest-of-haewonkim/pytest-364/test_external_entity_creation_1')
tmp_path_factory = TempPathFactory(_given_basetemp=None, _trace=<pluggy._tracing.TagTracerSub object at 0x14ec297d0>, _basetemp=PosixPath...ders/nz/6q2p_ldx3txdbw_gttbpnwjr0000gn/T/pytest-of-haewonkim/pytest-364'), _retention_count=3, _retention_policy='all')
setup_db = (<sqlalchemy.ext.asyncio.engine.AsyncEngine object at 0x154375940>, async_sessionmaker(class_='AsyncSession', autocommit=False, bind=<sqlalchemy.ext.asyncio.engine.AsyncEngine object at 0x154375940>, autoflush=False, expire_on_commit=True))

    @pytest_asyncio.fixture(scope="function")
    async def seeded_admin_tenant(client, tmp_path, tmp_path_factory, setup_db):
        _test_config_engine, ConfigSessionLocal = setup_db
        """
        Fixture to create and seed a unique tenant for the 'admin_root' user.
        Tests requiring a pre-existing tenant can depend on this fixture.
        """
        from app.models.config import Tenant, UserTenantAccess
        from app.database import Base # Keep Base for potential future use, though not used directly for schema creation here
        from app.api.tenants import run_alembic_upgrade # Import the migration function
    
        tenant_name = f"Admin Root Tenant {tmp_path.name}"
        tenant_db_path = tmp_path_factory.mktemp(f"seeded_tenant_db_{tmp_path.name}") / f"admin_root_tenant_{tmp_path.name}.db"
        tenant_db_url = f"sqlite+aiosqlite:///{tenant_db_path}"
    
        # Use the test-specific ConfigSessionLocal for seeding
        async with ConfigSessionLocal() as config_session:
            # Create a test tenant
            new_tenant = Tenant(name=tenant_name, db_url=tenant_db_url, is_active=True)
            config_session.add(new_tenant)
            await config_session.flush() # Flush to get tenant.id
    
            # IMPORTANT: Access attributes BEFORE committing the session,
            # otherwise the object will be detached.
            tenant_id = new_tenant.id
            tenant_name = new_tenant.name
    
            # Grant admin_root access to this tenant
            config_session.add(UserTenantAccess(user_id="admin_root", tenant_id=tenant_id, role="ADMIN", is_selected=True))
            await config_session.commit()
    
        # Now, run alembic migrations on this newly created tenant's database
        success, error_msg = run_alembic_upgrade(tenant_db_url)
        if not success:
>           pytest.fail(f"Alembic migration failed for seeded tenant {tenant_name}: {error_msg}")
E           Failed: Alembic migration failed for seeded tenant Admin Root Tenant test_external_entity_creation_1: INFO  [alembic.runtime.migration] Context impl SQLiteImpl.
E           INFO  [alembic.runtime.migration] Will assume non-transactional DDL.
E           ERROR [alembic.util.messaging] Multiple head revisions are present for given argument 'head'; please specify a specific target revision, '<branchname>@head' to narrow to a specific head, or 'heads' for all heads

conftest.py:374: Failed
---------------------------- Captured stdout setup -----------------------------
ALEMBIC ERROR: INFO  [alembic.runtime.migration] Context impl SQLiteImpl.
INFO  [alembic.runtime.migration] Will assume non-transactional DDL.
ERROR [alembic.util.messaging] Multiple head revisions are present for given argument 'head'; please specify a specific target revision, '<branchname>@head' to narrow to a specific head, or 'heads' for all heads

_ ERROR at setup of test_external_archived_entity_blocks_new_links_and_secrets[trio] _

request = <SubRequest 'seeded_admin_tenant' for <Coroutine test_external_archived_entity_blocks_new_links_and_secrets[trio]>>
kwargs = {'client': <httpx.AsyncClient object at 0x152f15bd0>, 'setup_db': (<sqlalchemy.ext.asyncio.engine.AsyncEngine object a...ers/nz/6q2p_ldx3txdbw_gttbpnwjr0000gn/T/pytest-of-haewonkim/pytest-364'), _retention_count=3, _retention_policy='all')}
event_loop_fixture_id = 'event_loop'
setup = <function _wrap_async_fixture.<locals>._async_fixture_wrapper.<locals>.setup at 0x152e46020>
context = <_contextvars.Context object at 0x152851b80>
setup_task = <Task finished name='Task-798' coro=<_wrap_async_fixture.<locals>._async_fixture_wrapper.<locals>.setup() done, define...please specify a specific target revision, '<branchname>@head' to narrow to a specific head, or 'heads' for all heads
>

    @functools.wraps(fixture)
    def _async_fixture_wrapper(request: FixtureRequest, **kwargs: Any):
        func = _perhaps_rebind_fixture_func(fixture, request.instance)
        event_loop_fixture_id = _get_event_loop_fixture_id_for_async_fixture(
            request, func
        )
        event_loop = request.getfixturevalue(event_loop_fixture_id)
        kwargs.pop(event_loop_fixture_id, None)
    
        async def setup():
            res = await func(**_add_kwargs(func, kwargs, event_loop, request))
            return res
    
        context = contextvars.copy_context()
        setup_task = _create_task_in_context(event_loop, setup(), context)
>       result = event_loop.run_until_complete(setup_task)
                 ^^^^^^^^^^^^^^^^^^^^^^^^^^^^^^^^^^^^^^^^^

/opt/anaconda3/lib/python3.11/site-packages/pytest_asyncio/plugin.py:391: 
_ _ _ _ _ _ _ _ _ _ _ _ _ _ _ _ _ _ _ _ _ _ _ _ _ _ _ _ _ _ _ _ _ _ _ _ _ _ _ _ 
/opt/anaconda3/lib/python3.11/asyncio/base_events.py:653: in run_until_complete
    return future.result()
           ^^^^^^^^^^^^^^^
/opt/anaconda3/lib/python3.11/site-packages/pytest_asyncio/plugin.py:386: in setup
    res = await func(**_add_kwargs(func, kwargs, event_loop, request))
          ^^^^^^^^^^^^^^^^^^^^^^^^^^^^^^^^^^^^^^^^^^^^^^^^^^^^^^^^^^^^
_ _ _ _ _ _ _ _ _ _ _ _ _ _ _ _ _ _ _ _ _ _ _ _ _ _ _ _ _ _ _ _ _ _ _ _ _ _ _ _ 

client = <httpx.AsyncClient object at 0x152f15bd0>
tmp_path = PosixPath('/private/var/folders/nz/6q2p_ldx3txdbw_gttbpnwjr0000gn/T/pytest-of-haewonkim/pytest-364/test_external_archived_entity_1')
tmp_path_factory = TempPathFactory(_given_basetemp=None, _trace=<pluggy._tracing.TagTracerSub object at 0x14ec297d0>, _basetemp=PosixPath...ders/nz/6q2p_ldx3txdbw_gttbpnwjr0000gn/T/pytest-of-haewonkim/pytest-364'), _retention_count=3, _retention_policy='all')
setup_db = (<sqlalchemy.ext.asyncio.engine.AsyncEngine object at 0x15416c300>, async_sessionmaker(class_='AsyncSession', autocommit=False, bind=<sqlalchemy.ext.asyncio.engine.AsyncEngine object at 0x15416c300>, autoflush=False, expire_on_commit=True))

    @pytest_asyncio.fixture(scope="function")
    async def seeded_admin_tenant(client, tmp_path, tmp_path_factory, setup_db):
        _test_config_engine, ConfigSessionLocal = setup_db
        """
        Fixture to create and seed a unique tenant for the 'admin_root' user.
        Tests requiring a pre-existing tenant can depend on this fixture.
        """
        from app.models.config import Tenant, UserTenantAccess
        from app.database import Base # Keep Base for potential future use, though not used directly for schema creation here
        from app.api.tenants import run_alembic_upgrade # Import the migration function
    
        tenant_name = f"Admin Root Tenant {tmp_path.name}"
        tenant_db_path = tmp_path_factory.mktemp(f"seeded_tenant_db_{tmp_path.name}") / f"admin_root_tenant_{tmp_path.name}.db"
        tenant_db_url = f"sqlite+aiosqlite:///{tenant_db_path}"
    
        # Use the test-specific ConfigSessionLocal for seeding
        async with ConfigSessionLocal() as config_session:
            # Create a test tenant
            new_tenant = Tenant(name=tenant_name, db_url=tenant_db_url, is_active=True)
            config_session.add(new_tenant)
            await config_session.flush() # Flush to get tenant.id
    
            # IMPORTANT: Access attributes BEFORE committing the session,
            # otherwise the object will be detached.
            tenant_id = new_tenant.id
            tenant_name = new_tenant.name
    
            # Grant admin_root access to this tenant
            config_session.add(UserTenantAccess(user_id="admin_root", tenant_id=tenant_id, role="ADMIN", is_selected=True))
            await config_session.commit()
    
        # Now, run alembic migrations on this newly created tenant's database
        success, error_msg = run_alembic_upgrade(tenant_db_url)
        if not success:
>           pytest.fail(f"Alembic migration failed for seeded tenant {tenant_name}: {error_msg}")
E           Failed: Alembic migration failed for seeded tenant Admin Root Tenant test_external_archived_entity_1: INFO  [alembic.runtime.migration] Context impl SQLiteImpl.
E           INFO  [alembic.runtime.migration] Will assume non-transactional DDL.
E           ERROR [alembic.util.messaging] Multiple head revisions are present for given argument 'head'; please specify a specific target revision, '<branchname>@head' to narrow to a specific head, or 'heads' for all heads

conftest.py:374: Failed
---------------------------- Captured stdout setup -----------------------------
ALEMBIC ERROR: INFO  [alembic.runtime.migration] Context impl SQLiteImpl.
INFO  [alembic.runtime.migration] Will assume non-transactional DDL.
ERROR [alembic.util.messaging] Multiple head revisions are present for given argument 'head'; please specify a specific target revision, '<branchname>@head' to narrow to a specific head, or 'heads' for all heads

_ ERROR at setup of test_external_links_are_enriched_and_duplicate_shape_is_blocked[trio] _

request = <SubRequest 'seeded_admin_tenant' for <Coroutine test_external_links_are_enriched_and_duplicate_shape_is_blocked[trio]>>
kwargs = {'client': <httpx.AsyncClient object at 0x152f15bd0>, 'setup_db': (<sqlalchemy.ext.asyncio.engine.AsyncEngine object a...ers/nz/6q2p_ldx3txdbw_gttbpnwjr0000gn/T/pytest-of-haewonkim/pytest-364'), _retention_count=3, _retention_policy='all')}
event_loop_fixture_id = 'event_loop'
setup = <function _wrap_async_fixture.<locals>._async_fixture_wrapper.<locals>.setup at 0x152dad8a0>
context = <_contextvars.Context object at 0x152dd3340>
setup_task = <Task finished name='Task-804' coro=<_wrap_async_fixture.<locals>._async_fixture_wrapper.<locals>.setup() done, define...please specify a specific target revision, '<branchname>@head' to narrow to a specific head, or 'heads' for all heads
>

    @functools.wraps(fixture)
    def _async_fixture_wrapper(request: FixtureRequest, **kwargs: Any):
        func = _perhaps_rebind_fixture_func(fixture, request.instance)
        event_loop_fixture_id = _get_event_loop_fixture_id_for_async_fixture(
            request, func
        )
        event_loop = request.getfixturevalue(event_loop_fixture_id)
        kwargs.pop(event_loop_fixture_id, None)
    
        async def setup():
            res = await func(**_add_kwargs(func, kwargs, event_loop, request))
            return res
    
        context = contextvars.copy_context()
        setup_task = _create_task_in_context(event_loop, setup(), context)
>       result = event_loop.run_until_complete(setup_task)
                 ^^^^^^^^^^^^^^^^^^^^^^^^^^^^^^^^^^^^^^^^^

/opt/anaconda3/lib/python3.11/site-packages/pytest_asyncio/plugin.py:391: 
_ _ _ _ _ _ _ _ _ _ _ _ _ _ _ _ _ _ _ _ _ _ _ _ _ _ _ _ _ _ _ _ _ _ _ _ _ _ _ _ 
/opt/anaconda3/lib/python3.11/asyncio/base_events.py:653: in run_until_complete
    return future.result()
           ^^^^^^^^^^^^^^^
/opt/anaconda3/lib/python3.11/site-packages/pytest_asyncio/plugin.py:386: in setup
    res = await func(**_add_kwargs(func, kwargs, event_loop, request))
          ^^^^^^^^^^^^^^^^^^^^^^^^^^^^^^^^^^^^^^^^^^^^^^^^^^^^^^^^^^^^
_ _ _ _ _ _ _ _ _ _ _ _ _ _ _ _ _ _ _ _ _ _ _ _ _ _ _ _ _ _ _ _ _ _ _ _ _ _ _ _ 

client = <httpx.AsyncClient object at 0x152f15bd0>
tmp_path = PosixPath('/private/var/folders/nz/6q2p_ldx3txdbw_gttbpnwjr0000gn/T/pytest-of-haewonkim/pytest-364/test_external_links_are_enrich1')
tmp_path_factory = TempPathFactory(_given_basetemp=None, _trace=<pluggy._tracing.TagTracerSub object at 0x14ec297d0>, _basetemp=PosixPath...ders/nz/6q2p_ldx3txdbw_gttbpnwjr0000gn/T/pytest-of-haewonkim/pytest-364'), _retention_count=3, _retention_policy='all')
setup_db = (<sqlalchemy.ext.asyncio.engine.AsyncEngine object at 0x1543755c0>, async_sessionmaker(class_='AsyncSession', autocommit=False, bind=<sqlalchemy.ext.asyncio.engine.AsyncEngine object at 0x1543755c0>, autoflush=False, expire_on_commit=True))

    @pytest_asyncio.fixture(scope="function")
    async def seeded_admin_tenant(client, tmp_path, tmp_path_factory, setup_db):
        _test_config_engine, ConfigSessionLocal = setup_db
        """
        Fixture to create and seed a unique tenant for the 'admin_root' user.
        Tests requiring a pre-existing tenant can depend on this fixture.
        """
        from app.models.config import Tenant, UserTenantAccess
        from app.database import Base # Keep Base for potential future use, though not used directly for schema creation here
        from app.api.tenants import run_alembic_upgrade # Import the migration function
    
        tenant_name = f"Admin Root Tenant {tmp_path.name}"
        tenant_db_path = tmp_path_factory.mktemp(f"seeded_tenant_db_{tmp_path.name}") / f"admin_root_tenant_{tmp_path.name}.db"
        tenant_db_url = f"sqlite+aiosqlite:///{tenant_db_path}"
    
        # Use the test-specific ConfigSessionLocal for seeding
        async with ConfigSessionLocal() as config_session:
            # Create a test tenant
            new_tenant = Tenant(name=tenant_name, db_url=tenant_db_url, is_active=True)
            config_session.add(new_tenant)
            await config_session.flush() # Flush to get tenant.id
    
            # IMPORTANT: Access attributes BEFORE committing the session,
            # otherwise the object will be detached.
            tenant_id = new_tenant.id
            tenant_name = new_tenant.name
    
            # Grant admin_root access to this tenant
            config_session.add(UserTenantAccess(user_id="admin_root", tenant_id=tenant_id, role="ADMIN", is_selected=True))
            await config_session.commit()
    
        # Now, run alembic migrations on this newly created tenant's database
        success, error_msg = run_alembic_upgrade(tenant_db_url)
        if not success:
>           pytest.fail(f"Alembic migration failed for seeded tenant {tenant_name}: {error_msg}")
E           Failed: Alembic migration failed for seeded tenant Admin Root Tenant test_external_links_are_enrich1: INFO  [alembic.runtime.migration] Context impl SQLiteImpl.
E           INFO  [alembic.runtime.migration] Will assume non-transactional DDL.
E           ERROR [alembic.util.messaging] Multiple head revisions are present for given argument 'head'; please specify a specific target revision, '<branchname>@head' to narrow to a specific head, or 'heads' for all heads

conftest.py:374: Failed
---------------------------- Captured stdout setup -----------------------------
ALEMBIC ERROR: INFO  [alembic.runtime.migration] Context impl SQLiteImpl.
INFO  [alembic.runtime.migration] Will assume non-transactional DDL.
ERROR [alembic.util.messaging] Multiple head revisions are present for given argument 'head'; please specify a specific target revision, '<branchname>@head' to narrow to a specific head, or 'heads' for all heads

_ ERROR at setup of test_external_entity_blocks_active_identity_duplicates_and_restore_conflicts[trio] _

request = <SubRequest 'seeded_admin_tenant' for <Coroutine test_external_entity_blocks_active_identity_duplicates_and_restore_conflicts[trio]>>
kwargs = {'client': <httpx.AsyncClient object at 0x152f15bd0>, 'setup_db': (<sqlalchemy.ext.asyncio.engine.AsyncEngine object a...ers/nz/6q2p_ldx3txdbw_gttbpnwjr0000gn/T/pytest-of-haewonkim/pytest-364'), _retention_count=3, _retention_policy='all')}
event_loop_fixture_id = 'event_loop'
setup = <function _wrap_async_fixture.<locals>._async_fixture_wrapper.<locals>.setup at 0x152ec5580>
context = <_contextvars.Context object at 0x152f401c0>
setup_task = <Task finished name='Task-810' coro=<_wrap_async_fixture.<locals>._async_fixture_wrapper.<locals>.setup() done, define...please specify a specific target revision, '<branchname>@head' to narrow to a specific head, or 'heads' for all heads
>

    @functools.wraps(fixture)
    def _async_fixture_wrapper(request: FixtureRequest, **kwargs: Any):
        func = _perhaps_rebind_fixture_func(fixture, request.instance)
        event_loop_fixture_id = _get_event_loop_fixture_id_for_async_fixture(
            request, func
        )
        event_loop = request.getfixturevalue(event_loop_fixture_id)
        kwargs.pop(event_loop_fixture_id, None)
    
        async def setup():
            res = await func(**_add_kwargs(func, kwargs, event_loop, request))
            return res
    
        context = contextvars.copy_context()
        setup_task = _create_task_in_context(event_loop, setup(), context)
>       result = event_loop.run_until_complete(setup_task)
                 ^^^^^^^^^^^^^^^^^^^^^^^^^^^^^^^^^^^^^^^^^

/opt/anaconda3/lib/python3.11/site-packages/pytest_asyncio/plugin.py:391: 
_ _ _ _ _ _ _ _ _ _ _ _ _ _ _ _ _ _ _ _ _ _ _ _ _ _ _ _ _ _ _ _ _ _ _ _ _ _ _ _ 
/opt/anaconda3/lib/python3.11/asyncio/base_events.py:653: in run_until_complete
    return future.result()
           ^^^^^^^^^^^^^^^
/opt/anaconda3/lib/python3.11/site-packages/pytest_asyncio/plugin.py:386: in setup
    res = await func(**_add_kwargs(func, kwargs, event_loop, request))
          ^^^^^^^^^^^^^^^^^^^^^^^^^^^^^^^^^^^^^^^^^^^^^^^^^^^^^^^^^^^^
_ _ _ _ _ _ _ _ _ _ _ _ _ _ _ _ _ _ _ _ _ _ _ _ _ _ _ _ _ _ _ _ _ _ _ _ _ _ _ _ 

client = <httpx.AsyncClient object at 0x152f15bd0>
tmp_path = PosixPath('/private/var/folders/nz/6q2p_ldx3txdbw_gttbpnwjr0000gn/T/pytest-of-haewonkim/pytest-364/test_external_entity_blocks_ac1')
tmp_path_factory = TempPathFactory(_given_basetemp=None, _trace=<pluggy._tracing.TagTracerSub object at 0x14ec297d0>, _basetemp=PosixPath...ders/nz/6q2p_ldx3txdbw_gttbpnwjr0000gn/T/pytest-of-haewonkim/pytest-364'), _retention_count=3, _retention_policy='all')
setup_db = (<sqlalchemy.ext.asyncio.engine.AsyncEngine object at 0x152f43dc0>, async_sessionmaker(class_='AsyncSession', autocommit=False, bind=<sqlalchemy.ext.asyncio.engine.AsyncEngine object at 0x152f43dc0>, autoflush=False, expire_on_commit=True))

    @pytest_asyncio.fixture(scope="function")
    async def seeded_admin_tenant(client, tmp_path, tmp_path_factory, setup_db):
        _test_config_engine, ConfigSessionLocal = setup_db
        """
        Fixture to create and seed a unique tenant for the 'admin_root' user.
        Tests requiring a pre-existing tenant can depend on this fixture.
        """
        from app.models.config import Tenant, UserTenantAccess
        from app.database import Base # Keep Base for potential future use, though not used directly for schema creation here
        from app.api.tenants import run_alembic_upgrade # Import the migration function
    
        tenant_name = f"Admin Root Tenant {tmp_path.name}"
        tenant_db_path = tmp_path_factory.mktemp(f"seeded_tenant_db_{tmp_path.name}") / f"admin_root_tenant_{tmp_path.name}.db"
        tenant_db_url = f"sqlite+aiosqlite:///{tenant_db_path}"
    
        # Use the test-specific ConfigSessionLocal for seeding
        async with ConfigSessionLocal() as config_session:
            # Create a test tenant
            new_tenant = Tenant(name=tenant_name, db_url=tenant_db_url, is_active=True)
            config_session.add(new_tenant)
            await config_session.flush() # Flush to get tenant.id
    
            # IMPORTANT: Access attributes BEFORE committing the session,
            # otherwise the object will be detached.
            tenant_id = new_tenant.id
            tenant_name = new_tenant.name
    
            # Grant admin_root access to this tenant
            config_session.add(UserTenantAccess(user_id="admin_root", tenant_id=tenant_id, role="ADMIN", is_selected=True))
            await config_session.commit()
    
        # Now, run alembic migrations on this newly created tenant's database
        success, error_msg = run_alembic_upgrade(tenant_db_url)
        if not success:
>           pytest.fail(f"Alembic migration failed for seeded tenant {tenant_name}: {error_msg}")
E           Failed: Alembic migration failed for seeded tenant Admin Root Tenant test_external_entity_blocks_ac1: INFO  [alembic.runtime.migration] Context impl SQLiteImpl.
E           INFO  [alembic.runtime.migration] Will assume non-transactional DDL.
E           ERROR [alembic.util.messaging] Multiple head revisions are present for given argument 'head'; please specify a specific target revision, '<branchname>@head' to narrow to a specific head, or 'heads' for all heads

conftest.py:374: Failed
---------------------------- Captured stdout setup -----------------------------
ALEMBIC ERROR: INFO  [alembic.runtime.migration] Context impl SQLiteImpl.
INFO  [alembic.runtime.migration] Will assume non-transactional DDL.
ERROR [alembic.util.messaging] Multiple head revisions are present for given argument 'head'; please specify a specific target revision, '<branchname>@head' to narrow to a specific head, or 'heads' for all heads

_ ERROR at setup of test_workspace_definition_registry_is_complete_and_typed[asyncio] _

request = <SubRequest 'seeded_admin_tenant' for <Coroutine test_workspace_definition_registry_is_complete_and_typed[asyncio]>>
kwargs = {'client': <httpx.AsyncClient object at 0x15435bc50>, 'setup_db': (<sqlalchemy.ext.asyncio.engine.AsyncEngine object a...ers/nz/6q2p_ldx3txdbw_gttbpnwjr0000gn/T/pytest-of-haewonkim/pytest-364'), _retention_count=3, _retention_policy='all')}
event_loop_fixture_id = 'event_loop'
setup = <function _wrap_async_fixture.<locals>._async_fixture_wrapper.<locals>.setup at 0x152e7f060>
context = <_contextvars.Context object at 0x152f42400>
setup_task = <Task finished name='Task-819' coro=<_wrap_async_fixture.<locals>._async_fixture_wrapper.<locals>.setup() done, define...please specify a specific target revision, '<branchname>@head' to narrow to a specific head, or 'heads' for all heads
>

    @functools.wraps(fixture)
    def _async_fixture_wrapper(request: FixtureRequest, **kwargs: Any):
        func = _perhaps_rebind_fixture_func(fixture, request.instance)
        event_loop_fixture_id = _get_event_loop_fixture_id_for_async_fixture(
            request, func
        )
        event_loop = request.getfixturevalue(event_loop_fixture_id)
        kwargs.pop(event_loop_fixture_id, None)
    
        async def setup():
            res = await func(**_add_kwargs(func, kwargs, event_loop, request))
            return res
    
        context = contextvars.copy_context()
        setup_task = _create_task_in_context(event_loop, setup(), context)
>       result = event_loop.run_until_complete(setup_task)
                 ^^^^^^^^^^^^^^^^^^^^^^^^^^^^^^^^^^^^^^^^^

/opt/anaconda3/lib/python3.11/site-packages/pytest_asyncio/plugin.py:391: 
_ _ _ _ _ _ _ _ _ _ _ _ _ _ _ _ _ _ _ _ _ _ _ _ _ _ _ _ _ _ _ _ _ _ _ _ _ _ _ _ 
/opt/anaconda3/lib/python3.11/asyncio/base_events.py:653: in run_until_complete
    return future.result()
           ^^^^^^^^^^^^^^^
/opt/anaconda3/lib/python3.11/site-packages/pytest_asyncio/plugin.py:386: in setup
    res = await func(**_add_kwargs(func, kwargs, event_loop, request))
          ^^^^^^^^^^^^^^^^^^^^^^^^^^^^^^^^^^^^^^^^^^^^^^^^^^^^^^^^^^^^
_ _ _ _ _ _ _ _ _ _ _ _ _ _ _ _ _ _ _ _ _ _ _ _ _ _ _ _ _ _ _ _ _ _ _ _ _ _ _ _ 

client = <httpx.AsyncClient object at 0x15435bc50>
tmp_path = PosixPath('/private/var/folders/nz/6q2p_ldx3txdbw_gttbpnwjr0000gn/T/pytest-of-haewonkim/pytest-364/test_workspace_definition_regi0')
tmp_path_factory = TempPathFactory(_given_basetemp=None, _trace=<pluggy._tracing.TagTracerSub object at 0x14ec297d0>, _basetemp=PosixPath...ders/nz/6q2p_ldx3txdbw_gttbpnwjr0000gn/T/pytest-of-haewonkim/pytest-364'), _retention_count=3, _retention_policy='all')
setup_db = (<sqlalchemy.ext.asyncio.engine.AsyncEngine object at 0x15435b680>, async_sessionmaker(class_='AsyncSession', autocommit=False, bind=<sqlalchemy.ext.asyncio.engine.AsyncEngine object at 0x15435b680>, autoflush=False, expire_on_commit=True))

    @pytest_asyncio.fixture(scope="function")
    async def seeded_admin_tenant(client, tmp_path, tmp_path_factory, setup_db):
        _test_config_engine, ConfigSessionLocal = setup_db
        """
        Fixture to create and seed a unique tenant for the 'admin_root' user.
        Tests requiring a pre-existing tenant can depend on this fixture.
        """
        from app.models.config import Tenant, UserTenantAccess
        from app.database import Base # Keep Base for potential future use, though not used directly for schema creation here
        from app.api.tenants import run_alembic_upgrade # Import the migration function
    
        tenant_name = f"Admin Root Tenant {tmp_path.name}"
        tenant_db_path = tmp_path_factory.mktemp(f"seeded_tenant_db_{tmp_path.name}") / f"admin_root_tenant_{tmp_path.name}.db"
        tenant_db_url = f"sqlite+aiosqlite:///{tenant_db_path}"
    
        # Use the test-specific ConfigSessionLocal for seeding
        async with ConfigSessionLocal() as config_session:
            # Create a test tenant
            new_tenant = Tenant(name=tenant_name, db_url=tenant_db_url, is_active=True)
            config_session.add(new_tenant)
            await config_session.flush() # Flush to get tenant.id
    
            # IMPORTANT: Access attributes BEFORE committing the session,
            # otherwise the object will be detached.
            tenant_id = new_tenant.id
            tenant_name = new_tenant.name
    
            # Grant admin_root access to this tenant
            config_session.add(UserTenantAccess(user_id="admin_root", tenant_id=tenant_id, role="ADMIN", is_selected=True))
            await config_session.commit()
    
        # Now, run alembic migrations on this newly created tenant's database
        success, error_msg = run_alembic_upgrade(tenant_db_url)
        if not success:
>           pytest.fail(f"Alembic migration failed for seeded tenant {tenant_name}: {error_msg}")
E           Failed: Alembic migration failed for seeded tenant Admin Root Tenant test_workspace_definition_regi0: INFO  [alembic.runtime.migration] Context impl SQLiteImpl.
E           INFO  [alembic.runtime.migration] Will assume non-transactional DDL.
E           ERROR [alembic.util.messaging] Multiple head revisions are present for given argument 'head'; please specify a specific target revision, '<branchname>@head' to narrow to a specific head, or 'heads' for all heads

conftest.py:374: Failed
---------------------------- Captured stdout setup -----------------------------
ALEMBIC ERROR: INFO  [alembic.runtime.migration] Context impl SQLiteImpl.
INFO  [alembic.runtime.migration] Will assume non-transactional DDL.
ERROR [alembic.util.messaging] Multiple head revisions are present for given argument 'head'; please specify a specific target revision, '<branchname>@head' to narrow to a specific head, or 'heads' for all heads

_ ERROR at setup of test_personal_saved_view_crud_sanitization_and_conflicts[asyncio] _

request = <SubRequest 'seeded_admin_tenant' for <Coroutine test_personal_saved_view_crud_sanitization_and_conflicts[asyncio]>>
kwargs = {'client': <httpx.AsyncClient object at 0x15435bc50>, 'setup_db': (<sqlalchemy.ext.asyncio.engine.AsyncEngine object a...ers/nz/6q2p_ldx3txdbw_gttbpnwjr0000gn/T/pytest-of-haewonkim/pytest-364'), _retention_count=3, _retention_policy='all')}
event_loop_fixture_id = 'event_loop'
setup = <function _wrap_async_fixture.<locals>._async_fixture_wrapper.<locals>.setup at 0x152e44860>
context = <_contextvars.Context object at 0x152f41a40>
setup_task = <Task finished name='Task-825' coro=<_wrap_async_fixture.<locals>._async_fixture_wrapper.<locals>.setup() done, define...please specify a specific target revision, '<branchname>@head' to narrow to a specific head, or 'heads' for all heads
>

    @functools.wraps(fixture)
    def _async_fixture_wrapper(request: FixtureRequest, **kwargs: Any):
        func = _perhaps_rebind_fixture_func(fixture, request.instance)
        event_loop_fixture_id = _get_event_loop_fixture_id_for_async_fixture(
            request, func
        )
        event_loop = request.getfixturevalue(event_loop_fixture_id)
        kwargs.pop(event_loop_fixture_id, None)
    
        async def setup():
            res = await func(**_add_kwargs(func, kwargs, event_loop, request))
            return res
    
        context = contextvars.copy_context()
        setup_task = _create_task_in_context(event_loop, setup(), context)
>       result = event_loop.run_until_complete(setup_task)
                 ^^^^^^^^^^^^^^^^^^^^^^^^^^^^^^^^^^^^^^^^^

/opt/anaconda3/lib/python3.11/site-packages/pytest_asyncio/plugin.py:391: 
_ _ _ _ _ _ _ _ _ _ _ _ _ _ _ _ _ _ _ _ _ _ _ _ _ _ _ _ _ _ _ _ _ _ _ _ _ _ _ _ 
/opt/anaconda3/lib/python3.11/asyncio/base_events.py:653: in run_until_complete
    return future.result()
           ^^^^^^^^^^^^^^^
/opt/anaconda3/lib/python3.11/site-packages/pytest_asyncio/plugin.py:386: in setup
    res = await func(**_add_kwargs(func, kwargs, event_loop, request))
          ^^^^^^^^^^^^^^^^^^^^^^^^^^^^^^^^^^^^^^^^^^^^^^^^^^^^^^^^^^^^
_ _ _ _ _ _ _ _ _ _ _ _ _ _ _ _ _ _ _ _ _ _ _ _ _ _ _ _ _ _ _ _ _ _ _ _ _ _ _ _ 

client = <httpx.AsyncClient object at 0x15435bc50>
tmp_path = PosixPath('/private/var/folders/nz/6q2p_ldx3txdbw_gttbpnwjr0000gn/T/pytest-of-haewonkim/pytest-364/test_personal_saved_view_crud_0')
tmp_path_factory = TempPathFactory(_given_basetemp=None, _trace=<pluggy._tracing.TagTracerSub object at 0x14ec297d0>, _basetemp=PosixPath...ders/nz/6q2p_ldx3txdbw_gttbpnwjr0000gn/T/pytest-of-haewonkim/pytest-364'), _retention_count=3, _retention_policy='all')
setup_db = (<sqlalchemy.ext.asyncio.engine.AsyncEngine object at 0x1543b14c0>, async_sessionmaker(class_='AsyncSession', autocommit=False, bind=<sqlalchemy.ext.asyncio.engine.AsyncEngine object at 0x1543b14c0>, autoflush=False, expire_on_commit=True))

    @pytest_asyncio.fixture(scope="function")
    async def seeded_admin_tenant(client, tmp_path, tmp_path_factory, setup_db):
        _test_config_engine, ConfigSessionLocal = setup_db
        """
        Fixture to create and seed a unique tenant for the 'admin_root' user.
        Tests requiring a pre-existing tenant can depend on this fixture.
        """
        from app.models.config import Tenant, UserTenantAccess
        from app.database import Base # Keep Base for potential future use, though not used directly for schema creation here
        from app.api.tenants import run_alembic_upgrade # Import the migration function
    
        tenant_name = f"Admin Root Tenant {tmp_path.name}"
        tenant_db_path = tmp_path_factory.mktemp(f"seeded_tenant_db_{tmp_path.name}") / f"admin_root_tenant_{tmp_path.name}.db"
        tenant_db_url = f"sqlite+aiosqlite:///{tenant_db_path}"
    
        # Use the test-specific ConfigSessionLocal for seeding
        async with ConfigSessionLocal() as config_session:
            # Create a test tenant
            new_tenant = Tenant(name=tenant_name, db_url=tenant_db_url, is_active=True)
            config_session.add(new_tenant)
            await config_session.flush() # Flush to get tenant.id
    
            # IMPORTANT: Access attributes BEFORE committing the session,
            # otherwise the object will be detached.
            tenant_id = new_tenant.id
            tenant_name = new_tenant.name
    
            # Grant admin_root access to this tenant
            config_session.add(UserTenantAccess(user_id="admin_root", tenant_id=tenant_id, role="ADMIN", is_selected=True))
            await config_session.commit()
    
        # Now, run alembic migrations on this newly created tenant's database
        success, error_msg = run_alembic_upgrade(tenant_db_url)
        if not success:
>           pytest.fail(f"Alembic migration failed for seeded tenant {tenant_name}: {error_msg}")
E           Failed: Alembic migration failed for seeded tenant Admin Root Tenant test_personal_saved_view_crud_0: INFO  [alembic.runtime.migration] Context impl SQLiteImpl.
E           INFO  [alembic.runtime.migration] Will assume non-transactional DDL.
E           ERROR [alembic.util.messaging] Multiple head revisions are present for given argument 'head'; please specify a specific target revision, '<branchname>@head' to narrow to a specific head, or 'heads' for all heads

conftest.py:374: Failed
---------------------------- Captured stdout setup -----------------------------
ALEMBIC ERROR: INFO  [alembic.runtime.migration] Context impl SQLiteImpl.
INFO  [alembic.runtime.migration] Will assume non-transactional DDL.
ERROR [alembic.util.messaging] Multiple head revisions are present for given argument 'head'; please specify a specific target revision, '<branchname>@head' to narrow to a specific head, or 'heads' for all heads

_ ERROR at setup of test_saved_views_reject_unknown_workspace_team_scope_and_duplicate_names[asyncio] _

request = <SubRequest 'seeded_admin_tenant' for <Coroutine test_saved_views_reject_unknown_workspace_team_scope_and_duplicate_names[asyncio]>>
kwargs = {'client': <httpx.AsyncClient object at 0x15435bc50>, 'setup_db': (<sqlalchemy.ext.asyncio.engine.AsyncEngine object a...ers/nz/6q2p_ldx3txdbw_gttbpnwjr0000gn/T/pytest-of-haewonkim/pytest-364'), _retention_count=3, _retention_policy='all')}
event_loop_fixture_id = 'event_loop'
setup = <function _wrap_async_fixture.<locals>._async_fixture_wrapper.<locals>.setup at 0x152dae480>
context = <_contextvars.Context object at 0x152f42380>
setup_task = <Task finished name='Task-831' coro=<_wrap_async_fixture.<locals>._async_fixture_wrapper.<locals>.setup() done, define...please specify a specific target revision, '<branchname>@head' to narrow to a specific head, or 'heads' for all heads
>

    @functools.wraps(fixture)
    def _async_fixture_wrapper(request: FixtureRequest, **kwargs: Any):
        func = _perhaps_rebind_fixture_func(fixture, request.instance)
        event_loop_fixture_id = _get_event_loop_fixture_id_for_async_fixture(
            request, func
        )
        event_loop = request.getfixturevalue(event_loop_fixture_id)
        kwargs.pop(event_loop_fixture_id, None)
    
        async def setup():
            res = await func(**_add_kwargs(func, kwargs, event_loop, request))
            return res
    
        context = contextvars.copy_context()
        setup_task = _create_task_in_context(event_loop, setup(), context)
>       result = event_loop.run_until_complete(setup_task)
                 ^^^^^^^^^^^^^^^^^^^^^^^^^^^^^^^^^^^^^^^^^

/opt/anaconda3/lib/python3.11/site-packages/pytest_asyncio/plugin.py:391: 
_ _ _ _ _ _ _ _ _ _ _ _ _ _ _ _ _ _ _ _ _ _ _ _ _ _ _ _ _ _ _ _ _ _ _ _ _ _ _ _ 
/opt/anaconda3/lib/python3.11/asyncio/base_events.py:653: in run_until_complete
    return future.result()
           ^^^^^^^^^^^^^^^
/opt/anaconda3/lib/python3.11/site-packages/pytest_asyncio/plugin.py:386: in setup
    res = await func(**_add_kwargs(func, kwargs, event_loop, request))
          ^^^^^^^^^^^^^^^^^^^^^^^^^^^^^^^^^^^^^^^^^^^^^^^^^^^^^^^^^^^^
_ _ _ _ _ _ _ _ _ _ _ _ _ _ _ _ _ _ _ _ _ _ _ _ _ _ _ _ _ _ _ _ _ _ _ _ _ _ _ _ 

client = <httpx.AsyncClient object at 0x15435bc50>
tmp_path = PosixPath('/private/var/folders/nz/6q2p_ldx3txdbw_gttbpnwjr0000gn/T/pytest-of-haewonkim/pytest-364/test_saved_views_reject_unknow0')
tmp_path_factory = TempPathFactory(_given_basetemp=None, _trace=<pluggy._tracing.TagTracerSub object at 0x14ec297d0>, _basetemp=PosixPath...ders/nz/6q2p_ldx3txdbw_gttbpnwjr0000gn/T/pytest-of-haewonkim/pytest-364'), _retention_count=3, _retention_policy='all')
setup_db = (<sqlalchemy.ext.asyncio.engine.AsyncEngine object at 0x152f49a00>, async_sessionmaker(class_='AsyncSession', autocommit=False, bind=<sqlalchemy.ext.asyncio.engine.AsyncEngine object at 0x152f49a00>, autoflush=False, expire_on_commit=True))

    @pytest_asyncio.fixture(scope="function")
    async def seeded_admin_tenant(client, tmp_path, tmp_path_factory, setup_db):
        _test_config_engine, ConfigSessionLocal = setup_db
        """
        Fixture to create and seed a unique tenant for the 'admin_root' user.
        Tests requiring a pre-existing tenant can depend on this fixture.
        """
        from app.models.config import Tenant, UserTenantAccess
        from app.database import Base # Keep Base for potential future use, though not used directly for schema creation here
        from app.api.tenants import run_alembic_upgrade # Import the migration function
    
        tenant_name = f"Admin Root Tenant {tmp_path.name}"
        tenant_db_path = tmp_path_factory.mktemp(f"seeded_tenant_db_{tmp_path.name}") / f"admin_root_tenant_{tmp_path.name}.db"
        tenant_db_url = f"sqlite+aiosqlite:///{tenant_db_path}"
    
        # Use the test-specific ConfigSessionLocal for seeding
        async with ConfigSessionLocal() as config_session:
            # Create a test tenant
            new_tenant = Tenant(name=tenant_name, db_url=tenant_db_url, is_active=True)
            config_session.add(new_tenant)
            await config_session.flush() # Flush to get tenant.id
    
            # IMPORTANT: Access attributes BEFORE committing the session,
            # otherwise the object will be detached.
            tenant_id = new_tenant.id
            tenant_name = new_tenant.name
    
            # Grant admin_root access to this tenant
            config_session.add(UserTenantAccess(user_id="admin_root", tenant_id=tenant_id, role="ADMIN", is_selected=True))
            await config_session.commit()
    
        # Now, run alembic migrations on this newly created tenant's database
        success, error_msg = run_alembic_upgrade(tenant_db_url)
        if not success:
>           pytest.fail(f"Alembic migration failed for seeded tenant {tenant_name}: {error_msg}")
E           Failed: Alembic migration failed for seeded tenant Admin Root Tenant test_saved_views_reject_unknow0: INFO  [alembic.runtime.migration] Context impl SQLiteImpl.
E           INFO  [alembic.runtime.migration] Will assume non-transactional DDL.
E           ERROR [alembic.util.messaging] Multiple head revisions are present for given argument 'head'; please specify a specific target revision, '<branchname>@head' to narrow to a specific head, or 'heads' for all heads

conftest.py:374: Failed
---------------------------- Captured stdout setup -----------------------------
ALEMBIC ERROR: INFO  [alembic.runtime.migration] Context impl SQLiteImpl.
INFO  [alembic.runtime.migration] Will assume non-transactional DDL.
ERROR [alembic.util.messaging] Multiple head revisions are present for given argument 'head'; please specify a specific target revision, '<branchname>@head' to narrow to a specific head, or 'heads' for all heads

____ ERROR at setup of test_saved_view_owner_and_tenant_isolation[asyncio] _____

request = <SubRequest 'seeded_admin_tenant' for <Coroutine test_saved_view_owner_and_tenant_isolation[asyncio]>>
kwargs = {'client': <httpx.AsyncClient object at 0x15435bc50>, 'setup_db': (<sqlalchemy.ext.asyncio.engine.AsyncEngine object a...ers/nz/6q2p_ldx3txdbw_gttbpnwjr0000gn/T/pytest-of-haewonkim/pytest-364'), _retention_count=3, _retention_policy='all')}
event_loop_fixture_id = 'event_loop'
setup = <function _wrap_async_fixture.<locals>._async_fixture_wrapper.<locals>.setup at 0x152e45080>
context = <_contextvars.Context object at 0x152d04780>
setup_task = <Task finished name='Task-837' coro=<_wrap_async_fixture.<locals>._async_fixture_wrapper.<locals>.setup() done, define...please specify a specific target revision, '<branchname>@head' to narrow to a specific head, or 'heads' for all heads
>

    @functools.wraps(fixture)
    def _async_fixture_wrapper(request: FixtureRequest, **kwargs: Any):
        func = _perhaps_rebind_fixture_func(fixture, request.instance)
        event_loop_fixture_id = _get_event_loop_fixture_id_for_async_fixture(
            request, func
        )
        event_loop = request.getfixturevalue(event_loop_fixture_id)
        kwargs.pop(event_loop_fixture_id, None)
    
        async def setup():
            res = await func(**_add_kwargs(func, kwargs, event_loop, request))
            return res
    
        context = contextvars.copy_context()
        setup_task = _create_task_in_context(event_loop, setup(), context)
>       result = event_loop.run_until_complete(setup_task)
                 ^^^^^^^^^^^^^^^^^^^^^^^^^^^^^^^^^^^^^^^^^

/opt/anaconda3/lib/python3.11/site-packages/pytest_asyncio/plugin.py:391: 
_ _ _ _ _ _ _ _ _ _ _ _ _ _ _ _ _ _ _ _ _ _ _ _ _ _ _ _ _ _ _ _ _ _ _ _ _ _ _ _ 
/opt/anaconda3/lib/python3.11/asyncio/base_events.py:653: in run_until_complete
    return future.result()
           ^^^^^^^^^^^^^^^
/opt/anaconda3/lib/python3.11/site-packages/pytest_asyncio/plugin.py:386: in setup
    res = await func(**_add_kwargs(func, kwargs, event_loop, request))
          ^^^^^^^^^^^^^^^^^^^^^^^^^^^^^^^^^^^^^^^^^^^^^^^^^^^^^^^^^^^^
_ _ _ _ _ _ _ _ _ _ _ _ _ _ _ _ _ _ _ _ _ _ _ _ _ _ _ _ _ _ _ _ _ _ _ _ _ _ _ _ 

client = <httpx.AsyncClient object at 0x15435bc50>
tmp_path = PosixPath('/private/var/folders/nz/6q2p_ldx3txdbw_gttbpnwjr0000gn/T/pytest-of-haewonkim/pytest-364/test_saved_view_owner_and_tena0')
tmp_path_factory = TempPathFactory(_given_basetemp=None, _trace=<pluggy._tracing.TagTracerSub object at 0x14ec297d0>, _basetemp=PosixPath...ders/nz/6q2p_ldx3txdbw_gttbpnwjr0000gn/T/pytest-of-haewonkim/pytest-364'), _retention_count=3, _retention_policy='all')
setup_db = (<sqlalchemy.ext.asyncio.engine.AsyncEngine object at 0x152e281c0>, async_sessionmaker(class_='AsyncSession', autocommit=False, bind=<sqlalchemy.ext.asyncio.engine.AsyncEngine object at 0x152e281c0>, autoflush=False, expire_on_commit=True))

    @pytest_asyncio.fixture(scope="function")
    async def seeded_admin_tenant(client, tmp_path, tmp_path_factory, setup_db):
        _test_config_engine, ConfigSessionLocal = setup_db
        """
        Fixture to create and seed a unique tenant for the 'admin_root' user.
        Tests requiring a pre-existing tenant can depend on this fixture.
        """
        from app.models.config import Tenant, UserTenantAccess
        from app.database import Base # Keep Base for potential future use, though not used directly for schema creation here
        from app.api.tenants import run_alembic_upgrade # Import the migration function
    
        tenant_name = f"Admin Root Tenant {tmp_path.name}"
        tenant_db_path = tmp_path_factory.mktemp(f"seeded_tenant_db_{tmp_path.name}") / f"admin_root_tenant_{tmp_path.name}.db"
        tenant_db_url = f"sqlite+aiosqlite:///{tenant_db_path}"
    
        # Use the test-specific ConfigSessionLocal for seeding
        async with ConfigSessionLocal() as config_session:
            # Create a test tenant
            new_tenant = Tenant(name=tenant_name, db_url=tenant_db_url, is_active=True)
            config_session.add(new_tenant)
            await config_session.flush() # Flush to get tenant.id
    
            # IMPORTANT: Access attributes BEFORE committing the session,
            # otherwise the object will be detached.
            tenant_id = new_tenant.id
            tenant_name = new_tenant.name
    
            # Grant admin_root access to this tenant
            config_session.add(UserTenantAccess(user_id="admin_root", tenant_id=tenant_id, role="ADMIN", is_selected=True))
            await config_session.commit()
    
        # Now, run alembic migrations on this newly created tenant's database
        success, error_msg = run_alembic_upgrade(tenant_db_url)
        if not success:
>           pytest.fail(f"Alembic migration failed for seeded tenant {tenant_name}: {error_msg}")
E           Failed: Alembic migration failed for seeded tenant Admin Root Tenant test_saved_view_owner_and_tena0: INFO  [alembic.runtime.migration] Context impl SQLiteImpl.
E           INFO  [alembic.runtime.migration] Will assume non-transactional DDL.
E           ERROR [alembic.util.messaging] Multiple head revisions are present for given argument 'head'; please specify a specific target revision, '<branchname>@head' to narrow to a specific head, or 'heads' for all heads

conftest.py:374: Failed
---------------------------- Captured stdout setup -----------------------------
ALEMBIC ERROR: INFO  [alembic.runtime.migration] Context impl SQLiteImpl.
INFO  [alembic.runtime.migration] Will assume non-transactional DDL.
ERROR [alembic.util.messaging] Multiple head revisions are present for given argument 'head'; please specify a specific target revision, '<branchname>@head' to narrow to a specific head, or 'heads' for all heads

_ ERROR at setup of test_saved_view_favorite_and_single_default_metadata[asyncio] _

request = <SubRequest 'seeded_admin_tenant' for <Coroutine test_saved_view_favorite_and_single_default_metadata[asyncio]>>
kwargs = {'client': <httpx.AsyncClient object at 0x15435bc50>, 'setup_db': (<sqlalchemy.ext.asyncio.engine.AsyncEngine object a...ers/nz/6q2p_ldx3txdbw_gttbpnwjr0000gn/T/pytest-of-haewonkim/pytest-364'), _retention_count=3, _retention_policy='all')}
event_loop_fixture_id = 'event_loop'
setup = <function _wrap_async_fixture.<locals>._async_fixture_wrapper.<locals>.setup at 0x152e468e0>
context = <_contextvars.Context object at 0x152e2a600>
setup_task = <Task finished name='Task-843' coro=<_wrap_async_fixture.<locals>._async_fixture_wrapper.<locals>.setup() done, define...please specify a specific target revision, '<branchname>@head' to narrow to a specific head, or 'heads' for all heads
>

    @functools.wraps(fixture)
    def _async_fixture_wrapper(request: FixtureRequest, **kwargs: Any):
        func = _perhaps_rebind_fixture_func(fixture, request.instance)
        event_loop_fixture_id = _get_event_loop_fixture_id_for_async_fixture(
            request, func
        )
        event_loop = request.getfixturevalue(event_loop_fixture_id)
        kwargs.pop(event_loop_fixture_id, None)
    
        async def setup():
            res = await func(**_add_kwargs(func, kwargs, event_loop, request))
            return res
    
        context = contextvars.copy_context()
        setup_task = _create_task_in_context(event_loop, setup(), context)
>       result = event_loop.run_until_complete(setup_task)
                 ^^^^^^^^^^^^^^^^^^^^^^^^^^^^^^^^^^^^^^^^^

/opt/anaconda3/lib/python3.11/site-packages/pytest_asyncio/plugin.py:391: 
_ _ _ _ _ _ _ _ _ _ _ _ _ _ _ _ _ _ _ _ _ _ _ _ _ _ _ _ _ _ _ _ _ _ _ _ _ _ _ _ 
/opt/anaconda3/lib/python3.11/asyncio/base_events.py:653: in run_until_complete
    return future.result()
           ^^^^^^^^^^^^^^^
/opt/anaconda3/lib/python3.11/site-packages/pytest_asyncio/plugin.py:386: in setup
    res = await func(**_add_kwargs(func, kwargs, event_loop, request))
          ^^^^^^^^^^^^^^^^^^^^^^^^^^^^^^^^^^^^^^^^^^^^^^^^^^^^^^^^^^^^
_ _ _ _ _ _ _ _ _ _ _ _ _ _ _ _ _ _ _ _ _ _ _ _ _ _ _ _ _ _ _ _ _ _ _ _ _ _ _ _ 

client = <httpx.AsyncClient object at 0x15435bc50>
tmp_path = PosixPath('/private/var/folders/nz/6q2p_ldx3txdbw_gttbpnwjr0000gn/T/pytest-of-haewonkim/pytest-364/test_saved_view_favorite_and_s0')
tmp_path_factory = TempPathFactory(_given_basetemp=None, _trace=<pluggy._tracing.TagTracerSub object at 0x14ec297d0>, _basetemp=PosixPath...ders/nz/6q2p_ldx3txdbw_gttbpnwjr0000gn/T/pytest-of-haewonkim/pytest-364'), _retention_count=3, _retention_policy='all')
setup_db = (<sqlalchemy.ext.asyncio.engine.AsyncEngine object at 0x15434ec40>, async_sessionmaker(class_='AsyncSession', autocommit=False, bind=<sqlalchemy.ext.asyncio.engine.AsyncEngine object at 0x15434ec40>, autoflush=False, expire_on_commit=True))

    @pytest_asyncio.fixture(scope="function")
    async def seeded_admin_tenant(client, tmp_path, tmp_path_factory, setup_db):
        _test_config_engine, ConfigSessionLocal = setup_db
        """
        Fixture to create and seed a unique tenant for the 'admin_root' user.
        Tests requiring a pre-existing tenant can depend on this fixture.
        """
        from app.models.config import Tenant, UserTenantAccess
        from app.database import Base # Keep Base for potential future use, though not used directly for schema creation here
        from app.api.tenants import run_alembic_upgrade # Import the migration function
    
        tenant_name = f"Admin Root Tenant {tmp_path.name}"
        tenant_db_path = tmp_path_factory.mktemp(f"seeded_tenant_db_{tmp_path.name}") / f"admin_root_tenant_{tmp_path.name}.db"
        tenant_db_url = f"sqlite+aiosqlite:///{tenant_db_path}"
    
        # Use the test-specific ConfigSessionLocal for seeding
        async with ConfigSessionLocal() as config_session:
            # Create a test tenant
            new_tenant = Tenant(name=tenant_name, db_url=tenant_db_url, is_active=True)
            config_session.add(new_tenant)
            await config_session.flush() # Flush to get tenant.id
    
            # IMPORTANT: Access attributes BEFORE committing the session,
            # otherwise the object will be detached.
            tenant_id = new_tenant.id
            tenant_name = new_tenant.name
    
            # Grant admin_root access to this tenant
            config_session.add(UserTenantAccess(user_id="admin_root", tenant_id=tenant_id, role="ADMIN", is_selected=True))
            await config_session.commit()
    
        # Now, run alembic migrations on this newly created tenant's database
        success, error_msg = run_alembic_upgrade(tenant_db_url)
        if not success:
>           pytest.fail(f"Alembic migration failed for seeded tenant {tenant_name}: {error_msg}")
E           Failed: Alembic migration failed for seeded tenant Admin Root Tenant test_saved_view_favorite_and_s0: INFO  [alembic.runtime.migration] Context impl SQLiteImpl.
E           INFO  [alembic.runtime.migration] Will assume non-transactional DDL.
E           ERROR [alembic.util.messaging] Multiple head revisions are present for given argument 'head'; please specify a specific target revision, '<branchname>@head' to narrow to a specific head, or 'heads' for all heads

conftest.py:374: Failed
---------------------------- Captured stdout setup -----------------------------
ALEMBIC ERROR: INFO  [alembic.runtime.migration] Context impl SQLiteImpl.
INFO  [alembic.runtime.migration] Will assume non-transactional DDL.
ERROR [alembic.util.messaging] Multiple head revisions are present for given argument 'head'; please specify a specific target revision, '<branchname>@head' to narrow to a specific head, or 'heads' for all heads

____ ERROR at setup of test_atomic_revision_allows_only_one_writer[asyncio] ____

request = <SubRequest 'seeded_admin_tenant' for <Coroutine test_atomic_revision_allows_only_one_writer[asyncio]>>
kwargs = {'client': <httpx.AsyncClient object at 0x15435bc50>, 'setup_db': (<sqlalchemy.ext.asyncio.engine.AsyncEngine object a...ers/nz/6q2p_ldx3txdbw_gttbpnwjr0000gn/T/pytest-of-haewonkim/pytest-364'), _retention_count=3, _retention_policy='all')}
event_loop_fixture_id = 'event_loop'
setup = <function _wrap_async_fixture.<locals>._async_fixture_wrapper.<locals>.setup at 0x152b89a80>
context = <_contextvars.Context object at 0x152e29ac0>
setup_task = <Task finished name='Task-849' coro=<_wrap_async_fixture.<locals>._async_fixture_wrapper.<locals>.setup() done, define...please specify a specific target revision, '<branchname>@head' to narrow to a specific head, or 'heads' for all heads
>

    @functools.wraps(fixture)
    def _async_fixture_wrapper(request: FixtureRequest, **kwargs: Any):
        func = _perhaps_rebind_fixture_func(fixture, request.instance)
        event_loop_fixture_id = _get_event_loop_fixture_id_for_async_fixture(
            request, func
        )
        event_loop = request.getfixturevalue(event_loop_fixture_id)
        kwargs.pop(event_loop_fixture_id, None)
    
        async def setup():
            res = await func(**_add_kwargs(func, kwargs, event_loop, request))
            return res
    
        context = contextvars.copy_context()
        setup_task = _create_task_in_context(event_loop, setup(), context)
>       result = event_loop.run_until_complete(setup_task)
                 ^^^^^^^^^^^^^^^^^^^^^^^^^^^^^^^^^^^^^^^^^

/opt/anaconda3/lib/python3.11/site-packages/pytest_asyncio/plugin.py:391: 
_ _ _ _ _ _ _ _ _ _ _ _ _ _ _ _ _ _ _ _ _ _ _ _ _ _ _ _ _ _ _ _ _ _ _ _ _ _ _ _ 
/opt/anaconda3/lib/python3.11/asyncio/base_events.py:653: in run_until_complete
    return future.result()
           ^^^^^^^^^^^^^^^
/opt/anaconda3/lib/python3.11/site-packages/pytest_asyncio/plugin.py:386: in setup
    res = await func(**_add_kwargs(func, kwargs, event_loop, request))
          ^^^^^^^^^^^^^^^^^^^^^^^^^^^^^^^^^^^^^^^^^^^^^^^^^^^^^^^^^^^^
_ _ _ _ _ _ _ _ _ _ _ _ _ _ _ _ _ _ _ _ _ _ _ _ _ _ _ _ _ _ _ _ _ _ _ _ _ _ _ _ 

client = <httpx.AsyncClient object at 0x15435bc50>
tmp_path = PosixPath('/private/var/folders/nz/6q2p_ldx3txdbw_gttbpnwjr0000gn/T/pytest-of-haewonkim/pytest-364/test_atomic_revision_allows_on0')
tmp_path_factory = TempPathFactory(_given_basetemp=None, _trace=<pluggy._tracing.TagTracerSub object at 0x14ec297d0>, _basetemp=PosixPath...ders/nz/6q2p_ldx3txdbw_gttbpnwjr0000gn/T/pytest-of-haewonkim/pytest-364'), _retention_count=3, _retention_policy='all')
setup_db = (<sqlalchemy.ext.asyncio.engine.AsyncEngine object at 0x1543ecec0>, async_sessionmaker(class_='AsyncSession', autocommit=False, bind=<sqlalchemy.ext.asyncio.engine.AsyncEngine object at 0x1543ecec0>, autoflush=False, expire_on_commit=True))

    @pytest_asyncio.fixture(scope="function")
    async def seeded_admin_tenant(client, tmp_path, tmp_path_factory, setup_db):
        _test_config_engine, ConfigSessionLocal = setup_db
        """
        Fixture to create and seed a unique tenant for the 'admin_root' user.
        Tests requiring a pre-existing tenant can depend on this fixture.
        """
        from app.models.config import Tenant, UserTenantAccess
        from app.database import Base # Keep Base for potential future use, though not used directly for schema creation here
        from app.api.tenants import run_alembic_upgrade # Import the migration function
    
        tenant_name = f"Admin Root Tenant {tmp_path.name}"
        tenant_db_path = tmp_path_factory.mktemp(f"seeded_tenant_db_{tmp_path.name}") / f"admin_root_tenant_{tmp_path.name}.db"
        tenant_db_url = f"sqlite+aiosqlite:///{tenant_db_path}"
    
        # Use the test-specific ConfigSessionLocal for seeding
        async with ConfigSessionLocal() as config_session:
            # Create a test tenant
            new_tenant = Tenant(name=tenant_name, db_url=tenant_db_url, is_active=True)
            config_session.add(new_tenant)
            await config_session.flush() # Flush to get tenant.id
    
            # IMPORTANT: Access attributes BEFORE committing the session,
            # otherwise the object will be detached.
            tenant_id = new_tenant.id
            tenant_name = new_tenant.name
    
            # Grant admin_root access to this tenant
            config_session.add(UserTenantAccess(user_id="admin_root", tenant_id=tenant_id, role="ADMIN", is_selected=True))
            await config_session.commit()
    
        # Now, run alembic migrations on this newly created tenant's database
        success, error_msg = run_alembic_upgrade(tenant_db_url)
        if not success:
>           pytest.fail(f"Alembic migration failed for seeded tenant {tenant_name}: {error_msg}")
E           Failed: Alembic migration failed for seeded tenant Admin Root Tenant test_atomic_revision_allows_on0: INFO  [alembic.runtime.migration] Context impl SQLiteImpl.
E           INFO  [alembic.runtime.migration] Will assume non-transactional DDL.
E           ERROR [alembic.util.messaging] Multiple head revisions are present for given argument 'head'; please specify a specific target revision, '<branchname>@head' to narrow to a specific head, or 'heads' for all heads

conftest.py:374: Failed
---------------------------- Captured stdout setup -----------------------------
ALEMBIC ERROR: INFO  [alembic.runtime.migration] Context impl SQLiteImpl.
INFO  [alembic.runtime.migration] Will assume non-transactional DDL.
ERROR [alembic.util.messaging] Multiple head revisions are present for given argument 'head'; please specify a specific target revision, '<branchname>@head' to narrow to a specific head, or 'heads' for all heads

_ ERROR at setup of test_workspace_definition_registry_is_complete_and_typed[trio] _

request = <SubRequest 'seeded_admin_tenant' for <Coroutine test_workspace_definition_registry_is_complete_and_typed[trio]>>
kwargs = {'client': <httpx.AsyncClient object at 0x15435bc50>, 'setup_db': (<sqlalchemy.ext.asyncio.engine.AsyncEngine object a...ers/nz/6q2p_ldx3txdbw_gttbpnwjr0000gn/T/pytest-of-haewonkim/pytest-364'), _retention_count=3, _retention_policy='all')}
event_loop_fixture_id = 'event_loop'
setup = <function _wrap_async_fixture.<locals>._async_fixture_wrapper.<locals>.setup at 0x152dabd80>
context = <_contextvars.Context object at 0x152e2a2c0>
setup_task = <Task finished name='Task-855' coro=<_wrap_async_fixture.<locals>._async_fixture_wrapper.<locals>.setup() done, define...please specify a specific target revision, '<branchname>@head' to narrow to a specific head, or 'heads' for all heads
>

    @functools.wraps(fixture)
    def _async_fixture_wrapper(request: FixtureRequest, **kwargs: Any):
        func = _perhaps_rebind_fixture_func(fixture, request.instance)
        event_loop_fixture_id = _get_event_loop_fixture_id_for_async_fixture(
            request, func
        )
        event_loop = request.getfixturevalue(event_loop_fixture_id)
        kwargs.pop(event_loop_fixture_id, None)
    
        async def setup():
            res = await func(**_add_kwargs(func, kwargs, event_loop, request))
            return res
    
        context = contextvars.copy_context()
        setup_task = _create_task_in_context(event_loop, setup(), context)
>       result = event_loop.run_until_complete(setup_task)
                 ^^^^^^^^^^^^^^^^^^^^^^^^^^^^^^^^^^^^^^^^^

/opt/anaconda3/lib/python3.11/site-packages/pytest_asyncio/plugin.py:391: 
_ _ _ _ _ _ _ _ _ _ _ _ _ _ _ _ _ _ _ _ _ _ _ _ _ _ _ _ _ _ _ _ _ _ _ _ _ _ _ _ 
/opt/anaconda3/lib/python3.11/asyncio/base_events.py:653: in run_until_complete
    return future.result()
           ^^^^^^^^^^^^^^^
/opt/anaconda3/lib/python3.11/site-packages/pytest_asyncio/plugin.py:386: in setup
    res = await func(**_add_kwargs(func, kwargs, event_loop, request))
          ^^^^^^^^^^^^^^^^^^^^^^^^^^^^^^^^^^^^^^^^^^^^^^^^^^^^^^^^^^^^
_ _ _ _ _ _ _ _ _ _ _ _ _ _ _ _ _ _ _ _ _ _ _ _ _ _ _ _ _ _ _ _ _ _ _ _ _ _ _ _ 

client = <httpx.AsyncClient object at 0x15435bc50>
tmp_path = PosixPath('/private/var/folders/nz/6q2p_ldx3txdbw_gttbpnwjr0000gn/T/pytest-of-haewonkim/pytest-364/test_workspace_definition_regi1')
tmp_path_factory = TempPathFactory(_given_basetemp=None, _trace=<pluggy._tracing.TagTracerSub object at 0x14ec297d0>, _basetemp=PosixPath...ders/nz/6q2p_ldx3txdbw_gttbpnwjr0000gn/T/pytest-of-haewonkim/pytest-364'), _retention_count=3, _retention_policy='all')
setup_db = (<sqlalchemy.ext.asyncio.engine.AsyncEngine object at 0x1542f9380>, async_sessionmaker(class_='AsyncSession', autocommit=False, bind=<sqlalchemy.ext.asyncio.engine.AsyncEngine object at 0x1542f9380>, autoflush=False, expire_on_commit=True))

    @pytest_asyncio.fixture(scope="function")
    async def seeded_admin_tenant(client, tmp_path, tmp_path_factory, setup_db):
        _test_config_engine, ConfigSessionLocal = setup_db
        """
        Fixture to create and seed a unique tenant for the 'admin_root' user.
        Tests requiring a pre-existing tenant can depend on this fixture.
        """
        from app.models.config import Tenant, UserTenantAccess
        from app.database import Base # Keep Base for potential future use, though not used directly for schema creation here
        from app.api.tenants import run_alembic_upgrade # Import the migration function
    
        tenant_name = f"Admin Root Tenant {tmp_path.name}"
        tenant_db_path = tmp_path_factory.mktemp(f"seeded_tenant_db_{tmp_path.name}") / f"admin_root_tenant_{tmp_path.name}.db"
        tenant_db_url = f"sqlite+aiosqlite:///{tenant_db_path}"
    
        # Use the test-specific ConfigSessionLocal for seeding
        async with ConfigSessionLocal() as config_session:
            # Create a test tenant
            new_tenant = Tenant(name=tenant_name, db_url=tenant_db_url, is_active=True)
            config_session.add(new_tenant)
            await config_session.flush() # Flush to get tenant.id
    
            # IMPORTANT: Access attributes BEFORE committing the session,
            # otherwise the object will be detached.
            tenant_id = new_tenant.id
            tenant_name = new_tenant.name
    
            # Grant admin_root access to this tenant
            config_session.add(UserTenantAccess(user_id="admin_root", tenant_id=tenant_id, role="ADMIN", is_selected=True))
            await config_session.commit()
    
        # Now, run alembic migrations on this newly created tenant's database
        success, error_msg = run_alembic_upgrade(tenant_db_url)
        if not success:
>           pytest.fail(f"Alembic migration failed for seeded tenant {tenant_name}: {error_msg}")
E           Failed: Alembic migration failed for seeded tenant Admin Root Tenant test_workspace_definition_regi1: INFO  [alembic.runtime.migration] Context impl SQLiteImpl.
E           INFO  [alembic.runtime.migration] Will assume non-transactional DDL.
E           ERROR [alembic.util.messaging] Multiple head revisions are present for given argument 'head'; please specify a specific target revision, '<branchname>@head' to narrow to a specific head, or 'heads' for all heads

conftest.py:374: Failed
---------------------------- Captured stdout setup -----------------------------
ALEMBIC ERROR: INFO  [alembic.runtime.migration] Context impl SQLiteImpl.
INFO  [alembic.runtime.migration] Will assume non-transactional DDL.
ERROR [alembic.util.messaging] Multiple head revisions are present for given argument 'head'; please specify a specific target revision, '<branchname>@head' to narrow to a specific head, or 'heads' for all heads

_ ERROR at setup of test_personal_saved_view_crud_sanitization_and_conflicts[trio] _

request = <SubRequest 'seeded_admin_tenant' for <Coroutine test_personal_saved_view_crud_sanitization_and_conflicts[trio]>>
kwargs = {'client': <httpx.AsyncClient object at 0x15435bc50>, 'setup_db': (<sqlalchemy.ext.asyncio.engine.AsyncEngine object a...ers/nz/6q2p_ldx3txdbw_gttbpnwjr0000gn/T/pytest-of-haewonkim/pytest-364'), _retention_count=3, _retention_policy='all')}
event_loop_fixture_id = 'event_loop'
setup = <function _wrap_async_fixture.<locals>._async_fixture_wrapper.<locals>.setup at 0x152d99440>
context = <_contextvars.Context object at 0x15421ee80>
setup_task = <Task finished name='Task-861' coro=<_wrap_async_fixture.<locals>._async_fixture_wrapper.<locals>.setup() done, define...please specify a specific target revision, '<branchname>@head' to narrow to a specific head, or 'heads' for all heads
>

    @functools.wraps(fixture)
    def _async_fixture_wrapper(request: FixtureRequest, **kwargs: Any):
        func = _perhaps_rebind_fixture_func(fixture, request.instance)
        event_loop_fixture_id = _get_event_loop_fixture_id_for_async_fixture(
            request, func
        )
        event_loop = request.getfixturevalue(event_loop_fixture_id)
        kwargs.pop(event_loop_fixture_id, None)
    
        async def setup():
            res = await func(**_add_kwargs(func, kwargs, event_loop, request))
            return res
    
        context = contextvars.copy_context()
        setup_task = _create_task_in_context(event_loop, setup(), context)
>       result = event_loop.run_until_complete(setup_task)
                 ^^^^^^^^^^^^^^^^^^^^^^^^^^^^^^^^^^^^^^^^^

/opt/anaconda3/lib/python3.11/site-packages/pytest_asyncio/plugin.py:391: 
_ _ _ _ _ _ _ _ _ _ _ _ _ _ _ _ _ _ _ _ _ _ _ _ _ _ _ _ _ _ _ _ _ _ _ _ _ _ _ _ 
/opt/anaconda3/lib/python3.11/asyncio/base_events.py:653: in run_until_complete
    return future.result()
           ^^^^^^^^^^^^^^^
/opt/anaconda3/lib/python3.11/site-packages/pytest_asyncio/plugin.py:386: in setup
    res = await func(**_add_kwargs(func, kwargs, event_loop, request))
          ^^^^^^^^^^^^^^^^^^^^^^^^^^^^^^^^^^^^^^^^^^^^^^^^^^^^^^^^^^^^
_ _ _ _ _ _ _ _ _ _ _ _ _ _ _ _ _ _ _ _ _ _ _ _ _ _ _ _ _ _ _ _ _ _ _ _ _ _ _ _ 

client = <httpx.AsyncClient object at 0x15435bc50>
tmp_path = PosixPath('/private/var/folders/nz/6q2p_ldx3txdbw_gttbpnwjr0000gn/T/pytest-of-haewonkim/pytest-364/test_personal_saved_view_crud_1')
tmp_path_factory = TempPathFactory(_given_basetemp=None, _trace=<pluggy._tracing.TagTracerSub object at 0x14ec297d0>, _basetemp=PosixPath...ders/nz/6q2p_ldx3txdbw_gttbpnwjr0000gn/T/pytest-of-haewonkim/pytest-364'), _retention_count=3, _retention_policy='all')
setup_db = (<sqlalchemy.ext.asyncio.engine.AsyncEngine object at 0x154415000>, async_sessionmaker(class_='AsyncSession', autocommit=False, bind=<sqlalchemy.ext.asyncio.engine.AsyncEngine object at 0x154415000>, autoflush=False, expire_on_commit=True))

    @pytest_asyncio.fixture(scope="function")
    async def seeded_admin_tenant(client, tmp_path, tmp_path_factory, setup_db):
        _test_config_engine, ConfigSessionLocal = setup_db
        """
        Fixture to create and seed a unique tenant for the 'admin_root' user.
        Tests requiring a pre-existing tenant can depend on this fixture.
        """
        from app.models.config import Tenant, UserTenantAccess
        from app.database import Base # Keep Base for potential future use, though not used directly for schema creation here
        from app.api.tenants import run_alembic_upgrade # Import the migration function
    
        tenant_name = f"Admin Root Tenant {tmp_path.name}"
        tenant_db_path = tmp_path_factory.mktemp(f"seeded_tenant_db_{tmp_path.name}") / f"admin_root_tenant_{tmp_path.name}.db"
        tenant_db_url = f"sqlite+aiosqlite:///{tenant_db_path}"
    
        # Use the test-specific ConfigSessionLocal for seeding
        async with ConfigSessionLocal() as config_session:
            # Create a test tenant
            new_tenant = Tenant(name=tenant_name, db_url=tenant_db_url, is_active=True)
            config_session.add(new_tenant)
            await config_session.flush() # Flush to get tenant.id
    
            # IMPORTANT: Access attributes BEFORE committing the session,
            # otherwise the object will be detached.
            tenant_id = new_tenant.id
            tenant_name = new_tenant.name
    
            # Grant admin_root access to this tenant
            config_session.add(UserTenantAccess(user_id="admin_root", tenant_id=tenant_id, role="ADMIN", is_selected=True))
            await config_session.commit()
    
        # Now, run alembic migrations on this newly created tenant's database
        success, error_msg = run_alembic_upgrade(tenant_db_url)
        if not success:
>           pytest.fail(f"Alembic migration failed for seeded tenant {tenant_name}: {error_msg}")
E           Failed: Alembic migration failed for seeded tenant Admin Root Tenant test_personal_saved_view_crud_1: INFO  [alembic.runtime.migration] Context impl SQLiteImpl.
E           INFO  [alembic.runtime.migration] Will assume non-transactional DDL.
E           ERROR [alembic.util.messaging] Multiple head revisions are present for given argument 'head'; please specify a specific target revision, '<branchname>@head' to narrow to a specific head, or 'heads' for all heads

conftest.py:374: Failed
---------------------------- Captured stdout setup -----------------------------
ALEMBIC ERROR: INFO  [alembic.runtime.migration] Context impl SQLiteImpl.
INFO  [alembic.runtime.migration] Will assume non-transactional DDL.
ERROR [alembic.util.messaging] Multiple head revisions are present for given argument 'head'; please specify a specific target revision, '<branchname>@head' to narrow to a specific head, or 'heads' for all heads

_ ERROR at setup of test_saved_views_reject_unknown_workspace_team_scope_and_duplicate_names[trio] _

request = <SubRequest 'seeded_admin_tenant' for <Coroutine test_saved_views_reject_unknown_workspace_team_scope_and_duplicate_names[trio]>>
kwargs = {'client': <httpx.AsyncClient object at 0x15435bc50>, 'setup_db': (<sqlalchemy.ext.asyncio.engine.AsyncEngine object a...ers/nz/6q2p_ldx3txdbw_gttbpnwjr0000gn/T/pytest-of-haewonkim/pytest-364'), _retention_count=3, _retention_policy='all')}
event_loop_fixture_id = 'event_loop'
setup = <function _wrap_async_fixture.<locals>._async_fixture_wrapper.<locals>.setup at 0x152dae5c0>
context = <_contextvars.Context object at 0x15436b900>
setup_task = <Task finished name='Task-867' coro=<_wrap_async_fixture.<locals>._async_fixture_wrapper.<locals>.setup() done, define...please specify a specific target revision, '<branchname>@head' to narrow to a specific head, or 'heads' for all heads
>

    @functools.wraps(fixture)
    def _async_fixture_wrapper(request: FixtureRequest, **kwargs: Any):
        func = _perhaps_rebind_fixture_func(fixture, request.instance)
        event_loop_fixture_id = _get_event_loop_fixture_id_for_async_fixture(
            request, func
        )
        event_loop = request.getfixturevalue(event_loop_fixture_id)
        kwargs.pop(event_loop_fixture_id, None)
    
        async def setup():
            res = await func(**_add_kwargs(func, kwargs, event_loop, request))
            return res
    
        context = contextvars.copy_context()
        setup_task = _create_task_in_context(event_loop, setup(), context)
>       result = event_loop.run_until_complete(setup_task)
                 ^^^^^^^^^^^^^^^^^^^^^^^^^^^^^^^^^^^^^^^^^

/opt/anaconda3/lib/python3.11/site-packages/pytest_asyncio/plugin.py:391: 
_ _ _ _ _ _ _ _ _ _ _ _ _ _ _ _ _ _ _ _ _ _ _ _ _ _ _ _ _ _ _ _ _ _ _ _ _ _ _ _ 
/opt/anaconda3/lib/python3.11/asyncio/base_events.py:653: in run_until_complete
    return future.result()
           ^^^^^^^^^^^^^^^
/opt/anaconda3/lib/python3.11/site-packages/pytest_asyncio/plugin.py:386: in setup
    res = await func(**_add_kwargs(func, kwargs, event_loop, request))
          ^^^^^^^^^^^^^^^^^^^^^^^^^^^^^^^^^^^^^^^^^^^^^^^^^^^^^^^^^^^^
_ _ _ _ _ _ _ _ _ _ _ _ _ _ _ _ _ _ _ _ _ _ _ _ _ _ _ _ _ _ _ _ _ _ _ _ _ _ _ _ 

client = <httpx.AsyncClient object at 0x15435bc50>
tmp_path = PosixPath('/private/var/folders/nz/6q2p_ldx3txdbw_gttbpnwjr0000gn/T/pytest-of-haewonkim/pytest-364/test_saved_views_reject_unknow1')
tmp_path_factory = TempPathFactory(_given_basetemp=None, _trace=<pluggy._tracing.TagTracerSub object at 0x14ec297d0>, _basetemp=PosixPath...ders/nz/6q2p_ldx3txdbw_gttbpnwjr0000gn/T/pytest-of-haewonkim/pytest-364'), _retention_count=3, _retention_policy='all')
setup_db = (<sqlalchemy.ext.asyncio.engine.AsyncEngine object at 0x1541baf40>, async_sessionmaker(class_='AsyncSession', autocommit=False, bind=<sqlalchemy.ext.asyncio.engine.AsyncEngine object at 0x1541baf40>, autoflush=False, expire_on_commit=True))

    @pytest_asyncio.fixture(scope="function")
    async def seeded_admin_tenant(client, tmp_path, tmp_path_factory, setup_db):
        _test_config_engine, ConfigSessionLocal = setup_db
        """
        Fixture to create and seed a unique tenant for the 'admin_root' user.
        Tests requiring a pre-existing tenant can depend on this fixture.
        """
        from app.models.config import Tenant, UserTenantAccess
        from app.database import Base # Keep Base for potential future use, though not used directly for schema creation here
        from app.api.tenants import run_alembic_upgrade # Import the migration function
    
        tenant_name = f"Admin Root Tenant {tmp_path.name}"
        tenant_db_path = tmp_path_factory.mktemp(f"seeded_tenant_db_{tmp_path.name}") / f"admin_root_tenant_{tmp_path.name}.db"
        tenant_db_url = f"sqlite+aiosqlite:///{tenant_db_path}"
    
        # Use the test-specific ConfigSessionLocal for seeding
        async with ConfigSessionLocal() as config_session:
            # Create a test tenant
            new_tenant = Tenant(name=tenant_name, db_url=tenant_db_url, is_active=True)
            config_session.add(new_tenant)
            await config_session.flush() # Flush to get tenant.id
    
            # IMPORTANT: Access attributes BEFORE committing the session,
            # otherwise the object will be detached.
            tenant_id = new_tenant.id
            tenant_name = new_tenant.name
    
            # Grant admin_root access to this tenant
            config_session.add(UserTenantAccess(user_id="admin_root", tenant_id=tenant_id, role="ADMIN", is_selected=True))
            await config_session.commit()
    
        # Now, run alembic migrations on this newly created tenant's database
        success, error_msg = run_alembic_upgrade(tenant_db_url)
        if not success:
>           pytest.fail(f"Alembic migration failed for seeded tenant {tenant_name}: {error_msg}")
E           Failed: Alembic migration failed for seeded tenant Admin Root Tenant test_saved_views_reject_unknow1: INFO  [alembic.runtime.migration] Context impl SQLiteImpl.
E           INFO  [alembic.runtime.migration] Will assume non-transactional DDL.
E           ERROR [alembic.util.messaging] Multiple head revisions are present for given argument 'head'; please specify a specific target revision, '<branchname>@head' to narrow to a specific head, or 'heads' for all heads

conftest.py:374: Failed
---------------------------- Captured stdout setup -----------------------------
ALEMBIC ERROR: INFO  [alembic.runtime.migration] Context impl SQLiteImpl.
INFO  [alembic.runtime.migration] Will assume non-transactional DDL.
ERROR [alembic.util.messaging] Multiple head revisions are present for given argument 'head'; please specify a specific target revision, '<branchname>@head' to narrow to a specific head, or 'heads' for all heads

______ ERROR at setup of test_saved_view_owner_and_tenant_isolation[trio] ______

request = <SubRequest 'seeded_admin_tenant' for <Coroutine test_saved_view_owner_and_tenant_isolation[trio]>>
kwargs = {'client': <httpx.AsyncClient object at 0x15435bc50>, 'setup_db': (<sqlalchemy.ext.asyncio.engine.AsyncEngine object a...ers/nz/6q2p_ldx3txdbw_gttbpnwjr0000gn/T/pytest-of-haewonkim/pytest-364'), _retention_count=3, _retention_policy='all')}
event_loop_fixture_id = 'event_loop'
setup = <function _wrap_async_fixture.<locals>._async_fixture_wrapper.<locals>.setup at 0x152daff60>
context = <_contextvars.Context object at 0x1541bb080>
setup_task = <Task finished name='Task-873' coro=<_wrap_async_fixture.<locals>._async_fixture_wrapper.<locals>.setup() done, define...please specify a specific target revision, '<branchname>@head' to narrow to a specific head, or 'heads' for all heads
>

    @functools.wraps(fixture)
    def _async_fixture_wrapper(request: FixtureRequest, **kwargs: Any):
        func = _perhaps_rebind_fixture_func(fixture, request.instance)
        event_loop_fixture_id = _get_event_loop_fixture_id_for_async_fixture(
            request, func
        )
        event_loop = request.getfixturevalue(event_loop_fixture_id)
        kwargs.pop(event_loop_fixture_id, None)
    
        async def setup():
            res = await func(**_add_kwargs(func, kwargs, event_loop, request))
            return res
    
        context = contextvars.copy_context()
        setup_task = _create_task_in_context(event_loop, setup(), context)
>       result = event_loop.run_until_complete(setup_task)
                 ^^^^^^^^^^^^^^^^^^^^^^^^^^^^^^^^^^^^^^^^^

/opt/anaconda3/lib/python3.11/site-packages/pytest_asyncio/plugin.py:391: 
_ _ _ _ _ _ _ _ _ _ _ _ _ _ _ _ _ _ _ _ _ _ _ _ _ _ _ _ _ _ _ _ _ _ _ _ _ _ _ _ 
/opt/anaconda3/lib/python3.11/asyncio/base_events.py:653: in run_until_complete
    return future.result()
           ^^^^^^^^^^^^^^^
/opt/anaconda3/lib/python3.11/site-packages/pytest_asyncio/plugin.py:386: in setup
    res = await func(**_add_kwargs(func, kwargs, event_loop, request))
          ^^^^^^^^^^^^^^^^^^^^^^^^^^^^^^^^^^^^^^^^^^^^^^^^^^^^^^^^^^^^
_ _ _ _ _ _ _ _ _ _ _ _ _ _ _ _ _ _ _ _ _ _ _ _ _ _ _ _ _ _ _ _ _ _ _ _ _ _ _ _ 

client = <httpx.AsyncClient object at 0x15435bc50>
tmp_path = PosixPath('/private/var/folders/nz/6q2p_ldx3txdbw_gttbpnwjr0000gn/T/pytest-of-haewonkim/pytest-364/test_saved_view_owner_and_tena1')
tmp_path_factory = TempPathFactory(_given_basetemp=None, _trace=<pluggy._tracing.TagTracerSub object at 0x14ec297d0>, _basetemp=PosixPath...ders/nz/6q2p_ldx3txdbw_gttbpnwjr0000gn/T/pytest-of-haewonkim/pytest-364'), _retention_count=3, _retention_policy='all')
setup_db = (<sqlalchemy.ext.asyncio.engine.AsyncEngine object at 0x1541deb00>, async_sessionmaker(class_='AsyncSession', autocommit=False, bind=<sqlalchemy.ext.asyncio.engine.AsyncEngine object at 0x1541deb00>, autoflush=False, expire_on_commit=True))

    @pytest_asyncio.fixture(scope="function")
    async def seeded_admin_tenant(client, tmp_path, tmp_path_factory, setup_db):
        _test_config_engine, ConfigSessionLocal = setup_db
        """
        Fixture to create and seed a unique tenant for the 'admin_root' user.
        Tests requiring a pre-existing tenant can depend on this fixture.
        """
        from app.models.config import Tenant, UserTenantAccess
        from app.database import Base # Keep Base for potential future use, though not used directly for schema creation here
        from app.api.tenants import run_alembic_upgrade # Import the migration function
    
        tenant_name = f"Admin Root Tenant {tmp_path.name}"
        tenant_db_path = tmp_path_factory.mktemp(f"seeded_tenant_db_{tmp_path.name}") / f"admin_root_tenant_{tmp_path.name}.db"
        tenant_db_url = f"sqlite+aiosqlite:///{tenant_db_path}"
    
        # Use the test-specific ConfigSessionLocal for seeding
        async with ConfigSessionLocal() as config_session:
            # Create a test tenant
            new_tenant = Tenant(name=tenant_name, db_url=tenant_db_url, is_active=True)
            config_session.add(new_tenant)
            await config_session.flush() # Flush to get tenant.id
    
            # IMPORTANT: Access attributes BEFORE committing the session,
            # otherwise the object will be detached.
            tenant_id = new_tenant.id
            tenant_name = new_tenant.name
    
            # Grant admin_root access to this tenant
            config_session.add(UserTenantAccess(user_id="admin_root", tenant_id=tenant_id, role="ADMIN", is_selected=True))
            await config_session.commit()
    
        # Now, run alembic migrations on this newly created tenant's database
        success, error_msg = run_alembic_upgrade(tenant_db_url)
        if not success:
>           pytest.fail(f"Alembic migration failed for seeded tenant {tenant_name}: {error_msg}")
E           Failed: Alembic migration failed for seeded tenant Admin Root Tenant test_saved_view_owner_and_tena1: INFO  [alembic.runtime.migration] Context impl SQLiteImpl.
E           INFO  [alembic.runtime.migration] Will assume non-transactional DDL.
E           ERROR [alembic.util.messaging] Multiple head revisions are present for given argument 'head'; please specify a specific target revision, '<branchname>@head' to narrow to a specific head, or 'heads' for all heads

conftest.py:374: Failed
---------------------------- Captured stdout setup -----------------------------
ALEMBIC ERROR: INFO  [alembic.runtime.migration] Context impl SQLiteImpl.
INFO  [alembic.runtime.migration] Will assume non-transactional DDL.
ERROR [alembic.util.messaging] Multiple head revisions are present for given argument 'head'; please specify a specific target revision, '<branchname>@head' to narrow to a specific head, or 'heads' for all heads

_ ERROR at setup of test_saved_view_favorite_and_single_default_metadata[trio] _

request = <SubRequest 'seeded_admin_tenant' for <Coroutine test_saved_view_favorite_and_single_default_metadata[trio]>>
kwargs = {'client': <httpx.AsyncClient object at 0x15435bc50>, 'setup_db': (<sqlalchemy.ext.asyncio.engine.AsyncEngine object a...ers/nz/6q2p_ldx3txdbw_gttbpnwjr0000gn/T/pytest-of-haewonkim/pytest-364'), _retention_count=3, _retention_policy='all')}
event_loop_fixture_id = 'event_loop'
setup = <function _wrap_async_fixture.<locals>._async_fixture_wrapper.<locals>.setup at 0x152e45bc0>
context = <_contextvars.Context object at 0x1541bb3c0>
setup_task = <Task finished name='Task-879' coro=<_wrap_async_fixture.<locals>._async_fixture_wrapper.<locals>.setup() done, define...please specify a specific target revision, '<branchname>@head' to narrow to a specific head, or 'heads' for all heads
>

    @functools.wraps(fixture)
    def _async_fixture_wrapper(request: FixtureRequest, **kwargs: Any):
        func = _perhaps_rebind_fixture_func(fixture, request.instance)
        event_loop_fixture_id = _get_event_loop_fixture_id_for_async_fixture(
            request, func
        )
        event_loop = request.getfixturevalue(event_loop_fixture_id)
        kwargs.pop(event_loop_fixture_id, None)
    
        async def setup():
            res = await func(**_add_kwargs(func, kwargs, event_loop, request))
            return res
    
        context = contextvars.copy_context()
        setup_task = _create_task_in_context(event_loop, setup(), context)
>       result = event_loop.run_until_complete(setup_task)
                 ^^^^^^^^^^^^^^^^^^^^^^^^^^^^^^^^^^^^^^^^^

/opt/anaconda3/lib/python3.11/site-packages/pytest_asyncio/plugin.py:391: 
_ _ _ _ _ _ _ _ _ _ _ _ _ _ _ _ _ _ _ _ _ _ _ _ _ _ _ _ _ _ _ _ _ _ _ _ _ _ _ _ 
/opt/anaconda3/lib/python3.11/asyncio/base_events.py:653: in run_until_complete
    return future.result()
           ^^^^^^^^^^^^^^^
/opt/anaconda3/lib/python3.11/site-packages/pytest_asyncio/plugin.py:386: in setup
    res = await func(**_add_kwargs(func, kwargs, event_loop, request))
          ^^^^^^^^^^^^^^^^^^^^^^^^^^^^^^^^^^^^^^^^^^^^^^^^^^^^^^^^^^^^
_ _ _ _ _ _ _ _ _ _ _ _ _ _ _ _ _ _ _ _ _ _ _ _ _ _ _ _ _ _ _ _ _ _ _ _ _ _ _ _ 

client = <httpx.AsyncClient object at 0x15435bc50>
tmp_path = PosixPath('/private/var/folders/nz/6q2p_ldx3txdbw_gttbpnwjr0000gn/T/pytest-of-haewonkim/pytest-364/test_saved_view_favorite_and_s1')
tmp_path_factory = TempPathFactory(_given_basetemp=None, _trace=<pluggy._tracing.TagTracerSub object at 0x14ec297d0>, _basetemp=PosixPath...ders/nz/6q2p_ldx3txdbw_gttbpnwjr0000gn/T/pytest-of-haewonkim/pytest-364'), _retention_count=3, _retention_policy='all')
setup_db = (<sqlalchemy.ext.asyncio.engine.AsyncEngine object at 0x15419ed40>, async_sessionmaker(class_='AsyncSession', autocommit=False, bind=<sqlalchemy.ext.asyncio.engine.AsyncEngine object at 0x15419ed40>, autoflush=False, expire_on_commit=True))

    @pytest_asyncio.fixture(scope="function")
    async def seeded_admin_tenant(client, tmp_path, tmp_path_factory, setup_db):
        _test_config_engine, ConfigSessionLocal = setup_db
        """
        Fixture to create and seed a unique tenant for the 'admin_root' user.
        Tests requiring a pre-existing tenant can depend on this fixture.
        """
        from app.models.config import Tenant, UserTenantAccess
        from app.database import Base # Keep Base for potential future use, though not used directly for schema creation here
        from app.api.tenants import run_alembic_upgrade # Import the migration function
    
        tenant_name = f"Admin Root Tenant {tmp_path.name}"
        tenant_db_path = tmp_path_factory.mktemp(f"seeded_tenant_db_{tmp_path.name}") / f"admin_root_tenant_{tmp_path.name}.db"
        tenant_db_url = f"sqlite+aiosqlite:///{tenant_db_path}"
    
        # Use the test-specific ConfigSessionLocal for seeding
        async with ConfigSessionLocal() as config_session:
            # Create a test tenant
            new_tenant = Tenant(name=tenant_name, db_url=tenant_db_url, is_active=True)
            config_session.add(new_tenant)
            await config_session.flush() # Flush to get tenant.id
    
            # IMPORTANT: Access attributes BEFORE committing the session,
            # otherwise the object will be detached.
            tenant_id = new_tenant.id
            tenant_name = new_tenant.name
    
            # Grant admin_root access to this tenant
            config_session.add(UserTenantAccess(user_id="admin_root", tenant_id=tenant_id, role="ADMIN", is_selected=True))
            await config_session.commit()
    
        # Now, run alembic migrations on this newly created tenant's database
        success, error_msg = run_alembic_upgrade(tenant_db_url)
        if not success:
>           pytest.fail(f"Alembic migration failed for seeded tenant {tenant_name}: {error_msg}")
E           Failed: Alembic migration failed for seeded tenant Admin Root Tenant test_saved_view_favorite_and_s1: INFO  [alembic.runtime.migration] Context impl SQLiteImpl.
E           INFO  [alembic.runtime.migration] Will assume non-transactional DDL.
E           ERROR [alembic.util.messaging] Multiple head revisions are present for given argument 'head'; please specify a specific target revision, '<branchname>@head' to narrow to a specific head, or 'heads' for all heads

conftest.py:374: Failed
---------------------------- Captured stdout setup -----------------------------
ALEMBIC ERROR: INFO  [alembic.runtime.migration] Context impl SQLiteImpl.
INFO  [alembic.runtime.migration] Will assume non-transactional DDL.
ERROR [alembic.util.messaging] Multiple head revisions are present for given argument 'head'; please specify a specific target revision, '<branchname>@head' to narrow to a specific head, or 'heads' for all heads

_____ ERROR at setup of test_atomic_revision_allows_only_one_writer[trio] ______

request = <SubRequest 'seeded_admin_tenant' for <Coroutine test_atomic_revision_allows_only_one_writer[trio]>>
kwargs = {'client': <httpx.AsyncClient object at 0x15435bc50>, 'setup_db': (<sqlalchemy.ext.asyncio.engine.AsyncEngine object a...ers/nz/6q2p_ldx3txdbw_gttbpnwjr0000gn/T/pytest-of-haewonkim/pytest-364'), _retention_count=3, _retention_policy='all')}
event_loop_fixture_id = 'event_loop'
setup = <function _wrap_async_fixture.<locals>._async_fixture_wrapper.<locals>.setup at 0x152db87c0>
context = <_contextvars.Context object at 0x1541bb4c0>
setup_task = <Task finished name='Task-885' coro=<_wrap_async_fixture.<locals>._async_fixture_wrapper.<locals>.setup() done, define...please specify a specific target revision, '<branchname>@head' to narrow to a specific head, or 'heads' for all heads
>

    @functools.wraps(fixture)
    def _async_fixture_wrapper(request: FixtureRequest, **kwargs: Any):
        func = _perhaps_rebind_fixture_func(fixture, request.instance)
        event_loop_fixture_id = _get_event_loop_fixture_id_for_async_fixture(
            request, func
        )
        event_loop = request.getfixturevalue(event_loop_fixture_id)
        kwargs.pop(event_loop_fixture_id, None)
    
        async def setup():
            res = await func(**_add_kwargs(func, kwargs, event_loop, request))
            return res
    
        context = contextvars.copy_context()
        setup_task = _create_task_in_context(event_loop, setup(), context)
>       result = event_loop.run_until_complete(setup_task)
                 ^^^^^^^^^^^^^^^^^^^^^^^^^^^^^^^^^^^^^^^^^

/opt/anaconda3/lib/python3.11/site-packages/pytest_asyncio/plugin.py:391: 
_ _ _ _ _ _ _ _ _ _ _ _ _ _ _ _ _ _ _ _ _ _ _ _ _ _ _ _ _ _ _ _ _ _ _ _ _ _ _ _ 
/opt/anaconda3/lib/python3.11/asyncio/base_events.py:653: in run_until_complete
    return future.result()
           ^^^^^^^^^^^^^^^
/opt/anaconda3/lib/python3.11/site-packages/pytest_asyncio/plugin.py:386: in setup
    res = await func(**_add_kwargs(func, kwargs, event_loop, request))
          ^^^^^^^^^^^^^^^^^^^^^^^^^^^^^^^^^^^^^^^^^^^^^^^^^^^^^^^^^^^^
_ _ _ _ _ _ _ _ _ _ _ _ _ _ _ _ _ _ _ _ _ _ _ _ _ _ _ _ _ _ _ _ _ _ _ _ _ _ _ _ 

client = <httpx.AsyncClient object at 0x15435bc50>
tmp_path = PosixPath('/private/var/folders/nz/6q2p_ldx3txdbw_gttbpnwjr0000gn/T/pytest-of-haewonkim/pytest-364/test_atomic_revision_allows_on1')
tmp_path_factory = TempPathFactory(_given_basetemp=None, _trace=<pluggy._tracing.TagTracerSub object at 0x14ec297d0>, _basetemp=PosixPath...ders/nz/6q2p_ldx3txdbw_gttbpnwjr0000gn/T/pytest-of-haewonkim/pytest-364'), _retention_count=3, _retention_policy='all')
setup_db = (<sqlalchemy.ext.asyncio.engine.AsyncEngine object at 0x15421f080>, async_sessionmaker(class_='AsyncSession', autocommit=False, bind=<sqlalchemy.ext.asyncio.engine.AsyncEngine object at 0x15421f080>, autoflush=False, expire_on_commit=True))

    @pytest_asyncio.fixture(scope="function")
    async def seeded_admin_tenant(client, tmp_path, tmp_path_factory, setup_db):
        _test_config_engine, ConfigSessionLocal = setup_db
        """
        Fixture to create and seed a unique tenant for the 'admin_root' user.
        Tests requiring a pre-existing tenant can depend on this fixture.
        """
        from app.models.config import Tenant, UserTenantAccess
        from app.database import Base # Keep Base for potential future use, though not used directly for schema creation here
        from app.api.tenants import run_alembic_upgrade # Import the migration function
    
        tenant_name = f"Admin Root Tenant {tmp_path.name}"
        tenant_db_path = tmp_path_factory.mktemp(f"seeded_tenant_db_{tmp_path.name}") / f"admin_root_tenant_{tmp_path.name}.db"
        tenant_db_url = f"sqlite+aiosqlite:///{tenant_db_path}"
    
        # Use the test-specific ConfigSessionLocal for seeding
        async with ConfigSessionLocal() as config_session:
            # Create a test tenant
            new_tenant = Tenant(name=tenant_name, db_url=tenant_db_url, is_active=True)
            config_session.add(new_tenant)
            await config_session.flush() # Flush to get tenant.id
    
            # IMPORTANT: Access attributes BEFORE committing the session,
            # otherwise the object will be detached.
            tenant_id = new_tenant.id
            tenant_name = new_tenant.name
    
            # Grant admin_root access to this tenant
            config_session.add(UserTenantAccess(user_id="admin_root", tenant_id=tenant_id, role="ADMIN", is_selected=True))
            await config_session.commit()
    
        # Now, run alembic migrations on this newly created tenant's database
        success, error_msg = run_alembic_upgrade(tenant_db_url)
        if not success:
>           pytest.fail(f"Alembic migration failed for seeded tenant {tenant_name}: {error_msg}")
E           Failed: Alembic migration failed for seeded tenant Admin Root Tenant test_atomic_revision_allows_on1: INFO  [alembic.runtime.migration] Context impl SQLiteImpl.
E           INFO  [alembic.runtime.migration] Will assume non-transactional DDL.
E           ERROR [alembic.util.messaging] Multiple head revisions are present for given argument 'head'; please specify a specific target revision, '<branchname>@head' to narrow to a specific head, or 'heads' for all heads

conftest.py:374: Failed
---------------------------- Captured stdout setup -----------------------------
ALEMBIC ERROR: INFO  [alembic.runtime.migration] Context impl SQLiteImpl.
INFO  [alembic.runtime.migration] Will assume non-transactional DDL.
ERROR [alembic.util.messaging] Multiple head revisions are present for given argument 'head'; please specify a specific target revision, '<branchname>@head' to narrow to a specific head, or 'heads' for all heads

_ ERROR at setup of test_team_saved_views_enforce_membership_identity_defaults_conflicts_and_tenant_isolation[asyncio] _

request = <SubRequest 'seeded_admin_tenant' for <Coroutine test_team_saved_views_enforce_membership_identity_defaults_conflicts_and_tenant_isolation[asyncio]>>
kwargs = {'client': <httpx.AsyncClient object at 0x152e2bb90>, 'setup_db': (<sqlalchemy.ext.asyncio.engine.AsyncEngine object a...ers/nz/6q2p_ldx3txdbw_gttbpnwjr0000gn/T/pytest-of-haewonkim/pytest-364'), _retention_count=3, _retention_policy='all')}
event_loop_fixture_id = 'event_loop'
setup = <function _wrap_async_fixture.<locals>._async_fixture_wrapper.<locals>.setup at 0x152db9800>
context = <_contextvars.Context object at 0x152dd3340>
setup_task = <Task finished name='Task-894' coro=<_wrap_async_fixture.<locals>._async_fixture_wrapper.<locals>.setup() done, define...please specify a specific target revision, '<branchname>@head' to narrow to a specific head, or 'heads' for all heads
>

    @functools.wraps(fixture)
    def _async_fixture_wrapper(request: FixtureRequest, **kwargs: Any):
        func = _perhaps_rebind_fixture_func(fixture, request.instance)
        event_loop_fixture_id = _get_event_loop_fixture_id_for_async_fixture(
            request, func
        )
        event_loop = request.getfixturevalue(event_loop_fixture_id)
        kwargs.pop(event_loop_fixture_id, None)
    
        async def setup():
            res = await func(**_add_kwargs(func, kwargs, event_loop, request))
            return res
    
        context = contextvars.copy_context()
        setup_task = _create_task_in_context(event_loop, setup(), context)
>       result = event_loop.run_until_complete(setup_task)
                 ^^^^^^^^^^^^^^^^^^^^^^^^^^^^^^^^^^^^^^^^^

/opt/anaconda3/lib/python3.11/site-packages/pytest_asyncio/plugin.py:391: 
_ _ _ _ _ _ _ _ _ _ _ _ _ _ _ _ _ _ _ _ _ _ _ _ _ _ _ _ _ _ _ _ _ _ _ _ _ _ _ _ 
/opt/anaconda3/lib/python3.11/asyncio/base_events.py:653: in run_until_complete
    return future.result()
           ^^^^^^^^^^^^^^^
/opt/anaconda3/lib/python3.11/site-packages/pytest_asyncio/plugin.py:386: in setup
    res = await func(**_add_kwargs(func, kwargs, event_loop, request))
          ^^^^^^^^^^^^^^^^^^^^^^^^^^^^^^^^^^^^^^^^^^^^^^^^^^^^^^^^^^^^
_ _ _ _ _ _ _ _ _ _ _ _ _ _ _ _ _ _ _ _ _ _ _ _ _ _ _ _ _ _ _ _ _ _ _ _ _ _ _ _ 

client = <httpx.AsyncClient object at 0x152e2bb90>
tmp_path = PosixPath('/private/var/folders/nz/6q2p_ldx3txdbw_gttbpnwjr0000gn/T/pytest-of-haewonkim/pytest-364/test_team_saved_views_enforce_0')
tmp_path_factory = TempPathFactory(_given_basetemp=None, _trace=<pluggy._tracing.TagTracerSub object at 0x14ec297d0>, _basetemp=PosixPath...ders/nz/6q2p_ldx3txdbw_gttbpnwjr0000gn/T/pytest-of-haewonkim/pytest-364'), _retention_count=3, _retention_policy='all')
setup_db = (<sqlalchemy.ext.asyncio.engine.AsyncEngine object at 0x152f16e80>, async_sessionmaker(class_='AsyncSession', autocommit=False, bind=<sqlalchemy.ext.asyncio.engine.AsyncEngine object at 0x152f16e80>, autoflush=False, expire_on_commit=True))

    @pytest_asyncio.fixture(scope="function")
    async def seeded_admin_tenant(client, tmp_path, tmp_path_factory, setup_db):
        _test_config_engine, ConfigSessionLocal = setup_db
        """
        Fixture to create and seed a unique tenant for the 'admin_root' user.
        Tests requiring a pre-existing tenant can depend on this fixture.
        """
        from app.models.config import Tenant, UserTenantAccess
        from app.database import Base # Keep Base for potential future use, though not used directly for schema creation here
        from app.api.tenants import run_alembic_upgrade # Import the migration function
    
        tenant_name = f"Admin Root Tenant {tmp_path.name}"
        tenant_db_path = tmp_path_factory.mktemp(f"seeded_tenant_db_{tmp_path.name}") / f"admin_root_tenant_{tmp_path.name}.db"
        tenant_db_url = f"sqlite+aiosqlite:///{tenant_db_path}"
    
        # Use the test-specific ConfigSessionLocal for seeding
        async with ConfigSessionLocal() as config_session:
            # Create a test tenant
            new_tenant = Tenant(name=tenant_name, db_url=tenant_db_url, is_active=True)
            config_session.add(new_tenant)
            await config_session.flush() # Flush to get tenant.id
    
            # IMPORTANT: Access attributes BEFORE committing the session,
            # otherwise the object will be detached.
            tenant_id = new_tenant.id
            tenant_name = new_tenant.name
    
            # Grant admin_root access to this tenant
            config_session.add(UserTenantAccess(user_id="admin_root", tenant_id=tenant_id, role="ADMIN", is_selected=True))
            await config_session.commit()
    
        # Now, run alembic migrations on this newly created tenant's database
        success, error_msg = run_alembic_upgrade(tenant_db_url)
        if not success:
>           pytest.fail(f"Alembic migration failed for seeded tenant {tenant_name}: {error_msg}")
E           Failed: Alembic migration failed for seeded tenant Admin Root Tenant test_team_saved_views_enforce_0: INFO  [alembic.runtime.migration] Context impl SQLiteImpl.
E           INFO  [alembic.runtime.migration] Will assume non-transactional DDL.
E           ERROR [alembic.util.messaging] Multiple head revisions are present for given argument 'head'; please specify a specific target revision, '<branchname>@head' to narrow to a specific head, or 'heads' for all heads

conftest.py:374: Failed
---------------------------- Captured stdout setup -----------------------------
ALEMBIC ERROR: INFO  [alembic.runtime.migration] Context impl SQLiteImpl.
INFO  [alembic.runtime.migration] Will assume non-transactional DDL.
ERROR [alembic.util.messaging] Multiple head revisions are present for given argument 'head'; please specify a specific target revision, '<branchname>@head' to narrow to a specific head, or 'heads' for all heads

_ ERROR at setup of test_team_saved_views_enforce_membership_identity_defaults_conflicts_and_tenant_isolation[trio] _

request = <SubRequest 'seeded_admin_tenant' for <Coroutine test_team_saved_views_enforce_membership_identity_defaults_conflicts_and_tenant_isolation[trio]>>
kwargs = {'client': <httpx.AsyncClient object at 0x152e2bb90>, 'setup_db': (<sqlalchemy.ext.asyncio.engine.AsyncEngine object a...ers/nz/6q2p_ldx3txdbw_gttbpnwjr0000gn/T/pytest-of-haewonkim/pytest-364'), _retention_count=3, _retention_policy='all')}
event_loop_fixture_id = 'event_loop'
setup = <function _wrap_async_fixture.<locals>._async_fixture_wrapper.<locals>.setup at 0x152dbb420>
context = <_contextvars.Context object at 0x15433ba00>
setup_task = <Task finished name='Task-900' coro=<_wrap_async_fixture.<locals>._async_fixture_wrapper.<locals>.setup() done, define...please specify a specific target revision, '<branchname>@head' to narrow to a specific head, or 'heads' for all heads
>

    @functools.wraps(fixture)
    def _async_fixture_wrapper(request: FixtureRequest, **kwargs: Any):
        func = _perhaps_rebind_fixture_func(fixture, request.instance)
        event_loop_fixture_id = _get_event_loop_fixture_id_for_async_fixture(
            request, func
        )
        event_loop = request.getfixturevalue(event_loop_fixture_id)
        kwargs.pop(event_loop_fixture_id, None)
    
        async def setup():
            res = await func(**_add_kwargs(func, kwargs, event_loop, request))
            return res
    
        context = contextvars.copy_context()
        setup_task = _create_task_in_context(event_loop, setup(), context)
>       result = event_loop.run_until_complete(setup_task)
                 ^^^^^^^^^^^^^^^^^^^^^^^^^^^^^^^^^^^^^^^^^

/opt/anaconda3/lib/python3.11/site-packages/pytest_asyncio/plugin.py:391: 
_ _ _ _ _ _ _ _ _ _ _ _ _ _ _ _ _ _ _ _ _ _ _ _ _ _ _ _ _ _ _ _ _ _ _ _ _ _ _ _ 
/opt/anaconda3/lib/python3.11/asyncio/base_events.py:653: in run_until_complete
    return future.result()
           ^^^^^^^^^^^^^^^
/opt/anaconda3/lib/python3.11/site-packages/pytest_asyncio/plugin.py:386: in setup
    res = await func(**_add_kwargs(func, kwargs, event_loop, request))
          ^^^^^^^^^^^^^^^^^^^^^^^^^^^^^^^^^^^^^^^^^^^^^^^^^^^^^^^^^^^^
_ _ _ _ _ _ _ _ _ _ _ _ _ _ _ _ _ _ _ _ _ _ _ _ _ _ _ _ _ _ _ _ _ _ _ _ _ _ _ _ 

client = <httpx.AsyncClient object at 0x152e2bb90>
tmp_path = PosixPath('/private/var/folders/nz/6q2p_ldx3txdbw_gttbpnwjr0000gn/T/pytest-of-haewonkim/pytest-364/test_team_saved_views_enforce_1')
tmp_path_factory = TempPathFactory(_given_basetemp=None, _trace=<pluggy._tracing.TagTracerSub object at 0x14ec297d0>, _basetemp=PosixPath...ders/nz/6q2p_ldx3txdbw_gttbpnwjr0000gn/T/pytest-of-haewonkim/pytest-364'), _retention_count=3, _retention_policy='all')
setup_db = (<sqlalchemy.ext.asyncio.engine.AsyncEngine object at 0x154339180>, async_sessionmaker(class_='AsyncSession', autocommit=False, bind=<sqlalchemy.ext.asyncio.engine.AsyncEngine object at 0x154339180>, autoflush=False, expire_on_commit=True))

    @pytest_asyncio.fixture(scope="function")
    async def seeded_admin_tenant(client, tmp_path, tmp_path_factory, setup_db):
        _test_config_engine, ConfigSessionLocal = setup_db
        """
        Fixture to create and seed a unique tenant for the 'admin_root' user.
        Tests requiring a pre-existing tenant can depend on this fixture.
        """
        from app.models.config import Tenant, UserTenantAccess
        from app.database import Base # Keep Base for potential future use, though not used directly for schema creation here
        from app.api.tenants import run_alembic_upgrade # Import the migration function
    
        tenant_name = f"Admin Root Tenant {tmp_path.name}"
        tenant_db_path = tmp_path_factory.mktemp(f"seeded_tenant_db_{tmp_path.name}") / f"admin_root_tenant_{tmp_path.name}.db"
        tenant_db_url = f"sqlite+aiosqlite:///{tenant_db_path}"
    
        # Use the test-specific ConfigSessionLocal for seeding
        async with ConfigSessionLocal() as config_session:
            # Create a test tenant
            new_tenant = Tenant(name=tenant_name, db_url=tenant_db_url, is_active=True)
            config_session.add(new_tenant)
            await config_session.flush() # Flush to get tenant.id
    
            # IMPORTANT: Access attributes BEFORE committing the session,
            # otherwise the object will be detached.
            tenant_id = new_tenant.id
            tenant_name = new_tenant.name
    
            # Grant admin_root access to this tenant
            config_session.add(UserTenantAccess(user_id="admin_root", tenant_id=tenant_id, role="ADMIN", is_selected=True))
            await config_session.commit()
    
        # Now, run alembic migrations on this newly created tenant's database
        success, error_msg = run_alembic_upgrade(tenant_db_url)
        if not success:
>           pytest.fail(f"Alembic migration failed for seeded tenant {tenant_name}: {error_msg}")
E           Failed: Alembic migration failed for seeded tenant Admin Root Tenant test_team_saved_views_enforce_1: INFO  [alembic.runtime.migration] Context impl SQLiteImpl.
E           INFO  [alembic.runtime.migration] Will assume non-transactional DDL.
E           ERROR [alembic.util.messaging] Multiple head revisions are present for given argument 'head'; please specify a specific target revision, '<branchname>@head' to narrow to a specific head, or 'heads' for all heads

conftest.py:374: Failed
---------------------------- Captured stdout setup -----------------------------
ALEMBIC ERROR: INFO  [alembic.runtime.migration] Context impl SQLiteImpl.
INFO  [alembic.runtime.migration] Will assume non-transactional DDL.
ERROR [alembic.util.messaging] Multiple head revisions are present for given argument 'head'; please specify a specific target revision, '<branchname>@head' to narrow to a specific head, or 'heads' for all heads

_ ERROR at setup of test_dashboard_metrics_rolls_up_seeded_operational_data[asyncio] _

request = <SubRequest 'seeded_admin_tenant' for <Coroutine test_dashboard_metrics_rolls_up_seeded_operational_data[asyncio]>>
kwargs = {'client': <httpx.AsyncClient object at 0x15442c650>, 'setup_db': (<sqlalchemy.ext.asyncio.engine.AsyncEngine object a...ers/nz/6q2p_ldx3txdbw_gttbpnwjr0000gn/T/pytest-of-haewonkim/pytest-364'), _retention_count=3, _retention_policy='all')}
event_loop_fixture_id = 'event_loop'
setup = <function _wrap_async_fixture.<locals>._async_fixture_wrapper.<locals>.setup at 0x152d99580>
context = <_contextvars.Context object at 0x15433bf00>
setup_task = <Task finished name='Task-913' coro=<_wrap_async_fixture.<locals>._async_fixture_wrapper.<locals>.setup() done, define...please specify a specific target revision, '<branchname>@head' to narrow to a specific head, or 'heads' for all heads
>

    @functools.wraps(fixture)
    def _async_fixture_wrapper(request: FixtureRequest, **kwargs: Any):
        func = _perhaps_rebind_fixture_func(fixture, request.instance)
        event_loop_fixture_id = _get_event_loop_fixture_id_for_async_fixture(
            request, func
        )
        event_loop = request.getfixturevalue(event_loop_fixture_id)
        kwargs.pop(event_loop_fixture_id, None)
    
        async def setup():
            res = await func(**_add_kwargs(func, kwargs, event_loop, request))
            return res
    
        context = contextvars.copy_context()
        setup_task = _create_task_in_context(event_loop, setup(), context)
>       result = event_loop.run_until_complete(setup_task)
                 ^^^^^^^^^^^^^^^^^^^^^^^^^^^^^^^^^^^^^^^^^

/opt/anaconda3/lib/python3.11/site-packages/pytest_asyncio/plugin.py:391: 
_ _ _ _ _ _ _ _ _ _ _ _ _ _ _ _ _ _ _ _ _ _ _ _ _ _ _ _ _ _ _ _ _ _ _ _ _ _ _ _ 
/opt/anaconda3/lib/python3.11/asyncio/base_events.py:653: in run_until_complete
    return future.result()
           ^^^^^^^^^^^^^^^
/opt/anaconda3/lib/python3.11/site-packages/pytest_asyncio/plugin.py:386: in setup
    res = await func(**_add_kwargs(func, kwargs, event_loop, request))
          ^^^^^^^^^^^^^^^^^^^^^^^^^^^^^^^^^^^^^^^^^^^^^^^^^^^^^^^^^^^^
_ _ _ _ _ _ _ _ _ _ _ _ _ _ _ _ _ _ _ _ _ _ _ _ _ _ _ _ _ _ _ _ _ _ _ _ _ _ _ _ 

client = <httpx.AsyncClient object at 0x15442c650>
tmp_path = PosixPath('/private/var/folders/nz/6q2p_ldx3txdbw_gttbpnwjr0000gn/T/pytest-of-haewonkim/pytest-364/test_dashboard_metrics_rolls_u0')
tmp_path_factory = TempPathFactory(_given_basetemp=None, _trace=<pluggy._tracing.TagTracerSub object at 0x14ec297d0>, _basetemp=PosixPath...ders/nz/6q2p_ldx3txdbw_gttbpnwjr0000gn/T/pytest-of-haewonkim/pytest-364'), _retention_count=3, _retention_policy='all')
setup_db = (<sqlalchemy.ext.asyncio.engine.AsyncEngine object at 0x15442f8c0>, async_sessionmaker(class_='AsyncSession', autocommit=False, bind=<sqlalchemy.ext.asyncio.engine.AsyncEngine object at 0x15442f8c0>, autoflush=False, expire_on_commit=True))

    @pytest_asyncio.fixture(scope="function")
    async def seeded_admin_tenant(client, tmp_path, tmp_path_factory, setup_db):
        _test_config_engine, ConfigSessionLocal = setup_db
        """
        Fixture to create and seed a unique tenant for the 'admin_root' user.
        Tests requiring a pre-existing tenant can depend on this fixture.
        """
        from app.models.config import Tenant, UserTenantAccess
        from app.database import Base # Keep Base for potential future use, though not used directly for schema creation here
        from app.api.tenants import run_alembic_upgrade # Import the migration function
    
        tenant_name = f"Admin Root Tenant {tmp_path.name}"
        tenant_db_path = tmp_path_factory.mktemp(f"seeded_tenant_db_{tmp_path.name}") / f"admin_root_tenant_{tmp_path.name}.db"
        tenant_db_url = f"sqlite+aiosqlite:///{tenant_db_path}"
    
        # Use the test-specific ConfigSessionLocal for seeding
        async with ConfigSessionLocal() as config_session:
            # Create a test tenant
            new_tenant = Tenant(name=tenant_name, db_url=tenant_db_url, is_active=True)
            config_session.add(new_tenant)
            await config_session.flush() # Flush to get tenant.id
    
            # IMPORTANT: Access attributes BEFORE committing the session,
            # otherwise the object will be detached.
            tenant_id = new_tenant.id
            tenant_name = new_tenant.name
    
            # Grant admin_root access to this tenant
            config_session.add(UserTenantAccess(user_id="admin_root", tenant_id=tenant_id, role="ADMIN", is_selected=True))
            await config_session.commit()
    
        # Now, run alembic migrations on this newly created tenant's database
        success, error_msg = run_alembic_upgrade(tenant_db_url)
        if not success:
>           pytest.fail(f"Alembic migration failed for seeded tenant {tenant_name}: {error_msg}")
E           Failed: Alembic migration failed for seeded tenant Admin Root Tenant test_dashboard_metrics_rolls_u0: INFO  [alembic.runtime.migration] Context impl SQLiteImpl.
E           INFO  [alembic.runtime.migration] Will assume non-transactional DDL.
E           ERROR [alembic.util.messaging] Multiple head revisions are present for given argument 'head'; please specify a specific target revision, '<branchname>@head' to narrow to a specific head, or 'heads' for all heads

conftest.py:374: Failed
---------------------------- Captured stdout setup -----------------------------
ALEMBIC ERROR: INFO  [alembic.runtime.migration] Context impl SQLiteImpl.
INFO  [alembic.runtime.migration] Will assume non-transactional DDL.
ERROR [alembic.util.messaging] Multiple head revisions are present for given argument 'head'; please specify a specific target revision, '<branchname>@head' to narrow to a specific head, or 'heads' for all heads

_ ERROR at setup of test_dashboard_search_returns_cross_domain_matches[asyncio] _

request = <SubRequest 'seeded_admin_tenant' for <Coroutine test_dashboard_search_returns_cross_domain_matches[asyncio]>>
kwargs = {'client': <httpx.AsyncClient object at 0x15442c650>, 'setup_db': (<sqlalchemy.ext.asyncio.engine.AsyncEngine object a...ers/nz/6q2p_ldx3txdbw_gttbpnwjr0000gn/T/pytest-of-haewonkim/pytest-364'), _retention_count=3, _retention_policy='all')}
event_loop_fixture_id = 'event_loop'
setup = <function _wrap_async_fixture.<locals>._async_fixture_wrapper.<locals>.setup at 0x152dba700>
context = <_contextvars.Context object at 0x14ff921c0>
setup_task = <Task finished name='Task-919' coro=<_wrap_async_fixture.<locals>._async_fixture_wrapper.<locals>.setup() done, define...please specify a specific target revision, '<branchname>@head' to narrow to a specific head, or 'heads' for all heads
>

    @functools.wraps(fixture)
    def _async_fixture_wrapper(request: FixtureRequest, **kwargs: Any):
        func = _perhaps_rebind_fixture_func(fixture, request.instance)
        event_loop_fixture_id = _get_event_loop_fixture_id_for_async_fixture(
            request, func
        )
        event_loop = request.getfixturevalue(event_loop_fixture_id)
        kwargs.pop(event_loop_fixture_id, None)
    
        async def setup():
            res = await func(**_add_kwargs(func, kwargs, event_loop, request))
            return res
    
        context = contextvars.copy_context()
        setup_task = _create_task_in_context(event_loop, setup(), context)
>       result = event_loop.run_until_complete(setup_task)
                 ^^^^^^^^^^^^^^^^^^^^^^^^^^^^^^^^^^^^^^^^^

/opt/anaconda3/lib/python3.11/site-packages/pytest_asyncio/plugin.py:391: 
_ _ _ _ _ _ _ _ _ _ _ _ _ _ _ _ _ _ _ _ _ _ _ _ _ _ _ _ _ _ _ _ _ _ _ _ _ _ _ _ 
/opt/anaconda3/lib/python3.11/asyncio/base_events.py:653: in run_until_complete
    return future.result()
           ^^^^^^^^^^^^^^^
/opt/anaconda3/lib/python3.11/site-packages/pytest_asyncio/plugin.py:386: in setup
    res = await func(**_add_kwargs(func, kwargs, event_loop, request))
          ^^^^^^^^^^^^^^^^^^^^^^^^^^^^^^^^^^^^^^^^^^^^^^^^^^^^^^^^^^^^
_ _ _ _ _ _ _ _ _ _ _ _ _ _ _ _ _ _ _ _ _ _ _ _ _ _ _ _ _ _ _ _ _ _ _ _ _ _ _ _ 

client = <httpx.AsyncClient object at 0x15442c650>
tmp_path = PosixPath('/private/var/folders/nz/6q2p_ldx3txdbw_gttbpnwjr0000gn/T/pytest-of-haewonkim/pytest-364/test_dashboard_search_returns_0')
tmp_path_factory = TempPathFactory(_given_basetemp=None, _trace=<pluggy._tracing.TagTracerSub object at 0x14ec297d0>, _basetemp=PosixPath...ders/nz/6q2p_ldx3txdbw_gttbpnwjr0000gn/T/pytest-of-haewonkim/pytest-364'), _retention_count=3, _retention_policy='all')
setup_db = (<sqlalchemy.ext.asyncio.engine.AsyncEngine object at 0x154303540>, async_sessionmaker(class_='AsyncSession', autocommit=False, bind=<sqlalchemy.ext.asyncio.engine.AsyncEngine object at 0x154303540>, autoflush=False, expire_on_commit=True))

    @pytest_asyncio.fixture(scope="function")
    async def seeded_admin_tenant(client, tmp_path, tmp_path_factory, setup_db):
        _test_config_engine, ConfigSessionLocal = setup_db
        """
        Fixture to create and seed a unique tenant for the 'admin_root' user.
        Tests requiring a pre-existing tenant can depend on this fixture.
        """
        from app.models.config import Tenant, UserTenantAccess
        from app.database import Base # Keep Base for potential future use, though not used directly for schema creation here
        from app.api.tenants import run_alembic_upgrade # Import the migration function
    
        tenant_name = f"Admin Root Tenant {tmp_path.name}"
        tenant_db_path = tmp_path_factory.mktemp(f"seeded_tenant_db_{tmp_path.name}") / f"admin_root_tenant_{tmp_path.name}.db"
        tenant_db_url = f"sqlite+aiosqlite:///{tenant_db_path}"
    
        # Use the test-specific ConfigSessionLocal for seeding
        async with ConfigSessionLocal() as config_session:
            # Create a test tenant
            new_tenant = Tenant(name=tenant_name, db_url=tenant_db_url, is_active=True)
            config_session.add(new_tenant)
            await config_session.flush() # Flush to get tenant.id
    
            # IMPORTANT: Access attributes BEFORE committing the session,
            # otherwise the object will be detached.
            tenant_id = new_tenant.id
            tenant_name = new_tenant.name
    
            # Grant admin_root access to this tenant
            config_session.add(UserTenantAccess(user_id="admin_root", tenant_id=tenant_id, role="ADMIN", is_selected=True))
            await config_session.commit()
    
        # Now, run alembic migrations on this newly created tenant's database
        success, error_msg = run_alembic_upgrade(tenant_db_url)
        if not success:
>           pytest.fail(f"Alembic migration failed for seeded tenant {tenant_name}: {error_msg}")
E           Failed: Alembic migration failed for seeded tenant Admin Root Tenant test_dashboard_search_returns_0: INFO  [alembic.runtime.migration] Context impl SQLiteImpl.
E           INFO  [alembic.runtime.migration] Will assume non-transactional DDL.
E           ERROR [alembic.util.messaging] Multiple head revisions are present for given argument 'head'; please specify a specific target revision, '<branchname>@head' to narrow to a specific head, or 'heads' for all heads

conftest.py:374: Failed
---------------------------- Captured stdout setup -----------------------------
ALEMBIC ERROR: INFO  [alembic.runtime.migration] Context impl SQLiteImpl.
INFO  [alembic.runtime.migration] Will assume non-transactional DDL.
ERROR [alembic.util.messaging] Multiple head revisions are present for given argument 'head'; please specify a specific target revision, '<branchname>@head' to narrow to a specific head, or 'heads' for all heads

_ ERROR at setup of test_dashboard_metrics_rolls_up_seeded_operational_data[trio] _

request = <SubRequest 'seeded_admin_tenant' for <Coroutine test_dashboard_metrics_rolls_up_seeded_operational_data[trio]>>
kwargs = {'client': <httpx.AsyncClient object at 0x15442c650>, 'setup_db': (<sqlalchemy.ext.asyncio.engine.AsyncEngine object a...ers/nz/6q2p_ldx3txdbw_gttbpnwjr0000gn/T/pytest-of-haewonkim/pytest-364'), _retention_count=3, _retention_policy='all')}
event_loop_fixture_id = 'event_loop'
setup = <function _wrap_async_fixture.<locals>._async_fixture_wrapper.<locals>.setup at 0x152d98360>
context = <_contextvars.Context object at 0x152928340>
setup_task = <Task finished name='Task-925' coro=<_wrap_async_fixture.<locals>._async_fixture_wrapper.<locals>.setup() done, define...please specify a specific target revision, '<branchname>@head' to narrow to a specific head, or 'heads' for all heads
>

    @functools.wraps(fixture)
    def _async_fixture_wrapper(request: FixtureRequest, **kwargs: Any):
        func = _perhaps_rebind_fixture_func(fixture, request.instance)
        event_loop_fixture_id = _get_event_loop_fixture_id_for_async_fixture(
            request, func
        )
        event_loop = request.getfixturevalue(event_loop_fixture_id)
        kwargs.pop(event_loop_fixture_id, None)
    
        async def setup():
            res = await func(**_add_kwargs(func, kwargs, event_loop, request))
            return res
    
        context = contextvars.copy_context()
        setup_task = _create_task_in_context(event_loop, setup(), context)
>       result = event_loop.run_until_complete(setup_task)
                 ^^^^^^^^^^^^^^^^^^^^^^^^^^^^^^^^^^^^^^^^^

/opt/anaconda3/lib/python3.11/site-packages/pytest_asyncio/plugin.py:391: 
_ _ _ _ _ _ _ _ _ _ _ _ _ _ _ _ _ _ _ _ _ _ _ _ _ _ _ _ _ _ _ _ _ _ _ _ _ _ _ _ 
/opt/anaconda3/lib/python3.11/asyncio/base_events.py:653: in run_until_complete
    return future.result()
           ^^^^^^^^^^^^^^^
/opt/anaconda3/lib/python3.11/site-packages/pytest_asyncio/plugin.py:386: in setup
    res = await func(**_add_kwargs(func, kwargs, event_loop, request))
          ^^^^^^^^^^^^^^^^^^^^^^^^^^^^^^^^^^^^^^^^^^^^^^^^^^^^^^^^^^^^
_ _ _ _ _ _ _ _ _ _ _ _ _ _ _ _ _ _ _ _ _ _ _ _ _ _ _ _ _ _ _ _ _ _ _ _ _ _ _ _ 

client = <httpx.AsyncClient object at 0x15442c650>
tmp_path = PosixPath('/private/var/folders/nz/6q2p_ldx3txdbw_gttbpnwjr0000gn/T/pytest-of-haewonkim/pytest-364/test_dashboard_metrics_rolls_u1')
tmp_path_factory = TempPathFactory(_given_basetemp=None, _trace=<pluggy._tracing.TagTracerSub object at 0x14ec297d0>, _basetemp=PosixPath...ders/nz/6q2p_ldx3txdbw_gttbpnwjr0000gn/T/pytest-of-haewonkim/pytest-364'), _retention_count=3, _retention_policy='all')
setup_db = (<sqlalchemy.ext.asyncio.engine.AsyncEngine object at 0x1542d4d80>, async_sessionmaker(class_='AsyncSession', autocommit=False, bind=<sqlalchemy.ext.asyncio.engine.AsyncEngine object at 0x1542d4d80>, autoflush=False, expire_on_commit=True))

    @pytest_asyncio.fixture(scope="function")
    async def seeded_admin_tenant(client, tmp_path, tmp_path_factory, setup_db):
        _test_config_engine, ConfigSessionLocal = setup_db
        """
        Fixture to create and seed a unique tenant for the 'admin_root' user.
        Tests requiring a pre-existing tenant can depend on this fixture.
        """
        from app.models.config import Tenant, UserTenantAccess
        from app.database import Base # Keep Base for potential future use, though not used directly for schema creation here
        from app.api.tenants import run_alembic_upgrade # Import the migration function
    
        tenant_name = f"Admin Root Tenant {tmp_path.name}"
        tenant_db_path = tmp_path_factory.mktemp(f"seeded_tenant_db_{tmp_path.name}") / f"admin_root_tenant_{tmp_path.name}.db"
        tenant_db_url = f"sqlite+aiosqlite:///{tenant_db_path}"
    
        # Use the test-specific ConfigSessionLocal for seeding
        async with ConfigSessionLocal() as config_session:
            # Create a test tenant
            new_tenant = Tenant(name=tenant_name, db_url=tenant_db_url, is_active=True)
            config_session.add(new_tenant)
            await config_session.flush() # Flush to get tenant.id
    
            # IMPORTANT: Access attributes BEFORE committing the session,
            # otherwise the object will be detached.
            tenant_id = new_tenant.id
            tenant_name = new_tenant.name
    
            # Grant admin_root access to this tenant
            config_session.add(UserTenantAccess(user_id="admin_root", tenant_id=tenant_id, role="ADMIN", is_selected=True))
            await config_session.commit()
    
        # Now, run alembic migrations on this newly created tenant's database
        success, error_msg = run_alembic_upgrade(tenant_db_url)
        if not success:
>           pytest.fail(f"Alembic migration failed for seeded tenant {tenant_name}: {error_msg}")
E           Failed: Alembic migration failed for seeded tenant Admin Root Tenant test_dashboard_metrics_rolls_u1: INFO  [alembic.runtime.migration] Context impl SQLiteImpl.
E           INFO  [alembic.runtime.migration] Will assume non-transactional DDL.
E           ERROR [alembic.util.messaging] Multiple head revisions are present for given argument 'head'; please specify a specific target revision, '<branchname>@head' to narrow to a specific head, or 'heads' for all heads

conftest.py:374: Failed
---------------------------- Captured stdout setup -----------------------------
ALEMBIC ERROR: INFO  [alembic.runtime.migration] Context impl SQLiteImpl.
INFO  [alembic.runtime.migration] Will assume non-transactional DDL.
ERROR [alembic.util.messaging] Multiple head revisions are present for given argument 'head'; please specify a specific target revision, '<branchname>@head' to narrow to a specific head, or 'heads' for all heads

__ ERROR at setup of test_dashboard_search_returns_cross_domain_matches[trio] __

request = <SubRequest 'seeded_admin_tenant' for <Coroutine test_dashboard_search_returns_cross_domain_matches[trio]>>
kwargs = {'client': <httpx.AsyncClient object at 0x15442c650>, 'setup_db': (<sqlalchemy.ext.asyncio.engine.AsyncEngine object a...ers/nz/6q2p_ldx3txdbw_gttbpnwjr0000gn/T/pytest-of-haewonkim/pytest-364'), _retention_count=3, _retention_policy='all')}
event_loop_fixture_id = 'event_loop'
setup = <function _wrap_async_fixture.<locals>._async_fixture_wrapper.<locals>.setup at 0x152e44860>
context = <_contextvars.Context object at 0x154235840>
setup_task = <Task finished name='Task-931' coro=<_wrap_async_fixture.<locals>._async_fixture_wrapper.<locals>.setup() done, define...please specify a specific target revision, '<branchname>@head' to narrow to a specific head, or 'heads' for all heads
>

    @functools.wraps(fixture)
    def _async_fixture_wrapper(request: FixtureRequest, **kwargs: Any):
        func = _perhaps_rebind_fixture_func(fixture, request.instance)
        event_loop_fixture_id = _get_event_loop_fixture_id_for_async_fixture(
            request, func
        )
        event_loop = request.getfixturevalue(event_loop_fixture_id)
        kwargs.pop(event_loop_fixture_id, None)
    
        async def setup():
            res = await func(**_add_kwargs(func, kwargs, event_loop, request))
            return res
    
        context = contextvars.copy_context()
        setup_task = _create_task_in_context(event_loop, setup(), context)
>       result = event_loop.run_until_complete(setup_task)
                 ^^^^^^^^^^^^^^^^^^^^^^^^^^^^^^^^^^^^^^^^^

/opt/anaconda3/lib/python3.11/site-packages/pytest_asyncio/plugin.py:391: 
_ _ _ _ _ _ _ _ _ _ _ _ _ _ _ _ _ _ _ _ _ _ _ _ _ _ _ _ _ _ _ _ _ _ _ _ _ _ _ _ 
/opt/anaconda3/lib/python3.11/asyncio/base_events.py:653: in run_until_complete
    return future.result()
           ^^^^^^^^^^^^^^^
/opt/anaconda3/lib/python3.11/site-packages/pytest_asyncio/plugin.py:386: in setup
    res = await func(**_add_kwargs(func, kwargs, event_loop, request))
          ^^^^^^^^^^^^^^^^^^^^^^^^^^^^^^^^^^^^^^^^^^^^^^^^^^^^^^^^^^^^
_ _ _ _ _ _ _ _ _ _ _ _ _ _ _ _ _ _ _ _ _ _ _ _ _ _ _ _ _ _ _ _ _ _ _ _ _ _ _ _ 

client = <httpx.AsyncClient object at 0x15442c650>
tmp_path = PosixPath('/private/var/folders/nz/6q2p_ldx3txdbw_gttbpnwjr0000gn/T/pytest-of-haewonkim/pytest-364/test_dashboard_search_returns_1')
tmp_path_factory = TempPathFactory(_given_basetemp=None, _trace=<pluggy._tracing.TagTracerSub object at 0x14ec297d0>, _basetemp=PosixPath...ders/nz/6q2p_ldx3txdbw_gttbpnwjr0000gn/T/pytest-of-haewonkim/pytest-364'), _retention_count=3, _retention_policy='all')
setup_db = (<sqlalchemy.ext.asyncio.engine.AsyncEngine object at 0x154237240>, async_sessionmaker(class_='AsyncSession', autocommit=False, bind=<sqlalchemy.ext.asyncio.engine.AsyncEngine object at 0x154237240>, autoflush=False, expire_on_commit=True))

    @pytest_asyncio.fixture(scope="function")
    async def seeded_admin_tenant(client, tmp_path, tmp_path_factory, setup_db):
        _test_config_engine, ConfigSessionLocal = setup_db
        """
        Fixture to create and seed a unique tenant for the 'admin_root' user.
        Tests requiring a pre-existing tenant can depend on this fixture.
        """
        from app.models.config import Tenant, UserTenantAccess
        from app.database import Base # Keep Base for potential future use, though not used directly for schema creation here
        from app.api.tenants import run_alembic_upgrade # Import the migration function
    
        tenant_name = f"Admin Root Tenant {tmp_path.name}"
        tenant_db_path = tmp_path_factory.mktemp(f"seeded_tenant_db_{tmp_path.name}") / f"admin_root_tenant_{tmp_path.name}.db"
        tenant_db_url = f"sqlite+aiosqlite:///{tenant_db_path}"
    
        # Use the test-specific ConfigSessionLocal for seeding
        async with ConfigSessionLocal() as config_session:
            # Create a test tenant
            new_tenant = Tenant(name=tenant_name, db_url=tenant_db_url, is_active=True)
            config_session.add(new_tenant)
            await config_session.flush() # Flush to get tenant.id
    
            # IMPORTANT: Access attributes BEFORE committing the session,
            # otherwise the object will be detached.
            tenant_id = new_tenant.id
            tenant_name = new_tenant.name
    
            # Grant admin_root access to this tenant
            config_session.add(UserTenantAccess(user_id="admin_root", tenant_id=tenant_id, role="ADMIN", is_selected=True))
            await config_session.commit()
    
        # Now, run alembic migrations on this newly created tenant's database
        success, error_msg = run_alembic_upgrade(tenant_db_url)
        if not success:
>           pytest.fail(f"Alembic migration failed for seeded tenant {tenant_name}: {error_msg}")
E           Failed: Alembic migration failed for seeded tenant Admin Root Tenant test_dashboard_search_returns_1: INFO  [alembic.runtime.migration] Context impl SQLiteImpl.
E           INFO  [alembic.runtime.migration] Will assume non-transactional DDL.
E           ERROR [alembic.util.messaging] Multiple head revisions are present for given argument 'head'; please specify a specific target revision, '<branchname>@head' to narrow to a specific head, or 'heads' for all heads

conftest.py:374: Failed
---------------------------- Captured stdout setup -----------------------------
ALEMBIC ERROR: INFO  [alembic.runtime.migration] Context impl SQLiteImpl.
INFO  [alembic.runtime.migration] Will assume non-transactional DDL.
ERROR [alembic.util.messaging] Multiple head revisions are present for given argument 'head'; please specify a specific target revision, '<branchname>@head' to narrow to a specific head, or 'heads' for all heads

_ ERROR at setup of test_far_workspace_definition_exposes_golden_operational_state[asyncio] _

request = <SubRequest 'seeded_admin_tenant' for <Coroutine test_far_workspace_definition_exposes_golden_operational_state[asyncio]>>
kwargs = {'client': <httpx.AsyncClient object at 0x154304c10>, 'setup_db': (<sqlalchemy.ext.asyncio.engine.AsyncEngine object a...ers/nz/6q2p_ldx3txdbw_gttbpnwjr0000gn/T/pytest-of-haewonkim/pytest-364'), _retention_count=3, _retention_policy='all')}
event_loop_fixture_id = 'event_loop'
setup = <function _wrap_async_fixture.<locals>._async_fixture_wrapper.<locals>.setup at 0x152dbb4c0>
context = <_contextvars.Context object at 0x15424c2c0>
setup_task = <Task finished name='Task-944' coro=<_wrap_async_fixture.<locals>._async_fixture_wrapper.<locals>.setup() done, define...please specify a specific target revision, '<branchname>@head' to narrow to a specific head, or 'heads' for all heads
>

    @functools.wraps(fixture)
    def _async_fixture_wrapper(request: FixtureRequest, **kwargs: Any):
        func = _perhaps_rebind_fixture_func(fixture, request.instance)
        event_loop_fixture_id = _get_event_loop_fixture_id_for_async_fixture(
            request, func
        )
        event_loop = request.getfixturevalue(event_loop_fixture_id)
        kwargs.pop(event_loop_fixture_id, None)
    
        async def setup():
            res = await func(**_add_kwargs(func, kwargs, event_loop, request))
            return res
    
        context = contextvars.copy_context()
        setup_task = _create_task_in_context(event_loop, setup(), context)
>       result = event_loop.run_until_complete(setup_task)
                 ^^^^^^^^^^^^^^^^^^^^^^^^^^^^^^^^^^^^^^^^^

/opt/anaconda3/lib/python3.11/site-packages/pytest_asyncio/plugin.py:391: 
_ _ _ _ _ _ _ _ _ _ _ _ _ _ _ _ _ _ _ _ _ _ _ _ _ _ _ _ _ _ _ _ _ _ _ _ _ _ _ _ 
/opt/anaconda3/lib/python3.11/asyncio/base_events.py:653: in run_until_complete
    return future.result()
           ^^^^^^^^^^^^^^^
/opt/anaconda3/lib/python3.11/site-packages/pytest_asyncio/plugin.py:386: in setup
    res = await func(**_add_kwargs(func, kwargs, event_loop, request))
          ^^^^^^^^^^^^^^^^^^^^^^^^^^^^^^^^^^^^^^^^^^^^^^^^^^^^^^^^^^^^
_ _ _ _ _ _ _ _ _ _ _ _ _ _ _ _ _ _ _ _ _ _ _ _ _ _ _ _ _ _ _ _ _ _ _ _ _ _ _ _ 

client = <httpx.AsyncClient object at 0x154304c10>
tmp_path = PosixPath('/private/var/folders/nz/6q2p_ldx3txdbw_gttbpnwjr0000gn/T/pytest-of-haewonkim/pytest-364/test_far_workspace_definition_0')
tmp_path_factory = TempPathFactory(_given_basetemp=None, _trace=<pluggy._tracing.TagTracerSub object at 0x14ec297d0>, _basetemp=PosixPath...ders/nz/6q2p_ldx3txdbw_gttbpnwjr0000gn/T/pytest-of-haewonkim/pytest-364'), _retention_count=3, _retention_policy='all')
setup_db = (<sqlalchemy.ext.asyncio.engine.AsyncEngine object at 0x15444e280>, async_sessionmaker(class_='AsyncSession', autocommit=False, bind=<sqlalchemy.ext.asyncio.engine.AsyncEngine object at 0x15444e280>, autoflush=False, expire_on_commit=True))

    @pytest_asyncio.fixture(scope="function")
    async def seeded_admin_tenant(client, tmp_path, tmp_path_factory, setup_db):
        _test_config_engine, ConfigSessionLocal = setup_db
        """
        Fixture to create and seed a unique tenant for the 'admin_root' user.
        Tests requiring a pre-existing tenant can depend on this fixture.
        """
        from app.models.config import Tenant, UserTenantAccess
        from app.database import Base # Keep Base for potential future use, though not used directly for schema creation here
        from app.api.tenants import run_alembic_upgrade # Import the migration function
    
        tenant_name = f"Admin Root Tenant {tmp_path.name}"
        tenant_db_path = tmp_path_factory.mktemp(f"seeded_tenant_db_{tmp_path.name}") / f"admin_root_tenant_{tmp_path.name}.db"
        tenant_db_url = f"sqlite+aiosqlite:///{tenant_db_path}"
    
        # Use the test-specific ConfigSessionLocal for seeding
        async with ConfigSessionLocal() as config_session:
            # Create a test tenant
            new_tenant = Tenant(name=tenant_name, db_url=tenant_db_url, is_active=True)
            config_session.add(new_tenant)
            await config_session.flush() # Flush to get tenant.id
    
            # IMPORTANT: Access attributes BEFORE committing the session,
            # otherwise the object will be detached.
            tenant_id = new_tenant.id
            tenant_name = new_tenant.name
    
            # Grant admin_root access to this tenant
            config_session.add(UserTenantAccess(user_id="admin_root", tenant_id=tenant_id, role="ADMIN", is_selected=True))
            await config_session.commit()
    
        # Now, run alembic migrations on this newly created tenant's database
        success, error_msg = run_alembic_upgrade(tenant_db_url)
        if not success:
>           pytest.fail(f"Alembic migration failed for seeded tenant {tenant_name}: {error_msg}")
E           Failed: Alembic migration failed for seeded tenant Admin Root Tenant test_far_workspace_definition_0: INFO  [alembic.runtime.migration] Context impl SQLiteImpl.
E           INFO  [alembic.runtime.migration] Will assume non-transactional DDL.
E           ERROR [alembic.util.messaging] Multiple head revisions are present for given argument 'head'; please specify a specific target revision, '<branchname>@head' to narrow to a specific head, or 'heads' for all heads

conftest.py:374: Failed
---------------------------- Captured stdout setup -----------------------------
ALEMBIC ERROR: INFO  [alembic.runtime.migration] Context impl SQLiteImpl.
INFO  [alembic.runtime.migration] Will assume non-transactional DDL.
ERROR [alembic.util.messaging] Multiple head revisions are present for given argument 'head'; please specify a specific target revision, '<branchname>@head' to narrow to a specific head, or 'heads' for all heads

_ ERROR at setup of test_far_saved_view_preserves_golden_display_and_grid_state[asyncio] _

request = <SubRequest 'seeded_admin_tenant' for <Coroutine test_far_saved_view_preserves_golden_display_and_grid_state[asyncio]>>
kwargs = {'client': <httpx.AsyncClient object at 0x154304c10>, 'setup_db': (<sqlalchemy.ext.asyncio.engine.AsyncEngine object a...ers/nz/6q2p_ldx3txdbw_gttbpnwjr0000gn/T/pytest-of-haewonkim/pytest-364'), _retention_count=3, _retention_policy='all')}
event_loop_fixture_id = 'event_loop'
setup = <function _wrap_async_fixture.<locals>._async_fixture_wrapper.<locals>.setup at 0x152cd68e0>
context = <_contextvars.Context object at 0x1542357c0>
setup_task = <Task finished name='Task-950' coro=<_wrap_async_fixture.<locals>._async_fixture_wrapper.<locals>.setup() done, define...please specify a specific target revision, '<branchname>@head' to narrow to a specific head, or 'heads' for all heads
>

    @functools.wraps(fixture)
    def _async_fixture_wrapper(request: FixtureRequest, **kwargs: Any):
        func = _perhaps_rebind_fixture_func(fixture, request.instance)
        event_loop_fixture_id = _get_event_loop_fixture_id_for_async_fixture(
            request, func
        )
        event_loop = request.getfixturevalue(event_loop_fixture_id)
        kwargs.pop(event_loop_fixture_id, None)
    
        async def setup():
            res = await func(**_add_kwargs(func, kwargs, event_loop, request))
            return res
    
        context = contextvars.copy_context()
        setup_task = _create_task_in_context(event_loop, setup(), context)
>       result = event_loop.run_until_complete(setup_task)
                 ^^^^^^^^^^^^^^^^^^^^^^^^^^^^^^^^^^^^^^^^^

/opt/anaconda3/lib/python3.11/site-packages/pytest_asyncio/plugin.py:391: 
_ _ _ _ _ _ _ _ _ _ _ _ _ _ _ _ _ _ _ _ _ _ _ _ _ _ _ _ _ _ _ _ _ _ _ _ _ _ _ _ 
/opt/anaconda3/lib/python3.11/asyncio/base_events.py:653: in run_until_complete
    return future.result()
           ^^^^^^^^^^^^^^^
/opt/anaconda3/lib/python3.11/site-packages/pytest_asyncio/plugin.py:386: in setup
    res = await func(**_add_kwargs(func, kwargs, event_loop, request))
          ^^^^^^^^^^^^^^^^^^^^^^^^^^^^^^^^^^^^^^^^^^^^^^^^^^^^^^^^^^^^
_ _ _ _ _ _ _ _ _ _ _ _ _ _ _ _ _ _ _ _ _ _ _ _ _ _ _ _ _ _ _ _ _ _ _ _ _ _ _ _ 

client = <httpx.AsyncClient object at 0x154304c10>
tmp_path = PosixPath('/private/var/folders/nz/6q2p_ldx3txdbw_gttbpnwjr0000gn/T/pytest-of-haewonkim/pytest-364/test_far_saved_view_preserves_0')
tmp_path_factory = TempPathFactory(_given_basetemp=None, _trace=<pluggy._tracing.TagTracerSub object at 0x14ec297d0>, _basetemp=PosixPath...ders/nz/6q2p_ldx3txdbw_gttbpnwjr0000gn/T/pytest-of-haewonkim/pytest-364'), _retention_count=3, _retention_policy='all')
setup_db = (<sqlalchemy.ext.asyncio.engine.AsyncEngine object at 0x1541df980>, async_sessionmaker(class_='AsyncSession', autocommit=False, bind=<sqlalchemy.ext.asyncio.engine.AsyncEngine object at 0x1541df980>, autoflush=False, expire_on_commit=True))

    @pytest_asyncio.fixture(scope="function")
    async def seeded_admin_tenant(client, tmp_path, tmp_path_factory, setup_db):
        _test_config_engine, ConfigSessionLocal = setup_db
        """
        Fixture to create and seed a unique tenant for the 'admin_root' user.
        Tests requiring a pre-existing tenant can depend on this fixture.
        """
        from app.models.config import Tenant, UserTenantAccess
        from app.database import Base # Keep Base for potential future use, though not used directly for schema creation here
        from app.api.tenants import run_alembic_upgrade # Import the migration function
    
        tenant_name = f"Admin Root Tenant {tmp_path.name}"
        tenant_db_path = tmp_path_factory.mktemp(f"seeded_tenant_db_{tmp_path.name}") / f"admin_root_tenant_{tmp_path.name}.db"
        tenant_db_url = f"sqlite+aiosqlite:///{tenant_db_path}"
    
        # Use the test-specific ConfigSessionLocal for seeding
        async with ConfigSessionLocal() as config_session:
            # Create a test tenant
            new_tenant = Tenant(name=tenant_name, db_url=tenant_db_url, is_active=True)
            config_session.add(new_tenant)
            await config_session.flush() # Flush to get tenant.id
    
            # IMPORTANT: Access attributes BEFORE committing the session,
            # otherwise the object will be detached.
            tenant_id = new_tenant.id
            tenant_name = new_tenant.name
    
            # Grant admin_root access to this tenant
            config_session.add(UserTenantAccess(user_id="admin_root", tenant_id=tenant_id, role="ADMIN", is_selected=True))
            await config_session.commit()
    
        # Now, run alembic migrations on this newly created tenant's database
        success, error_msg = run_alembic_upgrade(tenant_db_url)
        if not success:
>           pytest.fail(f"Alembic migration failed for seeded tenant {tenant_name}: {error_msg}")
E           Failed: Alembic migration failed for seeded tenant Admin Root Tenant test_far_saved_view_preserves_0: INFO  [alembic.runtime.migration] Context impl SQLiteImpl.
E           INFO  [alembic.runtime.migration] Will assume non-transactional DDL.
E           ERROR [alembic.util.messaging] Multiple head revisions are present for given argument 'head'; please specify a specific target revision, '<branchname>@head' to narrow to a specific head, or 'heads' for all heads

conftest.py:374: Failed
---------------------------- Captured stdout setup -----------------------------
ALEMBIC ERROR: INFO  [alembic.runtime.migration] Context impl SQLiteImpl.
INFO  [alembic.runtime.migration] Will assume non-transactional DDL.
ERROR [alembic.util.messaging] Multiple head revisions are present for given argument 'head'; please specify a specific target revision, '<branchname>@head' to narrow to a specific head, or 'heads' for all heads

_ ERROR at setup of test_far_workspace_definition_exposes_golden_operational_state[trio] _

request = <SubRequest 'seeded_admin_tenant' for <Coroutine test_far_workspace_definition_exposes_golden_operational_state[trio]>>
kwargs = {'client': <httpx.AsyncClient object at 0x154304c10>, 'setup_db': (<sqlalchemy.ext.asyncio.engine.AsyncEngine object a...ers/nz/6q2p_ldx3txdbw_gttbpnwjr0000gn/T/pytest-of-haewonkim/pytest-364'), _retention_count=3, _retention_policy='all')}
event_loop_fixture_id = 'event_loop'
setup = <function _wrap_async_fixture.<locals>._async_fixture_wrapper.<locals>.setup at 0x152d8e980>
context = <_contextvars.Context object at 0x15291c340>
setup_task = <Task finished name='Task-956' coro=<_wrap_async_fixture.<locals>._async_fixture_wrapper.<locals>.setup() done, define...please specify a specific target revision, '<branchname>@head' to narrow to a specific head, or 'heads' for all heads
>

    @functools.wraps(fixture)
    def _async_fixture_wrapper(request: FixtureRequest, **kwargs: Any):
        func = _perhaps_rebind_fixture_func(fixture, request.instance)
        event_loop_fixture_id = _get_event_loop_fixture_id_for_async_fixture(
            request, func
        )
        event_loop = request.getfixturevalue(event_loop_fixture_id)
        kwargs.pop(event_loop_fixture_id, None)
    
        async def setup():
            res = await func(**_add_kwargs(func, kwargs, event_loop, request))
            return res
    
        context = contextvars.copy_context()
        setup_task = _create_task_in_context(event_loop, setup(), context)
>       result = event_loop.run_until_complete(setup_task)
                 ^^^^^^^^^^^^^^^^^^^^^^^^^^^^^^^^^^^^^^^^^

/opt/anaconda3/lib/python3.11/site-packages/pytest_asyncio/plugin.py:391: 
_ _ _ _ _ _ _ _ _ _ _ _ _ _ _ _ _ _ _ _ _ _ _ _ _ _ _ _ _ _ _ _ _ _ _ _ _ _ _ _ 
/opt/anaconda3/lib/python3.11/asyncio/base_events.py:653: in run_until_complete
    return future.result()
           ^^^^^^^^^^^^^^^
/opt/anaconda3/lib/python3.11/site-packages/pytest_asyncio/plugin.py:386: in setup
    res = await func(**_add_kwargs(func, kwargs, event_loop, request))
          ^^^^^^^^^^^^^^^^^^^^^^^^^^^^^^^^^^^^^^^^^^^^^^^^^^^^^^^^^^^^
_ _ _ _ _ _ _ _ _ _ _ _ _ _ _ _ _ _ _ _ _ _ _ _ _ _ _ _ _ _ _ _ _ _ _ _ _ _ _ _ 

client = <httpx.AsyncClient object at 0x154304c10>
tmp_path = PosixPath('/private/var/folders/nz/6q2p_ldx3txdbw_gttbpnwjr0000gn/T/pytest-of-haewonkim/pytest-364/test_far_workspace_definition_1')
tmp_path_factory = TempPathFactory(_given_basetemp=None, _trace=<pluggy._tracing.TagTracerSub object at 0x14ec297d0>, _basetemp=PosixPath...ders/nz/6q2p_ldx3txdbw_gttbpnwjr0000gn/T/pytest-of-haewonkim/pytest-364'), _retention_count=3, _retention_policy='all')
setup_db = (<sqlalchemy.ext.asyncio.engine.AsyncEngine object at 0x154204a00>, async_sessionmaker(class_='AsyncSession', autocommit=False, bind=<sqlalchemy.ext.asyncio.engine.AsyncEngine object at 0x154204a00>, autoflush=False, expire_on_commit=True))

    @pytest_asyncio.fixture(scope="function")
    async def seeded_admin_tenant(client, tmp_path, tmp_path_factory, setup_db):
        _test_config_engine, ConfigSessionLocal = setup_db
        """
        Fixture to create and seed a unique tenant for the 'admin_root' user.
        Tests requiring a pre-existing tenant can depend on this fixture.
        """
        from app.models.config import Tenant, UserTenantAccess
        from app.database import Base # Keep Base for potential future use, though not used directly for schema creation here
        from app.api.tenants import run_alembic_upgrade # Import the migration function
    
        tenant_name = f"Admin Root Tenant {tmp_path.name}"
        tenant_db_path = tmp_path_factory.mktemp(f"seeded_tenant_db_{tmp_path.name}") / f"admin_root_tenant_{tmp_path.name}.db"
        tenant_db_url = f"sqlite+aiosqlite:///{tenant_db_path}"
    
        # Use the test-specific ConfigSessionLocal for seeding
        async with ConfigSessionLocal() as config_session:
            # Create a test tenant
            new_tenant = Tenant(name=tenant_name, db_url=tenant_db_url, is_active=True)
            config_session.add(new_tenant)
            await config_session.flush() # Flush to get tenant.id
    
            # IMPORTANT: Access attributes BEFORE committing the session,
            # otherwise the object will be detached.
            tenant_id = new_tenant.id
            tenant_name = new_tenant.name
    
            # Grant admin_root access to this tenant
            config_session.add(UserTenantAccess(user_id="admin_root", tenant_id=tenant_id, role="ADMIN", is_selected=True))
            await config_session.commit()
    
        # Now, run alembic migrations on this newly created tenant's database
        success, error_msg = run_alembic_upgrade(tenant_db_url)
        if not success:
>           pytest.fail(f"Alembic migration failed for seeded tenant {tenant_name}: {error_msg}")
E           Failed: Alembic migration failed for seeded tenant Admin Root Tenant test_far_workspace_definition_1: INFO  [alembic.runtime.migration] Context impl SQLiteImpl.
E           INFO  [alembic.runtime.migration] Will assume non-transactional DDL.
E           ERROR [alembic.util.messaging] Multiple head revisions are present for given argument 'head'; please specify a specific target revision, '<branchname>@head' to narrow to a specific head, or 'heads' for all heads

conftest.py:374: Failed
---------------------------- Captured stdout setup -----------------------------
ALEMBIC ERROR: INFO  [alembic.runtime.migration] Context impl SQLiteImpl.
INFO  [alembic.runtime.migration] Will assume non-transactional DDL.
ERROR [alembic.util.messaging] Multiple head revisions are present for given argument 'head'; please specify a specific target revision, '<branchname>@head' to narrow to a specific head, or 'heads' for all heads

_ ERROR at setup of test_far_saved_view_preserves_golden_display_and_grid_state[trio] _

request = <SubRequest 'seeded_admin_tenant' for <Coroutine test_far_saved_view_preserves_golden_display_and_grid_state[trio]>>
kwargs = {'client': <httpx.AsyncClient object at 0x154304c10>, 'setup_db': (<sqlalchemy.ext.asyncio.engine.AsyncEngine object a...ers/nz/6q2p_ldx3txdbw_gttbpnwjr0000gn/T/pytest-of-haewonkim/pytest-364'), _retention_count=3, _retention_policy='all')}
event_loop_fixture_id = 'event_loop'
setup = <function _wrap_async_fixture.<locals>._async_fixture_wrapper.<locals>.setup at 0x154179620>
context = <_contextvars.Context object at 0x15424cf00>
setup_task = <Task finished name='Task-962' coro=<_wrap_async_fixture.<locals>._async_fixture_wrapper.<locals>.setup() done, define...please specify a specific target revision, '<branchname>@head' to narrow to a specific head, or 'heads' for all heads
>

    @functools.wraps(fixture)
    def _async_fixture_wrapper(request: FixtureRequest, **kwargs: Any):
        func = _perhaps_rebind_fixture_func(fixture, request.instance)
        event_loop_fixture_id = _get_event_loop_fixture_id_for_async_fixture(
            request, func
        )
        event_loop = request.getfixturevalue(event_loop_fixture_id)
        kwargs.pop(event_loop_fixture_id, None)
    
        async def setup():
            res = await func(**_add_kwargs(func, kwargs, event_loop, request))
            return res
    
        context = contextvars.copy_context()
        setup_task = _create_task_in_context(event_loop, setup(), context)
>       result = event_loop.run_until_complete(setup_task)
                 ^^^^^^^^^^^^^^^^^^^^^^^^^^^^^^^^^^^^^^^^^

/opt/anaconda3/lib/python3.11/site-packages/pytest_asyncio/plugin.py:391: 
_ _ _ _ _ _ _ _ _ _ _ _ _ _ _ _ _ _ _ _ _ _ _ _ _ _ _ _ _ _ _ _ _ _ _ _ _ _ _ _ 
/opt/anaconda3/lib/python3.11/asyncio/base_events.py:653: in run_until_complete
    return future.result()
           ^^^^^^^^^^^^^^^
/opt/anaconda3/lib/python3.11/site-packages/pytest_asyncio/plugin.py:386: in setup
    res = await func(**_add_kwargs(func, kwargs, event_loop, request))
          ^^^^^^^^^^^^^^^^^^^^^^^^^^^^^^^^^^^^^^^^^^^^^^^^^^^^^^^^^^^^
_ _ _ _ _ _ _ _ _ _ _ _ _ _ _ _ _ _ _ _ _ _ _ _ _ _ _ _ _ _ _ _ _ _ _ _ _ _ _ _ 

client = <httpx.AsyncClient object at 0x154304c10>
tmp_path = PosixPath('/private/var/folders/nz/6q2p_ldx3txdbw_gttbpnwjr0000gn/T/pytest-of-haewonkim/pytest-364/test_far_saved_view_preserves_1')
tmp_path_factory = TempPathFactory(_given_basetemp=None, _trace=<pluggy._tracing.TagTracerSub object at 0x14ec297d0>, _basetemp=PosixPath...ders/nz/6q2p_ldx3txdbw_gttbpnwjr0000gn/T/pytest-of-haewonkim/pytest-364'), _retention_count=3, _retention_policy='all')
setup_db = (<sqlalchemy.ext.asyncio.engine.AsyncEngine object at 0x154303500>, async_sessionmaker(class_='AsyncSession', autocommit=False, bind=<sqlalchemy.ext.asyncio.engine.AsyncEngine object at 0x154303500>, autoflush=False, expire_on_commit=True))

    @pytest_asyncio.fixture(scope="function")
    async def seeded_admin_tenant(client, tmp_path, tmp_path_factory, setup_db):
        _test_config_engine, ConfigSessionLocal = setup_db
        """
        Fixture to create and seed a unique tenant for the 'admin_root' user.
        Tests requiring a pre-existing tenant can depend on this fixture.
        """
        from app.models.config import Tenant, UserTenantAccess
        from app.database import Base # Keep Base for potential future use, though not used directly for schema creation here
        from app.api.tenants import run_alembic_upgrade # Import the migration function
    
        tenant_name = f"Admin Root Tenant {tmp_path.name}"
        tenant_db_path = tmp_path_factory.mktemp(f"seeded_tenant_db_{tmp_path.name}") / f"admin_root_tenant_{tmp_path.name}.db"
        tenant_db_url = f"sqlite+aiosqlite:///{tenant_db_path}"
    
        # Use the test-specific ConfigSessionLocal for seeding
        async with ConfigSessionLocal() as config_session:
            # Create a test tenant
            new_tenant = Tenant(name=tenant_name, db_url=tenant_db_url, is_active=True)
            config_session.add(new_tenant)
            await config_session.flush() # Flush to get tenant.id
    
            # IMPORTANT: Access attributes BEFORE committing the session,
            # otherwise the object will be detached.
            tenant_id = new_tenant.id
            tenant_name = new_tenant.name
    
            # Grant admin_root access to this tenant
            config_session.add(UserTenantAccess(user_id="admin_root", tenant_id=tenant_id, role="ADMIN", is_selected=True))
            await config_session.commit()
    
        # Now, run alembic migrations on this newly created tenant's database
        success, error_msg = run_alembic_upgrade(tenant_db_url)
        if not success:
>           pytest.fail(f"Alembic migration failed for seeded tenant {tenant_name}: {error_msg}")
E           Failed: Alembic migration failed for seeded tenant Admin Root Tenant test_far_saved_view_preserves_1: INFO  [alembic.runtime.migration] Context impl SQLiteImpl.
E           INFO  [alembic.runtime.migration] Will assume non-transactional DDL.
E           ERROR [alembic.util.messaging] Multiple head revisions are present for given argument 'head'; please specify a specific target revision, '<branchname>@head' to narrow to a specific head, or 'heads' for all heads

conftest.py:374: Failed
---------------------------- Captured stdout setup -----------------------------
ALEMBIC ERROR: INFO  [alembic.runtime.migration] Context impl SQLiteImpl.
INFO  [alembic.runtime.migration] Will assume non-transactional DDL.
ERROR [alembic.util.messaging] Multiple head revisions are present for given argument 'head'; please specify a specific target revision, '<branchname>@head' to narrow to a specific head, or 'heads' for all heads

_______ ERROR at setup of test_cross_module_asset_context_flows[asyncio] _______

request = <SubRequest 'seeded_admin_tenant' for <Coroutine test_cross_module_asset_context_flows[asyncio]>>
kwargs = {'client': <httpx.AsyncClient object at 0x1542b95d0>, 'setup_db': (<sqlalchemy.ext.asyncio.engine.AsyncEngine object a...ers/nz/6q2p_ldx3txdbw_gttbpnwjr0000gn/T/pytest-of-haewonkim/pytest-364'), _retention_count=3, _retention_policy='all')}
event_loop_fixture_id = 'event_loop'
setup = <function _wrap_async_fixture.<locals>._async_fixture_wrapper.<locals>.setup at 0x152cd60c0>
context = <_contextvars.Context object at 0x15446fac0>
setup_task = <Task finished name='Task-1007' coro=<_wrap_async_fixture.<locals>._async_fixture_wrapper.<locals>.setup() done, defin...please specify a specific target revision, '<branchname>@head' to narrow to a specific head, or 'heads' for all heads
>

    @functools.wraps(fixture)
    def _async_fixture_wrapper(request: FixtureRequest, **kwargs: Any):
        func = _perhaps_rebind_fixture_func(fixture, request.instance)
        event_loop_fixture_id = _get_event_loop_fixture_id_for_async_fixture(
            request, func
        )
        event_loop = request.getfixturevalue(event_loop_fixture_id)
        kwargs.pop(event_loop_fixture_id, None)
    
        async def setup():
            res = await func(**_add_kwargs(func, kwargs, event_loop, request))
            return res
    
        context = contextvars.copy_context()
        setup_task = _create_task_in_context(event_loop, setup(), context)
>       result = event_loop.run_until_complete(setup_task)
                 ^^^^^^^^^^^^^^^^^^^^^^^^^^^^^^^^^^^^^^^^^

/opt/anaconda3/lib/python3.11/site-packages/pytest_asyncio/plugin.py:391: 
_ _ _ _ _ _ _ _ _ _ _ _ _ _ _ _ _ _ _ _ _ _ _ _ _ _ _ _ _ _ _ _ _ _ _ _ _ _ _ _ 
/opt/anaconda3/lib/python3.11/asyncio/base_events.py:653: in run_until_complete
    return future.result()
           ^^^^^^^^^^^^^^^
/opt/anaconda3/lib/python3.11/site-packages/pytest_asyncio/plugin.py:386: in setup
    res = await func(**_add_kwargs(func, kwargs, event_loop, request))
          ^^^^^^^^^^^^^^^^^^^^^^^^^^^^^^^^^^^^^^^^^^^^^^^^^^^^^^^^^^^^
_ _ _ _ _ _ _ _ _ _ _ _ _ _ _ _ _ _ _ _ _ _ _ _ _ _ _ _ _ _ _ _ _ _ _ _ _ _ _ _ 

client = <httpx.AsyncClient object at 0x1542b95d0>
tmp_path = PosixPath('/private/var/folders/nz/6q2p_ldx3txdbw_gttbpnwjr0000gn/T/pytest-of-haewonkim/pytest-364/test_cross_module_asset_contex0')
tmp_path_factory = TempPathFactory(_given_basetemp=None, _trace=<pluggy._tracing.TagTracerSub object at 0x14ec297d0>, _basetemp=PosixPath...ders/nz/6q2p_ldx3txdbw_gttbpnwjr0000gn/T/pytest-of-haewonkim/pytest-364'), _retention_count=3, _retention_policy='all')
setup_db = (<sqlalchemy.ext.asyncio.engine.AsyncEngine object at 0x154337cc0>, async_sessionmaker(class_='AsyncSession', autocommit=False, bind=<sqlalchemy.ext.asyncio.engine.AsyncEngine object at 0x154337cc0>, autoflush=False, expire_on_commit=True))

    @pytest_asyncio.fixture(scope="function")
    async def seeded_admin_tenant(client, tmp_path, tmp_path_factory, setup_db):
        _test_config_engine, ConfigSessionLocal = setup_db
        """
        Fixture to create and seed a unique tenant for the 'admin_root' user.
        Tests requiring a pre-existing tenant can depend on this fixture.
        """
        from app.models.config import Tenant, UserTenantAccess
        from app.database import Base # Keep Base for potential future use, though not used directly for schema creation here
        from app.api.tenants import run_alembic_upgrade # Import the migration function
    
        tenant_name = f"Admin Root Tenant {tmp_path.name}"
        tenant_db_path = tmp_path_factory.mktemp(f"seeded_tenant_db_{tmp_path.name}") / f"admin_root_tenant_{tmp_path.name}.db"
        tenant_db_url = f"sqlite+aiosqlite:///{tenant_db_path}"
    
        # Use the test-specific ConfigSessionLocal for seeding
        async with ConfigSessionLocal() as config_session:
            # Create a test tenant
            new_tenant = Tenant(name=tenant_name, db_url=tenant_db_url, is_active=True)
            config_session.add(new_tenant)
            await config_session.flush() # Flush to get tenant.id
    
            # IMPORTANT: Access attributes BEFORE committing the session,
            # otherwise the object will be detached.
            tenant_id = new_tenant.id
            tenant_name = new_tenant.name
    
            # Grant admin_root access to this tenant
            config_session.add(UserTenantAccess(user_id="admin_root", tenant_id=tenant_id, role="ADMIN", is_selected=True))
            await config_session.commit()
    
        # Now, run alembic migrations on this newly created tenant's database
        success, error_msg = run_alembic_upgrade(tenant_db_url)
        if not success:
>           pytest.fail(f"Alembic migration failed for seeded tenant {tenant_name}: {error_msg}")
E           Failed: Alembic migration failed for seeded tenant Admin Root Tenant test_cross_module_asset_contex0: INFO  [alembic.runtime.migration] Context impl SQLiteImpl.
E           INFO  [alembic.runtime.migration] Will assume non-transactional DDL.
E           ERROR [alembic.util.messaging] Multiple head revisions are present for given argument 'head'; please specify a specific target revision, '<branchname>@head' to narrow to a specific head, or 'heads' for all heads

conftest.py:374: Failed
---------------------------- Captured stdout setup -----------------------------
ALEMBIC ERROR: INFO  [alembic.runtime.migration] Context impl SQLiteImpl.
INFO  [alembic.runtime.migration] Will assume non-transactional DDL.
ERROR [alembic.util.messaging] Multiple head revisions are present for given argument 'head'; please specify a specific target revision, '<branchname>@head' to narrow to a specific head, or 'heads' for all heads

________ ERROR at setup of test_cross_module_asset_context_flows[trio] _________

request = <SubRequest 'seeded_admin_tenant' for <Coroutine test_cross_module_asset_context_flows[trio]>>
kwargs = {'client': <httpx.AsyncClient object at 0x1542b95d0>, 'setup_db': (<sqlalchemy.ext.asyncio.engine.AsyncEngine object a...ers/nz/6q2p_ldx3txdbw_gttbpnwjr0000gn/T/pytest-of-haewonkim/pytest-364'), _retention_count=3, _retention_policy='all')}
event_loop_fixture_id = 'event_loop'
setup = <function _wrap_async_fixture.<locals>._async_fixture_wrapper.<locals>.setup at 0x152b88680>
context = <_contextvars.Context object at 0x152860840>
setup_task = <Task finished name='Task-1013' coro=<_wrap_async_fixture.<locals>._async_fixture_wrapper.<locals>.setup() done, defin...please specify a specific target revision, '<branchname>@head' to narrow to a specific head, or 'heads' for all heads
>

    @functools.wraps(fixture)
    def _async_fixture_wrapper(request: FixtureRequest, **kwargs: Any):
        func = _perhaps_rebind_fixture_func(fixture, request.instance)
        event_loop_fixture_id = _get_event_loop_fixture_id_for_async_fixture(
            request, func
        )
        event_loop = request.getfixturevalue(event_loop_fixture_id)
        kwargs.pop(event_loop_fixture_id, None)
    
        async def setup():
            res = await func(**_add_kwargs(func, kwargs, event_loop, request))
            return res
    
        context = contextvars.copy_context()
        setup_task = _create_task_in_context(event_loop, setup(), context)
>       result = event_loop.run_until_complete(setup_task)
                 ^^^^^^^^^^^^^^^^^^^^^^^^^^^^^^^^^^^^^^^^^

/opt/anaconda3/lib/python3.11/site-packages/pytest_asyncio/plugin.py:391: 
_ _ _ _ _ _ _ _ _ _ _ _ _ _ _ _ _ _ _ _ _ _ _ _ _ _ _ _ _ _ _ _ _ _ _ _ _ _ _ _ 
/opt/anaconda3/lib/python3.11/asyncio/base_events.py:653: in run_until_complete
    return future.result()
           ^^^^^^^^^^^^^^^
/opt/anaconda3/lib/python3.11/site-packages/pytest_asyncio/plugin.py:386: in setup
    res = await func(**_add_kwargs(func, kwargs, event_loop, request))
          ^^^^^^^^^^^^^^^^^^^^^^^^^^^^^^^^^^^^^^^^^^^^^^^^^^^^^^^^^^^^
_ _ _ _ _ _ _ _ _ _ _ _ _ _ _ _ _ _ _ _ _ _ _ _ _ _ _ _ _ _ _ _ _ _ _ _ _ _ _ _ 

client = <httpx.AsyncClient object at 0x1542b95d0>
tmp_path = PosixPath('/private/var/folders/nz/6q2p_ldx3txdbw_gttbpnwjr0000gn/T/pytest-of-haewonkim/pytest-364/test_cross_module_asset_contex1')
tmp_path_factory = TempPathFactory(_given_basetemp=None, _trace=<pluggy._tracing.TagTracerSub object at 0x14ec297d0>, _basetemp=PosixPath...ders/nz/6q2p_ldx3txdbw_gttbpnwjr0000gn/T/pytest-of-haewonkim/pytest-364'), _retention_count=3, _retention_policy='all')
setup_db = (<sqlalchemy.ext.asyncio.engine.AsyncEngine object at 0x152d04200>, async_sessionmaker(class_='AsyncSession', autocommit=False, bind=<sqlalchemy.ext.asyncio.engine.AsyncEngine object at 0x152d04200>, autoflush=False, expire_on_commit=True))

    @pytest_asyncio.fixture(scope="function")
    async def seeded_admin_tenant(client, tmp_path, tmp_path_factory, setup_db):
        _test_config_engine, ConfigSessionLocal = setup_db
        """
        Fixture to create and seed a unique tenant for the 'admin_root' user.
        Tests requiring a pre-existing tenant can depend on this fixture.
        """
        from app.models.config import Tenant, UserTenantAccess
        from app.database import Base # Keep Base for potential future use, though not used directly for schema creation here
        from app.api.tenants import run_alembic_upgrade # Import the migration function
    
        tenant_name = f"Admin Root Tenant {tmp_path.name}"
        tenant_db_path = tmp_path_factory.mktemp(f"seeded_tenant_db_{tmp_path.name}") / f"admin_root_tenant_{tmp_path.name}.db"
        tenant_db_url = f"sqlite+aiosqlite:///{tenant_db_path}"
    
        # Use the test-specific ConfigSessionLocal for seeding
        async with ConfigSessionLocal() as config_session:
            # Create a test tenant
            new_tenant = Tenant(name=tenant_name, db_url=tenant_db_url, is_active=True)
            config_session.add(new_tenant)
            await config_session.flush() # Flush to get tenant.id
    
            # IMPORTANT: Access attributes BEFORE committing the session,
            # otherwise the object will be detached.
            tenant_id = new_tenant.id
            tenant_name = new_tenant.name
    
            # Grant admin_root access to this tenant
            config_session.add(UserTenantAccess(user_id="admin_root", tenant_id=tenant_id, role="ADMIN", is_selected=True))
            await config_session.commit()
    
        # Now, run alembic migrations on this newly created tenant's database
        success, error_msg = run_alembic_upgrade(tenant_db_url)
        if not success:
>           pytest.fail(f"Alembic migration failed for seeded tenant {tenant_name}: {error_msg}")
E           Failed: Alembic migration failed for seeded tenant Admin Root Tenant test_cross_module_asset_contex1: INFO  [alembic.runtime.migration] Context impl SQLiteImpl.
E           INFO  [alembic.runtime.migration] Will assume non-transactional DDL.
E           ERROR [alembic.util.messaging] Multiple head revisions are present for given argument 'head'; please specify a specific target revision, '<branchname>@head' to narrow to a specific head, or 'heads' for all heads

conftest.py:374: Failed
---------------------------- Captured stdout setup -----------------------------
ALEMBIC ERROR: INFO  [alembic.runtime.migration] Context impl SQLiteImpl.
INFO  [alembic.runtime.migration] Will assume non-transactional DDL.
ERROR [alembic.util.messaging] Multiple head revisions are present for given argument 'head'; please specify a specific target revision, '<branchname>@head' to narrow to a specific head, or 'heads' for all heads

__ ERROR at setup of test_dashboard_search_returns_new_cross_module_entities ___

request = <SubRequest 'seeded_admin_tenant' for <Coroutine test_dashboard_search_returns_new_cross_module_entities>>
kwargs = {'client': <httpx.AsyncClient object at 0x1542b95d0>, 'setup_db': (<sqlalchemy.ext.asyncio.engine.AsyncEngine object a...ers/nz/6q2p_ldx3txdbw_gttbpnwjr0000gn/T/pytest-of-haewonkim/pytest-364'), _retention_count=3, _retention_policy='all')}
event_loop_fixture_id = 'event_loop'
setup = <function _wrap_async_fixture.<locals>._async_fixture_wrapper.<locals>.setup at 0x152d8c040>
context = <_contextvars.Context object at 0x152835dc0>
setup_task = <Task finished name='Task-1019' coro=<_wrap_async_fixture.<locals>._async_fixture_wrapper.<locals>.setup() done, defin...please specify a specific target revision, '<branchname>@head' to narrow to a specific head, or 'heads' for all heads
>

    @functools.wraps(fixture)
    def _async_fixture_wrapper(request: FixtureRequest, **kwargs: Any):
        func = _perhaps_rebind_fixture_func(fixture, request.instance)
        event_loop_fixture_id = _get_event_loop_fixture_id_for_async_fixture(
            request, func
        )
        event_loop = request.getfixturevalue(event_loop_fixture_id)
        kwargs.pop(event_loop_fixture_id, None)
    
        async def setup():
            res = await func(**_add_kwargs(func, kwargs, event_loop, request))
            return res
    
        context = contextvars.copy_context()
        setup_task = _create_task_in_context(event_loop, setup(), context)
>       result = event_loop.run_until_complete(setup_task)
                 ^^^^^^^^^^^^^^^^^^^^^^^^^^^^^^^^^^^^^^^^^

/opt/anaconda3/lib/python3.11/site-packages/pytest_asyncio/plugin.py:391: 
_ _ _ _ _ _ _ _ _ _ _ _ _ _ _ _ _ _ _ _ _ _ _ _ _ _ _ _ _ _ _ _ _ _ _ _ _ _ _ _ 
/opt/anaconda3/lib/python3.11/asyncio/base_events.py:653: in run_until_complete
    return future.result()
           ^^^^^^^^^^^^^^^
/opt/anaconda3/lib/python3.11/site-packages/pytest_asyncio/plugin.py:386: in setup
    res = await func(**_add_kwargs(func, kwargs, event_loop, request))
          ^^^^^^^^^^^^^^^^^^^^^^^^^^^^^^^^^^^^^^^^^^^^^^^^^^^^^^^^^^^^
_ _ _ _ _ _ _ _ _ _ _ _ _ _ _ _ _ _ _ _ _ _ _ _ _ _ _ _ _ _ _ _ _ _ _ _ _ _ _ _ 

client = <httpx.AsyncClient object at 0x1542b95d0>
tmp_path = PosixPath('/private/var/folders/nz/6q2p_ldx3txdbw_gttbpnwjr0000gn/T/pytest-of-haewonkim/pytest-364/test_dashboard_search_returns_2')
tmp_path_factory = TempPathFactory(_given_basetemp=None, _trace=<pluggy._tracing.TagTracerSub object at 0x14ec297d0>, _basetemp=PosixPath...ders/nz/6q2p_ldx3txdbw_gttbpnwjr0000gn/T/pytest-of-haewonkim/pytest-364'), _retention_count=3, _retention_policy='all')
setup_db = (<sqlalchemy.ext.asyncio.engine.AsyncEngine object at 0x154304400>, async_sessionmaker(class_='AsyncSession', autocommit=False, bind=<sqlalchemy.ext.asyncio.engine.AsyncEngine object at 0x154304400>, autoflush=False, expire_on_commit=True))

    @pytest_asyncio.fixture(scope="function")
    async def seeded_admin_tenant(client, tmp_path, tmp_path_factory, setup_db):
        _test_config_engine, ConfigSessionLocal = setup_db
        """
        Fixture to create and seed a unique tenant for the 'admin_root' user.
        Tests requiring a pre-existing tenant can depend on this fixture.
        """
        from app.models.config import Tenant, UserTenantAccess
        from app.database import Base # Keep Base for potential future use, though not used directly for schema creation here
        from app.api.tenants import run_alembic_upgrade # Import the migration function
    
        tenant_name = f"Admin Root Tenant {tmp_path.name}"
        tenant_db_path = tmp_path_factory.mktemp(f"seeded_tenant_db_{tmp_path.name}") / f"admin_root_tenant_{tmp_path.name}.db"
        tenant_db_url = f"sqlite+aiosqlite:///{tenant_db_path}"
    
        # Use the test-specific ConfigSessionLocal for seeding
        async with ConfigSessionLocal() as config_session:
            # Create a test tenant
            new_tenant = Tenant(name=tenant_name, db_url=tenant_db_url, is_active=True)
            config_session.add(new_tenant)
            await config_session.flush() # Flush to get tenant.id
    
            # IMPORTANT: Access attributes BEFORE committing the session,
            # otherwise the object will be detached.
            tenant_id = new_tenant.id
            tenant_name = new_tenant.name
    
            # Grant admin_root access to this tenant
            config_session.add(UserTenantAccess(user_id="admin_root", tenant_id=tenant_id, role="ADMIN", is_selected=True))
            await config_session.commit()
    
        # Now, run alembic migrations on this newly created tenant's database
        success, error_msg = run_alembic_upgrade(tenant_db_url)
        if not success:
>           pytest.fail(f"Alembic migration failed for seeded tenant {tenant_name}: {error_msg}")
E           Failed: Alembic migration failed for seeded tenant Admin Root Tenant test_dashboard_search_returns_2: INFO  [alembic.runtime.migration] Context impl SQLiteImpl.
E           INFO  [alembic.runtime.migration] Will assume non-transactional DDL.
E           ERROR [alembic.util.messaging] Multiple head revisions are present for given argument 'head'; please specify a specific target revision, '<branchname>@head' to narrow to a specific head, or 'heads' for all heads

conftest.py:374: Failed
---------------------------- Captured stdout setup -----------------------------
ALEMBIC ERROR: INFO  [alembic.runtime.migration] Context impl SQLiteImpl.
INFO  [alembic.runtime.migration] Will assume non-transactional DDL.
ERROR [alembic.util.messaging] Multiple head revisions are present for given argument 'head'; please specify a specific target revision, '<branchname>@head' to narrow to a specific head, or 'heads' for all heads

__________ ERROR at setup of test_provision_asset_full_flow[asyncio] ___________

request = <SubRequest 'seeded_admin_tenant' for <Coroutine test_provision_asset_full_flow[asyncio]>>
kwargs = {'client': <httpx.AsyncClient object at 0x154137610>, 'setup_db': (<sqlalchemy.ext.asyncio.engine.AsyncEngine object a...ers/nz/6q2p_ldx3txdbw_gttbpnwjr0000gn/T/pytest-of-haewonkim/pytest-364'), _retention_count=3, _retention_policy='all')}
event_loop_fixture_id = 'event_loop'
setup = <function _wrap_async_fixture.<locals>._async_fixture_wrapper.<locals>.setup at 0x154169800>
context = <_contextvars.Context object at 0x15439ae40>
setup_task = <Task finished name='Task-1051' coro=<_wrap_async_fixture.<locals>._async_fixture_wrapper.<locals>.setup() done, defin...please specify a specific target revision, '<branchname>@head' to narrow to a specific head, or 'heads' for all heads
>

    @functools.wraps(fixture)
    def _async_fixture_wrapper(request: FixtureRequest, **kwargs: Any):
        func = _perhaps_rebind_fixture_func(fixture, request.instance)
        event_loop_fixture_id = _get_event_loop_fixture_id_for_async_fixture(
            request, func
        )
        event_loop = request.getfixturevalue(event_loop_fixture_id)
        kwargs.pop(event_loop_fixture_id, None)
    
        async def setup():
            res = await func(**_add_kwargs(func, kwargs, event_loop, request))
            return res
    
        context = contextvars.copy_context()
        setup_task = _create_task_in_context(event_loop, setup(), context)
>       result = event_loop.run_until_complete(setup_task)
                 ^^^^^^^^^^^^^^^^^^^^^^^^^^^^^^^^^^^^^^^^^

/opt/anaconda3/lib/python3.11/site-packages/pytest_asyncio/plugin.py:391: 
_ _ _ _ _ _ _ _ _ _ _ _ _ _ _ _ _ _ _ _ _ _ _ _ _ _ _ _ _ _ _ _ _ _ _ _ _ _ _ _ 
/opt/anaconda3/lib/python3.11/asyncio/base_events.py:653: in run_until_complete
    return future.result()
           ^^^^^^^^^^^^^^^
/opt/anaconda3/lib/python3.11/site-packages/pytest_asyncio/plugin.py:386: in setup
    res = await func(**_add_kwargs(func, kwargs, event_loop, request))
          ^^^^^^^^^^^^^^^^^^^^^^^^^^^^^^^^^^^^^^^^^^^^^^^^^^^^^^^^^^^^
_ _ _ _ _ _ _ _ _ _ _ _ _ _ _ _ _ _ _ _ _ _ _ _ _ _ _ _ _ _ _ _ _ _ _ _ _ _ _ _ 

client = <httpx.AsyncClient object at 0x154137610>
tmp_path = PosixPath('/private/var/folders/nz/6q2p_ldx3txdbw_gttbpnwjr0000gn/T/pytest-of-haewonkim/pytest-364/test_provision_asset_full_flow0')
tmp_path_factory = TempPathFactory(_given_basetemp=None, _trace=<pluggy._tracing.TagTracerSub object at 0x14ec297d0>, _basetemp=PosixPath...ders/nz/6q2p_ldx3txdbw_gttbpnwjr0000gn/T/pytest-of-haewonkim/pytest-364'), _retention_count=3, _retention_policy='all')
setup_db = (<sqlalchemy.ext.asyncio.engine.AsyncEngine object at 0x15433b000>, async_sessionmaker(class_='AsyncSession', autocommit=False, bind=<sqlalchemy.ext.asyncio.engine.AsyncEngine object at 0x15433b000>, autoflush=False, expire_on_commit=True))

    @pytest_asyncio.fixture(scope="function")
    async def seeded_admin_tenant(client, tmp_path, tmp_path_factory, setup_db):
        _test_config_engine, ConfigSessionLocal = setup_db
        """
        Fixture to create and seed a unique tenant for the 'admin_root' user.
        Tests requiring a pre-existing tenant can depend on this fixture.
        """
        from app.models.config import Tenant, UserTenantAccess
        from app.database import Base # Keep Base for potential future use, though not used directly for schema creation here
        from app.api.tenants import run_alembic_upgrade # Import the migration function
    
        tenant_name = f"Admin Root Tenant {tmp_path.name}"
        tenant_db_path = tmp_path_factory.mktemp(f"seeded_tenant_db_{tmp_path.name}") / f"admin_root_tenant_{tmp_path.name}.db"
        tenant_db_url = f"sqlite+aiosqlite:///{tenant_db_path}"
    
        # Use the test-specific ConfigSessionLocal for seeding
        async with ConfigSessionLocal() as config_session:
            # Create a test tenant
            new_tenant = Tenant(name=tenant_name, db_url=tenant_db_url, is_active=True)
            config_session.add(new_tenant)
            await config_session.flush() # Flush to get tenant.id
    
            # IMPORTANT: Access attributes BEFORE committing the session,
            # otherwise the object will be detached.
            tenant_id = new_tenant.id
            tenant_name = new_tenant.name
    
            # Grant admin_root access to this tenant
            config_session.add(UserTenantAccess(user_id="admin_root", tenant_id=tenant_id, role="ADMIN", is_selected=True))
            await config_session.commit()
    
        # Now, run alembic migrations on this newly created tenant's database
        success, error_msg = run_alembic_upgrade(tenant_db_url)
        if not success:
>           pytest.fail(f"Alembic migration failed for seeded tenant {tenant_name}: {error_msg}")
E           Failed: Alembic migration failed for seeded tenant Admin Root Tenant test_provision_asset_full_flow0: INFO  [alembic.runtime.migration] Context impl SQLiteImpl.
E           INFO  [alembic.runtime.migration] Will assume non-transactional DDL.
E           ERROR [alembic.util.messaging] Multiple head revisions are present for given argument 'head'; please specify a specific target revision, '<branchname>@head' to narrow to a specific head, or 'heads' for all heads

conftest.py:374: Failed
---------------------------- Captured stdout setup -----------------------------
ALEMBIC ERROR: INFO  [alembic.runtime.migration] Context impl SQLiteImpl.
INFO  [alembic.runtime.migration] Will assume non-transactional DDL.
ERROR [alembic.util.messaging] Multiple head revisions are present for given argument 'head'; please specify a specific target revision, '<branchname>@head' to narrow to a specific head, or 'heads' for all heads

____________ ERROR at setup of test_create_site_and_audit[asyncio] _____________

request = <SubRequest 'seeded_admin_tenant' for <Coroutine test_create_site_and_audit[asyncio]>>
kwargs = {'client': <httpx.AsyncClient object at 0x154137610>, 'setup_db': (<sqlalchemy.ext.asyncio.engine.AsyncEngine object a...ers/nz/6q2p_ldx3txdbw_gttbpnwjr0000gn/T/pytest-of-haewonkim/pytest-364'), _retention_count=3, _retention_policy='all')}
event_loop_fixture_id = 'event_loop'
setup = <function _wrap_async_fixture.<locals>._async_fixture_wrapper.<locals>.setup at 0x15416b060>
context = <_contextvars.Context object at 0x152dfd340>
setup_task = <Task finished name='Task-1057' coro=<_wrap_async_fixture.<locals>._async_fixture_wrapper.<locals>.setup() done, defin...please specify a specific target revision, '<branchname>@head' to narrow to a specific head, or 'heads' for all heads
>

    @functools.wraps(fixture)
    def _async_fixture_wrapper(request: FixtureRequest, **kwargs: Any):
        func = _perhaps_rebind_fixture_func(fixture, request.instance)
        event_loop_fixture_id = _get_event_loop_fixture_id_for_async_fixture(
            request, func
        )
        event_loop = request.getfixturevalue(event_loop_fixture_id)
        kwargs.pop(event_loop_fixture_id, None)
    
        async def setup():
            res = await func(**_add_kwargs(func, kwargs, event_loop, request))
            return res
    
        context = contextvars.copy_context()
        setup_task = _create_task_in_context(event_loop, setup(), context)
>       result = event_loop.run_until_complete(setup_task)
                 ^^^^^^^^^^^^^^^^^^^^^^^^^^^^^^^^^^^^^^^^^

/opt/anaconda3/lib/python3.11/site-packages/pytest_asyncio/plugin.py:391: 
_ _ _ _ _ _ _ _ _ _ _ _ _ _ _ _ _ _ _ _ _ _ _ _ _ _ _ _ _ _ _ _ _ _ _ _ _ _ _ _ 
/opt/anaconda3/lib/python3.11/asyncio/base_events.py:653: in run_until_complete
    return future.result()
           ^^^^^^^^^^^^^^^
/opt/anaconda3/lib/python3.11/site-packages/pytest_asyncio/plugin.py:386: in setup
    res = await func(**_add_kwargs(func, kwargs, event_loop, request))
          ^^^^^^^^^^^^^^^^^^^^^^^^^^^^^^^^^^^^^^^^^^^^^^^^^^^^^^^^^^^^
_ _ _ _ _ _ _ _ _ _ _ _ _ _ _ _ _ _ _ _ _ _ _ _ _ _ _ _ _ _ _ _ _ _ _ _ _ _ _ _ 

client = <httpx.AsyncClient object at 0x154137610>
tmp_path = PosixPath('/private/var/folders/nz/6q2p_ldx3txdbw_gttbpnwjr0000gn/T/pytest-of-haewonkim/pytest-364/test_create_site_and_audit_asy0')
tmp_path_factory = TempPathFactory(_given_basetemp=None, _trace=<pluggy._tracing.TagTracerSub object at 0x14ec297d0>, _basetemp=PosixPath...ders/nz/6q2p_ldx3txdbw_gttbpnwjr0000gn/T/pytest-of-haewonkim/pytest-364'), _retention_count=3, _retention_policy='all')
setup_db = (<sqlalchemy.ext.asyncio.engine.AsyncEngine object at 0x154332100>, async_sessionmaker(class_='AsyncSession', autocommit=False, bind=<sqlalchemy.ext.asyncio.engine.AsyncEngine object at 0x154332100>, autoflush=False, expire_on_commit=True))

    @pytest_asyncio.fixture(scope="function")
    async def seeded_admin_tenant(client, tmp_path, tmp_path_factory, setup_db):
        _test_config_engine, ConfigSessionLocal = setup_db
        """
        Fixture to create and seed a unique tenant for the 'admin_root' user.
        Tests requiring a pre-existing tenant can depend on this fixture.
        """
        from app.models.config import Tenant, UserTenantAccess
        from app.database import Base # Keep Base for potential future use, though not used directly for schema creation here
        from app.api.tenants import run_alembic_upgrade # Import the migration function
    
        tenant_name = f"Admin Root Tenant {tmp_path.name}"
        tenant_db_path = tmp_path_factory.mktemp(f"seeded_tenant_db_{tmp_path.name}") / f"admin_root_tenant_{tmp_path.name}.db"
        tenant_db_url = f"sqlite+aiosqlite:///{tenant_db_path}"
    
        # Use the test-specific ConfigSessionLocal for seeding
        async with ConfigSessionLocal() as config_session:
            # Create a test tenant
            new_tenant = Tenant(name=tenant_name, db_url=tenant_db_url, is_active=True)
            config_session.add(new_tenant)
            await config_session.flush() # Flush to get tenant.id
    
            # IMPORTANT: Access attributes BEFORE committing the session,
            # otherwise the object will be detached.
            tenant_id = new_tenant.id
            tenant_name = new_tenant.name
    
            # Grant admin_root access to this tenant
            config_session.add(UserTenantAccess(user_id="admin_root", tenant_id=tenant_id, role="ADMIN", is_selected=True))
            await config_session.commit()
    
        # Now, run alembic migrations on this newly created tenant's database
        success, error_msg = run_alembic_upgrade(tenant_db_url)
        if not success:
>           pytest.fail(f"Alembic migration failed for seeded tenant {tenant_name}: {error_msg}")
E           Failed: Alembic migration failed for seeded tenant Admin Root Tenant test_create_site_and_audit_asy0: INFO  [alembic.runtime.migration] Context impl SQLiteImpl.
E           INFO  [alembic.runtime.migration] Will assume non-transactional DDL.
E           ERROR [alembic.util.messaging] Multiple head revisions are present for given argument 'head'; please specify a specific target revision, '<branchname>@head' to narrow to a specific head, or 'heads' for all heads

conftest.py:374: Failed
---------------------------- Captured stdout setup -----------------------------
ALEMBIC ERROR: INFO  [alembic.runtime.migration] Context impl SQLiteImpl.
INFO  [alembic.runtime.migration] Will assume non-transactional DDL.
ERROR [alembic.util.messaging] Multiple head revisions are present for given argument 'head'; please specify a specific target revision, '<branchname>@head' to narrow to a specific head, or 'heads' for all heads

_____________ ERROR at setup of test_global_settings_flow[asyncio] _____________

request = <SubRequest 'seeded_admin_tenant' for <Coroutine test_global_settings_flow[asyncio]>>
kwargs = {'client': <httpx.AsyncClient object at 0x154137610>, 'setup_db': (<sqlalchemy.ext.asyncio.engine.AsyncEngine object a...ers/nz/6q2p_ldx3txdbw_gttbpnwjr0000gn/T/pytest-of-haewonkim/pytest-364'), _retention_count=3, _retention_policy='all')}
event_loop_fixture_id = 'event_loop'
setup = <function _wrap_async_fixture.<locals>._async_fixture_wrapper.<locals>.setup at 0x152cd6f20>
context = <_contextvars.Context object at 0x152ff85c0>
setup_task = <Task finished name='Task-1063' coro=<_wrap_async_fixture.<locals>._async_fixture_wrapper.<locals>.setup() done, defin...please specify a specific target revision, '<branchname>@head' to narrow to a specific head, or 'heads' for all heads
>

    @functools.wraps(fixture)
    def _async_fixture_wrapper(request: FixtureRequest, **kwargs: Any):
        func = _perhaps_rebind_fixture_func(fixture, request.instance)
        event_loop_fixture_id = _get_event_loop_fixture_id_for_async_fixture(
            request, func
        )
        event_loop = request.getfixturevalue(event_loop_fixture_id)
        kwargs.pop(event_loop_fixture_id, None)
    
        async def setup():
            res = await func(**_add_kwargs(func, kwargs, event_loop, request))
            return res
    
        context = contextvars.copy_context()
        setup_task = _create_task_in_context(event_loop, setup(), context)
>       result = event_loop.run_until_complete(setup_task)
                 ^^^^^^^^^^^^^^^^^^^^^^^^^^^^^^^^^^^^^^^^^

/opt/anaconda3/lib/python3.11/site-packages/pytest_asyncio/plugin.py:391: 
_ _ _ _ _ _ _ _ _ _ _ _ _ _ _ _ _ _ _ _ _ _ _ _ _ _ _ _ _ _ _ _ _ _ _ _ _ _ _ _ 
/opt/anaconda3/lib/python3.11/asyncio/base_events.py:653: in run_until_complete
    return future.result()
           ^^^^^^^^^^^^^^^
/opt/anaconda3/lib/python3.11/site-packages/pytest_asyncio/plugin.py:386: in setup
    res = await func(**_add_kwargs(func, kwargs, event_loop, request))
          ^^^^^^^^^^^^^^^^^^^^^^^^^^^^^^^^^^^^^^^^^^^^^^^^^^^^^^^^^^^^
_ _ _ _ _ _ _ _ _ _ _ _ _ _ _ _ _ _ _ _ _ _ _ _ _ _ _ _ _ _ _ _ _ _ _ _ _ _ _ _ 

client = <httpx.AsyncClient object at 0x154137610>
tmp_path = PosixPath('/private/var/folders/nz/6q2p_ldx3txdbw_gttbpnwjr0000gn/T/pytest-of-haewonkim/pytest-364/test_global_settings_flow_asyn0')
tmp_path_factory = TempPathFactory(_given_basetemp=None, _trace=<pluggy._tracing.TagTracerSub object at 0x14ec297d0>, _basetemp=PosixPath...ders/nz/6q2p_ldx3txdbw_gttbpnwjr0000gn/T/pytest-of-haewonkim/pytest-364'), _retention_count=3, _retention_policy='all')
setup_db = (<sqlalchemy.ext.asyncio.engine.AsyncEngine object at 0x152ff9040>, async_sessionmaker(class_='AsyncSession', autocommit=False, bind=<sqlalchemy.ext.asyncio.engine.AsyncEngine object at 0x152ff9040>, autoflush=False, expire_on_commit=True))

    @pytest_asyncio.fixture(scope="function")
    async def seeded_admin_tenant(client, tmp_path, tmp_path_factory, setup_db):
        _test_config_engine, ConfigSessionLocal = setup_db
        """
        Fixture to create and seed a unique tenant for the 'admin_root' user.
        Tests requiring a pre-existing tenant can depend on this fixture.
        """
        from app.models.config import Tenant, UserTenantAccess
        from app.database import Base # Keep Base for potential future use, though not used directly for schema creation here
        from app.api.tenants import run_alembic_upgrade # Import the migration function
    
        tenant_name = f"Admin Root Tenant {tmp_path.name}"
        tenant_db_path = tmp_path_factory.mktemp(f"seeded_tenant_db_{tmp_path.name}") / f"admin_root_tenant_{tmp_path.name}.db"
        tenant_db_url = f"sqlite+aiosqlite:///{tenant_db_path}"
    
        # Use the test-specific ConfigSessionLocal for seeding
        async with ConfigSessionLocal() as config_session:
            # Create a test tenant
            new_tenant = Tenant(name=tenant_name, db_url=tenant_db_url, is_active=True)
            config_session.add(new_tenant)
            await config_session.flush() # Flush to get tenant.id
    
            # IMPORTANT: Access attributes BEFORE committing the session,
            # otherwise the object will be detached.
            tenant_id = new_tenant.id
            tenant_name = new_tenant.name
    
            # Grant admin_root access to this tenant
            config_session.add(UserTenantAccess(user_id="admin_root", tenant_id=tenant_id, role="ADMIN", is_selected=True))
            await config_session.commit()
    
        # Now, run alembic migrations on this newly created tenant's database
        success, error_msg = run_alembic_upgrade(tenant_db_url)
        if not success:
>           pytest.fail(f"Alembic migration failed for seeded tenant {tenant_name}: {error_msg}")
E           Failed: Alembic migration failed for seeded tenant Admin Root Tenant test_global_settings_flow_asyn0: INFO  [alembic.runtime.migration] Context impl SQLiteImpl.
E           INFO  [alembic.runtime.migration] Will assume non-transactional DDL.
E           ERROR [alembic.util.messaging] Multiple head revisions are present for given argument 'head'; please specify a specific target revision, '<branchname>@head' to narrow to a specific head, or 'heads' for all heads

conftest.py:374: Failed
---------------------------- Captured stdout setup -----------------------------
ALEMBIC ERROR: INFO  [alembic.runtime.migration] Context impl SQLiteImpl.
INFO  [alembic.runtime.migration] Will assume non-transactional DDL.
ERROR [alembic.util.messaging] Multiple head revisions are present for given argument 'head'; please specify a specific target revision, '<branchname>@head' to narrow to a specific head, or 'heads' for all heads

____________ ERROR at setup of test_monitoring_matrix_flow[asyncio] ____________

request = <SubRequest 'seeded_admin_tenant' for <Coroutine test_monitoring_matrix_flow[asyncio]>>
kwargs = {'client': <httpx.AsyncClient object at 0x154137610>, 'setup_db': (<sqlalchemy.ext.asyncio.engine.AsyncEngine object a...ers/nz/6q2p_ldx3txdbw_gttbpnwjr0000gn/T/pytest-of-haewonkim/pytest-364'), _retention_count=3, _retention_policy='all')}
event_loop_fixture_id = 'event_loop'
setup = <function _wrap_async_fixture.<locals>._async_fixture_wrapper.<locals>.setup at 0x15416be20>
context = <_contextvars.Context object at 0x152ffa300>
setup_task = <Task finished name='Task-1069' coro=<_wrap_async_fixture.<locals>._async_fixture_wrapper.<locals>.setup() done, defin...please specify a specific target revision, '<branchname>@head' to narrow to a specific head, or 'heads' for all heads
>

    @functools.wraps(fixture)
    def _async_fixture_wrapper(request: FixtureRequest, **kwargs: Any):
        func = _perhaps_rebind_fixture_func(fixture, request.instance)
        event_loop_fixture_id = _get_event_loop_fixture_id_for_async_fixture(
            request, func
        )
        event_loop = request.getfixturevalue(event_loop_fixture_id)
        kwargs.pop(event_loop_fixture_id, None)
    
        async def setup():
            res = await func(**_add_kwargs(func, kwargs, event_loop, request))
            return res
    
        context = contextvars.copy_context()
        setup_task = _create_task_in_context(event_loop, setup(), context)
>       result = event_loop.run_until_complete(setup_task)
                 ^^^^^^^^^^^^^^^^^^^^^^^^^^^^^^^^^^^^^^^^^

/opt/anaconda3/lib/python3.11/site-packages/pytest_asyncio/plugin.py:391: 
_ _ _ _ _ _ _ _ _ _ _ _ _ _ _ _ _ _ _ _ _ _ _ _ _ _ _ _ _ _ _ _ _ _ _ _ _ _ _ _ 
/opt/anaconda3/lib/python3.11/asyncio/base_events.py:653: in run_until_complete
    return future.result()
           ^^^^^^^^^^^^^^^
/opt/anaconda3/lib/python3.11/site-packages/pytest_asyncio/plugin.py:386: in setup
    res = await func(**_add_kwargs(func, kwargs, event_loop, request))
          ^^^^^^^^^^^^^^^^^^^^^^^^^^^^^^^^^^^^^^^^^^^^^^^^^^^^^^^^^^^^
_ _ _ _ _ _ _ _ _ _ _ _ _ _ _ _ _ _ _ _ _ _ _ _ _ _ _ _ _ _ _ _ _ _ _ _ _ _ _ _ 

client = <httpx.AsyncClient object at 0x154137610>
tmp_path = PosixPath('/private/var/folders/nz/6q2p_ldx3txdbw_gttbpnwjr0000gn/T/pytest-of-haewonkim/pytest-364/test_monitoring_matrix_flow_as0')
tmp_path_factory = TempPathFactory(_given_basetemp=None, _trace=<pluggy._tracing.TagTracerSub object at 0x14ec297d0>, _basetemp=PosixPath...ders/nz/6q2p_ldx3txdbw_gttbpnwjr0000gn/T/pytest-of-haewonkim/pytest-364'), _retention_count=3, _retention_policy='all')
setup_db = (<sqlalchemy.ext.asyncio.engine.AsyncEngine object at 0x1543efb80>, async_sessionmaker(class_='AsyncSession', autocommit=False, bind=<sqlalchemy.ext.asyncio.engine.AsyncEngine object at 0x1543efb80>, autoflush=False, expire_on_commit=True))

    @pytest_asyncio.fixture(scope="function")
    async def seeded_admin_tenant(client, tmp_path, tmp_path_factory, setup_db):
        _test_config_engine, ConfigSessionLocal = setup_db
        """
        Fixture to create and seed a unique tenant for the 'admin_root' user.
        Tests requiring a pre-existing tenant can depend on this fixture.
        """
        from app.models.config import Tenant, UserTenantAccess
        from app.database import Base # Keep Base for potential future use, though not used directly for schema creation here
        from app.api.tenants import run_alembic_upgrade # Import the migration function
    
        tenant_name = f"Admin Root Tenant {tmp_path.name}"
        tenant_db_path = tmp_path_factory.mktemp(f"seeded_tenant_db_{tmp_path.name}") / f"admin_root_tenant_{tmp_path.name}.db"
        tenant_db_url = f"sqlite+aiosqlite:///{tenant_db_path}"
    
        # Use the test-specific ConfigSessionLocal for seeding
        async with ConfigSessionLocal() as config_session:
            # Create a test tenant
            new_tenant = Tenant(name=tenant_name, db_url=tenant_db_url, is_active=True)
            config_session.add(new_tenant)
            await config_session.flush() # Flush to get tenant.id
    
            # IMPORTANT: Access attributes BEFORE committing the session,
            # otherwise the object will be detached.
            tenant_id = new_tenant.id
            tenant_name = new_tenant.name
    
            # Grant admin_root access to this tenant
            config_session.add(UserTenantAccess(user_id="admin_root", tenant_id=tenant_id, role="ADMIN", is_selected=True))
            await config_session.commit()
    
        # Now, run alembic migrations on this newly created tenant's database
        success, error_msg = run_alembic_upgrade(tenant_db_url)
        if not success:
>           pytest.fail(f"Alembic migration failed for seeded tenant {tenant_name}: {error_msg}")
E           Failed: Alembic migration failed for seeded tenant Admin Root Tenant test_monitoring_matrix_flow_as0: INFO  [alembic.runtime.migration] Context impl SQLiteImpl.
E           INFO  [alembic.runtime.migration] Will assume non-transactional DDL.
E           ERROR [alembic.util.messaging] Multiple head revisions are present for given argument 'head'; please specify a specific target revision, '<branchname>@head' to narrow to a specific head, or 'heads' for all heads

conftest.py:374: Failed
---------------------------- Captured stdout setup -----------------------------
ALEMBIC ERROR: INFO  [alembic.runtime.migration] Context impl SQLiteImpl.
INFO  [alembic.runtime.migration] Will assume non-transactional DDL.
ERROR [alembic.util.messaging] Multiple head revisions are present for given argument 'head'; please specify a specific target revision, '<branchname>@head' to narrow to a specific head, or 'heads' for all heads

____________ ERROR at setup of test_provision_asset_full_flow[trio] ____________

request = <SubRequest 'seeded_admin_tenant' for <Coroutine test_provision_asset_full_flow[trio]>>
kwargs = {'client': <httpx.AsyncClient object at 0x154137610>, 'setup_db': (<sqlalchemy.ext.asyncio.engine.AsyncEngine object a...ers/nz/6q2p_ldx3txdbw_gttbpnwjr0000gn/T/pytest-of-haewonkim/pytest-364'), _retention_count=3, _retention_policy='all')}
event_loop_fixture_id = 'event_loop'
setup = <function _wrap_async_fixture.<locals>._async_fixture_wrapper.<locals>.setup at 0x1541796c0>
context = <_contextvars.Context object at 0x1543d7440>
setup_task = <Task finished name='Task-1098' coro=<_wrap_async_fixture.<locals>._async_fixture_wrapper.<locals>.setup() done, defin...please specify a specific target revision, '<branchname>@head' to narrow to a specific head, or 'heads' for all heads
>

    @functools.wraps(fixture)
    def _async_fixture_wrapper(request: FixtureRequest, **kwargs: Any):
        func = _perhaps_rebind_fixture_func(fixture, request.instance)
        event_loop_fixture_id = _get_event_loop_fixture_id_for_async_fixture(
            request, func
        )
        event_loop = request.getfixturevalue(event_loop_fixture_id)
        kwargs.pop(event_loop_fixture_id, None)
    
        async def setup():
            res = await func(**_add_kwargs(func, kwargs, event_loop, request))
            return res
    
        context = contextvars.copy_context()
        setup_task = _create_task_in_context(event_loop, setup(), context)
>       result = event_loop.run_until_complete(setup_task)
                 ^^^^^^^^^^^^^^^^^^^^^^^^^^^^^^^^^^^^^^^^^

/opt/anaconda3/lib/python3.11/site-packages/pytest_asyncio/plugin.py:391: 
_ _ _ _ _ _ _ _ _ _ _ _ _ _ _ _ _ _ _ _ _ _ _ _ _ _ _ _ _ _ _ _ _ _ _ _ _ _ _ _ 
/opt/anaconda3/lib/python3.11/asyncio/base_events.py:653: in run_until_complete
    return future.result()
           ^^^^^^^^^^^^^^^
/opt/anaconda3/lib/python3.11/site-packages/pytest_asyncio/plugin.py:386: in setup
    res = await func(**_add_kwargs(func, kwargs, event_loop, request))
          ^^^^^^^^^^^^^^^^^^^^^^^^^^^^^^^^^^^^^^^^^^^^^^^^^^^^^^^^^^^^
_ _ _ _ _ _ _ _ _ _ _ _ _ _ _ _ _ _ _ _ _ _ _ _ _ _ _ _ _ _ _ _ _ _ _ _ _ _ _ _ 

client = <httpx.AsyncClient object at 0x154137610>
tmp_path = PosixPath('/private/var/folders/nz/6q2p_ldx3txdbw_gttbpnwjr0000gn/T/pytest-of-haewonkim/pytest-364/test_provision_asset_full_flow1')
tmp_path_factory = TempPathFactory(_given_basetemp=None, _trace=<pluggy._tracing.TagTracerSub object at 0x14ec297d0>, _basetemp=PosixPath...ders/nz/6q2p_ldx3txdbw_gttbpnwjr0000gn/T/pytest-of-haewonkim/pytest-364'), _retention_count=3, _retention_policy='all')
setup_db = (<sqlalchemy.ext.asyncio.engine.AsyncEngine object at 0x154382600>, async_sessionmaker(class_='AsyncSession', autocommit=False, bind=<sqlalchemy.ext.asyncio.engine.AsyncEngine object at 0x154382600>, autoflush=False, expire_on_commit=True))

    @pytest_asyncio.fixture(scope="function")
    async def seeded_admin_tenant(client, tmp_path, tmp_path_factory, setup_db):
        _test_config_engine, ConfigSessionLocal = setup_db
        """
        Fixture to create and seed a unique tenant for the 'admin_root' user.
        Tests requiring a pre-existing tenant can depend on this fixture.
        """
        from app.models.config import Tenant, UserTenantAccess
        from app.database import Base # Keep Base for potential future use, though not used directly for schema creation here
        from app.api.tenants import run_alembic_upgrade # Import the migration function
    
        tenant_name = f"Admin Root Tenant {tmp_path.name}"
        tenant_db_path = tmp_path_factory.mktemp(f"seeded_tenant_db_{tmp_path.name}") / f"admin_root_tenant_{tmp_path.name}.db"
        tenant_db_url = f"sqlite+aiosqlite:///{tenant_db_path}"
    
        # Use the test-specific ConfigSessionLocal for seeding
        async with ConfigSessionLocal() as config_session:
            # Create a test tenant
            new_tenant = Tenant(name=tenant_name, db_url=tenant_db_url, is_active=True)
            config_session.add(new_tenant)
            await config_session.flush() # Flush to get tenant.id
    
            # IMPORTANT: Access attributes BEFORE committing the session,
            # otherwise the object will be detached.
            tenant_id = new_tenant.id
            tenant_name = new_tenant.name
    
            # Grant admin_root access to this tenant
            config_session.add(UserTenantAccess(user_id="admin_root", tenant_id=tenant_id, role="ADMIN", is_selected=True))
            await config_session.commit()
    
        # Now, run alembic migrations on this newly created tenant's database
        success, error_msg = run_alembic_upgrade(tenant_db_url)
        if not success:
>           pytest.fail(f"Alembic migration failed for seeded tenant {tenant_name}: {error_msg}")
E           Failed: Alembic migration failed for seeded tenant Admin Root Tenant test_provision_asset_full_flow1: INFO  [alembic.runtime.migration] Context impl SQLiteImpl.
E           INFO  [alembic.runtime.migration] Will assume non-transactional DDL.
E           ERROR [alembic.util.messaging] Multiple head revisions are present for given argument 'head'; please specify a specific target revision, '<branchname>@head' to narrow to a specific head, or 'heads' for all heads

conftest.py:374: Failed
---------------------------- Captured stdout setup -----------------------------
ALEMBIC ERROR: INFO  [alembic.runtime.migration] Context impl SQLiteImpl.
INFO  [alembic.runtime.migration] Will assume non-transactional DDL.
ERROR [alembic.util.messaging] Multiple head revisions are present for given argument 'head'; please specify a specific target revision, '<branchname>@head' to narrow to a specific head, or 'heads' for all heads

______________ ERROR at setup of test_create_site_and_audit[trio] ______________

request = <SubRequest 'seeded_admin_tenant' for <Coroutine test_create_site_and_audit[trio]>>
kwargs = {'client': <httpx.AsyncClient object at 0x154137610>, 'setup_db': (<sqlalchemy.ext.asyncio.engine.AsyncEngine object a...ers/nz/6q2p_ldx3txdbw_gttbpnwjr0000gn/T/pytest-of-haewonkim/pytest-364'), _retention_count=3, _retention_policy='all')}
event_loop_fixture_id = 'event_loop'
setup = <function _wrap_async_fixture.<locals>._async_fixture_wrapper.<locals>.setup at 0x1541d1bc0>
context = <_contextvars.Context object at 0x14ff56cc0>
setup_task = <Task finished name='Task-1104' coro=<_wrap_async_fixture.<locals>._async_fixture_wrapper.<locals>.setup() done, defin...please specify a specific target revision, '<branchname>@head' to narrow to a specific head, or 'heads' for all heads
>

    @functools.wraps(fixture)
    def _async_fixture_wrapper(request: FixtureRequest, **kwargs: Any):
        func = _perhaps_rebind_fixture_func(fixture, request.instance)
        event_loop_fixture_id = _get_event_loop_fixture_id_for_async_fixture(
            request, func
        )
        event_loop = request.getfixturevalue(event_loop_fixture_id)
        kwargs.pop(event_loop_fixture_id, None)
    
        async def setup():
            res = await func(**_add_kwargs(func, kwargs, event_loop, request))
            return res
    
        context = contextvars.copy_context()
        setup_task = _create_task_in_context(event_loop, setup(), context)
>       result = event_loop.run_until_complete(setup_task)
                 ^^^^^^^^^^^^^^^^^^^^^^^^^^^^^^^^^^^^^^^^^

/opt/anaconda3/lib/python3.11/site-packages/pytest_asyncio/plugin.py:391: 
_ _ _ _ _ _ _ _ _ _ _ _ _ _ _ _ _ _ _ _ _ _ _ _ _ _ _ _ _ _ _ _ _ _ _ _ _ _ _ _ 
/opt/anaconda3/lib/python3.11/asyncio/base_events.py:653: in run_until_complete
    return future.result()
           ^^^^^^^^^^^^^^^
/opt/anaconda3/lib/python3.11/site-packages/pytest_asyncio/plugin.py:386: in setup
    res = await func(**_add_kwargs(func, kwargs, event_loop, request))
          ^^^^^^^^^^^^^^^^^^^^^^^^^^^^^^^^^^^^^^^^^^^^^^^^^^^^^^^^^^^^
_ _ _ _ _ _ _ _ _ _ _ _ _ _ _ _ _ _ _ _ _ _ _ _ _ _ _ _ _ _ _ _ _ _ _ _ _ _ _ _ 

client = <httpx.AsyncClient object at 0x154137610>
tmp_path = PosixPath('/private/var/folders/nz/6q2p_ldx3txdbw_gttbpnwjr0000gn/T/pytest-of-haewonkim/pytest-364/test_create_site_and_audit_tri0')
tmp_path_factory = TempPathFactory(_given_basetemp=None, _trace=<pluggy._tracing.TagTracerSub object at 0x14ec297d0>, _basetemp=PosixPath...ders/nz/6q2p_ldx3txdbw_gttbpnwjr0000gn/T/pytest-of-haewonkim/pytest-364'), _retention_count=3, _retention_policy='all')
setup_db = (<sqlalchemy.ext.asyncio.engine.AsyncEngine object at 0x154227540>, async_sessionmaker(class_='AsyncSession', autocommit=False, bind=<sqlalchemy.ext.asyncio.engine.AsyncEngine object at 0x154227540>, autoflush=False, expire_on_commit=True))

    @pytest_asyncio.fixture(scope="function")
    async def seeded_admin_tenant(client, tmp_path, tmp_path_factory, setup_db):
        _test_config_engine, ConfigSessionLocal = setup_db
        """
        Fixture to create and seed a unique tenant for the 'admin_root' user.
        Tests requiring a pre-existing tenant can depend on this fixture.
        """
        from app.models.config import Tenant, UserTenantAccess
        from app.database import Base # Keep Base for potential future use, though not used directly for schema creation here
        from app.api.tenants import run_alembic_upgrade # Import the migration function
    
        tenant_name = f"Admin Root Tenant {tmp_path.name}"
        tenant_db_path = tmp_path_factory.mktemp(f"seeded_tenant_db_{tmp_path.name}") / f"admin_root_tenant_{tmp_path.name}.db"
        tenant_db_url = f"sqlite+aiosqlite:///{tenant_db_path}"
    
        # Use the test-specific ConfigSessionLocal for seeding
        async with ConfigSessionLocal() as config_session:
            # Create a test tenant
            new_tenant = Tenant(name=tenant_name, db_url=tenant_db_url, is_active=True)
            config_session.add(new_tenant)
            await config_session.flush() # Flush to get tenant.id
    
            # IMPORTANT: Access attributes BEFORE committing the session,
            # otherwise the object will be detached.
            tenant_id = new_tenant.id
            tenant_name = new_tenant.name
    
            # Grant admin_root access to this tenant
            config_session.add(UserTenantAccess(user_id="admin_root", tenant_id=tenant_id, role="ADMIN", is_selected=True))
            await config_session.commit()
    
        # Now, run alembic migrations on this newly created tenant's database
        success, error_msg = run_alembic_upgrade(tenant_db_url)
        if not success:
>           pytest.fail(f"Alembic migration failed for seeded tenant {tenant_name}: {error_msg}")
E           Failed: Alembic migration failed for seeded tenant Admin Root Tenant test_create_site_and_audit_tri0: INFO  [alembic.runtime.migration] Context impl SQLiteImpl.
E           INFO  [alembic.runtime.migration] Will assume non-transactional DDL.
E           ERROR [alembic.util.messaging] Multiple head revisions are present for given argument 'head'; please specify a specific target revision, '<branchname>@head' to narrow to a specific head, or 'heads' for all heads

conftest.py:374: Failed
---------------------------- Captured stdout setup -----------------------------
ALEMBIC ERROR: INFO  [alembic.runtime.migration] Context impl SQLiteImpl.
INFO  [alembic.runtime.migration] Will assume non-transactional DDL.
ERROR [alembic.util.messaging] Multiple head revisions are present for given argument 'head'; please specify a specific target revision, '<branchname>@head' to narrow to a specific head, or 'heads' for all heads

______________ ERROR at setup of test_global_settings_flow[trio] _______________

request = <SubRequest 'seeded_admin_tenant' for <Coroutine test_global_settings_flow[trio]>>
kwargs = {'client': <httpx.AsyncClient object at 0x154137610>, 'setup_db': (<sqlalchemy.ext.asyncio.engine.AsyncEngine object a...ers/nz/6q2p_ldx3txdbw_gttbpnwjr0000gn/T/pytest-of-haewonkim/pytest-364'), _retention_count=3, _retention_policy='all')}
event_loop_fixture_id = 'event_loop'
setup = <function _wrap_async_fixture.<locals>._async_fixture_wrapper.<locals>.setup at 0x152cd4860>
context = <_contextvars.Context object at 0x14ff4d400>
setup_task = <Task finished name='Task-1110' coro=<_wrap_async_fixture.<locals>._async_fixture_wrapper.<locals>.setup() done, defin...please specify a specific target revision, '<branchname>@head' to narrow to a specific head, or 'heads' for all heads
>

    @functools.wraps(fixture)
    def _async_fixture_wrapper(request: FixtureRequest, **kwargs: Any):
        func = _perhaps_rebind_fixture_func(fixture, request.instance)
        event_loop_fixture_id = _get_event_loop_fixture_id_for_async_fixture(
            request, func
        )
        event_loop = request.getfixturevalue(event_loop_fixture_id)
        kwargs.pop(event_loop_fixture_id, None)
    
        async def setup():
            res = await func(**_add_kwargs(func, kwargs, event_loop, request))
            return res
    
        context = contextvars.copy_context()
        setup_task = _create_task_in_context(event_loop, setup(), context)
>       result = event_loop.run_until_complete(setup_task)
                 ^^^^^^^^^^^^^^^^^^^^^^^^^^^^^^^^^^^^^^^^^

/opt/anaconda3/lib/python3.11/site-packages/pytest_asyncio/plugin.py:391: 
_ _ _ _ _ _ _ _ _ _ _ _ _ _ _ _ _ _ _ _ _ _ _ _ _ _ _ _ _ _ _ _ _ _ _ _ _ _ _ _ 
/opt/anaconda3/lib/python3.11/asyncio/base_events.py:653: in run_until_complete
    return future.result()
           ^^^^^^^^^^^^^^^
/opt/anaconda3/lib/python3.11/site-packages/pytest_asyncio/plugin.py:386: in setup
    res = await func(**_add_kwargs(func, kwargs, event_loop, request))
          ^^^^^^^^^^^^^^^^^^^^^^^^^^^^^^^^^^^^^^^^^^^^^^^^^^^^^^^^^^^^
_ _ _ _ _ _ _ _ _ _ _ _ _ _ _ _ _ _ _ _ _ _ _ _ _ _ _ _ _ _ _ _ _ _ _ _ _ _ _ _ 

client = <httpx.AsyncClient object at 0x154137610>
tmp_path = PosixPath('/private/var/folders/nz/6q2p_ldx3txdbw_gttbpnwjr0000gn/T/pytest-of-haewonkim/pytest-364/test_global_settings_flow_trio0')
tmp_path_factory = TempPathFactory(_given_basetemp=None, _trace=<pluggy._tracing.TagTracerSub object at 0x14ec297d0>, _basetemp=PosixPath...ders/nz/6q2p_ldx3txdbw_gttbpnwjr0000gn/T/pytest-of-haewonkim/pytest-364'), _retention_count=3, _retention_policy='all')
setup_db = (<sqlalchemy.ext.asyncio.engine.AsyncEngine object at 0x152f38c40>, async_sessionmaker(class_='AsyncSession', autocommit=False, bind=<sqlalchemy.ext.asyncio.engine.AsyncEngine object at 0x152f38c40>, autoflush=False, expire_on_commit=True))

    @pytest_asyncio.fixture(scope="function")
    async def seeded_admin_tenant(client, tmp_path, tmp_path_factory, setup_db):
        _test_config_engine, ConfigSessionLocal = setup_db
        """
        Fixture to create and seed a unique tenant for the 'admin_root' user.
        Tests requiring a pre-existing tenant can depend on this fixture.
        """
        from app.models.config import Tenant, UserTenantAccess
        from app.database import Base # Keep Base for potential future use, though not used directly for schema creation here
        from app.api.tenants import run_alembic_upgrade # Import the migration function
    
        tenant_name = f"Admin Root Tenant {tmp_path.name}"
        tenant_db_path = tmp_path_factory.mktemp(f"seeded_tenant_db_{tmp_path.name}") / f"admin_root_tenant_{tmp_path.name}.db"
        tenant_db_url = f"sqlite+aiosqlite:///{tenant_db_path}"
    
        # Use the test-specific ConfigSessionLocal for seeding
        async with ConfigSessionLocal() as config_session:
            # Create a test tenant
            new_tenant = Tenant(name=tenant_name, db_url=tenant_db_url, is_active=True)
            config_session.add(new_tenant)
            await config_session.flush() # Flush to get tenant.id
    
            # IMPORTANT: Access attributes BEFORE committing the session,
            # otherwise the object will be detached.
            tenant_id = new_tenant.id
            tenant_name = new_tenant.name
    
            # Grant admin_root access to this tenant
            config_session.add(UserTenantAccess(user_id="admin_root", tenant_id=tenant_id, role="ADMIN", is_selected=True))
            await config_session.commit()
    
        # Now, run alembic migrations on this newly created tenant's database
        success, error_msg = run_alembic_upgrade(tenant_db_url)
        if not success:
>           pytest.fail(f"Alembic migration failed for seeded tenant {tenant_name}: {error_msg}")
E           Failed: Alembic migration failed for seeded tenant Admin Root Tenant test_global_settings_flow_trio0: INFO  [alembic.runtime.migration] Context impl SQLiteImpl.
E           INFO  [alembic.runtime.migration] Will assume non-transactional DDL.
E           ERROR [alembic.util.messaging] Multiple head revisions are present for given argument 'head'; please specify a specific target revision, '<branchname>@head' to narrow to a specific head, or 'heads' for all heads

conftest.py:374: Failed
---------------------------- Captured stdout setup -----------------------------
ALEMBIC ERROR: INFO  [alembic.runtime.migration] Context impl SQLiteImpl.
INFO  [alembic.runtime.migration] Will assume non-transactional DDL.
ERROR [alembic.util.messaging] Multiple head revisions are present for given argument 'head'; please specify a specific target revision, '<branchname>@head' to narrow to a specific head, or 'heads' for all heads

_____________ ERROR at setup of test_monitoring_matrix_flow[trio] ______________

request = <SubRequest 'seeded_admin_tenant' for <Coroutine test_monitoring_matrix_flow[trio]>>
kwargs = {'client': <httpx.AsyncClient object at 0x154137610>, 'setup_db': (<sqlalchemy.ext.asyncio.engine.AsyncEngine object a...ers/nz/6q2p_ldx3txdbw_gttbpnwjr0000gn/T/pytest-of-haewonkim/pytest-364'), _retention_count=3, _retention_policy='all')}
event_loop_fixture_id = 'event_loop'
setup = <function _wrap_async_fixture.<locals>._async_fixture_wrapper.<locals>.setup at 0x152d8f880>
context = <_contextvars.Context object at 0x154377100>
setup_task = <Task finished name='Task-1116' coro=<_wrap_async_fixture.<locals>._async_fixture_wrapper.<locals>.setup() done, defin...please specify a specific target revision, '<branchname>@head' to narrow to a specific head, or 'heads' for all heads
>

    @functools.wraps(fixture)
    def _async_fixture_wrapper(request: FixtureRequest, **kwargs: Any):
        func = _perhaps_rebind_fixture_func(fixture, request.instance)
        event_loop_fixture_id = _get_event_loop_fixture_id_for_async_fixture(
            request, func
        )
        event_loop = request.getfixturevalue(event_loop_fixture_id)
        kwargs.pop(event_loop_fixture_id, None)
    
        async def setup():
            res = await func(**_add_kwargs(func, kwargs, event_loop, request))
            return res
    
        context = contextvars.copy_context()
        setup_task = _create_task_in_context(event_loop, setup(), context)
>       result = event_loop.run_until_complete(setup_task)
                 ^^^^^^^^^^^^^^^^^^^^^^^^^^^^^^^^^^^^^^^^^

/opt/anaconda3/lib/python3.11/site-packages/pytest_asyncio/plugin.py:391: 
_ _ _ _ _ _ _ _ _ _ _ _ _ _ _ _ _ _ _ _ _ _ _ _ _ _ _ _ _ _ _ _ _ _ _ _ _ _ _ _ 
/opt/anaconda3/lib/python3.11/asyncio/base_events.py:653: in run_until_complete
    return future.result()
           ^^^^^^^^^^^^^^^
/opt/anaconda3/lib/python3.11/site-packages/pytest_asyncio/plugin.py:386: in setup
    res = await func(**_add_kwargs(func, kwargs, event_loop, request))
          ^^^^^^^^^^^^^^^^^^^^^^^^^^^^^^^^^^^^^^^^^^^^^^^^^^^^^^^^^^^^
_ _ _ _ _ _ _ _ _ _ _ _ _ _ _ _ _ _ _ _ _ _ _ _ _ _ _ _ _ _ _ _ _ _ _ _ _ _ _ _ 

client = <httpx.AsyncClient object at 0x154137610>
tmp_path = PosixPath('/private/var/folders/nz/6q2p_ldx3txdbw_gttbpnwjr0000gn/T/pytest-of-haewonkim/pytest-364/test_monitoring_matrix_flow_tr0')
tmp_path_factory = TempPathFactory(_given_basetemp=None, _trace=<pluggy._tracing.TagTracerSub object at 0x14ec297d0>, _basetemp=PosixPath...ders/nz/6q2p_ldx3txdbw_gttbpnwjr0000gn/T/pytest-of-haewonkim/pytest-364'), _retention_count=3, _retention_policy='all')
setup_db = (<sqlalchemy.ext.asyncio.engine.AsyncEngine object at 0x154527700>, async_sessionmaker(class_='AsyncSession', autocommit=False, bind=<sqlalchemy.ext.asyncio.engine.AsyncEngine object at 0x154527700>, autoflush=False, expire_on_commit=True))

    @pytest_asyncio.fixture(scope="function")
    async def seeded_admin_tenant(client, tmp_path, tmp_path_factory, setup_db):
        _test_config_engine, ConfigSessionLocal = setup_db
        """
        Fixture to create and seed a unique tenant for the 'admin_root' user.
        Tests requiring a pre-existing tenant can depend on this fixture.
        """
        from app.models.config import Tenant, UserTenantAccess
        from app.database import Base # Keep Base for potential future use, though not used directly for schema creation here
        from app.api.tenants import run_alembic_upgrade # Import the migration function
    
        tenant_name = f"Admin Root Tenant {tmp_path.name}"
        tenant_db_path = tmp_path_factory.mktemp(f"seeded_tenant_db_{tmp_path.name}") / f"admin_root_tenant_{tmp_path.name}.db"
        tenant_db_url = f"sqlite+aiosqlite:///{tenant_db_path}"
    
        # Use the test-specific ConfigSessionLocal for seeding
        async with ConfigSessionLocal() as config_session:
            # Create a test tenant
            new_tenant = Tenant(name=tenant_name, db_url=tenant_db_url, is_active=True)
            config_session.add(new_tenant)
            await config_session.flush() # Flush to get tenant.id
    
            # IMPORTANT: Access attributes BEFORE committing the session,
            # otherwise the object will be detached.
            tenant_id = new_tenant.id
            tenant_name = new_tenant.name
    
            # Grant admin_root access to this tenant
            config_session.add(UserTenantAccess(user_id="admin_root", tenant_id=tenant_id, role="ADMIN", is_selected=True))
            await config_session.commit()
    
        # Now, run alembic migrations on this newly created tenant's database
        success, error_msg = run_alembic_upgrade(tenant_db_url)
        if not success:
>           pytest.fail(f"Alembic migration failed for seeded tenant {tenant_name}: {error_msg}")
E           Failed: Alembic migration failed for seeded tenant Admin Root Tenant test_monitoring_matrix_flow_tr0: INFO  [alembic.runtime.migration] Context impl SQLiteImpl.
E           INFO  [alembic.runtime.migration] Will assume non-transactional DDL.
E           ERROR [alembic.util.messaging] Multiple head revisions are present for given argument 'head'; please specify a specific target revision, '<branchname>@head' to narrow to a specific head, or 'heads' for all heads

conftest.py:374: Failed
---------------------------- Captured stdout setup -----------------------------
ALEMBIC ERROR: INFO  [alembic.runtime.migration] Context impl SQLiteImpl.
INFO  [alembic.runtime.migration] Will assume non-transactional DDL.
ERROR [alembic.util.messaging] Multiple head revisions are present for given argument 'head'; please specify a specific target revision, '<branchname>@head' to narrow to a specific head, or 'heads' for all heads

=================================== FAILURES ===================================
_ test_create_tenant_grants_selected_admin_access_and_returns_serializable_payload[asyncio] _

client = <httpx.AsyncClient object at 0x152c5d310>
monkeypatch = <_pytest.monkeypatch.MonkeyPatch object at 0x152c5e710>
tmp_path = PosixPath('/private/var/folders/nz/6q2p_ldx3txdbw_gttbpnwjr0000gn/T/pytest-of-haewonkim/pytest-364/test_create_tenant_grants_sele0')

    @pytest.mark.anyio
    async def test_create_tenant_grants_selected_admin_access_and_returns_serializable_payload(client, monkeypatch, tmp_path):
        storage_root = tmp_path / "tenant-storage"
        storage_root.mkdir(parents=True, exist_ok=True)
    
        monkeypatch.setenv("DEFAULT_USER_ID", "haewon.kim")
        monkeypatch.setenv("USER_ID_ENV_VAR", "AccessKey")
        monkeypatch.setenv("AccessKey", "haewon.kim")
    
        settings_res = await client.post("/api/v1/tenants/admin/settings", json={
            "key": "tenant_storage_root",
            "value": str(storage_root),
            "description": "test storage root",
        })
        assert settings_res.status_code == 200, settings_res.text
    
        create_res = await client.post("/api/v1/tenants/admin/create", json={"name": f"Factory Test Tenant {tmp_path.name}"})
>       assert create_res.status_code == 200, create_res.text
E       AssertionError: {"detail":"Failed to initialize database: INFO  [alembic.runtime.migration] Context impl SQLiteImpl.\nINFO  [alembic.runtime.migration] Will assume non-transactional DDL.\nERROR [alembic.util.messaging] Multiple head revisions are present for given argument 'head'; please specify a specific target revision, '<branchname>@head' to narrow to a specific head, or 'heads' for all heads\n"}
E       assert 500 == 200
E        +  where 500 = <Response [500 Internal Server Error]>.status_code

test_tenant_workflows.py:25: AssertionError
----------------------------- Captured stdout call -----------------------------
ALEMBIC ERROR: INFO  [alembic.runtime.migration] Context impl SQLiteImpl.
INFO  [alembic.runtime.migration] Will assume non-transactional DDL.
ERROR [alembic.util.messaging] Multiple head revisions are present for given argument 'head'; please specify a specific target revision, '<branchname>@head' to narrow to a specific head, or 'heads' for all heads

----------------------------- Captured stderr call -----------------------------
2026-09-18 13:58:38,995 INFO sysgrid.api request_complete
2026-09-18 13:58:38,996 INFO httpx HTTP Request: POST http://test/api/v1/tenants/admin/settings "HTTP/1.1 200 OK"
2026-09-18 13:58:39,447 INFO sysgrid.api request_complete
2026-09-18 13:58:39,448 INFO httpx HTTP Request: POST http://test/api/v1/tenants/admin/create "HTTP/1.1 500 Internal Server Error"
------------------------------ Captured log call -------------------------------
INFO     sysgrid.api:main.py:175 request_complete
INFO     httpx:_client.py:1758 HTTP Request: POST http://test/api/v1/tenants/admin/settings "HTTP/1.1 200 OK"
INFO     sysgrid.api:main.py:175 request_complete
INFO     httpx:_client.py:1758 HTTP Request: POST http://test/api/v1/tenants/admin/create "HTTP/1.1 500 Internal Server Error"
_____ test_create_tenant_accepts_custom_parent_folder_and_db_name[asyncio] _____

client = <httpx.AsyncClient object at 0x152c5d310>
monkeypatch = <_pytest.monkeypatch.MonkeyPatch object at 0x1529bbb10>
tmp_path = PosixPath('/private/var/folders/nz/6q2p_ldx3txdbw_gttbpnwjr0000gn/T/pytest-of-haewonkim/pytest-364/test_create_tenant_accepts_cus0')

    @pytest.mark.anyio
    async def test_create_tenant_accepts_custom_parent_folder_and_db_name(client, monkeypatch, tmp_path):
        storage_root = tmp_path / "tenant-root"
        storage_root.mkdir(parents=True, exist_ok=True)
        custom_parent = storage_root / "custom-parent"
    
        monkeypatch.setenv("DEFAULT_USER_ID", "haewon.kim")
        monkeypatch.setenv("USER_ID_ENV_VAR", "AccessKey")
        monkeypatch.setenv("AccessKey", "haewon.kim")
    
        settings_res = await client.post("/api/v1/tenants/admin/settings", json={
            "key": "tenant_storage_root",
            "value": str(storage_root),
            "description": "custom storage root",
        })
        assert settings_res.status_code == 200, settings_res.text
    
        create_res = await client.post("/api/v1/tenants/admin/create", json={
            "name": f"Custom Folder Tenant {tmp_path.name}",
            "db_name": "fab_cluster_primary",
            "parent_folder": str(custom_parent),
        })
>       assert create_res.status_code == 200, create_res.text
E       AssertionError: {"detail":"Failed to initialize database: INFO  [alembic.runtime.migration] Context impl SQLiteImpl.\nINFO  [alembic.runtime.migration] Will assume non-transactional DDL.\nERROR [alembic.util.messaging] Multiple head revisions are present for given argument 'head'; please specify a specific target revision, '<branchname>@head' to narrow to a specific head, or 'heads' for all heads\n"}
E       assert 500 == 200
E        +  where 500 = <Response [500 Internal Server Error]>.status_code

test_tenant_workflows.py:65: AssertionError
----------------------------- Captured stdout call -----------------------------
ALEMBIC ERROR: INFO  [alembic.runtime.migration] Context impl SQLiteImpl.
INFO  [alembic.runtime.migration] Will assume non-transactional DDL.
ERROR [alembic.util.messaging] Multiple head revisions are present for given argument 'head'; please specify a specific target revision, '<branchname>@head' to narrow to a specific head, or 'heads' for all heads

----------------------------- Captured stderr call -----------------------------
2026-09-18 13:58:39,472 INFO sysgrid.api request_complete
2026-09-18 13:58:39,472 INFO httpx HTTP Request: POST http://test/api/v1/tenants/admin/settings "HTTP/1.1 200 OK"
2026-09-18 13:58:39,886 INFO sysgrid.api request_complete
2026-09-18 13:58:39,887 INFO httpx HTTP Request: POST http://test/api/v1/tenants/admin/create "HTTP/1.1 500 Internal Server Error"
------------------------------ Captured log call -------------------------------
INFO     sysgrid.api:main.py:175 request_complete
INFO     httpx:_client.py:1758 HTTP Request: POST http://test/api/v1/tenants/admin/settings "HTTP/1.1 200 OK"
INFO     sysgrid.api:main.py:175 request_complete
INFO     httpx:_client.py:1758 HTTP Request: POST http://test/api/v1/tenants/admin/create "HTTP/1.1 500 Internal Server Error"
_ test_attach_tenant_registers_existing_db_and_selects_it_for_request_user[asyncio] _

client = <httpx.AsyncClient object at 0x152c5d310>
monkeypatch = <_pytest.monkeypatch.MonkeyPatch object at 0x1529bb290>
tmp_path = PosixPath('/private/var/folders/nz/6q2p_ldx3txdbw_gttbpnwjr0000gn/T/pytest-of-haewonkim/pytest-364/test_attach_tenant_registers_e0')

    @pytest.mark.anyio
    async def test_attach_tenant_registers_existing_db_and_selects_it_for_request_user(client, monkeypatch, tmp_path):
        storage_root = tmp_path / "attach-storage"
        storage_root.mkdir(parents=True, exist_ok=True)
        db_path = storage_root / "existing_attach.db"
        db_path.touch()
    
        monkeypatch.setenv("DEFAULT_USER_ID", "haewon.kim")
        monkeypatch.setenv("USER_ID_ENV_VAR", "AccessKey")
        monkeypatch.setenv("AccessKey", "haewon.kim")
    
        settings_res = await client.post("/api/v1/tenants/admin/settings", json={
            "key": "tenant_storage_root",
            "value": str(storage_root),
            "description": "attach storage root",
        })
        assert settings_res.status_code == 200, settings_res.text
    
        attach_res = await client.post("/api/v1/tenants/admin/attach", json={
            "name": f"Attached Tenant {tmp_path.name}",
            "db_path": str(db_path),
        })
>       assert attach_res.status_code == 200, attach_res.text
E       AssertionError: {"detail":"Failed to synchronize schema: INFO  [alembic.runtime.migration] Context impl SQLiteImpl.\nINFO  [alembic.runtime.migration] Will assume non-transactional DDL.\nERROR [alembic.util.messaging] Multiple head revisions are present for given argument 'head'; please specify a specific target revision, '<branchname>@head' to narrow to a specific head, or 'heads' for all heads\n"}
E       assert 500 == 200
E        +  where 500 = <Response [500 Internal Server Error]>.status_code

test_tenant_workflows.py:93: AssertionError
----------------------------- Captured stdout call -----------------------------
ALEMBIC ERROR: INFO  [alembic.runtime.migration] Context impl SQLiteImpl.
INFO  [alembic.runtime.migration] Will assume non-transactional DDL.
ERROR [alembic.util.messaging] Multiple head revisions are present for given argument 'head'; please specify a specific target revision, '<branchname>@head' to narrow to a specific head, or 'heads' for all heads

----------------------------- Captured stderr call -----------------------------
2026-09-18 13:58:39,906 INFO sysgrid.api request_complete
2026-09-18 13:58:39,907 INFO httpx HTTP Request: POST http://test/api/v1/tenants/admin/settings "HTTP/1.1 200 OK"
2026-09-18 13:58:40,352 INFO sysgrid.api request_complete
2026-09-18 13:58:40,352 INFO httpx HTTP Request: POST http://test/api/v1/tenants/admin/attach "HTTP/1.1 500 Internal Server Error"
------------------------------ Captured log call -------------------------------
INFO     sysgrid.api:main.py:175 request_complete
INFO     httpx:_client.py:1758 HTTP Request: POST http://test/api/v1/tenants/admin/settings "HTTP/1.1 200 OK"
INFO     sysgrid.api:main.py:175 request_complete
INFO     httpx:_client.py:1758 HTTP Request: POST http://test/api/v1/tenants/admin/attach "HTTP/1.1 500 Internal Server Error"
___ test_select_tenant_switches_selection_without_validation_errors[asyncio] ___

client = <httpx.AsyncClient object at 0x152c5d310>
monkeypatch = <_pytest.monkeypatch.MonkeyPatch object at 0x15287d710>
tmp_path = PosixPath('/private/var/folders/nz/6q2p_ldx3txdbw_gttbpnwjr0000gn/T/pytest-of-haewonkim/pytest-364/test_select_tenant_switches_se0')

    @pytest.mark.anyio
    async def test_select_tenant_switches_selection_without_validation_errors(client, monkeypatch, tmp_path):
        storage_root = tmp_path / "select-storage"
        storage_root.mkdir(parents=True, exist_ok=True)
    
        monkeypatch.setenv("DEFAULT_USER_ID", "haewon.kim")
        monkeypatch.setenv("USER_ID_ENV_VAR", "AccessKey")
        monkeypatch.setenv("AccessKey", "haewon.kim")
    
        settings_res = await client.post("/api/v1/tenants/admin/settings", json={
            "key": "tenant_storage_root",
            "value": str(storage_root),
            "description": "select storage root",
        })
        assert settings_res.status_code == 200, settings_res.text
    
        create_one = await client.post("/api/v1/tenants/admin/create", json={"name": f"Tenant One {tmp_path.name}"})
>       assert create_one.status_code == 200, create_one.text
E       AssertionError: {"detail":"Failed to initialize database: INFO  [alembic.runtime.migration] Context impl SQLiteImpl.\nINFO  [alembic.runtime.migration] Will assume non-transactional DDL.\nERROR [alembic.util.messaging] Multiple head revisions are present for given argument 'head'; please specify a specific target revision, '<branchname>@head' to narrow to a specific head, or 'heads' for all heads\n"}
E       assert 500 == 200
E        +  where 500 = <Response [500 Internal Server Error]>.status_code

test_tenant_workflows.py:123: AssertionError
----------------------------- Captured stdout call -----------------------------
ALEMBIC ERROR: INFO  [alembic.runtime.migration] Context impl SQLiteImpl.
INFO  [alembic.runtime.migration] Will assume non-transactional DDL.
ERROR [alembic.util.messaging] Multiple head revisions are present for given argument 'head'; please specify a specific target revision, '<branchname>@head' to narrow to a specific head, or 'heads' for all heads

----------------------------- Captured stderr call -----------------------------
2026-09-18 13:58:40,372 INFO sysgrid.api request_complete
2026-09-18 13:58:40,373 INFO httpx HTTP Request: POST http://test/api/v1/tenants/admin/settings "HTTP/1.1 200 OK"
2026-09-18 13:58:40,803 INFO sysgrid.api request_complete
2026-09-18 13:58:40,804 INFO httpx HTTP Request: POST http://test/api/v1/tenants/admin/create "HTTP/1.1 500 Internal Server Error"
------------------------------ Captured log call -------------------------------
INFO     sysgrid.api:main.py:175 request_complete
INFO     httpx:_client.py:1758 HTTP Request: POST http://test/api/v1/tenants/admin/settings "HTTP/1.1 200 OK"
INFO     sysgrid.api:main.py:175 request_complete
INFO     httpx:_client.py:1758 HTTP Request: POST http://test/api/v1/tenants/admin/create "HTTP/1.1 500 Internal Server Error"
______ test_create_tenant_provisions_far_and_rca_runtime_schema[asyncio] _______

client = <httpx.AsyncClient object at 0x152c5d310>
monkeypatch = <_pytest.monkeypatch.MonkeyPatch object at 0x152bf4ed0>
tmp_path = PosixPath('/private/var/folders/nz/6q2p_ldx3txdbw_gttbpnwjr0000gn/T/pytest-of-haewonkim/pytest-364/test_create_tenant_provisions_0')

    @pytest.mark.anyio
    async def test_create_tenant_provisions_far_and_rca_runtime_schema(client, monkeypatch, tmp_path):
        storage_root = tmp_path / "runtime-schema-storage"
        storage_root.mkdir(parents=True, exist_ok=True)
    
        monkeypatch.setenv("DEFAULT_USER_ID", "haewon.kim")
        monkeypatch.setenv("USER_ID_ENV_VAR", "AccessKey")
        monkeypatch.setenv("AccessKey", "haewon.kim")
    
        settings_res = await client.post("/api/v1/tenants/admin/settings", json={
            "key": "tenant_storage_root",
            "value": str(storage_root),
            "description": "runtime schema root",
        })
        assert settings_res.status_code == 200, settings_res.text
    
        create_res = await client.post("/api/v1/tenants/admin/create", json={"name": f"Runtime Ready Tenant {tmp_path.name}"})
>       assert create_res.status_code == 200, create_res.text
E       AssertionError: {"detail":"Failed to initialize database: INFO  [alembic.runtime.migration] Context impl SQLiteImpl.\nINFO  [alembic.runtime.migration] Will assume non-transactional DDL.\nERROR [alembic.util.messaging] Multiple head revisions are present for given argument 'head'; please specify a specific target revision, '<branchname>@head' to narrow to a specific head, or 'heads' for all heads\n"}
E       assert 500 == 200
E        +  where 500 = <Response [500 Internal Server Error]>.status_code

test_tenant_workflows.py:159: AssertionError
----------------------------- Captured stdout call -----------------------------
ALEMBIC ERROR: INFO  [alembic.runtime.migration] Context impl SQLiteImpl.
INFO  [alembic.runtime.migration] Will assume non-transactional DDL.
ERROR [alembic.util.messaging] Multiple head revisions are present for given argument 'head'; please specify a specific target revision, '<branchname>@head' to narrow to a specific head, or 'heads' for all heads

----------------------------- Captured stderr call -----------------------------
2026-09-18 13:58:40,825 INFO sysgrid.api request_complete
2026-09-18 13:58:40,825 INFO httpx HTTP Request: POST http://test/api/v1/tenants/admin/settings "HTTP/1.1 200 OK"
2026-09-18 13:58:41,259 INFO sysgrid.api request_complete
2026-09-18 13:58:41,259 INFO httpx HTTP Request: POST http://test/api/v1/tenants/admin/create "HTTP/1.1 500 Internal Server Error"
------------------------------ Captured log call -------------------------------
INFO     sysgrid.api:main.py:175 request_complete
INFO     httpx:_client.py:1758 HTTP Request: POST http://test/api/v1/tenants/admin/settings "HTTP/1.1 200 OK"
INFO     sysgrid.api:main.py:175 request_complete
INFO     httpx:_client.py:1758 HTTP Request: POST http://test/api/v1/tenants/admin/create "HTTP/1.1 500 Internal Server Error"
_____ test_inactive_tenant_is_hidden_unselectable_and_unroutable[asyncio] ______

client = <httpx.AsyncClient object at 0x152c5d310>
monkeypatch = <_pytest.monkeypatch.MonkeyPatch object at 0x14ff9e910>
tmp_path = PosixPath('/private/var/folders/nz/6q2p_ldx3txdbw_gttbpnwjr0000gn/T/pytest-of-haewonkim/pytest-364/test_inactive_tenant_is_hidden0')
setup_db = (<sqlalchemy.ext.asyncio.engine.AsyncEngine object at 0x15286a580>, async_sessionmaker(class_='AsyncSession', autocommit=False, bind=<sqlalchemy.ext.asyncio.engine.AsyncEngine object at 0x15286a580>, autoflush=False, expire_on_commit=True))

    @pytest.mark.anyio
    async def test_inactive_tenant_is_hidden_unselectable_and_unroutable(client, monkeypatch, tmp_path, setup_db):
        storage_root = tmp_path / "inactive-storage"
        storage_root.mkdir(parents=True, exist_ok=True)
    
        monkeypatch.setenv("DEFAULT_USER_ID", "haewon.kim")
        monkeypatch.setenv("USER_ID_ENV_VAR", "AccessKey")
        monkeypatch.setenv("AccessKey", "haewon.kim")
    
        settings_res = await client.post("/api/v1/tenants/admin/settings", json={
            "key": "tenant_storage_root",
            "value": str(storage_root),
            "description": "inactive tenant storage root",
        })
        assert settings_res.status_code == 200, settings_res.text
    
        create_res = await client.post(
            "/api/v1/tenants/admin/create",
            json={"name": f"Inactive Tenant {tmp_path.name}"},
        )
>       assert create_res.status_code == 200, create_res.text
E       AssertionError: {"detail":"Failed to initialize database: INFO  [alembic.runtime.migration] Context impl SQLiteImpl.\nINFO  [alembic.runtime.migration] Will assume non-transactional DDL.\nERROR [alembic.util.messaging] Multiple head revisions are present for given argument 'head'; please specify a specific target revision, '<branchname>@head' to narrow to a specific head, or 'heads' for all heads\n"}
E       assert 500 == 200
E        +  where 500 = <Response [500 Internal Server Error]>.status_code

test_tenant_workflows.py:201: AssertionError
----------------------------- Captured stdout call -----------------------------
ALEMBIC ERROR: INFO  [alembic.runtime.migration] Context impl SQLiteImpl.
INFO  [alembic.runtime.migration] Will assume non-transactional DDL.
ERROR [alembic.util.messaging] Multiple head revisions are present for given argument 'head'; please specify a specific target revision, '<branchname>@head' to narrow to a specific head, or 'heads' for all heads

----------------------------- Captured stderr call -----------------------------
2026-09-18 13:58:41,281 INFO sysgrid.api request_complete
2026-09-18 13:58:41,281 INFO httpx HTTP Request: POST http://test/api/v1/tenants/admin/settings "HTTP/1.1 200 OK"
2026-09-18 13:58:41,711 INFO sysgrid.api request_complete
2026-09-18 13:58:41,712 INFO httpx HTTP Request: POST http://test/api/v1/tenants/admin/create "HTTP/1.1 500 Internal Server Error"
------------------------------ Captured log call -------------------------------
INFO     sysgrid.api:main.py:175 request_complete
INFO     httpx:_client.py:1758 HTTP Request: POST http://test/api/v1/tenants/admin/settings "HTTP/1.1 200 OK"
INFO     sysgrid.api:main.py:175 request_complete
INFO     httpx:_client.py:1758 HTTP Request: POST http://test/api/v1/tenants/admin/create "HTTP/1.1 500 Internal Server Error"
_ test_create_tenant_grants_selected_admin_access_and_returns_serializable_payload[trio] _

client = <httpx.AsyncClient object at 0x152c5d310>
monkeypatch = <_pytest.monkeypatch.MonkeyPatch object at 0x14e8f29d0>
tmp_path = PosixPath('/private/var/folders/nz/6q2p_ldx3txdbw_gttbpnwjr0000gn/T/pytest-of-haewonkim/pytest-364/test_create_tenant_grants_sele1')

    @pytest.mark.anyio
    async def test_create_tenant_grants_selected_admin_access_and_returns_serializable_payload(client, monkeypatch, tmp_path):
        storage_root = tmp_path / "tenant-storage"
        storage_root.mkdir(parents=True, exist_ok=True)
    
        monkeypatch.setenv("DEFAULT_USER_ID", "haewon.kim")
        monkeypatch.setenv("USER_ID_ENV_VAR", "AccessKey")
        monkeypatch.setenv("AccessKey", "haewon.kim")
    
        settings_res = await client.post("/api/v1/tenants/admin/settings", json={
            "key": "tenant_storage_root",
            "value": str(storage_root),
            "description": "test storage root",
        })
        assert settings_res.status_code == 200, settings_res.text
    
        create_res = await client.post("/api/v1/tenants/admin/create", json={"name": f"Factory Test Tenant {tmp_path.name}"})
>       assert create_res.status_code == 200, create_res.text
E       AssertionError: {"detail":"Failed to initialize database: INFO  [alembic.runtime.migration] Context impl SQLiteImpl.\nINFO  [alembic.runtime.migration] Will assume non-transactional DDL.\nERROR [alembic.util.messaging] Multiple head revisions are present for given argument 'head'; please specify a specific target revision, '<branchname>@head' to narrow to a specific head, or 'heads' for all heads\n"}
E       assert 500 == 200
E        +  where 500 = <Response [500 Internal Server Error]>.status_code

test_tenant_workflows.py:25: AssertionError
----------------------------- Captured stdout call -----------------------------
ALEMBIC ERROR: INFO  [alembic.runtime.migration] Context impl SQLiteImpl.
INFO  [alembic.runtime.migration] Will assume non-transactional DDL.
ERROR [alembic.util.messaging] Multiple head revisions are present for given argument 'head'; please specify a specific target revision, '<branchname>@head' to narrow to a specific head, or 'heads' for all heads

----------------------------- Captured stderr call -----------------------------
2026-09-18 13:58:41,734 INFO sysgrid.api request_complete
2026-09-18 13:58:41,734 INFO httpx HTTP Request: POST http://test/api/v1/tenants/admin/settings "HTTP/1.1 200 OK"
2026-09-18 13:58:42,181 INFO sysgrid.api request_complete
2026-09-18 13:58:42,182 INFO httpx HTTP Request: POST http://test/api/v1/tenants/admin/create "HTTP/1.1 500 Internal Server Error"
------------------------------ Captured log call -------------------------------
INFO     sysgrid.api:main.py:175 request_complete
INFO     httpx:_client.py:1758 HTTP Request: POST http://test/api/v1/tenants/admin/settings "HTTP/1.1 200 OK"
INFO     sysgrid.api:main.py:175 request_complete
INFO     httpx:_client.py:1758 HTTP Request: POST http://test/api/v1/tenants/admin/create "HTTP/1.1 500 Internal Server Error"
______ test_create_tenant_accepts_custom_parent_folder_and_db_name[trio] _______

client = <httpx.AsyncClient object at 0x152c5d310>
monkeypatch = <_pytest.monkeypatch.MonkeyPatch object at 0x14ff422d0>
tmp_path = PosixPath('/private/var/folders/nz/6q2p_ldx3txdbw_gttbpnwjr0000gn/T/pytest-of-haewonkim/pytest-364/test_create_tenant_accepts_cus1')

    @pytest.mark.anyio
    async def test_create_tenant_accepts_custom_parent_folder_and_db_name(client, monkeypatch, tmp_path):
        storage_root = tmp_path / "tenant-root"
        storage_root.mkdir(parents=True, exist_ok=True)
        custom_parent = storage_root / "custom-parent"
    
        monkeypatch.setenv("DEFAULT_USER_ID", "haewon.kim")
        monkeypatch.setenv("USER_ID_ENV_VAR", "AccessKey")
        monkeypatch.setenv("AccessKey", "haewon.kim")
    
        settings_res = await client.post("/api/v1/tenants/admin/settings", json={
            "key": "tenant_storage_root",
            "value": str(storage_root),
            "description": "custom storage root",
        })
        assert settings_res.status_code == 200, settings_res.text
    
        create_res = await client.post("/api/v1/tenants/admin/create", json={
            "name": f"Custom Folder Tenant {tmp_path.name}",
            "db_name": "fab_cluster_primary",
            "parent_folder": str(custom_parent),
        })
>       assert create_res.status_code == 200, create_res.text
E       AssertionError: {"detail":"Failed to initialize database: INFO  [alembic.runtime.migration] Context impl SQLiteImpl.\nINFO  [alembic.runtime.migration] Will assume non-transactional DDL.\nERROR [alembic.util.messaging] Multiple head revisions are present for given argument 'head'; please specify a specific target revision, '<branchname>@head' to narrow to a specific head, or 'heads' for all heads\n"}
E       assert 500 == 200
E        +  where 500 = <Response [500 Internal Server Error]>.status_code

test_tenant_workflows.py:65: AssertionError
----------------------------- Captured stdout call -----------------------------
ALEMBIC ERROR: INFO  [alembic.runtime.migration] Context impl SQLiteImpl.
INFO  [alembic.runtime.migration] Will assume non-transactional DDL.
ERROR [alembic.util.messaging] Multiple head revisions are present for given argument 'head'; please specify a specific target revision, '<branchname>@head' to narrow to a specific head, or 'heads' for all heads

----------------------------- Captured stderr call -----------------------------
2026-09-18 13:58:42,204 INFO sysgrid.api request_complete
2026-09-18 13:58:42,204 INFO httpx HTTP Request: POST http://test/api/v1/tenants/admin/settings "HTTP/1.1 200 OK"
2026-09-18 13:58:42,654 INFO sysgrid.api request_complete
2026-09-18 13:58:42,654 INFO httpx HTTP Request: POST http://test/api/v1/tenants/admin/create "HTTP/1.1 500 Internal Server Error"
------------------------------ Captured log call -------------------------------
INFO     sysgrid.api:main.py:175 request_complete
INFO     httpx:_client.py:1758 HTTP Request: POST http://test/api/v1/tenants/admin/settings "HTTP/1.1 200 OK"
INFO     sysgrid.api:main.py:175 request_complete
INFO     httpx:_client.py:1758 HTTP Request: POST http://test/api/v1/tenants/admin/create "HTTP/1.1 500 Internal Server Error"
_ test_attach_tenant_registers_existing_db_and_selects_it_for_request_user[trio] _

client = <httpx.AsyncClient object at 0x152c5d310>
monkeypatch = <_pytest.monkeypatch.MonkeyPatch object at 0x152c04e90>
tmp_path = PosixPath('/private/var/folders/nz/6q2p_ldx3txdbw_gttbpnwjr0000gn/T/pytest-of-haewonkim/pytest-364/test_attach_tenant_registers_e1')

    @pytest.mark.anyio
    async def test_attach_tenant_registers_existing_db_and_selects_it_for_request_user(client, monkeypatch, tmp_path):
        storage_root = tmp_path / "attach-storage"
        storage_root.mkdir(parents=True, exist_ok=True)
        db_path = storage_root / "existing_attach.db"
        db_path.touch()
    
        monkeypatch.setenv("DEFAULT_USER_ID", "haewon.kim")
        monkeypatch.setenv("USER_ID_ENV_VAR", "AccessKey")
        monkeypatch.setenv("AccessKey", "haewon.kim")
    
        settings_res = await client.post("/api/v1/tenants/admin/settings", json={
            "key": "tenant_storage_root",
            "value": str(storage_root),
            "description": "attach storage root",
        })
        assert settings_res.status_code == 200, settings_res.text
    
        attach_res = await client.post("/api/v1/tenants/admin/attach", json={
            "name": f"Attached Tenant {tmp_path.name}",
            "db_path": str(db_path),
        })
>       assert attach_res.status_code == 200, attach_res.text
E       AssertionError: {"detail":"Failed to synchronize schema: INFO  [alembic.runtime.migration] Context impl SQLiteImpl.\nINFO  [alembic.runtime.migration] Will assume non-transactional DDL.\nERROR [alembic.util.messaging] Multiple head revisions are present for given argument 'head'; please specify a specific target revision, '<branchname>@head' to narrow to a specific head, or 'heads' for all heads\n"}
E       assert 500 == 200
E        +  where 500 = <Response [500 Internal Server Error]>.status_code

test_tenant_workflows.py:93: AssertionError
----------------------------- Captured stdout call -----------------------------
ALEMBIC ERROR: INFO  [alembic.runtime.migration] Context impl SQLiteImpl.
INFO  [alembic.runtime.migration] Will assume non-transactional DDL.
ERROR [alembic.util.messaging] Multiple head revisions are present for given argument 'head'; please specify a specific target revision, '<branchname>@head' to narrow to a specific head, or 'heads' for all heads

----------------------------- Captured stderr call -----------------------------
2026-09-18 13:58:42,676 INFO sysgrid.api request_complete
2026-09-18 13:58:42,677 INFO httpx HTTP Request: POST http://test/api/v1/tenants/admin/settings "HTTP/1.1 200 OK"
2026-09-18 13:58:43,108 INFO sysgrid.api request_complete
2026-09-18 13:58:43,109 INFO httpx HTTP Request: POST http://test/api/v1/tenants/admin/attach "HTTP/1.1 500 Internal Server Error"
------------------------------ Captured log call -------------------------------
INFO     sysgrid.api:main.py:175 request_complete
INFO     httpx:_client.py:1758 HTTP Request: POST http://test/api/v1/tenants/admin/settings "HTTP/1.1 200 OK"
INFO     sysgrid.api:main.py:175 request_complete
INFO     httpx:_client.py:1758 HTTP Request: POST http://test/api/v1/tenants/admin/attach "HTTP/1.1 500 Internal Server Error"
____ test_select_tenant_switches_selection_without_validation_errors[trio] _____

client = <httpx.AsyncClient object at 0x152c5d310>
monkeypatch = <_pytest.monkeypatch.MonkeyPatch object at 0x152f71e50>
tmp_path = PosixPath('/private/var/folders/nz/6q2p_ldx3txdbw_gttbpnwjr0000gn/T/pytest-of-haewonkim/pytest-364/test_select_tenant_switches_se1')

    @pytest.mark.anyio
    async def test_select_tenant_switches_selection_without_validation_errors(client, monkeypatch, tmp_path):
        storage_root = tmp_path / "select-storage"
        storage_root.mkdir(parents=True, exist_ok=True)
    
        monkeypatch.setenv("DEFAULT_USER_ID", "haewon.kim")
        monkeypatch.setenv("USER_ID_ENV_VAR", "AccessKey")
        monkeypatch.setenv("AccessKey", "haewon.kim")
    
        settings_res = await client.post("/api/v1/tenants/admin/settings", json={
            "key": "tenant_storage_root",
            "value": str(storage_root),
            "description": "select storage root",
        })
        assert settings_res.status_code == 200, settings_res.text
    
        create_one = await client.post("/api/v1/tenants/admin/create", json={"name": f"Tenant One {tmp_path.name}"})
>       assert create_one.status_code == 200, create_one.text
E       AssertionError: {"detail":"Failed to initialize database: INFO  [alembic.runtime.migration] Context impl SQLiteImpl.\nINFO  [alembic.runtime.migration] Will assume non-transactional DDL.\nERROR [alembic.util.messaging] Multiple head revisions are present for given argument 'head'; please specify a specific target revision, '<branchname>@head' to narrow to a specific head, or 'heads' for all heads\n"}
E       assert 500 == 200
E        +  where 500 = <Response [500 Internal Server Error]>.status_code

test_tenant_workflows.py:123: AssertionError
----------------------------- Captured stdout call -----------------------------
ALEMBIC ERROR: INFO  [alembic.runtime.migration] Context impl SQLiteImpl.
INFO  [alembic.runtime.migration] Will assume non-transactional DDL.
ERROR [alembic.util.messaging] Multiple head revisions are present for given argument 'head'; please specify a specific target revision, '<branchname>@head' to narrow to a specific head, or 'heads' for all heads

----------------------------- Captured stderr call -----------------------------
2026-09-18 13:58:43,130 INFO sysgrid.api request_complete
2026-09-18 13:58:43,131 INFO httpx HTTP Request: POST http://test/api/v1/tenants/admin/settings "HTTP/1.1 200 OK"
2026-09-18 13:58:43,647 INFO sysgrid.api request_complete
2026-09-18 13:58:43,647 INFO httpx HTTP Request: POST http://test/api/v1/tenants/admin/create "HTTP/1.1 500 Internal Server Error"
------------------------------ Captured log call -------------------------------
INFO     sysgrid.api:main.py:175 request_complete
INFO     httpx:_client.py:1758 HTTP Request: POST http://test/api/v1/tenants/admin/settings "HTTP/1.1 200 OK"
INFO     sysgrid.api:main.py:175 request_complete
INFO     httpx:_client.py:1758 HTTP Request: POST http://test/api/v1/tenants/admin/create "HTTP/1.1 500 Internal Server Error"
________ test_create_tenant_provisions_far_and_rca_runtime_schema[trio] ________

client = <httpx.AsyncClient object at 0x152c5d310>
monkeypatch = <_pytest.monkeypatch.MonkeyPatch object at 0x152b79350>
tmp_path = PosixPath('/private/var/folders/nz/6q2p_ldx3txdbw_gttbpnwjr0000gn/T/pytest-of-haewonkim/pytest-364/test_create_tenant_provisions_1')

    @pytest.mark.anyio
    async def test_create_tenant_provisions_far_and_rca_runtime_schema(client, monkeypatch, tmp_path):
        storage_root = tmp_path / "runtime-schema-storage"
        storage_root.mkdir(parents=True, exist_ok=True)
    
        monkeypatch.setenv("DEFAULT_USER_ID", "haewon.kim")
        monkeypatch.setenv("USER_ID_ENV_VAR", "AccessKey")
        monkeypatch.setenv("AccessKey", "haewon.kim")
    
        settings_res = await client.post("/api/v1/tenants/admin/settings", json={
            "key": "tenant_storage_root",
            "value": str(storage_root),
            "description": "runtime schema root",
        })
        assert settings_res.status_code == 200, settings_res.text
    
        create_res = await client.post("/api/v1/tenants/admin/create", json={"name": f"Runtime Ready Tenant {tmp_path.name}"})
>       assert create_res.status_code == 200, create_res.text
E       AssertionError: {"detail":"Failed to initialize database: INFO  [alembic.runtime.migration] Context impl SQLiteImpl.\nINFO  [alembic.runtime.migration] Will assume non-transactional DDL.\nERROR [alembic.util.messaging] Multiple head revisions are present for given argument 'head'; please specify a specific target revision, '<branchname>@head' to narrow to a specific head, or 'heads' for all heads\n"}
E       assert 500 == 200
E        +  where 500 = <Response [500 Internal Server Error]>.status_code

test_tenant_workflows.py:159: AssertionError
----------------------------- Captured stdout call -----------------------------
ALEMBIC ERROR: INFO  [alembic.runtime.migration] Context impl SQLiteImpl.
INFO  [alembic.runtime.migration] Will assume non-transactional DDL.
ERROR [alembic.util.messaging] Multiple head revisions are present for given argument 'head'; please specify a specific target revision, '<branchname>@head' to narrow to a specific head, or 'heads' for all heads

----------------------------- Captured stderr call -----------------------------
2026-09-18 13:58:43,672 INFO sysgrid.api request_complete
2026-09-18 13:58:43,673 INFO httpx HTTP Request: POST http://test/api/v1/tenants/admin/settings "HTTP/1.1 200 OK"
2026-09-18 13:58:44,180 INFO sysgrid.api request_complete
2026-09-18 13:58:44,181 INFO httpx HTTP Request: POST http://test/api/v1/tenants/admin/create "HTTP/1.1 500 Internal Server Error"
------------------------------ Captured log call -------------------------------
INFO     sysgrid.api:main.py:175 request_complete
INFO     httpx:_client.py:1758 HTTP Request: POST http://test/api/v1/tenants/admin/settings "HTTP/1.1 200 OK"
INFO     sysgrid.api:main.py:175 request_complete
INFO     httpx:_client.py:1758 HTTP Request: POST http://test/api/v1/tenants/admin/create "HTTP/1.1 500 Internal Server Error"
_______ test_inactive_tenant_is_hidden_unselectable_and_unroutable[trio] _______

client = <httpx.AsyncClient object at 0x152c5d310>
monkeypatch = <_pytest.monkeypatch.MonkeyPatch object at 0x152c23f90>
tmp_path = PosixPath('/private/var/folders/nz/6q2p_ldx3txdbw_gttbpnwjr0000gn/T/pytest-of-haewonkim/pytest-364/test_inactive_tenant_is_hidden1')
setup_db = (<sqlalchemy.ext.asyncio.engine.AsyncEngine object at 0x152c22380>, async_sessionmaker(class_='AsyncSession', autocommit=False, bind=<sqlalchemy.ext.asyncio.engine.AsyncEngine object at 0x152c22380>, autoflush=False, expire_on_commit=True))

    @pytest.mark.anyio
    async def test_inactive_tenant_is_hidden_unselectable_and_unroutable(client, monkeypatch, tmp_path, setup_db):
        storage_root = tmp_path / "inactive-storage"
        storage_root.mkdir(parents=True, exist_ok=True)
    
        monkeypatch.setenv("DEFAULT_USER_ID", "haewon.kim")
        monkeypatch.setenv("USER_ID_ENV_VAR", "AccessKey")
        monkeypatch.setenv("AccessKey", "haewon.kim")
    
        settings_res = await client.post("/api/v1/tenants/admin/settings", json={
            "key": "tenant_storage_root",
            "value": str(storage_root),
            "description": "inactive tenant storage root",
        })
        assert settings_res.status_code == 200, settings_res.text
    
        create_res = await client.post(
            "/api/v1/tenants/admin/create",
            json={"name": f"Inactive Tenant {tmp_path.name}"},
        )
>       assert create_res.status_code == 200, create_res.text
E       AssertionError: {"detail":"Failed to initialize database: INFO  [alembic.runtime.migration] Context impl SQLiteImpl.\nINFO  [alembic.runtime.migration] Will assume non-transactional DDL.\nERROR [alembic.util.messaging] Multiple head revisions are present for given argument 'head'; please specify a specific target revision, '<branchname>@head' to narrow to a specific head, or 'heads' for all heads\n"}
E       assert 500 == 200
E        +  where 500 = <Response [500 Internal Server Error]>.status_code

test_tenant_workflows.py:201: AssertionError
----------------------------- Captured stdout call -----------------------------
ALEMBIC ERROR: INFO  [alembic.runtime.migration] Context impl SQLiteImpl.
INFO  [alembic.runtime.migration] Will assume non-transactional DDL.
ERROR [alembic.util.messaging] Multiple head revisions are present for given argument 'head'; please specify a specific target revision, '<branchname>@head' to narrow to a specific head, or 'heads' for all heads

----------------------------- Captured stderr call -----------------------------
2026-09-18 13:58:44,207 INFO sysgrid.api request_complete
2026-09-18 13:58:44,208 INFO httpx HTTP Request: POST http://test/api/v1/tenants/admin/settings "HTTP/1.1 200 OK"
2026-09-18 13:58:45,096 INFO sysgrid.api request_complete
2026-09-18 13:58:45,098 INFO httpx HTTP Request: POST http://test/api/v1/tenants/admin/create "HTTP/1.1 500 Internal Server Error"
------------------------------ Captured log call -------------------------------
INFO     sysgrid.api:main.py:175 request_complete
INFO     httpx:_client.py:1758 HTTP Request: POST http://test/api/v1/tenants/admin/settings "HTTP/1.1 200 OK"
INFO     sysgrid.api:main.py:175 request_complete
INFO     httpx:_client.py:1758 HTTP Request: POST http://test/api/v1/tenants/admin/create "HTTP/1.1 500 Internal Server Error"
=============================== warnings summary ===============================
app/api/pv1_communication.py:12
  /Users/haewonkim/.codex-fabric/worktrees/CF-636cebcd88631ae64e47fa3c/backend/app/api/pv1_communication.py:12: StarletteDeprecationWarning: 'HTTP_422_UNPROCESSABLE_ENTITY' is deprecated. Use 'HTTP_422_UNPROCESSABLE_CONTENT' instead.
    from ..pv1 import communication, domain, models, schemas

-- Docs: https://docs.pytest.org/en/stable/how-to/capture-warnings.html
=========================== short test summary info ============================
FAILED test_tenant_workflows.py::test_create_tenant_grants_selected_admin_access_and_returns_serializable_payload[asyncio]
FAILED test_tenant_workflows.py::test_create_tenant_accepts_custom_parent_folder_and_db_name[asyncio]
FAILED test_tenant_workflows.py::test_attach_tenant_registers_existing_db_and_selects_it_for_request_user[asyncio]
FAILED test_tenant_workflows.py::test_select_tenant_switches_selection_without_validation_errors[asyncio]
FAILED test_tenant_workflows.py::test_create_tenant_provisions_far_and_rca_runtime_schema[asyncio]
FAILED test_tenant_workflows.py::test_inactive_tenant_is_hidden_unselectable_and_unroutable[asyncio]
FAILED test_tenant_workflows.py::test_create_tenant_grants_selected_admin_access_and_returns_serializable_payload[trio]
FAILED test_tenant_workflows.py::test_create_tenant_accepts_custom_parent_folder_and_db_name[trio]
FAILED test_tenant_workflows.py::test_attach_tenant_registers_existing_db_and_selects_it_for_request_user[trio]
FAILED test_tenant_workflows.py::test_select_tenant_switches_selection_without_validation_errors[trio]
FAILED test_tenant_workflows.py::test_create_tenant_provisions_far_and_rca_runtime_schema[trio]
FAILED test_tenant_workflows.py::test_inactive_tenant_is_hidden_unselectable_and_unroutable[trio]
ERROR test_chg13_authorization_security.py::test_tenant_roles_cannot_access_global_control_plane[asyncio-EDITOR]
ERROR test_chg13_authorization_security.py::test_tenant_roles_cannot_access_global_control_plane[asyncio-ADMIN]
ERROR test_chg13_authorization_security.py::test_explicit_control_plane_admin_succeeds[asyncio]
ERROR test_chg13_authorization_security.py::test_missing_trusted_identity_fails_closed[asyncio]
ERROR test_chg13_authorization_security.py::test_capability_dependency_denies_missing_operator[asyncio]
ERROR test_chg13_authorization_security.py::test_logical_service_reads_never_return_legacy_passwords[asyncio]
ERROR test_chg13_authorization_security.py::test_viewer_and_editor_cannot_reveal_legacy_service_secret[asyncio]
ERROR test_chg13_authorization_security.py::test_new_plaintext_service_secret_write_fails_closed[asyncio]
ERROR test_chg13_authorization_security.py::test_editor_cannot_mutate_service_secrets_without_manage_capability[asyncio]
ERROR test_chg13_authorization_security.py::test_tenant_roles_cannot_access_global_control_plane[trio-EDITOR]
ERROR test_chg13_authorization_security.py::test_tenant_roles_cannot_access_global_control_plane[trio-ADMIN]
ERROR test_chg13_authorization_security.py::test_explicit_control_plane_admin_succeeds[trio]
ERROR test_chg13_authorization_security.py::test_missing_trusted_identity_fails_closed[trio]
ERROR test_chg13_authorization_security.py::test_capability_dependency_denies_missing_operator[trio]
ERROR test_chg13_authorization_security.py::test_logical_service_reads_never_return_legacy_passwords[trio]
ERROR test_chg13_authorization_security.py::test_viewer_and_editor_cannot_reveal_legacy_service_secret[trio]
ERROR test_chg13_authorization_security.py::test_new_plaintext_service_secret_write_fails_closed[trio]
ERROR test_chg13_authorization_security.py::test_editor_cannot_mutate_service_secrets_without_manage_capability[trio]
ERROR test_tenant_isolation.py::test_tenant_cross_contamination_sweep - Faile...
ERROR test_settings_api_edges.py::test_startup_check_strictly_sanitizes_configured_origin[asyncio-https://api.example.com/api/v1-https://api.example.com-True]
ERROR test_settings_api_edges.py::test_startup_check_strictly_sanitizes_configured_origin[asyncio-https://api.example.com:8443/api/v1-https://api.example.com:8443-True]
ERROR test_settings_api_edges.py::test_startup_check_strictly_sanitizes_configured_origin[asyncio-https://user:pass@api.example.com/api/v1?token=abc#frag-https://api.example.com-True]
ERROR test_settings_api_edges.py::test_startup_check_strictly_sanitizes_configured_origin[asyncio-https://api.example.com/api/v1?token=abc#frag-https://api.example.com-True]
ERROR test_settings_api_edges.py::test_startup_check_strictly_sanitizes_configured_origin[asyncio-not a valid url-None-False]
ERROR test_settings_api_edges.py::test_settings_user_profile_env_and_global_edges[asyncio]
ERROR test_settings_api_edges.py::test_settings_options_and_ui_constraints[asyncio]
ERROR test_settings_api_edges.py::test_startup_check_strictly_sanitizes_configured_origin[trio-https://api.example.com/api/v1-https://api.example.com-True]
ERROR test_settings_api_edges.py::test_startup_check_strictly_sanitizes_configured_origin[trio-https://api.example.com:8443/api/v1-https://api.example.com:8443-True]
ERROR test_settings_api_edges.py::test_startup_check_strictly_sanitizes_configured_origin[trio-https://user:pass@api.example.com/api/v1?token=abc#frag-https://api.example.com-True]
ERROR test_settings_api_edges.py::test_startup_check_strictly_sanitizes_configured_origin[trio-https://api.example.com/api/v1?token=abc#frag-https://api.example.com-True]
ERROR test_settings_api_edges.py::test_startup_check_strictly_sanitizes_configured_origin[trio-not a valid url-None-False]
ERROR test_settings_api_edges.py::test_settings_user_profile_env_and_global_edges[trio]
ERROR test_settings_api_edges.py::test_settings_options_and_ui_constraints[trio]
ERROR test_settings_workflows.py::test_user_pool_refresh_persists_identity_records[asyncio]
ERROR test_settings_workflows.py::test_team_management_and_operator_assignment[asyncio]
ERROR test_settings_workflows.py::test_team_delete_is_blocked_when_members_exist[asyncio]
ERROR test_settings_workflows.py::test_tenant_storage_explorer_lists_accessible_locations[asyncio]
ERROR test_settings_workflows.py::test_user_pool_refresh_persists_identity_records[trio]
ERROR test_settings_workflows.py::test_team_management_and_operator_assignment[trio]
ERROR test_settings_workflows.py::test_team_delete_is_blocked_when_members_exist[trio]
ERROR test_settings_workflows.py::test_tenant_storage_explorer_lists_accessible_locations[trio]
ERROR test_knowledge_workflows.py::test_knowledge_search_expands_to_linked_entities_and_version_history[asyncio]
ERROR test_knowledge_workflows.py::test_knowledge_search_expands_to_linked_entities_and_version_history[trio]
ERROR test_import_workflows.py::test_monitoring_import_schema_and_template[asyncio]
ERROR test_import_workflows.py::test_monitoring_import_preview_rows_and_execute[asyncio]
ERROR test_import_workflows.py::test_monitoring_snapshot_export_uses_round_trip_import_contract[asyncio]
ERROR test_import_workflows.py::test_monitoring_import_preview_file_accepts_csv_upload[asyncio]
ERROR test_import_workflows.py::test_external_import_schema_template_preview_and_execute[asyncio]
ERROR test_import_workflows.py::test_external_snapshot_export_exposes_round_trip_headers_for_browser_js[asyncio]
ERROR test_import_workflows.py::test_external_snapshot_manifest_and_csv_contract_stay_in_sync[asyncio]
ERROR test_import_workflows.py::test_external_snapshot_export_previews_successfully_on_round_trip[asyncio]
ERROR test_import_workflows.py::test_monitoring_import_rejects_duplicate_rows_in_same_batch[asyncio]
ERROR test_import_workflows.py::test_monitoring_import_schema_and_template[trio]
ERROR test_import_workflows.py::test_monitoring_import_preview_rows_and_execute[trio]
ERROR test_import_workflows.py::test_monitoring_snapshot_export_uses_round_trip_import_contract[trio]
ERROR test_import_workflows.py::test_monitoring_import_preview_file_accepts_csv_upload[trio]
ERROR test_import_workflows.py::test_external_import_schema_template_preview_and_execute[trio]
ERROR test_import_workflows.py::test_external_snapshot_export_exposes_round_trip_headers_for_browser_js[trio]
ERROR test_import_workflows.py::test_external_snapshot_manifest_and_csv_contract_stay_in_sync[trio]
ERROR test_import_workflows.py::test_external_snapshot_export_previews_successfully_on_round_trip[trio]
ERROR test_import_workflows.py::test_monitoring_import_rejects_duplicate_rows_in_same_batch[trio]
ERROR test_external_workflows.py::test_external_entity_creation_and_secret_management[asyncio]
ERROR test_external_workflows.py::test_external_archived_entity_blocks_new_links_and_secrets[asyncio]
ERROR test_external_workflows.py::test_external_links_are_enriched_and_duplicate_shape_is_blocked[asyncio]
ERROR test_external_workflows.py::test_external_entity_blocks_active_identity_duplicates_and_restore_conflicts[asyncio]
ERROR test_external_workflows.py::test_external_entity_creation_and_secret_management[trio]
ERROR test_external_workflows.py::test_external_archived_entity_blocks_new_links_and_secrets[trio]
ERROR test_external_workflows.py::test_external_links_are_enriched_and_duplicate_shape_is_blocked[trio]
ERROR test_external_workflows.py::test_external_entity_blocks_active_identity_duplicates_and_restore_conflicts[trio]
ERROR test_workspace_views.py::test_workspace_definition_registry_is_complete_and_typed[asyncio]
ERROR test_workspace_views.py::test_personal_saved_view_crud_sanitization_and_conflicts[asyncio]
ERROR test_workspace_views.py::test_saved_views_reject_unknown_workspace_team_scope_and_duplicate_names[asyncio]
ERROR test_workspace_views.py::test_saved_view_owner_and_tenant_isolation[asyncio]
ERROR test_workspace_views.py::test_saved_view_favorite_and_single_default_metadata[asyncio]
ERROR test_workspace_views.py::test_atomic_revision_allows_only_one_writer[asyncio]
ERROR test_workspace_views.py::test_workspace_definition_registry_is_complete_and_typed[trio]
ERROR test_workspace_views.py::test_personal_saved_view_crud_sanitization_and_conflicts[trio]
ERROR test_workspace_views.py::test_saved_views_reject_unknown_workspace_team_scope_and_duplicate_names[trio]
ERROR test_workspace_views.py::test_saved_view_owner_and_tenant_isolation[trio]
ERROR test_workspace_views.py::test_saved_view_favorite_and_single_default_metadata[trio]
ERROR test_workspace_views.py::test_atomic_revision_allows_only_one_writer[trio]
ERROR test_workspace_team_views.py::test_team_saved_views_enforce_membership_identity_defaults_conflicts_and_tenant_isolation[asyncio]
ERROR test_workspace_team_views.py::test_team_saved_views_enforce_membership_identity_defaults_conflicts_and_tenant_isolation[trio]
ERROR test_dashboard_metrics.py::test_dashboard_metrics_rolls_up_seeded_operational_data[asyncio]
ERROR test_dashboard_metrics.py::test_dashboard_search_returns_cross_domain_matches[asyncio]
ERROR test_dashboard_metrics.py::test_dashboard_metrics_rolls_up_seeded_operational_data[trio]
ERROR test_dashboard_metrics.py::test_dashboard_search_returns_cross_domain_matches[trio]
ERROR test_far_workspace_golden.py::test_far_workspace_definition_exposes_golden_operational_state[asyncio]
ERROR test_far_workspace_golden.py::test_far_saved_view_preserves_golden_display_and_grid_state[asyncio]
ERROR test_far_workspace_golden.py::test_far_workspace_definition_exposes_golden_operational_state[trio]
ERROR test_far_workspace_golden.py::test_far_saved_view_preserves_golden_display_and_grid_state[trio]
ERROR test_cross_module_integrations.py::test_cross_module_asset_context_flows[asyncio]
ERROR test_cross_module_integrations.py::test_cross_module_asset_context_flows[trio]
ERROR test_cross_module_integrations.py::test_dashboard_search_returns_new_cross_module_entities
ERROR test_main.py::test_provision_asset_full_flow[asyncio] - Failed: Alembic...
ERROR test_main.py::test_create_site_and_audit[asyncio] - Failed: Alembic mig...
ERROR test_main.py::test_global_settings_flow[asyncio] - Failed: Alembic migr...
ERROR test_main.py::test_monitoring_matrix_flow[asyncio] - Failed: Alembic mi...
ERROR test_main.py::test_provision_asset_full_flow[trio] - Failed: Alembic mi...
ERROR test_main.py::test_create_site_and_audit[trio] - Failed: Alembic migrat...
ERROR test_main.py::test_global_settings_flow[trio] - Failed: Alembic migrati...
ERROR test_main.py::test_monitoring_matrix_flow[trio] - Failed: Alembic migra...
12 failed, 22 passed, 1 warning, 102 errors in 66.53s (0:01:06)
