
> system-grid-frontend@1.2.4 test:unit
> vitest run

1:55:50 PM [vite] warning: `esbuild` option was specified by "vite:react-babel" plugin. This option is deprecated, please use `oxc` instead.
1:55:50 PM [vite] warning: `optimizeDeps.esbuildOptions` option was specified by "vite:react-babel" plugin. This option is deprecated, please use `optimizeDeps.rolldownOptions` instead.
Both esbuild and oxc options were set. oxc options will be used and esbuild options will be ignored. The following esbuild options were set: `{ jsx: 'automatic', jsxImportSource: undefined }`

 RUN  v4.1.11 /private/tmp/chg120-r3-base/frontend

 ❯ src/components/shared/FARLifecycleBackendContract.test.ts (4 tests | 1 failed) 68ms
     × keeps archive lifecycle separate from editable FAR content and historical restores 6ms
 ❯ src/components/shared/FARResearchGoldenPresentationContract.test.ts (3 tests | 2 failed) 20ms
     × keeps primary tables on the full golden surface without header-count displacement 12ms
     × keeps optional display, filter, and analytical panels collapsed by default 5ms
 ❯ src/components/settings/systemDiagnostics.test.ts (1 test | 1 failed) 10ms
     × flags stale frontend bundle mismatch when backend hint differs 9ms
 ❯ src/components/settings/externalExportDiagnostics.test.ts (12 tests | 2 failed) 20ms
     × passes when manifest, csv, readable headers, filename, and preview are valid 7ms
     × returns PARTIAL when manifest fallback is valid but custom headers are unreadable 1ms
 ❯ src/api/apiClient.test.ts (21 tests | 8 failed) 33ms
     × trims trailing slashes on relative endpoints without query strings 6ms
     × does not force JSON content type for FormData payloads 1ms
     × does not send Content-Type for bodyless GET requests 0ms
     × does not send Content-Type for bodyless HEAD requests 0ms
     × does not leak identity headers to non-local external requests 1ms
     × uses same-origin credentials for absolute same-origin URLs 1ms
     × emits latency updates and unsubscribes cleanly 3ms
     × falls back to same-origin credentials when URL parsing fails 0ms
 ❯ src/components/shared/FARGoldenStructuralContract.test.ts (10 tests | 3 failed) 43ms
     × uses stable content-aware defaults and shared golden renderers without limiting operator resize 12ms
     × persists the sanitized unsaved FAR working definition including manual widths 4ms
     × keeps FAR analytical semantics intact while adopting the shared frame 3ms
 ❯ src/components/shared/OperationalBulkContract.test.ts (14 tests | 1 failed) 115ms
     × keeps FAR and Research tables on the Monitoring-derived golden grid contract 32ms

⎯⎯⎯⎯⎯⎯ Failed Tests 18 ⎯⎯⎯⎯⎯⎯⎯

 FAIL  src/api/apiClient.test.ts > apiClient > trims trailing slashes on relative endpoints without query strings
TypeError: Cannot read properties of undefined (reading 'get')
 ❯ apiFetch src/api/apiClient.ts:302:48
    300|   const elapsed = Date.now() - startTime
    301|   notifyLatency(elapsed);
    302|   const projectionLagHeader = response.headers.get('x-projection-lag-m…
       |                                                ^
    303|   const scheduleDurationHeader = response.headers.get('x-schedule-calc…
    304|   recordApiTiming(url, method, elapsed, response.status, {
 ❯ src/api/apiClient.test.ts:69:5

⎯⎯⎯⎯⎯⎯⎯⎯⎯⎯⎯⎯⎯⎯⎯⎯⎯⎯⎯⎯⎯⎯⎯[1/18]⎯

 FAIL  src/api/apiClient.test.ts > apiClient > does not force JSON content type for FormData payloads
TypeError: Cannot read properties of undefined (reading 'get')
 ❯ apiFetch src/api/apiClient.ts:302:48
    300|   const elapsed = Date.now() - startTime
    301|   notifyLatency(elapsed);
    302|   const projectionLagHeader = response.headers.get('x-projection-lag-m…
       |                                                ^
    303|   const scheduleDurationHeader = response.headers.get('x-schedule-calc…
    304|   recordApiTiming(url, method, elapsed, response.status, {
 ❯ src/api/apiClient.test.ts:81:5

⎯⎯⎯⎯⎯⎯⎯⎯⎯⎯⎯⎯⎯⎯⎯⎯⎯⎯⎯⎯⎯⎯⎯[2/18]⎯

 FAIL  src/api/apiClient.test.ts > apiClient > does not send Content-Type for bodyless GET requests
TypeError: Cannot read properties of undefined (reading 'get')
 ❯ apiFetch src/api/apiClient.ts:302:48
    300|   const elapsed = Date.now() - startTime
    301|   notifyLatency(elapsed);
    302|   const projectionLagHeader = response.headers.get('x-projection-lag-m…
       |                                                ^
    303|   const scheduleDurationHeader = response.headers.get('x-schedule-calc…
    304|   recordApiTiming(url, method, elapsed, response.status, {
 ❯ src/api/apiClient.test.ts:94:5

⎯⎯⎯⎯⎯⎯⎯⎯⎯⎯⎯⎯⎯⎯⎯⎯⎯⎯⎯⎯⎯⎯⎯[3/18]⎯

 FAIL  src/api/apiClient.test.ts > apiClient > does not send Content-Type for bodyless HEAD requests
TypeError: Cannot read properties of undefined (reading 'get')
 ❯ apiFetch src/api/apiClient.ts:302:48
    300|   const elapsed = Date.now() - startTime
    301|   notifyLatency(elapsed);
    302|   const projectionLagHeader = response.headers.get('x-projection-lag-m…
       |                                                ^
    303|   const scheduleDurationHeader = response.headers.get('x-schedule-calc…
    304|   recordApiTiming(url, method, elapsed, response.status, {
 ❯ src/api/apiClient.test.ts:107:5

⎯⎯⎯⎯⎯⎯⎯⎯⎯⎯⎯⎯⎯⎯⎯⎯⎯⎯⎯⎯⎯⎯⎯[4/18]⎯

 FAIL  src/api/apiClient.test.ts > apiClient > does not leak identity headers to non-local external requests
TypeError: Cannot read properties of undefined (reading 'get')
 ❯ apiFetch src/api/apiClient.ts:302:48
    300|   const elapsed = Date.now() - startTime
    301|   notifyLatency(elapsed);
    302|   const projectionLagHeader = response.headers.get('x-projection-lag-m…
       |                                                ^
    303|   const scheduleDurationHeader = response.headers.get('x-schedule-calc…
    304|   recordApiTiming(url, method, elapsed, response.status, {
 ❯ src/api/apiClient.test.ts:137:5

⎯⎯⎯⎯⎯⎯⎯⎯⎯⎯⎯⎯⎯⎯⎯⎯⎯⎯⎯⎯⎯⎯⎯[5/18]⎯

 FAIL  src/api/apiClient.test.ts > apiClient > uses same-origin credentials for absolute same-origin URLs
TypeError: Cannot read properties of undefined (reading 'get')
 ❯ apiFetch src/api/apiClient.ts:302:48
    300|   const elapsed = Date.now() - startTime
    301|   notifyLatency(elapsed);
    302|   const projectionLagHeader = response.headers.get('x-projection-lag-m…
       |                                                ^
    303|   const scheduleDurationHeader = response.headers.get('x-schedule-calc…
    304|   recordApiTiming(url, method, elapsed, response.status, {
 ❯ src/api/apiClient.test.ts:152:5

⎯⎯⎯⎯⎯⎯⎯⎯⎯⎯⎯⎯⎯⎯⎯⎯⎯⎯⎯⎯⎯⎯⎯[6/18]⎯

 FAIL  src/api/apiClient.test.ts > apiClient > emits latency updates and unsubscribes cleanly
TypeError: Cannot read properties of undefined (reading 'get')
 ❯ apiFetch src/api/apiClient.ts:302:48
    300|   const elapsed = Date.now() - startTime
    301|   notifyLatency(elapsed);
    302|   const projectionLagHeader = response.headers.get('x-projection-lag-m…
       |                                                ^
    303|   const scheduleDurationHeader = response.headers.get('x-schedule-calc…
    304|   recordApiTiming(url, method, elapsed, response.status, {
 ❯ src/api/apiClient.test.ts:170:5

⎯⎯⎯⎯⎯⎯⎯⎯⎯⎯⎯⎯⎯⎯⎯⎯⎯⎯⎯⎯⎯⎯⎯[7/18]⎯

 FAIL  src/api/apiClient.test.ts > apiClient > falls back to same-origin credentials when URL parsing fails
TypeError: Cannot read properties of undefined (reading 'get')
 ❯ apiFetch src/api/apiClient.ts:302:48
    300|   const elapsed = Date.now() - startTime
    301|   notifyLatency(elapsed);
    302|   const projectionLagHeader = response.headers.get('x-projection-lag-m…
       |                                                ^
    303|   const scheduleDurationHeader = response.headers.get('x-schedule-calc…
    304|   recordApiTiming(url, method, elapsed, response.status, {
 ❯ src/api/apiClient.test.ts:250:5

⎯⎯⎯⎯⎯⎯⎯⎯⎯⎯⎯⎯⎯⎯⎯⎯⎯⎯⎯⎯⎯⎯⎯[8/18]⎯

 FAIL  src/components/settings/externalExportDiagnostics.test.ts > runExternalExportContractCheck > passes when manifest, csv, readable headers, filename, and preview are valid
TypeError: Failed to execute 'append' on 'FormData': parameter 2 is not of type 'Blob'.
 ❯ Object.exports.convert ../../../../Users/haewonkim/.codex-fabric/worktrees/CF-636cebcd88631ae64e47fa3c/frontend/node_modules/jsdom/lib/generated/idl/Blob.js:22:9
 ❯ FormData.append ../../../../Users/haewonkim/.codex-fabric/worktrees/CF-636cebcd88631ae64e47fa3c/frontend/node_modules/jsdom/lib/generated/idl/FormData.js:190:27
 ❯ runExternalExportContractCheck src/components/settings/externalExportDiagnostics.ts:636:12
    634|   const formData = new FormData()
    635|   formData.append('table_name', 'external_entities')
    636|   formData.append('file', csvBlob, effectiveFileName || 'external-expo…
       |            ^
    637|   const previewResponse = await requestRuntimeResource(previewUrl, { m…
    638|   previewStatus = previewResponse.status
 ❯ src/components/settings/externalExportDiagnostics.test.ts:111:20

⎯⎯⎯⎯⎯⎯⎯⎯⎯⎯⎯⎯⎯⎯⎯⎯⎯⎯⎯⎯⎯⎯⎯[9/18]⎯

 FAIL  src/components/settings/externalExportDiagnostics.test.ts > runExternalExportContractCheck > returns PARTIAL when manifest fallback is valid but custom headers are unreadable
TypeError: Failed to execute 'append' on 'FormData': parameter 2 is not of type 'Blob'.
 ❯ Object.exports.convert ../../../../Users/haewonkim/.codex-fabric/worktrees/CF-636cebcd88631ae64e47fa3c/frontend/node_modules/jsdom/lib/generated/idl/Blob.js:22:9
 ❯ FormData.append ../../../../Users/haewonkim/.codex-fabric/worktrees/CF-636cebcd88631ae64e47fa3c/frontend/node_modules/jsdom/lib/generated/idl/FormData.js:190:27
 ❯ runExternalExportContractCheck src/components/settings/externalExportDiagnostics.ts:636:12
    634|   const formData = new FormData()
    635|   formData.append('table_name', 'external_entities')
    636|   formData.append('file', csvBlob, effectiveFileName || 'external-expo…
       |            ^
    637|   const previewResponse = await requestRuntimeResource(previewUrl, { m…
    638|   previewStatus = previewResponse.status
 ❯ src/components/settings/externalExportDiagnostics.test.ts:129:20

⎯⎯⎯⎯⎯⎯⎯⎯⎯⎯⎯⎯⎯⎯⎯⎯⎯⎯⎯⎯⎯⎯[10/18]⎯

 FAIL  src/components/settings/systemDiagnostics.test.ts > runSystemDiagnostics > flags stale frontend bundle mismatch when backend hint differs
TypeError: Failed to execute 'append' on 'FormData': parameter 2 is not of type 'Blob'.
 ❯ Object.exports.convert ../../../../Users/haewonkim/.codex-fabric/worktrees/CF-636cebcd88631ae64e47fa3c/frontend/node_modules/jsdom/lib/generated/idl/Blob.js:22:9
 ❯ FormData.append ../../../../Users/haewonkim/.codex-fabric/worktrees/CF-636cebcd88631ae64e47fa3c/frontend/node_modules/jsdom/lib/generated/idl/FormData.js:190:27
 ❯ runExternalExportContractCheck src/components/settings/externalExportDiagnostics.ts:636:12
    634|   const formData = new FormData()
    635|   formData.append('table_name', 'external_entities')
    636|   formData.append('file', csvBlob, effectiveFileName || 'external-expo…
       |            ^
    637|   const previewResponse = await requestRuntimeResource(previewUrl, { m…
    638|   previewStatus = previewResponse.status
 ❯ runSystemDiagnostics src/components/settings/systemDiagnostics.ts:177:61
 ❯ src/components/settings/systemDiagnostics.test.ts:69:20

⎯⎯⎯⎯⎯⎯⎯⎯⎯⎯⎯⎯⎯⎯⎯⎯⎯⎯⎯⎯⎯⎯[11/18]⎯

 FAIL  src/components/shared/FARGoldenStructuralContract.test.ts > FAR Monitoring-golden structural contract > uses stable content-aware defaults and shared golden renderers without limiting operator resize
AssertionError: expected 'import React, { useState, useMemo, us…' to contain 'field: "status"'

- Expected
+ Received

- field: "status"
+ import React, { useState, useMemo, useEffect } from 'react'
+ import {
+   WorkspaceCollapsibleHeader,
+   WorkspaceEmptyState,
+   WorkspaceFieldError,
+   WorkspaceFieldLabel,
+   WorkspaceSectionBadge,
+   WorkspaceSectionCard,
+   WorkspaceSelectField,
+   WorkspaceStickyIdentityBar,
+   WorkspaceValidationBanner,
+   getWorkspaceInputClass,
+ } from './shared/OperationalWorkspacePrimitives'
+ import { useNavigate, useSearchParams } from 'react-router-dom'
+ import { useQuery, useMutation, useQueryClient } from '@tanstack/react-query'
+ import { 
+   Plus, Search, Trash2, Edit2, Info, 
+   ShieldAlert, Zap, Save, X, PlusCircle, User,
+   RefreshCcw, AlertTriangle, Lightbulb, ShieldCheck, 
+   Activity, Server, FileText, Clipboard, ArrowRight, Shield, 
+   CheckCircle2, ChevronRight, LayoutGrid, List, Sliders, Eye,
+   Target, AlertCircle, Settings, Layers, Box, Link2, ExternalLink,
+   ChevronLeft, Book, Download, Copy, Terminal, Check, HelpCircle, EyeOff, MoreVertical, Monitor, Upload, Clock, Undo2
+ } from 'lucide-react'
+ import { motion, AnimatePresence } from 'framer-motion'
+ import { apiFetch } from '../api/apiClient'
+ import { toast } from 'react-hot-toast'
+ import { formatAppDate } from '../utils/dateUtils'
+ import { OperationalImportModal } from './shared/OperationalImportModal'
+ import { downloadOperationalImportFile } from './shared/OperationalImportExport'
+ import { StatusPill } from './shared/StatusPill'
+ import { ConfigRegistryModal } from './ConfigRegistry'
+ import { MonitoringForm } from './monitoring/MonitoringForm'
+ import { ProjectForm } from './Projects'
+ import { RootCauseFormModal, MitigationFormModal, PreventionFormModal, ResolutionManagerModal } from './shared/FARModals'
+ import { EnhancedRcaDetails } from './Research'
+ import { OperationalWorkspaceShell } from './shared/OperationalWorkspaceShells'
+ import { FARFilterBar, FAROperationalGridView } from './FARGoldenWorkspaceInteraction'
+ import {
+   buildFarDelimitedText,
+   createDefaultFarQuickFilters,
+   filterFarModes,
+   type FarGroupBy,
+   type FarQuickFilters,
+ } from './FAR.workspaceModel'
+ import { OperationalBulkPreviewModal } from './shared/OperationalBulkPreviewModal'
+ import { useOperationalBulkWorkflow } from './shared/useOperationalBulkWorkflow'
+ import { HeaderScopeSwitch, ToolbarButton, ToolbarGroup, ToolbarIconButton, ToolbarSearch } from './shared/LayoutPrimitives'
+ import { FARVersionHistory } from './FARVersionHistory'
+ import { useFARGoldenWorkspaceControls } from './FARGoldenWorkspaceControls'
+ import type { FarLifecycleScope } from './FAR.workspaceState'
+ import { buildFarLifecycleWorkspaceTransition } from './FAR.lifecycleWorkspace'
+ import type { FarRestorationDossierContext } from './FAR.restoration'
+ import { OPERATIONAL_GRID_WIDTHS } from './shared/OperationalGridContract'
+ import {
+   createOperationalActionColumnDefinition,
+   createOperationalUtilityColumns,
+   renderOperationalActionButtons,
+ } from './shared/OperationalGridStandard'
+ import {
+   createOperationalGoldenTextColumn,
+   createOperationalMetricBadgeColumn,
+   getOperationalContentAwareWidth,
+ } from './shared/OperationalGoldenColumns'
+ import { useFarOperatorIntelligence } from './FAR.operatorIntelligence'
+ import { WorkspaceModal } from './shared/WorkspaceModal'
+ import { useOperationalFormDirty } from './shared/OperationalFormContracts'
+ import { parseOperationalApiValidationError } from './shared/OperationalFieldValidation'
+ import {
+   buildFarAuthoringDraft,
+   buildFarAuthoringErrors,
+   changeFarAuthoringSystem,
+   getFarAuthoringFirstErrorTab,
+   getFarAuthoringTabErrorCounts,
+   sanitizeFarAuthoringPayload,
+   type FarAuthoringTab,
+ } from './FAR.authoringModel'
+ import { buildFarDossierSearchParams, getFarDeepLinkNotice, getFarGridDataState, parseFarDossierTab, resolveFarDeepLink } from './FAR.deepLink'
+ import DataStatusPill, { DataDiagnosticModal } from './shared/OperationalDataStatus'
+ import { buildFarRegistryDiagnosticDetail } from './FAR.diagnostics'
+ import {
+   buildFarOperatorLoopReceipt,
+   buildFarOperatorLoopSnapshot,
+   shouldDismissFarOperatorLoop,
+   startFarOperatorLoop,
+   type FarOperatorSurface,
+   type FarOperatorLoopSession,
+ } from './FAR.operatorLoop'
+ import { FARDossierShell } from './FAR.dossier'
+ import {
+   buildFarLifecycleRequest,
+   buildFarLifecycleRevertPayload,
+   getFarLifecycleEndpoint,
+   getFarLifecycleRevertAction,
+   isFarLifecycleAction,
+ } from './FAR.lifecycleVocabulary'
+ import {
+   buildFarBulkScorePreview,
+   buildFarBulkScoreRequest,
+   buildFarBulkScoreRevertPayload,
+   type FarBulkScoreField,
+ } from './FAR.bulkScore'
+ import {
+   FAR_MATURITY_LEVELS,
+   createFarAnalyticalColumns,
+   getFarMaturityLevel,
+ } from './FAR.gridColumns'
+ import {
+   FAR_CONTEXT_DETAIL_TABS,
+   type FarDossierTab,
+ } from './FAR.rowActions'
+ import {
+   readFarMutationFailureMessage,
+   withFarExpectedVersion,
+ } from './FAR.mutationIntegrity'
+ import { buildFarContextMutationRequest } from './FAR.causalIntegrity'
+
+ import 'ag-grid-community/styles/ag-grid.css'
+ import 'ag-grid-community/styles/ag-theme-alpine.css'
+
+ const FAR_IMPORT_PROFILE = 'far_records'
+ const FAR_IMPORT_SCHEMA_VERSION = '2026-08-far-v1'
+ const FAR_SNAPSHOT_FILENAME_PATTERN = /^SYSGRID_far_records_Snapshot\.csv$/
+
+ // --- Types ---
+ interface FailureMode {
+   id: number
+   system_name: string
+   failure_type: string
+   title: string
+   effect: string
+   severity: number
+   occurrence: number
+   detection: number
+   rpn: number
+   status: string
+   affected_assets: any[]
+   causes: any[]
+   mitigations: any[]
+   prevention_actions: any[]
+ }
+
+ const FAILURE_TYPES = [
+   { value: 'Design', label: 'Design' },
+   { value: 'Process', label: 'Process' },
+   { value: 'Hardware', label: 'Hardware' },
+   { value: 'Software', label: 'Software' },
+   { value: 'Network', label: 'Network' },
+   { value: 'Human', label: 'Human' },
+   { value: 'Environment', label: 'Environment' },
+ ]
+
+ // --- Constants for Guided Scoring ---
+ const SEVERITY_LEVELS = [
+   { value: 10, label: 'HAZARDOUS (NO WARNING)', desc: 'Safety issue or total compliance failure. Extreme risk to the enterprise.' },
+   { value: 9, label: 'HAZARDOUS (WITH WARNING)', desc: 'Potential safety issue or major compliance risk. High probability of legal impact.' },
+   { value: 8, label: 'VERY HIGH', desc: 'System total failure, major data loss, no workaround exists. Business critical.' },
+   { value: 7, label: 'HIGH', desc: 'System operational but major performance impact. High user dissatisfaction.' },
+   { value: 6, label: 'MODERATE', desc: 'Significant impact on primary function, but workaround exists. Noticeable degradation.' },
+   { value: 5, label: 'LOW', desc: 'Minor impact on performance or usability. Minimal business disruption.' },
+   { value: 4, label: 'VERY LOW', desc: 'Noticeable impact but system remains functional. Easily manageable.' },
+   { value: 3, label: 'MINOR', desc: 'Slight annoyance to users. No functional impairment.' },
+   { value: 2, label: 'VERY MINOR', desc: 'Hardly noticeable impact. Cosmetic or trace-level issue.' },
+   { value: 1, label: 'NONE', desc: 'No discernible effect on system or user experience.' },
+ ]
+
+ const OCCURRENCE_LEVELS = [
+   { value: 10, label: 'CERTAIN', desc: 'Inevitable. Occurs multiple times per day. Constant risk exposure.' },
+   { value: 9, label: 'VERY HIGH', desc: 'Likely to occur daily. High-frequency failure profile.' },
+   { value: 8, label: 'HIGH', desc: 'Likely to occur weekly. Recurring operational disruption.' },
+   { value: 7, label: 'MODERATELY HIGH', desc: 'Occurs once or twice per month. Periodic impact.' },
+   { value: 6, label: 'MODERATE', desc: 'Occurs once every few months. Occasional risk.' },
+   { value: 5, label: 'LOW', desc: 'Occurs once or twice per year. Infrequent failure mode.' },
+   { value: 4, label: 'VERY LOW', desc: 'Occurs once every few years. Rare occurrence.' },
+   { value: 3, label: 'REMOTE', desc: 'Unlikely but possible. Minimal historical evidence.' },
+   { value: 2, label: 'VERY REMOTE', desc: 'Extremely unlikely. Speculative failure mode.' },
+   { value: 1, label: 'NEARLY IMPOSSIBLE', desc: 'Never expected to occur. Theoretical risk only.' },
+ ]
+
+ const DETECTION_LEVELS = [
+   { value: 10, label: 'IMPOSSIBLE', desc: 'Zero monitoring. Discovered only via total system blackout or user report.' },
+   { value: 9, label: 'VERY REMOTE', desc: 'Visible only after catastrophic failure has completed. Post-mortem discovery.' },
+   { value: 8, label: 'REMOTE', desc: 'Requires manual log inspection or audit. High latency in visibility.' },
+   { value: 7, label: 'VERY LOW', desc: 'Alerts exist but are buried in noise. Easily missed by NOC/SOC.' },
+   { value: 6, label: 'LOW', desc: 'Standard monitoring, but delayed or inconsistent. Unreliable visibility.' },
+   { value: 5, label: 'MODERATE', desc: 'Reliable alerts exist but require human triage for verification.' },
+   { value: 4, label: 'MODERATELY HIGH', desc: 'Proactive alerts with clear root cause identification.' },
+   { value: 3, label: 'HIGH', desc: 'Real-time dashboarding and active, automated health checks.' },
+   { value: 2, label: 'VERY HIGH', desc: 'Automated self-healing or failsafe systems. Immediate notification.' },
+   { value: 1, label: 'ALMOST CERTAIN', desc: 'Predictive analytics prevents failure before it manifests.' },
+ ]
+
+ async function fetchFarList(path: string) {
+   const response = await apiFetch(path)
+   if (!response.ok) throw new Error(await response.text())
+   const payload = await response.json()
+   if (!Array.isArray(payload)) throw new Error(`Expected a list response from ${path}`)
+   return payload
+ }
+
+ const METRIC_DEFINITIONS: any = {
+   SRI: {
+     title: "System Reliability Index (SRI)",
+     formula: "SRI = 100 × [1 - (RPN_avg / 500)]",
+     description: "Represents the aggregate health of the infrastructure's risk profile. A score of 100 signifies zero documented risk exposure, while lower scores indicate high-criticality failure modes with frequent occurrence or visibility gaps."
+   },
+   RiskDensity: {
+     title: "Risk Density Profile",
+     formula: "D_risk = Σ RPN / Σ Assets_affected",
+     description: "Measures risk concentration across assets. High density indicates that a small number of physical or logical assets are bearing a disproportionate amount of system-wide failure risk."
+   },
+   MitigationRatio: {
+     title: "Global Mitigation Coverage",
+     formula: "M_cov = (N_mitigated / N_total) × 100",
+     description: "Evaluates the breadth of the defense-in-depth strategy. Measures the percentage of failure modes that have at least one verified Monitoring or temporary Workaround protocol established."
+   },
+   AvgSeverity: {
+     title: "Mean Failure Criticality",
+     formula: "RPN_avg = (1 / N) Σ RPN_i",
+     description: "The average Risk Priority Number across the entire registry. Used to monitor long-term trends in the inherent severity of documented risks, independent of the number of entries."
+   }
+ }
+
+ function MetricHelpModal({ metric, onClose }: { metric: string | null, onClose: () => void }) {
+   if (!metric || !METRIC_DEFINITIONS[metric]) return null;
+   const def = METRIC_DEFINITIONS[metric];
+   return (
+     <div className="fixed inset-0 z-[300] flex items-center justify-center bg-black/60 backdrop-blur-md p-10">
+       <motion.div initial={{ scale: 0.9, opacity: 0 }} animate={{ scale: 1, opacity: 1 }} className="glass-panel w-full max-w-md p-10 rounded-lg border border-blue-500/30 space-y-6">
+         <div className="flex items-center justify-between border-b border-white/5 pb-4">
+           <h2 className="text-xl font-bold uppercase tracking-tighter text-blue-400  flex items-center space-x-3">
+              <Info size={24}/> <span>{def.title}</span>
+           </h2>
+           <button onClick={onClose} className="text-slate-500 hover:text-white transition-colors"><X size={20}/></button>
+         </div>
+         <div className="space-y-4">
+           <div>
+             <p className="text-[9px] font-bold text-slate-500 uppercase tracking-widest mb-2 px-1">Mathematical Derivation</p>
+             <div className="bg-black/40 border border-white/5 rounded-lg p-6 font-serif text-lg text-blue-300 text-center shadow-inner">
+                {def.formula}
+             </div>
+           </div>
+           <div>
+             <p className="text-[9px] font-bold text-slate-500 uppercase tracking-widest mb-2 px-1">Functional Definition</p>
+             <p className="text-[13px] text-slate-300 leading-relaxed font-bold tracking-tight ">
+               {def.description}
+             </p>
+           </div>
+         </div>
+         <button onClick={onClose} className="w-full py-3 bg-blue-600 text-white rounded-lg text-[10px] font-bold uppercase tracking-widest active:scale-95 transition-all shadow-lg shadow-blue-500/20">Acknowledge</button>
+       </motion.div>
+     </div>
+   )
+ }
+
+ export default function FAR() {
+   const [operatorLoopSession, setOperatorLoopSession] = useState<FarOperatorLoopSession | null>(null)
+   const queryClient = useQueryClient()
+   const [searchParams, setSearchParams] = useSearchParams()
+   const gridRef = React.useRef<any>(null)
+   const lastDeepLinkedModeIdRef = React.useRef<number | null>(null)
+   
+   const idParam = searchParams.get('id')
+   const tabParam = searchParams.get('tab')
+   const requestedDossierTab = useMemo(() => parseFarDossierTab(tabParam), [tabParam])
+
+   const [showWizard, setShowWizard] = useState(false)
+   const [selectedModeId, setSelectedModeId] = useState<number | null>(null)
+   const [selectedDetailTab, setSelectedDetailTab] = useState<FarDossierTab>(FAR_CONTEXT_DETAIL_TABS.detail)
+   const [searchTerm, setSearchTerm] = useState('')
+   const [groupBy, setGroupBy] = useState<FarGroupBy>('raw')
+   const [quickFilters, setQuickFilters] = useState<FarQuickFilters>(() => createDefaultFarQuickFilters())
+   const [showMaturityHelp, setShowMaturityHelp] = useState(false)
+   const [showRpnHelp, setShowRpnHelp] = useState(false)
+   const [activeMetricHelp, setActiveMetricHelp] = useState<string | null>(null)
+
+   const [incidentListModal, setIncidentListModal] = useState<{show: boolean, rcas: any[]}>({ show: false, rcas: [] })
+   const [selectedRcaDetail, setSelectedRcaDetail] = useState<any>(null)
+   const [resolutionManagerModal, setResolutionManagerModal] = useState<{show: boolean, cause: any}>({ show: false, cause: null })
+
+   // Column Picker & Style Lab State (Mirrored from Assets)
+   const [fontSize, setFontSize] = useState(11)
+   const [rowDensity, setRowDensity] = useState(8)
+   const [showStyleLab, setShowStyleLab] = useState(false)
+   const [showFilterBar, setShowFilterBar] = useState(true)
+   const [showInsights, setShowInsights] = useState(false)
+   const [showColumnPicker, setShowColumnPicker] = useState(false)
+   const [hiddenColumns, setHiddenColumns] = useState<string[]>([])
+   const [showConfig, setShowConfig] = useState(false)
+   const [selectedIds, setSelectedIds] = useState<number[]>([])
+   const [lifecycleScope, setLifecycleScope] = useState<'active' | 'archived'>('active')
+   const operatorLoopSnapshotRef = React.useRef<ReturnType<typeof buildFarOperatorLoopSnapshot> | null>(null)
+   const lastOperatorLoopReceiptRef = React.useRef<ReturnType<typeof buildFarOperatorLoopReceipt> | null>(null)
+   
+   const [bkmGuidanceModal, setBkmGuidanceModal] = useState<{show: boolean, cause: any}>({ show: false, cause: null })
+
+   const operatorLoopSnapshot = useMemo(() => buildFarOperatorLoopSnapshot({
+     lifecycleScope,
+     groupBy,
+     searchTerm,
+     quickFilters,
+     selectedIds,
+     selectedModeId,
+     selectedDetailTab,
+     hiddenColumns,
+     fontSize,
+     rowDensity,
+     routeQuery: searchParams.toString(),
+   }), [
+     lifecycleScope,
+     groupBy,
+     searchTerm,
+     quickFilters,
+     selectedIds,
+     selectedModeId,
+     selectedDetailTab,
+     hiddenColumns,
+     fontSize,
+     rowDensity,
+     searchParams,
+   ])
+   operatorLoopSnapshotRef.current = operatorLoopSnapshot
+
+   const beginFarOperatorSurface = React.useCallback((surface: FarOperatorSurface) => {
+     const session = startFarOperatorLoop(surface, operatorLoopSnapshotRef.current || operatorLoopSnapshot)
+     setOperatorLoopSession(session)
+     return session
+   }, [operatorLoopSnapshot])
+
+   const openFarOperatorSurface = React.useCallback((surface: Exclude<FarOperatorSurface, 'round_trip_export'>) => {
+     beginFarOperatorSurface(surface)
+   }, [beginFarOperatorSurface])
+
+   const closeFarOperatorSurface = React.useCallback((surface: FarOperatorSurface) => {
+     setOperatorLoopSession((current) => {
+       if (!current || current.surface !== surface) return current
+       const latest = operatorLoopSnapshotRef.current || current.snapshot
+       lastOperatorLoopReceiptRef.current = buildFarOperatorLoopReceipt(current, latest)
+       return null
+     })
+   }, [])
+
+   useEffect(() => {
+     setOperatorLoopSession((current) => {
+       if (!current || !shouldDismissFarOperatorLoop(current, operatorLoopSnapshot)) return current
+       lastOperatorLoopReceiptRef.current = buildFarOperatorLoopReceipt(current, operatorLoopSnapshot)
+       return null
+     })
+   }, [operatorLoopSnapshot])
+
+   const syncFarDossierLink = React.useCallback((
+     targetId: number | null,
+     tab: FarDossierTab = FAR_CONTEXT_DETAIL_TABS.detail,
+     replace = false,
+   ) => {
+     setSearchParams(buildFarDossierSearchParams(searchParams, targetId, tab), { replace })
+   }, [searchParams, setSearchParams])
+
+   const openFarDossier = React.useCallback((
+     targetId: number,
+     tab: FarDossierTab = FAR_CONTEXT_DETAIL_TABS.detail,
+   ) => {
+     setSelectedDetailTab(tab)
+     setSelectedModeId(targetId)
+     syncFarDossierLink(targetId, tab)
+   }, [syncFarDossierLink])
+
+   const closeFarDossier = React.useCallback((replace = false) => {
+     lastDeepLinkedModeIdRef.current = null
+     setSelectedModeId(null)
+     setSelectedDetailTab(FAR_CONTEXT_DETAIL_TABS.detail)
+     syncFarDossierLink(null, FAR_CONTEXT_DETAIL_TABS.detail, replace)
+   }, [syncFarDossierLink])
+
+   const transitionFarLifecycleScope = React.useCallback((
+     nextScope: FarLifecycleScope,
+     preserveExplicitDossierLink = false,
+   ) => {
+     const transition = buildFarLifecycleWorkspaceTransition(nextScope, preserveExplicitDossierLink)
+     if (transition.applyLifecycleScope) setLifecycleScope(transition.lifecycleScope)
+     if (transition.clearSelection) {
+       setSelectedIds([])
+       gridRef.current?.api?.deselectAll?.()
+     }
+     if (transition.clearDossier) closeFarDossier(true)
+   }, [closeFarDossier])
+
+   const restoreFarLifecycleScope = React.useCallback((nextScope: FarLifecycleScope) => {
+     transitionFarLifecycleScope(nextScope, Boolean(idParam))
+   }, [idParam, transitionFarLifecycleScope])
+
+   // Queries
+   const { data: modes, isLoading: modesLoading, isError: modesError, error: modesQueryError } = useQuery({
+     queryKey: ['far', 'modes'], 
+     queryFn: () => fetchFarList('/api/v1/far/modes?include_deleted=true')
+   })
+   const activeModes = useMemo(
+     () => (modes || []).filter((mode: any) => !mode.is_deleted),
+     [modes],
+   )
+   const lifecycleModes = useMemo(
+     () => (modes || []).filter((mode: any) => lifecycleScope === 'archived' ? Boolean(mode.is_deleted) : !mode.is_deleted),
+     [lifecycleScope, modes],
+   )
+   const lifecycleCounts = useMemo(() => ({
+     active: (modes || []).filter((mode: any) => !mode.is_deleted).length,
+     archived: (modes || []).filter((mode: any) => Boolean(mode.is_deleted)).length,
+   }), [modes])
+   const deepLinkResolution = useMemo(() => resolveFarDeepLink(idParam, modes), [idParam, modes])
+   const deepLinkNotice = useMemo(() => getFarDeepLinkNotice(deepLinkResolution), [deepLinkResolution])
+   const restorationDossier = useMemo<FarRestorationDossierContext | null>(() => {
+     if (deepLinkResolution.kind !== 'resolved') return null
+     return {
+       targetId: deepLinkResolution.targetId,
+       lifecycleScope: deepLinkResolution.lifecycleScope,
+       title: String(deepLinkResolution.mode.title || ''),
+       tab: requestedDossierTab,
+     }
+   }, [deepLinkResolution, requestedDossierTab])
+   const farRegistryDiagnosticDetail = useMemo(
+     () => buildFarRegistryDiagnosticDetail(modesQueryError),
+     [modesQueryError],
+   )
+
+   useEffect(() => {
+     if (operatorLoopSession?.surface !== 'diagnostics' || modesError) return
+     closeFarOperatorSurface('diagnostics')
+   }, [closeFarOperatorSurface, modesError, operatorLoopSession?.surface])
+
+   useEffect(() => {
+     if (deepLinkResolution.kind !== 'resolved') {
+       if (deepLinkResolution.kind === 'invalid' || deepLinkResolution.kind === 'unavailable') {
+         lastDeepLinkedModeIdRef.current = null
+         setSelectedModeId(null)
+         setSelectedDetailTab(FAR_CONTEXT_DETAIL_TABS.detail)
+       } else if (deepLinkResolution.kind === 'absent' && lastDeepLinkedModeIdRef.current !== null) {
+         const previousDeepLinkId = lastDeepLinkedModeIdRef.current
+         lastDeepLinkedModeIdRef.current = null
+         setSelectedModeId((current) => current === previousDeepLinkId ? null : current)
+         setSelectedDetailTab(FAR_CONTEXT_DETAIL_TABS.detail)
+       }
+       return
+     }
+     const { targetId, lifecycleScope: targetLifecycleScope } = deepLinkResolution
+
+     lastDeepLinkedModeIdRef.current = targetId
+     setLifecycleScope(targetLifecycleScope)
+     setSelectedDetailTab(requestedDossierTab)
+     setSelectedModeId(targetId)
+   }, [deepLinkResolution, requestedDossierTab])
+
+   const { data: options } = useQuery({ queryKey: ['settings-options'], queryFn: async () => (await apiFetch('/api/v1/settings/options')).json() })
+   const availableSystems = useMemo(() => Array.from(new Set([
+     ...(options?.filter((o: any) => o.category === 'LogicalSystem').map((s: any) => String(s.value || '')).filter(Boolean) || []),
+     ...lifecycleModes.map((mode: any) => String(mode.system_name || '')).filter(Boolean),
+   ])).sort(), [lifecycleModes, options])
+   const availableFailureTypes = useMemo(() => Array.from(new Set([
+     ...FAILURE_TYPES.map((type) => type.value),
+     ...lifecycleModes.map((mode: any) => String(mode.failure_type || '')).filter(Boolean),
+   ])).sort(), [lifecycleModes])
+   const availableStatuses = useMemo(() => Array.from(new Set(
+     lifecycleModes.map((mode: any) => String(mode.status || '')).filter(Boolean)
+   )).sort(), [lifecycleModes])
+
+   const farDefaultWidthsRef = React.useRef<{
+     system_name: number
+     failure_type: number
+     title: number
+     created_by_user_id: number
+   } | null>(null)
+   if (!farDefaultWidthsRef.current && modes !== undefined) {
+     const loadedModes = activeModes
+     farDefaultWidthsRef.current = {
+       system_name: getOperationalContentAwareWidth({
+         headerName: 'System', values: loadedModes.map((mode: any) => mode.system_name), minWidth: 120, fallbackWidth: 132, maxDefaultWidth: 220,
+       }),
+       failure_type: getOperationalContentAwareWidth({
+         headerName: 'Type', values: loadedModes.map((mode: any) => mode.failure_type), minWidth: 96, fallbackWidth: 108, maxDefaultWidth: 160,
+       }),
+       title: getOperationalContentAwareWidth({
+         headerName: 'Failure Mode', values: loadedModes.map((mode: any) => mode.title), minWidth: 200, fallbackWidth: 260, maxDefaultWidth: 360,
+       }),
+       created_by_user_id: getOperationalContentAwareWidth({
+         headerName: 'Created By', values: loadedModes.map((mode: any) => mode.created_by_user_id || 'SYSTEM'), minWidth: 128, fallbackWidth: 136, maxDefaultWidth: 220,
+       }),
+     }
+   }
+   const farDefaultWidths = farDefaultWidthsRef.current || {
+     system_name: 132,
+     failure_type: 108,
+     title: 260,
+     created_by_user_id: 136,
+   }
+
+   const filteredModes = useMemo(
+     () => filterFarModes(lifecycleModes, searchTerm, quickFilters),
+     [lifecycleModes, quickFilters, searchTerm]
+   )
+   const operatorIntelligence = useFarOperatorIntelligence({
+     rows: filteredModes,
+     groupBy,
+     searchTerm,
+     quickFilters,
+     onOpenDetail: (mode) => {
+       if (!mode?.id) return
+       openFarDossier(Number(mode.id))
+     },
+     gridRef,
+   })
+   const displayedModes = operatorIntelligence.rows
+   const selectionScopeKey = operatorIntelligence.selectionScopeKey
+
+   const selectedMode = useMemo(() => modes?.find((m: any) => m.id === selectedModeId), [modes, selectedModeId])
+
+   const handleExportCSV = () => {
+     if (groupBy === 'raw' && gridRef.current?.api) {
+       gridRef.current.api.exportDataAsCsv({
+         fileName: `SysGrid_FAR_${new Date().toISOString().split('T')[0]}.csv`,
+         allColumns: false,
+         onlySelected: false,
+       })
+       return
+     }
+     const blob = new Blob([buildFarDelimitedText(filteredModes, ',')], { type: 'text/csv;charset=utf-8' })
+     const url = URL.createObjectURL(blob)
+     const link = document.createElement('a')
+     link.href = url
+     link.download = `SysGrid_FAR_${new Date().toISOString().split('T')[0]}.csv`
+     link.click()
+     URL.revokeObjectURL(url)
+   }
+
+   const handleExportRoundTrip = async () => {
+     const exportSession = beginFarOperatorSurface('round_trip_export')
+     try {
+       const result = await downloadOperationalImportFile({
+         tableName: FAR_IMPORT_PROFILE,
+         kind: 'snapshot',
+         expectedProfile: FAR_IMPORT_PROFILE,
+         requireSchemaHeaders: true,
+         fallbackFileName: 'SYSGRID_far_records_Snapshot.csv',
+         metadataContract: {
+           manifestEndpoint: `/api/v1/import/snapshot/${FAR_IMPORT_PROFILE}/manifest`,
+           expectedProfile: FAR_IMPORT_PROFILE,
+           expectedSchemaVersion: FAR_IMPORT_SCHEMA_VERSION,
+           expectedFilenamePattern: FAR_SNAPSHOT_FILENAME_PATTERN,
+           expectedContentType: 'text/csv',
+         },
+       })
+       toast.success(`FAR round-trip snapshot exported (${result.schemaVersion || FAR_IMPORT_SCHEMA_VERSION})`)
+     } catch (error) {
+       toast.error(error instanceof Error ? error.message : 'Unable to export FAR round-trip snapshot')
+     } finally {
+       const latest = operatorLoopSnapshotRef.current || exportSession.snapshot
+       lastOperatorLoopReceiptRef.current = buildFarOperatorLoopReceipt(exportSession, latest)
+       setOperatorLoopSession((current) => current === exportSession ? null : current)
+     }
+   }
+
+   const handleCopyToClipboard = () => {
+     let csvData = ''
+     if (groupBy === 'raw' && gridRef.current?.api) {
+       csvData = gridRef.current.api.getDataAsCsv?.({
+         allColumns: false,
+         onlySelected: true,
+         suppressQuotes: true,
+       }) || ''
+     } else {
+       const selected = new Set(selectedIds.map(Number))
+       csvData = buildFarDelimitedText(
+         (modes || []).filter((mode: any) => selected.has(Number(mode.id))),
+         '\t',
+       )
+     }
+     if (!csvData || selectedIds.length === 0) return
+     navigator.clipboard.writeText(csvData)
+       .then(() => toast.success('Selected failure vectors copied to clipboard'))
+       .catch(() => toast.error('Failed to copy selected failure vectors'))
+   }
+
+   const {
+     bulkMutation,
+     bulkOperationPreview,
+     requestBulkPreview,
+     setBulkOperationPreview,
+   } = useOperationalBulkWorkflow<any>({
+     selectedIds,
+     fieldLabels: {
+       severity: 'Severity',
+       occurrence: 'Occurrence',
+       detection: 'Detection',
+     },
+     selectionErrorMessage: 'Select at least one failure vector.',
+     previewErrorMessage: 'Unable to prepare the FAR bulk preview.',
+     executionErrorMessage: 'Unable to update the selected failure vectors.',
+     revertErrorMessage: 'Unable to revert the FAR bulk change.',
+     getSnapshots: (ids) => (modes || []).filter((mode: any) => ids.includes(Number(mode.id))),
+     previewRequest: async ({ action, ids, payload }) => {
+       if (action === 'update') {
+         return buildFarBulkScorePreview(ids, modes || [], payload)
+       }
+       if (!isFarLifecycleAction(action)) throw new Error('Unsupported FAR lifecycle action.')
+       const current = new Map((modes || []).map((mode: any) => [Number(mode.id), mode]))
+       const changedIds = ids.filter((id) => {
+         const mode = current.get(id)
+         if (!mode) return false
+         return action === 'restore' ? Boolean(mode.is_deleted) : !mode.is_deleted
+       })
+       const changed = new Set(changedIds)
+       const unchangedIds = ids.filter((id) => current.has(id) && !changed.has(id))
+       const missingIds = ids.filter((id) => !current.has(id))
+       return {
+         action,
+         selected_count: ids.length,
+         matched_count: changedIds.length + unchangedIds.length,
+         changed_count: changedIds.length,
+         unchanged_count: unchangedIds.length,
+         blocked_count: 0,
+         missing_count: missingIds.length,
+         changed_ids: changedIds,
+         unchanged_ids: unchangedIds,
+         missing_ids: missingIds,
+         blockers: [],
+         can_execute: changedIds.length > 0 && missingIds.length === 0,
+       }
+     },
+     executeRequest: async ({ action, ids, payload }) => {
+       operatorIntelligence.beginPending(ids)
+       try {
+         if (action === 'update') {
+           const request = buildFarBulkScoreRequest(ids, modes || [], payload)
+           const res = await apiFetch('/api/v1/far/modes/bulk-score', {
+             method: 'POST',
+             body: JSON.stringify(request),
+           })
+           if (!res.ok) throw new Error(await res.text())
+           const result = await res.json()
+           return {
+             ...result,
+             changed_count: Number(result?.changed_count || 0),
+             unchanged_count: Number(result?.unchanged_count || 0),
+             changed_ids: Array.isArray(result?.changed_ids) ? result.changed_ids.map(Number) : [],
+           }
+         }
+
+         if (!isFarLifecycleAction(action)) throw new Error('Unsupported FAR lifecycle action.')
+         const endpoint = getFarLifecycleEndpoint(action)
+         const request = buildFarLifecycleRequest(ids, modes || [], payload?.expected_versions)
+         const res = await apiFetch(endpoint, {
+           method: 'POST',
+           body: JSON.stringify(request),
+         })
+         if (!res.ok) throw new Error(await readFarMutationFailureMessage(res))
+         const result = await res.json()
+         const changedCount = Number(result?.changed_count ?? result?.count ?? 0)
+         return {
+           ...result,
+           changed_count: changedCount,
+           unchanged_count: Math.max(0, ids.length - changedCount),
+           changed_ids: Array.isArray(result?.changed_ids) ? result.changed_ids.map(Number) : [],
+         }
+       } finally {
+         operatorIntelligence.endPending(ids)
+       }
+     },
+     refresh: () => queryClient.invalidateQueries({ queryKey: ['far', 'modes'] }),
+     buildRevertRequest: ({ action, changedIds, changedSnapshots, payload, result }) => {
+       if (action === 'update') {
+         const revertPayload = buildFarBulkScoreRevertPayload(changedSnapshots, payload, result?.versions)
+         return revertPayload ? { action: 'update', ids: changedIds, payload: revertPayload } : null
+       }
+       if (action === 'archive' || action === 'restore') {
+         const revertPayload = buildFarLifecycleRevertPayload(changedIds, result?.versions)
+         return revertPayload
+           ? { action: getFarLifecycleRevertAction(action), ids: changedIds, payload: revertPayload }
+           : null
+       }
+       return null
+     },
+     onExecutionSuccess: () => {
+       setSelectedIds([])
+       gridRef.current?.api?.deselectAll?.()
+     },
+   })
+
+   // AgGrid Defs (High Density)
+   const columnDefs = useMemo(() => [
+     ...createOperationalUtilityColumns(operatorIntelligence.utilityColumnsConfig),
+     createOperationalGoldenTextColumn({
+       field: 'system_name',
+       headerName: 'System',
+       width: farDefaultWidths.system_name,
+       minWidth: 120,
+       filter: 'agTextColumnFilter',
+       tooltipField: 'system_name',
+       valueClassName: 'operational-grid-text font-bold text-rose-400 uppercase',
+       hide: hiddenColumns.includes('system_name'),
+     }),
+     createOperationalGoldenTextColumn({
+       field: 'failure_type',
+       headerName: 'Type',
+       width: farDefaultWidths.failure_type,
+       minWidth: 96,
+       filter: 'agTextColumnFilter',
+       tooltipField: 'failure_type',
+       valueClassName: 'operational-grid-text font-bold text-slate-400 uppercase',
+       hide: hiddenColumns.includes('failure_type'),
+     }),
+     createOperationalGoldenTextColumn({
+       field: 'title',
+       headerName: 'Failure Mode',
+       width: farDefaultWidths.title,
+       minWidth: 200,
+       filter: 'agTextColumnFilter',
+       tooltipField: 'title',
+       valueClassName: 'operational-grid-text font-bold uppercase text-white',
+       alignment: 'left',
+       hide: hiddenColumns.includes('title'),
+     }),
+     createOperationalMetricBadgeColumn({
+       field: 'severity', headerName: 'S', width: 72, minWidth: 68, fontSize,
+       resolveTone: (value) => value >= 8 ? 'critical' : value >= 5 ? 'warning' : 'healthy',
+       onActivate: () => setShowRpnHelp(true),
+       title: 'RPN Definition Matrix',
+       hide: hiddenColumns.includes('severity'),
+     }),
+     createOperationalMetricBadgeColumn({
+       field: 'occurrence', headerName: 'O', width: 72, minWidth: 68, fontSize,
+       resolveTone: (value) => value >= 7 ? 'critical' : value >= 4 ? 'warning' : 'healthy',
+       onActivate: () => setShowRpnHelp(true),
+       title: 'RPN Definition Matrix',
+       hide: hiddenColumns.includes('occurrence'),
+     }),
+     createOperationalMetricBadgeColumn({
+       field: 'detection', headerName: 'D', width: 72, minWidth: 68, fontSize,
+       resolveTone: (value) => value >= 7 ? 'critical' : value >= 4 ? 'warning' : 'healthy',
+       onActivate: () => setShowRpnHelp(true),
+       title: 'RPN Definition Matrix',
+       hide: hiddenColumns.includes('detection'),
+     }),
+     createOperationalMetricBadgeColumn({
+       field: 'rpn', headerName: 'RPN', width: 84, minWidth: 80, fontSize,
+       resolveTone: (value) => value >= 150 ? 'critical' : value >= 80 ? 'warning' : 'healthy',
+       onActivate: () => setShowRpnHelp(true),
+       title: 'RPN Definition Matrix',
+       hide: hiddenColumns.includes('rpn'),
+     }),
+     ...createFarAnalyticalColumns({
+       fontSize,
+       hiddenColumns,
+       onOpenMaturity: () => setShowMaturityHelp(true),
+       onOpenIncidents: (rcas) => setIncidentListModal({ show: true, rcas }),
+     }),
+     createOperationalGoldenTextColumn({
+       field: 'created_by_user_id',
+       headerName: 'Created By',
+       width: farDefaultWidths.created_by_user_id,
+       minWidth: 128,
+       filter: true,
+       emptyValue: 'SYSTEM',
+       tooltipValueGetter: (value) => String(value || 'SYSTEM'),
+       valueClassName: 'operational-grid-text font-bold text-blue-400 uppercase',
+       hide: hiddenColumns.includes('created_by_user_id'),
+     }),
+     createOperationalActionColumnDefinition({
+       width: OPERATIONAL_GRID_WIDTHS.standardAction,
+       renderActions: (row: any) => renderOperationalActionButtons([
+         <button key="detail" onClick={() => { if (!row?.id) return; openFarDossier(Number(row.id)) }} title="Matrix Detail" className="text-blue-400 hover:text-blue-200 transition-all"><Eye size={14}/></button>,
+         ...(row?.is_deleted ? [
+           <button
+             key="restore"
+             onClick={() => row?.id && requestBulkPreview({ action: 'restore', ids: [row.id] })}
+             title="Restore failure vector"
+             className="text-emerald-400 hover:text-emerald-200 transition-all"
+           ><Undo2 size={14}/></button>,
+         ] : [
+           <button
+             key="edit"
+             onClick={() => { if (!row?.id) return; setSelectedModeId(row.id); setShowWizard(true) }}
+             title="Edit Matrix"
+             className="text-amber-400 hover:text-amber-200 transition-all"
+           ><Edit2 size={14}/></button>,
+           <button
+             key="retire"
+             onClick={() => row?.id && requestBulkPreview({ action: 'archive', ids: [row.id] })}
+             title="Retire failure vector"
+             className="text-rose-400 hover:text-rose-200 transition-all"
+           ><Trash2 size={14}/></button>,
+         ]),
+       ]),
+     })
+   ], [farDefaultWidths, fontSize, hiddenColumns, openFarDossier, operatorIntelligence.utilityColumnsConfig, requestBulkPreview]) as any
+
+   // Advanced Metrics Calculation
+   const metrics = useMemo(() => {
+     const activeModes = filteredModes || []
+     const totalRPN = activeModes.reduce((acc: number, m: any) => acc + (m.rpn || 0), 0)
+     const avgRPN = activeModes.length ? totalRPN / activeModes.length : 0
+     const sri = Math.max(0, Math.round(100 * (1 - avgRPN / 500))) 
+     
+     const maturityDist = activeModes.reduce((acc: any, mode: any) => {
+       const lv = getFarMaturityLevel(mode);
+       acc[lv] = (acc[lv] || 0) + 1;
+       return acc;
+     }, {} as Record<number, number>);
+
+     const mitigated = activeModes.filter((m: any) => (m.mitigations?.length || 0) > 0).length
+     const mitRatio = activeModes.length ? Math.round((mitigated / activeModes.length) * 100) : 0
+     const totalAssets = activeModes.reduce((acc: number, m: any) => acc + (m.affected_assets?.length || 0), 0)
+     const riskDensity = totalAssets ? (totalRPN / totalAssets).toFixed(1) : '0.0'
+     return { sri, mitRatio, riskDensity, avgRPN: Math.round(avgRPN), maturityDist }
+   }, [filteredModes])
+
+   const goldenWorkspace = useFARGoldenWorkspaceControls({
+     gridRef,
+     modes: lifecycleModes,
+     selectedIds: lifecycleScope === 'active' ? selectedIds : [],
+     readOnly: lifecycleScope === 'archived',
+     lifecycleScope,
+     restorationDossier,
+     onLifecycleScopeChange: restoreFarLifecycleScope,
+     fontSize,
+     setFontSize,
+     rowDensity,
+     setRowDensity,
+     hiddenColumns,
+     setHiddenColumns,
+     searchTerm,
+     setSearchTerm,
+     groupBy,
+     setGroupBy,
+     quickFilters,
+     setQuickFilters,
+     showFilterBar,
+     setShowFilterBar,
+     showInsights,
+     setShowInsights,
+     columnDefs,
+     onExport: handleExportCSV,
+     onRoundTripExport: handleExportRoundTrip,
+     onCopySelected: handleCopyToClipboard,
+     onImport: () => openFarOperatorSurface('import'),
+     onRetireSelected: (ids) => requestBulkPreview(ids?.length ? { action: 'archive', ids } : { action: 'archive' }),
+     onBulkScoreSelected: (field: FarBulkScoreField, value: number) => requestBulkPreview({
+       action: 'update',
+       payload: { [field]: value },
+     }),
+     onAdd: () => { setSelectedModeId(null); setShowWizard(true) },
+     onSettings: () => setShowConfig(true),
+     onRpnHelp: () => setShowRpnHelp(true),
+     onOpenDetailTab: (id, tab) => openFarDossier(id, tab),
+     onOpenIncidents: (rcas) => setIncidentListModal({ show: true, rcas }),
+     onEdit: (id) => { setSelectedModeId(id); setShowWizard(true) },
+   })
+
+   useEffect(() => {
+     if (!goldenWorkspace.workingStateReady || deepLinkResolution.kind !== 'resolved' || !gridRef.current?.api) return
+     const targetId = deepLinkResolution.targetId
+     requestAnimationFrame(() => {
+       gridRef.current?.api?.forEachNode?.((node: any) => {
+         if (Number(node?.data?.id) !== targetId) return
+         node.setSelected?.(true)
+         gridRef.current?.api?.ensureNodeVisible?.(node, 'middle')
+       })
+     })
+   }, [deepLinkResolution, goldenWorkspace.workingStateReady])
+
+   return (
+     <OperationalWorkspaceShell
+       archetype="analytical"
+       workspace="far"
+       floatingPanels={goldenWorkspace.floatingPanels}
+       header={{
+         eyebrow: 'Analysis',
+         title: (
+           <div className="flex items-center gap-3">
+             <Target size={22} className="text-rose-500" />
+             <span>Failure Matrix</span>
+           </div>
+         ),
+         subtitle: 'Reliability Knowledge Engine // FMEA Studio',
+         actions: (
+           <div className="flex items-center gap-2">
+             {modesError && (
+               <DataStatusPill
+                 status="error"
+                 errorDetail={farRegistryDiagnosticDetail}
+                 onClick={() => openFarOperatorSurface('diagnostics')}
+               />
+             )}
+             <HeaderScopeSwitch
+               label="Registry Scope"
+               summary={`${lifecycleCounts.active} active · ${lifecycleCounts.archived} archived`}
+               value={lifecycleScope}
+               onChange={(next) => transitionFarLifecycleScope(next as FarLifecycleScope)}
+               options={[
+                 { label: 'Active', value: 'active' },
+                 { label: 'Archived', value: 'archived' },
+               ]}
+             />
+           </div>
+         ),
+       }}
+       toolbarSearch={(
+         <ToolbarSearch value={searchTerm} onChange={(event) => setSearchTerm(event.target.value)} placeholder="Scan risk vectors..." />
+       )}
+       toolbarControls={(
+         <>
+           {goldenWorkspace.toolbarControls}
+           {lifecycleScope === 'archived' && selectedIds.length > 0 && (
+             <ToolbarGroup>
+               <ToolbarButton
+                 onClick={() => requestBulkPreview({ action: 'restore' })}
+                 title="Restore selected archived failure vectors"
+               >
+                 <Undo2 size={14} /> Restore ({selectedIds.length})
+               </ToolbarButton>
+             </ToolbarGroup>
+           )}
+           <ToolbarGroup>
+             <ToolbarButton
+               active={operatorIntelligence.isIntelligenceExpanded}
+               onClick={() => operatorIntelligence.setIsIntelligenceExpanded((current) => !current)}
+               title={operatorIntelligence.isIntelligenceExpanded ? 'Hide activity columns' : 'Show activity columns'}
+             >
+               <Activity size={14} /> Signals
+             </ToolbarButton>
+           </ToolbarGroup>
+         </>
+       )}
+       toolbarActions={(
+         goldenWorkspace.toolbarActions
+       )}
+       filterChips={goldenWorkspace.filterChips}
+       secondaryToolbar={showFilterBar ? (
+         <FARFilterBar
+           quickFilters={quickFilters}
+           setQuickFilters={setQuickFilters}
+           systems={availableSystems}
+           failureTypes={availableFailureTypes}
+           statuses={availableStatuses}
+         />
+       ) : null}
+     >
+       <AnimatePresence>
+         {showStyleLab && (
+           <motion.div initial={{ height: 0, opacity: 0 }} animate={{ height: 'auto', opacity: 1 }} exit={{ height: 0, opacity: 0 }} className="shrink-0 overflow-hidden">
+             <div className="bg-rose-600/10 border border-rose-500/20 rounded-lg p-4 flex items-center justify-between backdrop-blur-md">
+                <div className="flex items-center space-x-12">
+                   <div className="flex items-center space-x-3">
+                      <Activity size={16} className="text-rose-400" />
+                      <span className="text-[10px] font-bold uppercase tracking-widest text-rose-400">Display Density</span>
+                   </div>
+                   <div className="flex items-center space-x-6">
+                      <div className="flex items-center space-x-4"><span className="text-[9px] font-bold text-slate-500 uppercase">Font Size</span><div className="flex items-center space-x-2"><input type="range" min="8" max="14" step="1" value={fontSize} onChange={e => setFontSize(Number(e.target.value))} className="w-32 accent-rose-500 h-1.5 bg-slate-800 rounded-lg appearance-none cursor-pointer"/><span className="text-[10px] text-white w-4 font-bold">{fontSize}px</span></div></div>
+                      <div className="flex items-center space-x-4 border-l border-white/10 pl-6"><span className="text-[9px] font-bold text-slate-500 uppercase">Row Density</span><div className="flex items-center space-x-2"><input type="range" min="4" max="24" step="2" value={rowDensity} onChange={e => setRowDensity(Number(e.target.value))} className="w-32 accent-rose-500 h-1.5 bg-slate-800 rounded-lg appearance-none cursor-pointer"/><span className="text-[10px] text-white w-4 font-bold">{rowDensity}px</span></div></div>
+                   </div>
+                </div>
+                <button onClick={() => setShowStyleLab(false)} className="text-slate-500 hover:text-white transition-colors"><X size={16}/></button>
+             </div>
+           </motion.div>
+         )}
+       </AnimatePresence>
+
+       <AnimatePresence>
+         {showInsights && (
+           <motion.div initial={{ height: 0, opacity: 0 }} animate={{ height: 'auto', opacity: 1 }} exit={{ height: 0, opacity: 0 }} className="shrink-0 overflow-hidden">
+             <div className="glass-panel rounded-lg border border-white/5 bg-[#0a0c14]/40 p-4 space-y-4">
+               <div className="flex flex-wrap justify-center gap-4">
+                 <StatCard id="SRI" label="Reliability Index" value={metrics.sri} suffix="/100" color={metrics.sri > 70 ? "emerald" : "rose"} onHelp={() => setActiveMetricHelp("SRI")} />
+                 <StatCard id="RiskDensity" label="Risk Density" value={metrics.riskDensity} suffix="RPN/ASSET" color="amber" onHelp={() => setActiveMetricHelp("RiskDensity")} />
+                 <StatCard id="MitigationRatio" label="Mitigation Ratio" value={metrics.mitRatio} suffix="%" color="sky" onHelp={() => setActiveMetricHelp("MitigationRatio")} />
+                 <StatCard id="AvgSeverity" label="Avg Severity" value={metrics.avgRPN} suffix="AVG RPN" color="rose" onHelp={() => setActiveMetricHelp("AvgSeverity")} />
+               </div>
+               <div className="flex items-center justify-between rounded-lg border border-white/5 bg-white/[0.02] px-4 py-2">
+                 <div className="flex items-center gap-2">
+                   <ShieldAlert size={14} className="text-rose-500" />
+                   <h3 className="text-[10px] font-bold uppercase tracking-widest text-white">Failure Inventory Maturity Profile</h3>
+                 </div>
+                 <div className="flex items-center gap-3">
+                   <div className="flex items-end gap-1 h-8">
+                     {FAR_MATURITY_LEVELS.slice().reverse().map((ml: any) => {
+                       const count = (metrics as any).maturityDist[ml.lv] || 0
+                       const pct = filteredModes?.length ? (count / filteredModes.length) * 100 : 0
+                       return (
+                         <div key={ml.lv} className="w-4 h-full relative group cursor-help">
+                           <div className={`w-full rounded-lg transition-all ${ml.color} ${count === 0 ? 'opacity-5' : 'opacity-40 group-hover:opacity-100'}`} style={{ height: `${Math.max(10, pct)}%` }} />
+                           <div className="absolute -top-8 left-1/2 -translate-x-1/2 opacity-0 group-hover:opacity-100 transition-opacity pointer-events-none z-[100] whitespace-nowrap bg-black border border-white/10 px-2 py-1 rounded-lg text-[8px] font-bold uppercase tracking-widest">
+                             {ml.label}: {count}
+                           </div>
+                         </div>
+                       )
+                     })}
+                   </div>
+                   <div className="w-px h-4 bg-white/10 mx-2" />
+                   <button onClick={() => setShowMaturityHelp(true)} className="p-1 text-slate-500 hover:text-white transition-colors" title="Maturity Level Definitions"><HelpCircle size={14} /></button>
+                 </div>
+               </div>
+             </div>
+           </motion.div>
+         )}
+       </AnimatePresence>
+
+       {goldenWorkspace.activityPanel}
+       {goldenWorkspace.compareModal}
+
+       <div className="relative flex min-h-0 flex-1 flex-col">
+         <FAROperationalGridView
+           gridRef={gridRef}
+           rows={displayedModes}
+           groupBy={groupBy}
+           selectionScopeKey={selectionScopeKey}
+           selectedIds={selectedIds}
+           setSelectedIds={setSelectedIds}
+           columnDefs={columnDefs as any}
+           runtime={goldenWorkspace.gridRuntime}
+           rowInteractions={operatorIntelligence.rowInteractions}
+           contextMenu={lifecycleScope === 'active' ? goldenWorkspace.contextMenu : undefined}
+           gridContext={operatorIntelligence.gridContext}
+           getRowClass={operatorIntelligence.getRowClass}
+           fontSize={fontSize}
+           rowDensity={rowDensity}
+           loading={modesLoading || !goldenWorkspace.workingStateReady}
+           loadingIcon={<RefreshCcw size={28} className="animate-spin text-rose-400" />}
+           loadingLabel={<p className="text-[10px] font-semibold text-rose-300">Loading failure analysis registry...</p>}
+           dataState={getFarGridDataState({
+             modesError,
+             modesLoading,
+             filteredModeCount: filteredModes.length,
+             lifecycleScope,
+             deepLinkNotice,
+           })}
+         />
+         <AnimatePresence>
+           {showColumnPicker && (
+             <motion.div initial={{ opacity: 0, x: 20 }} animate={{ opacity: 1, x: 0 }} exit={{ opacity: 0, x: 20 }} className="absolute top-0 right-0 bottom-0 w-64 bg-slate-950/90 backdrop-blur-xl border-l border-white/10 z-[60] flex flex-col shadow-2xl">
+               <div className="p-6 border-b border-white/5 flex items-center justify-between"><h3 className="text-xs font-bold uppercase tracking-widest text-rose-400 flex items-center space-x-2"><Sliders size={14} /> <span>Columns</span></h3><button onClick={() => setShowColumnPicker(false)} className="text-slate-500 hover:text-white"><X size={18}/></button></div>
+               <div className="flex-1 overflow-y-auto custom-scrollbar p-4 space-y-1">
+                 {columnDefs.filter((c: any) => (c.field || c.colId) && !c.lockVisible).map((col: any) => (
+                   <label key={col.field || col.colId} className="flex items-center space-x-3 p-2 rounded-lg hover:bg-white/5 cursor-pointer group transition-all">
+                     <input type="checkbox" checked={!hiddenColumns.includes(col.field || col.colId)} onChange={() => setHiddenColumns(prev => prev.includes(col.field || col.colId) ? prev.filter(f => f !== (col.field || col.colId)) : [...prev, col.field || col.colId])} className="sr-only" />
+                     <div className={`w-4 h-4 rounded-lg border transition-all ${!hiddenColumns.includes(col.field || col.colId) ? 'bg-rose-600 border-rose-500 shadow-lg shadow-rose-500/20' : 'border-white/10 bg-black/40 group-hover:border-white/20'}`}>{!hiddenColumns.includes(col.field || col.colId) && <Check size={12} className="text-white mx-auto" />}</div>
+                     <span className={`text-[10px] font-bold uppercase tracking-widest ${!hiddenColumns.includes(col.field || col.colId) ? 'text-slate-200' : 'text-slate-500'}`}>{col.headerName || col.field || col.colId}</span>
+                   </label>
+                 ))}
+               </div>
+             </motion.div>
+           )}
+         </AnimatePresence>
+       </div>
+
+       <AnimatePresence>
+           {selectedModeId && selectedMode && (
+             <FailureDetailView
+               mode={selectedMode}
+               initialTab={selectedDetailTab}
+               onTabChange={(tab) => {
+                 setSelectedDetailTab(tab)
+                 syncFarDossierLink(Number(selectedMode.id), tab)
+               }}
+               onClose={() => closeFarDossier()}
+               onUpdate={(type: string) => {
+                 if (type === 'edit') {
+                   setShowWizard(true);
+                 } else {
+                   queryClient.invalidateQueries({ queryKey: ['far', 'modes'] });
+                 }
+               }}
+               onRestore={() => {
+                 closeFarDossier(true)
+                 requestBulkPreview({ action: 'restore', ids: [Number(selectedMode.id)] })
+               }}
+               setBkmGuidanceModal={setBkmGuidanceModal}
+               setResolutionManagerModal={setResolutionManagerModal}
+             />
+           )}
+       </AnimatePresence>
+
+       <AnimatePresence>
+         {incidentListModal.show && (
+           <div className="fixed inset-0 z-[300] flex items-center justify-center bg-black/80 backdrop-blur-md p-10">
+             <motion.div initial={{ scale: 0.9, opacity: 0 }} animate={{ scale: 1, opacity: 1 }} className="glass-panel w-full max-w-4xl p-8 rounded-lg border border-purple-500/30 space-y-6 flex flex-col max-h-[90vh]">
+               <div className="flex items-center justify-between border-b border-white/5 pb-4">
+                 <h2 className="text-xl font-bold uppercase tracking-tighter text-purple-400 flex items-center space-x-3">
+                    <ShieldAlert size={24}/> <span>Linked Incident Forensic Registry</span>
+                 </h2>
+                 <button onClick={() => setIncidentListModal({ show: false, rcas: [] })} className="text-slate-500 hover:text-white transition-colors"><X size={24}/></button>
+               </div>
+               
+               <div className="flex-1 overflow-y-auto custom-scrollbar">
+                 <table className="w-full text-left border-collapse">
+                    <thead className="sticky top-0 bg-slate-900 border-b border-white/10 z-10">
+                       <tr className="text-[10px] font-bold uppercase tracking-widest text-slate-500">
+                          <th className="py-3 px-4 w-12 text-center text-blue-400">#</th>
+                          <th className="py-3 px-4 w-16">ID</th>
+                          <th className="py-3 px-4">Incident Title</th>
+                          <th className="py-3 px-4 w-40">Occurrence Datetime</th>
+                          <th className="py-3 px-4 w-32">Lead Owner</th>
+                          <th className="py-3 px-4 w-24 text-center">Status</th>
+                       </tr>
+                    </thead>
+                    <tbody className="divide-y divide-white/5">
+                       {incidentListModal.rcas.map((r: any, idx: number) => (
+                         <tr 
+                           key={r.id}
+                           onClick={() => {
+                             setSelectedRcaDetail(r);
+                             setIncidentListModal({ show: false, rcas: [] });
+                           }}
+                           className="group cursor-pointer hover:bg-purple-500/5 transition-colors"
+                         >
+                           <td className="py-4 px-4 text-center text-[10px] font-bold text-slate-600 group-hover:text-blue-400">{idx + 1}</td>
+                           <td className="py-4 px-4 text-[10px] font-bold text-slate-500 uppercase tracking-tighter">RCA-{r.id}</td>
+                           <td className="py-4 px-4">
+                              <div className="text-[11px] font-bold text-slate-200 uppercase group-hover:text-white transition-colors leading-tight">{r.title}</div>
+                           </td>
+                           <td className="py-4 px-4 text-[10px] font-bold text-slate-400 uppercase tracking-tight">
+                              {r.occurrence_at ? formatAppDate(r.occurrence_at, {month:'short', day:'numeric', hour:'2-digit', minute:'2-digit'}) : 'N/A'}
+                           </td>
+                           <td className="py-4 px-4">
+                              <div className="text-[10px] font-bold text-blue-400/70 group-hover:text-blue-400 uppercase tracking-widest truncate max-w-[120px]">
+                                 {r.owners?.[0] || r.owner || 'N/A'}
+                              </div>
+                           </td>
+                           <td className="py-4 px-4">
+                              <div className="flex justify-center">
+                                 <span className={`text-[9px] font-bold uppercase px-2 py-0.5 rounded-lg border ${
+                                    r.status === 'RESOLVED' || r.status === 'CLOSED' ? 'text-emerald-400 border-emerald-500/30 bg-emerald-500/10' : 'text-purple-400 border-purple-500/30 bg-purple-500/10'
+                                 }`}>{r.status}</span>
+                              </div>
+                           </td>
+                         </tr>
+                       ))}
+                    </tbody>
+                 </table>
+               </div>
+               <button onClick={() => setIncidentListModal({ show: false, rcas: [] })} className="w-full py-3.5 bg-white/5 border border-white/10 text-slate-400 hover:text-white hover:bg-white/10 rounded-lg text-[10px] font-bold uppercase tracking-[0.2em] transition-all">Dismiss Registry View</button>
+             </motion.div>
+           </div>
+         )}
+       </AnimatePresence>
+
+       <AnimatePresence>
+         {selectedRcaDetail && (
+           <EnhancedRcaDetails 
+             item={selectedRcaDetail} 
+             devices={[]} // We can pass an empty array or fetch devices if needed
+             options={options}
+             failureModes={modes}
+             onClose={() => setSelectedRcaDetail(null)} 
+             onSave={() => {
+               setSelectedRcaDetail(null);
+               queryClient.invalidateQueries({ queryKey: ['far', 'modes'] });
+             }}
+             fontSize={fontSize}
+             rowDensity={rowDensity}
+           />
+         )}
+       </AnimatePresence>
+
+       <AnimatePresence>
+         {showMaturityHelp && (
+           <div className="fixed inset-0 z-[200] flex items-center justify-center bg-black/80 backdrop-blur-md p-10">
+              <motion.div initial={{ scale: 0.9, opacity: 0 }} animate={{ scale: 1, opacity: 1 }} className="glass-panel w-full max-w-2xl rounded-lg border border-white/10 bg-slate-900 overflow-hidden shadow-2xl">
+                 <div className="p-8 border-b border-white/5 flex items-center justify-between">
+                    <h2 className="text-xl font-bold uppercase tracking-widest text-white ">Maturity Matrix Glossary</h2>
+                    <button onClick={() => setShowMaturityHelp(false)} className="text-slate-500 hover:text-white transition-colors"><X size={24}/></button>
+                 </div>
+                 <div className="p-4 space-y-2 max-h-[70vh] overflow-y-auto custom-scrollbar">
+                    <table className="w-full text-xs">
+                       <thead className="bg-white/5 border-b border-white/5">
+                          <tr>
+                             <th className="px-4 py-2 text-center font-bold uppercase tracking-widest text-slate-500">Lv</th>
+                             <th className="px-4 py-2 text-left font-bold uppercase tracking-widest text-slate-500">Status Title</th>
+                             <th className="px-4 py-2 text-left font-bold uppercase tracking-widest text-slate-500">Architecture Definition</th>
+                          </tr>
+                       </thead>
+                       <tbody className="divide-y divide-white/5">
+                          {[...FAR_MATURITY_LEVELS].reverse().map(ml => (
+                            <tr key={ml.lv} className="hover:bg-white/5 transition-colors">
+                               <td className="px-4 py-3 text-center"><span className={`px-2 py-1 rounded-lg font-bold text-white shadow-lg ${ml.color}`}>{ml.lv}</span></td>
+                               <td className="px-4 py-3 font-bold text-white uppercase ">{ml.label}</td>
+                               <td className="px-4 py-3 text-slate-400 font-bold tracking-tight">{ml.tooltip}</td>
+                            </tr>
+                          ))}
+                       </tbody>
+                    </table>
+                 </div>
+              </motion.div>
+           </div>
+         )}
+
+         {showRpnHelp && (
+           <RpnDefinitionModal onClose={() => setShowRpnHelp(false)} />
+         )}
+       </AnimatePresence>
+
+       <MetricHelpModal metric={activeMetricHelp} onClose={() => setActiveMetricHelp(null)} />
+
+       <DataDiagnosticModal
+         isOpen={operatorLoopSession?.surface === 'diagnostics'}
+         onClose={() => closeFarOperatorSurface('diagnostics')}
+         errorDetail={farRegistryDiagnosticDetail}
+       />
+
+       <ConfigRegistryModal isOpen={showConfig} onClose={() => setShowConfig(false)} title="Reliability Matrix Registry" sections={[{ title: "Systems", category: "LogicalSystem", icon: LayoutGrid }, { title: "Risk Cats", category: "RiskCategory", icon: Target }, { title: "Teams", category: "BusinessUnit", icon: User }]} />
+       <OperationalImportModal
+         isOpen={operatorLoopSession?.surface === 'import'}
+         onClose={() => closeFarOperatorSurface('import')}
+         tableName={FAR_IMPORT_PROFILE}
+         displayName="Failure Modes & Risk Matrix"
+       />
+
+       <FARAuthoringModal
+         isOpen={showWizard}
+         initialData={selectedMode}
+         onClose={() => setShowWizard(false)}
+         onComplete={() => {
+           setShowWizard(false)
+           queryClient.invalidateQueries({ queryKey: ['far', 'modes'] })
+         }}
+       />
+
+       <OperationalBulkPreviewModal
+         isOpen={Boolean(bulkOperationPreview)}
+         workspaceLabel="FAR"
+         actionLabel={
+           bulkOperationPreview?.action === 'update'
+             ? bulkOperationPreview.actionLabel
+             : bulkOperationPreview?.action === 'restore'
+               ? 'Restore failure vectors'
+               : 'Retire failure vectors'
+         }
+         preview={bulkOperationPreview?.preview || null}
+         previewBasis="workspace-snapshot"
+         result={bulkOperationPreview?.result || null}
+         isExecuting={bulkMutation.isPending}
+         onClose={() => setBulkOperationPreview(null)}
+         onConfirm={() => bulkOperationPreview && bulkMutation.mutate({
+           action: bulkOperationPreview.action,
+           ids: bulkOperationPreview.ids,
+           payload: bulkOperationPreview.payload,
+         })}
+       />
+
+       <AnimatePresence>
+         {bkmGuidanceModal.show && bkmGuidanceModal.cause && (
+           <BkmGuidanceModal 
+             cause={bkmGuidanceModal.cause} 
+             onClose={() => setBkmGuidanceModal({ show: false, cause: null })} 
+           />
+         )}
+       </AnimatePresence>
+
+       <AnimatePresence>
+         {resolutionManagerModal.show && resolutionManagerModal.cause && (
+           <ResolutionManagerModal 
+             isOpen={resolutionManagerModal.show}
+             cause={resolutionManagerModal.cause}
+             modeId={selectedModeId}
+             modeVersion={selectedMode?.version}
+             onClose={() => setResolutionManagerModal({ show: false, cause: null })}
+             onSave={() => queryClient.invalidateQueries({ queryKey: ['far', 'modes'] })}
+           />
+         )}
+       </AnimatePresence>
+     </OperationalWorkspaceShell>
+   )
+ }
+
+ function BkmGuidanceModal({ cause, onClose }: { cause: any, onClose: () => void }) {
+   const navigate = useNavigate()
+   return (
+     <div className="fixed inset-0 z-[300] flex items-center justify-center bg-black/80 backdrop-blur-md p-6">
+       <motion.div initial={{ scale: 0.9, opacity: 0 }} animate={{ scale: 1, opacity: 1 }} className="glass-panel w-full max-w-4xl p-8 rounded-lg border border-emerald-500/30 space-y-6 flex flex-col max-h-[85vh] shadow-[0_0_50px_rgba(16,185,129,0.1)]">
+         <div className="flex items-center justify-between border-b border-white/5 pb-6">
+           <div className="flex items-center gap-4">
+              <div className="p-3 bg-emerald-500/10 rounded-lg border border-emerald-500/20 text-emerald-400">
+                 <ShieldCheck size={28}/>
+              </div>
+              <div>
+                 <h2 className="text-2xl font-black uppercase tracking-tighter text-emerald-400 flex items-center space-x-3">
+                    <span>Operational Guidance Registry</span>
+                 </h2>
+                 <p className="text-[10px] font-bold text-slate-500 uppercase tracking-[0.2em] mt-1">Forensic Lineage // {cause.cause_text}</p>
+              </div>
+           </div>
+           <button onClick={onClose} className="p-2 bg-white/5 hover:bg-white/10 rounded-lg text-slate-500 hover:text-white transition-all"><X size={24}/></button>
+         </div>
+         
+         <div className="flex-1 overflow-y-auto custom-scrollbar pr-2">
+           <div className="space-y-4">
+             {(cause.resolutions || []).map((res: any, idx: number) => (
+               <div key={res.id} className="bg-white/5 border border-white/5 rounded-lg overflow-hidden group hover:border-emerald-500/30 transition-all shadow-xl">
+                  <div className="px-6 py-4 bg-white/[0.02] border-b border-white/5 flex items-center justify-between">
+                     <div className="flex items-center gap-4">
+                        <span className="text-xl font-black text-slate-700">{idx + 1}</span>
+                        <div>
+                           <p className="text-[11px] font-black text-emerald-400 uppercase tracking-widest leading-none">
+                              {res.knowledge_bkm?.title || 'UNNAMED_BKM_ARTIFACT'}
+                           </p>
+                           <div className="flex items-center gap-3 mt-1.5">
+                              <div className="flex items-center gap-1.5">
+                                 <Clock size={10} className="text-slate-500" />
+                                 <span className="text-[9px] font-bold text-slate-500 uppercase tracking-tight">
+                                    Logged {formatAppDate(res.created_at)}
+                                 </span>
+                              </div>
+                              <div className="w-px h-2 bg-white/10" />
+                              <div className="flex items-center gap-1.5">
+                                 <User size={10} className="text-slate-500" />
+                                 <span className="text-[9px] font-bold text-slate-500 uppercase tracking-tight">
+                                    {res.responsible_team || 'SYSTEM_OPS'}
+                                 </span>
+                              </div>
+                           </div>
+                        </div>
+                     </div>
+                     <button 
+                       onClick={() => navigate(`/knowledge?id=${res.knowledge_id}`)}
+                       className="flex items-center gap-2 px-4 py-2 bg-emerald-600/10 border border-emerald-500/20 rounded-lg text-[10px] font-black text-emerald-400 uppercase tracking-widest hover:bg-emerald-600 hover:text-white transition-all shadow-lg group-hover:scale-105"
+                     >
+                        <Zap size={12} />
+                        Jump to BKM
+                     </button>
+                  </div>
+                  <div className="p-6 space-y-4">
+                     <div className="space-y-2">
+                        <p className="text-[9px] font-black text-slate-500 uppercase tracking-widest leading-none">Operational Context & Guidance</p>
+                        <div className="bg-black/40 border border-white/5 rounded-lg p-4 text-[13px] text-slate-300 font-bold uppercase leading-relaxed tracking-tight shadow-inner">
+                           {res.guidance_notes || res.preventive_follow_up || 'NO OPERATIONAL GUIDANCE PROVIDED FOR THIS RESOLUTION VECTOR.'}
+                        </div>
+                     </div>
+                  </div>
+               </div>
+             ))}
+             {(!cause.resolutions || cause.resolutions.length === 0) && (
+               <div className="py-20 flex flex-col items-center justify-center opacity-20 space-y-4">
+                  <Shield size={48} className="text-slate-500" />
+                  <WorkspaceEmptyState title="No guidance protocols found" description="No standard operating procedures are linked." />
+               </div>
+             )}
+           </div>
+         </div>
+
+         <div className="pt-4">
+            <button onClick={onClose} className="w-full py-4 bg-white/5 border border-white/10 text-slate-400 hover:text-white hover:bg-white/10 rounded-lg text-[10px] font-black uppercase tracking-[0.2em] transition-all">Dismiss Guidance Registry</button>
+         </div>
+       </motion.div>
+     </div>
+   )
+ }
+
+ function StatCard({ id, label, value, suffix, color, onHelp }: any) {
+   const bgColors: any = { emerald: 'bg-emerald-500/5', rose: 'bg-rose-500/5', amber: 'bg-amber-500/5', sky: 'bg-sky-500/5' }
+   const textColors: any = { emerald: 'text-emerald-400', rose: 'text-rose-400', amber: 'text-amber-400', sky: 'text-sky-400' }
+   return (
+     <div className={`glass-panel p-4 rounded-lg border-white/5 ${bgColors[color]} flex flex-col justify-between group overflow-hidden relative min-h-[90px] w-64`}>
+       <div className="flex items-center justify-between relative z-10">
+          <p className="text-xs font-bold uppercase tracking-widest text-slate-500">{label}</p>
+          <button onClick={onHelp} className="p-1 text-slate-600 hover:text-white transition-colors"><HelpCircle size={12}/></button>
+       </div>
+       <div className="flex items-baseline gap-1 relative z-10 leading-none mt-2">
+          <h4 className={`text-2xl font-bold tracking-tighter  ${textColors[color]}`}>{value}</h4>
+          <span className="text-[9px] font-bold text-slate-600 uppercase  tracking-tighter">{suffix}</span>
+       </div>
+     </div>
+   )
+ }
+
+ function FailureDetailView({ mode, initialTab, onTabChange, onClose, onUpdate, onRestore, setBkmGuidanceModal, setResolutionManagerModal }: { mode: any, initialTab: FarDossierTab, onTabChange: (tab: FarDossierTab) => void, onClose: () => void, onUpdate: (type: string) => void, onRestore: () => void, setBkmGuidanceModal: any, setResolutionManagerModal: any }) {
+   const [activeTab, setActiveTab] = useState<FarDossierTab>(initialTab)
+   const [showAllAssets, setShowAllAssets] = useState(false)
+   const queryClient = useQueryClient()
+
+   useEffect(() => {
+     setActiveTab(initialTab)
+   }, [initialTab, mode.id])
+   
+   const { data: allModes } = useQuery({ 
+     queryKey: ['far', 'modes'], 
+     queryFn: async () => (await apiFetch('/api/v1/far/modes?include_deleted=true')).json()
+   })
+
+   const systemRank = useMemo(() => {
+     if (!allModes) return 0;
+     const sameSystem = allModes
+       .filter((m: any) => m.system_name === mode.system_name && Boolean(m.is_deleted) === Boolean(mode.is_deleted))
+       .sort((a: any, b: any) => b.rpn - a.rpn);
+     return sameSystem.findIndex((m: any) => m.id === mode.id) + 1;
+   }, [allModes, mode.id, mode.system_name]);
+
+   const humanSummary = useMemo(() => {
+     if (mode.rpn > 150) return "This is a high-criticality risk with significant operational exposure. Immediate mitigation is prioritized.";
+     if (mode.rpn > 80) return "This failure mode represents a moderate operational risk. Standard monitoring is recommended.";
+     return "This is a low-impact failure mode with established containment vectors.";
+   }, [mode.rpn]);
+
+   return (
+     <FARDossierShell
+       mode={mode}
+       systemRank={systemRank}
+       humanSummary={humanSummary}
+       onClose={onClose}
+       onEdit={() => onUpdate('edit')}
+       onRestore={onRestore}
+     >
+          {/* HEADER SECTION */}
+          <div className="px-8 py-6 border-b border-white/5 bg-white/[0.02] flex flex-col shrink-0 relative overflow-hidden">
+             <div className="absolute top-0 right-0 w-96 h-96 bg-rose-600/5 blur-[100px] -translate-y-1/2 translate-x-1/2 pointer-events-none" />
+             
+             <div className="flex items-start justify-between relative z-10">
+               <div className="space-y-3 flex-1">
+                   <div className="flex items-center gap-3">
+                       <div className="px-2 py-0.5 rounded-lg bg-rose-600/10 border border-rose-500/20 text-[9px] font-bold text-rose-500  uppercase">VECTOR_{mode.id}</div>
+                       <div className="px-2 py-0.5 rounded-lg bg-white/5 border border-white/10 text-[9px] font-bold text-slate-400  uppercase tracking-widest">{mode.system_name}</div>
+                       <div className="px-2 py-0.5 rounded-lg bg-blue-600/10 border border-blue-500/20 text-[9px] font-bold text-blue-400  uppercase tracking-widest">RANK #{systemRank}</div>
+                       {mode.is_deleted && <div className="px-2 py-0.5 rounded-lg bg-slate-700/40 border border-white/10 text-[9px] font-bold text-slate-300 uppercase tracking-widest">Archived</div>}
+                   </div>
+                   <h2 className="text-3xl font-bold text-white  tracking-tighter leading-none uppercase">{mode.title}</h2>
+                   <p className="text-xs text-rose-400 italic font-medium lowercase tracking-normal mt-1">"{humanSummary}"</p>
+               </div>
+
+               <div className="flex items-center gap-4">
+                   <div className="flex gap-1.5 bg-black/40 p-1.5 rounded-lg border border-white/5 shadow-xl">
+                       <HeaderScore label="S" value={mode.severity} color="rose" />
+                       <HeaderScore label="O" value={mode.occurrence} color="amber" />
+                       <HeaderScore label="D" value={mode.detection} color="sky" />
+                   </div>
+                   
+                   <div className="text-right flex flex-col items-end">
+                       <p className="text-[8px] font-bold text-slate-500 uppercase tracking-widest mb-0.5 ">Risk Priority</p>
+                       <div className="flex items-baseline gap-1 leading-none">
+                          <p className={`text-4xl font-bold tracking-tighter ${mode.rpn > 150 ? 'text-rose-500 drop-shadow-[0_0_10px_rgba(244,63,94,0.3)]' : 'text-white'}`}>{mode.rpn}</p>
+                          <p className="text-[8px] font-bold text-slate-500  uppercase">RPN</p>
+                       </div>
+                   </div>
+               </div>
+             </div>
+
+             {/* EFFECT & IMPACTS ON OWN ROW */}
+             <div className="mt-4 flex flex-col space-y-3 relative z-10">
+                <div className="bg-rose-500/5 border border-rose-500/10 rounded-lg px-4 py-2 flex items-center gap-3">
+                   <p className="text-[9px] text-rose-500 font-bold uppercase tracking-widest shrink-0">Effect Forensics:</p>
+                   <p className="text-[11px] text-slate-200 font-bold uppercase  tracking-tight leading-none truncate">{mode.effect || 'NULL_EFFECT_STATEMENT'}</p>
+                </div>
+
+                <div className="flex flex-wrap items-center gap-2">
+                   <span className="text-[9px] text-slate-500 font-bold mr-2 uppercase tracking-widest">Affected Infrastructure:</span>
+                   {mode.affected_assets?.slice(0, showAllAssets ? undefined : 3).map((a: any) => (
+                     <div key={a.id} className="flex items-center gap-2 px-2 py-0.5 bg-white/5 border border-white/10 rounded-lg text-[9px] font-bold text-slate-400 ">
+                        <Server size={10} className="text-rose-500" /> {a.name}
+                     </div>
+                   ))}
+                   {mode.affected_assets?.length > 3 && (
+                     <button onClick={() => setShowAllAssets(!showAllAssets)} className="px-2 py-0.5 bg-rose-600/10 border border-rose-500/20 rounded-lg text-[9px] font-bold text-rose-500  hover:bg-rose-600/20 transition-all">
+                        {showAllAssets ? 'SHOW LESS' : `+ ${mode.affected_assets.length - 3} MORE ENTITIES`}
+                     </button>
+                   )}
+                   {(!mode.affected_assets || mode.affected_assets.length === 0) && <span className="text-[9px] text-slate-700  font-bold uppercase tracking-widest">No infrastructure mappings established</span>}
+                </div>
+             </div>
+
+             {/* TABS ON OWN ROW */}
+             <div className="mt-6 flex items-center relative z-10">
+                <div className="flex space-x-1 bg-black/60 p-0.5 rounded-lg border border-white/5">
+                  {([
+                    { id: 'causal', label: 'Causal Forensics', icon: Zap },
+                    { id: 'roadmap', label: 'Strategic Roadmap', icon: ShieldCheck },
+                    { id: 'versions', label: 'Version History', icon: Clock },
+                    { id: 'history', label: 'Research History', icon: Activity },
+                  ] as const).map((tab) => (
+                    <button key={tab.id} onClick={() => { setActiveTab(tab.id); onTabChange(tab.id) }} className={`px-6 py-1.5 rounded-lg text-[9px] font-bold uppercase tracking-widest transition-all flex items-center gap-2 ${activeTab === tab.id ? 'bg-rose-600 text-white shadow-lg' : 'text-slate-500 hover:text-slate-300'}`}><tab.icon size={12} /> {tab.label}</button>
+                  ))}
+                </div>
+             </div>
+          </div>
+
+          <div className="flex-1 overflow-hidden flex flex-col p-6">
+             <AnimatePresence mode="wait">
+                {activeTab === 'causal' && <CausalTab mode={mode} readOnly={Boolean(mode.is_deleted)} onUpdate={onUpdate} setBkmGuidanceModal={setBkmGuidanceModal} setResolutionManagerModal={setResolutionManagerModal} />}
+                {activeTab === 'roadmap' && <RoadmapTab mode={mode} readOnly={Boolean(mode.is_deleted)} onUpdate={onUpdate} />}
+                {activeTab === 'versions' && <FARVersionHistory mode={mode} onUpdate={onUpdate} />}
+                {activeTab === 'history' && <HistoryTab mode={mode} readOnly={Boolean(mode.is_deleted)} onUpdate={onUpdate} />}
+             </AnimatePresence>
+          </div>
+
+          <div className="px-8 py-2 bg-black/80 border-t border-white/5 flex items-center justify-between shrink-0">
+             <p className="text-[9px] text-slate-600 font-bold uppercase tracking-widest">System Integrity Vector Analysis // {mode.title}</p>
+             <div className="flex items-center gap-3 text-[9px] font-bold text-slate-500 uppercase tracking-widest">
+                <span>S: {mode.severity}</span>
+                <span className="w-1 h-1 rounded-full bg-slate-800" />
+                <span>O: {mode.occurrence}</span>
+                <span className="w-1 h-1 rounded-full bg-slate-800" />
+                <span>D: {mode.detection}</span>
+             </div>
+          </div>
+     </FARDossierShell>
+   )
+ }
+
+ function HeaderScore({ label, value, color }: any) {
+   const textColors: any = { rose: 'text-rose-500', amber: 'text-amber-500', sky: 'text-sky-400' }
+   const bgColors: any = { rose: 'bg-rose-500/10', amber: 'bg-amber-500/10', sky: 'bg-sky-500/10' }
+   const borderColors: any = { rose: 'border-rose-500/20', amber: 'border-amber-500/20', sky: 'border-sky-500/20' }
+   return (
+     <div className={`w-11 h-11 rounded-lg ${bgColors[color]} border ${borderColors[color]} flex flex-col items-center justify-center`}>
+        <p className="text-[9px] font-bold text-slate-500 uppercase tracking-widest leading-none mb-1">{label}</p>
+        <p className={`text-xl font-bold leading-none ${textColors[color]}`}>{value}</p>
+     </div>
+   )
+ }
+
+ export function GaugeSelector({ label, value, onChange, levels, color, accent }: any) {
+   const current = levels.find((l: any) => l.value === value)
+   return (
+     <div className="space-y-3">
+        <div className="flex items-center justify-between">
+           <label className="text-[11px] font-bold text-slate-400  tracking-widest uppercase">{label}</label>
+           <div className="flex items-center gap-2">
+              <span className={`text-2xl font-bold ${color}`}>{value}</span>
+              <span className="text-slate-700 text-[10px] font-bold">/ 10</span>
+           </div>
+        </div>
+        <div className="relative h-2 bg-black/40 rounded-lg border border-white/5">
+           <div className={`absolute left-0 top-0 h-full rounded-lg ${accent} transition-all duration-300`} style={{ width: `${(value / 10) * 100}%` }} />
+           <input 
+             type="range" min="1" max="10" step="1" 
+             value={value} 
+             onChange={e => onChange(Number(e.target.value))}
+             onClick={e => e.stopPropagation()}
+             className="absolute inset-0 w-full h-full opacity-0 cursor-pointer z-10"
+           />
+        </div>
+        <div className="bg-black/20 border border-white/5 rounded-lg p-3 min-h-[50px]">
+           <p className={`text-[11px] font-bold uppercase  ${color} leading-none mb-1.5`}>{current?.label}</p>
+           <p className="text-[10px] text-slate-500 font-bold leading-tight lowercase">{current?.desc}</p>
+        </div>
+     </div>
+   )
+ }
+
+ function FARAuthoringModal({ isOpen, initialData, onClose, onComplete }: any) {
+   const [activeTab, setActiveTab] = useState<FarAuthoringTab>('definition')
+   const [formErrors, setFormErrors] = useState<Record<string, string>>({})
+   const [generalError, setGeneralError] = useState('')
+   const [submitAttempted, setSubmitAttempted] = useState(false)
+   const [collapsedSections, setCollapsedSections] = useState<Record<string, boolean>>({
+     identity: false,
+     context: false,
+     risk: false,
+     assets: false,
+   })
+
+   const initialDraft = useMemo(() => buildFarAuthoringDraft(initialData), [initialData])
+   const {
+     value: formData,
+     isDirty,
+     updateValue: updateFormData,
+     resetDirty,
+     resolveIsDirty,
+   } = useOperationalFormDirty(initialDraft, sanitizeFarAuthoringPayload)
+
+   useEffect(() => {
+     if (!isOpen) return
+     setActiveTab('definition')
+     setFormErrors({})
+     setGeneralError('')
+     setSubmitAttempted(false)
+     setCollapsedSections({ identity: false, context: false, risk: false, assets: false })
+   }, [initialData?.id, isOpen])
+
+   useEffect(() => {
+     if (!submitAttempted) return
+     setFormErrors(buildFarAuthoringErrors(formData))
+   }, [formData, submitAttempted])
+
+   const { data: options } = useQuery({
+     queryKey: ['settings-options'],
+     enabled: isOpen,
+     queryFn: async () => (await apiFetch('/api/v1/settings/options')).json(),
+   })
+   const systems = options?.filter((option: any) => option.category === 'LogicalSystem') || []
+   const { data: devices } = useQuery({
+     queryKey: ['devices-far', formData.system_name],
+     enabled: isOpen && Boolean(formData.system_name),
+     queryFn: async () => (await apiFetch(`/api/v1/devices?system=${encodeURIComponent(formData.system_name)}`)).json(),
+   })
+
+   const isArchived = Boolean(initialData?.is_deleted)
+   const rpn = Number(formData.severity || 0) * Number(formData.occurrence || 0) * Number(formData.detection || 0)
+   const tabErrors = useMemo(() => getFarAuthoringTabErrorCounts(formErrors), [formErrors])
+   const totalErrors = Object.keys(formErrors).length
+   const tabs = useMemo(() => [
+     { id: 'definition', label: 'Definition', badgeCount: tabErrors.definition },
+     { id: 'risk', label: 'Risk', badgeCount: tabErrors.risk },
+     { id: 'impact', label: 'Impact', badgeCount: tabErrors.impact },
+   ], [tabErrors])
+
+   const patchFormData = (patch: Record<string, any>) => {
+     setGeneralError('')
+     updateFormData((current: any) => ({ ...current, ...patch }))
+   }
+
+   const mutation = useMutation({
+     mutationFn: async (data: any) => {
+       if (isArchived) throw new Error('Archived failure vectors are read-only. Restore the vector before editing it.')
+       const url = data.id ? `/api/v1/far/modes/${data.id}` : '/api/v1/far/modes'
+       const res = await apiFetch(url, {
+         method: data.id ? 'PUT' : 'POST',
+         body: JSON.stringify(sanitizeFarAuthoringPayload(data)),
+       })
+       if (!res.ok) throw new Error(await readFarMutationFailureMessage(res))
+       return res.json()
+     },
+     onSuccess: (data: any) => {
+       setGeneralError('')
+       resetDirty(buildFarAuthoringDraft(data ? { ...formData, ...data } : formData))
+       toast.success('Registry Synchronized')
+       onComplete()
+     },
+     onError: (error: any) => {
+       const parsed = parseOperationalApiValidationError(error)
+       const nextErrors = { ...buildFarAuthoringErrors(formData), ...parsed.fieldErrors }
+       setFormErrors(nextErrors)
+       setGeneralError(parsed.generalError || error?.message || 'Unable to save the failure vector.')
+       if (Object.keys(nextErrors).length) setActiveTab(getFarAuthoringFirstErrorTab(nextErrors))
+     },
+   })
+
+   const handleSubmit = () => {
+     if (mutation.isPending) return
+     setSubmitAttempted(true)
+     if (isArchived) {
+       setGeneralError('Archived failure vectors are read-only. Restore the vector before editing it.')
+       return
+     }
+     const errors = buildFarAuthoringErrors(formData)
+     setFormErrors(errors)
+     if (Object.keys(errors).length) {
+       setGeneralError(`Resolve ${Object.keys(errors).length} validation issue${Object.keys(errors).length === 1 ? '' : 's'} before committing.`)
+       setActiveTab(getFarAuthoringFirstErrorTab(errors))
+       return
+     }
+     setGeneralError('')
+     mutation.mutate(formData)
+   }
+
+   const toggleSection = (key: string) => {
+     setCollapsedSections((current) => ({ ...current, [key]: !current[key] }))
+   }
+
+   const handleClose = () => {
+     resetDirty(initialDraft)
+     setFormErrors({})
+     setGeneralError('')
+     setSubmitAttempted(false)
+     setActiveTab('definition')
+     onClose()
+   }
+
+   return (
+     <WorkspaceModal
+       isOpen={isOpen}
+       onClose={handleClose}
+       size="workspace"
+       title={initialData ? 'Edit Failure Mode' : 'New Failure Mode'}
+       subtitle="Reliability Engineering Risk Documentation Studio"
+       icon={<Target size={22} />}
+       status={isArchived
+         ? <WorkspaceSectionBadge tone="amber">Archived · read-only</WorkspaceSectionBadge>
+         : <WorkspaceSectionBadge tone={isDirty ? 'amber' : 'emerald'}>{isDirty ? 'Unsaved changes' : 'Draft synchronized'}</WorkspaceSectionBadge>}
+       forensicLineage={initialData ? { createdAt: initialData.created_at, updatedAt: initialData.updated_at } : undefined}
+       tabs={tabs}
+       activeTab={activeTab}
+       onTabChange={(tab) => setActiveTab(tab as FarAuthoringTab)}
+       isDirty={isDirty && !isArchived}
+       resolveIsDirty={resolveIsDirty}
+       dirtyConfirmTitle="Discard FAR changes?"
+       dirtyConfirmMessage="This failure vector has unsaved authoring changes. Close and discard them?"
+       dirtyConfirmText="Discard changes"
+       footerLeft={(
+         <div className="flex flex-wrap items-center gap-2 text-[9px] font-semibold text-slate-500">
+           <span>RPN {rpn}</span>
+           <span className="h-1 w-1 rounded-full bg-slate-700" />
+           <span>{isDirty ? 'Unsaved authoring state' : 'No pending changes'}</span>
+         </div>
+       )}
+       footerRight={(
+         <ToolbarButton
+           variant="primary"
+           onClick={handleSubmit}
+           disabled={mutation.isPending || isArchived}
+           className="min-w-32 justify-center"
+         >
+           {mutation.isPending ? <RefreshCcw size={14} className="animate-spin" /> : <Save size={14} />}
+           {mutation.isPending ? 'Committing…' : 'Commit'}
+         </ToolbarButton>
+       )}
+     >
+       <WorkspaceStickyIdentityBar>
+         <div className="flex flex-wrap items-center justify-between gap-4">
+           <div className="min-w-0">
+             <div className="flex flex-wrap items-center gap-2">
+               <WorkspaceSectionBadge tone="rose">{formData.id ? `VECTOR_${formData.id}` : 'NEW_VECTOR'}</WorkspaceSectionBadge>
+               <WorkspaceSectionBadge>{formData.system_name || 'Domain not selected'}</WorkspaceSectionBadge>
+               <WorkspaceSectionBadge>{formData.failure_type || 'Classification not selected'}</WorkspaceSectionBadge>
+             </div>
+             <p className="mt-2 truncate text-sm font-black text-white">{formData.title || 'Untitled failure vector'}</p>
+           </div>
+           <div className="text-right">
+             <p className="text-[8px] font-bold uppercase tracking-widest text-slate-600">Risk priority</p>
+             <p className={`text-2xl font-black ${rpn > 150 ? 'text-rose-400' : rpn >= 80 ? 'text-amber-400' : 'text-emerald-400'}`}>{rpn}</p>
+           </div>
+         </div>
+       </WorkspaceStickyIdentityBar>
+
+       <WorkspaceValidationBanner
+         message={generalError || (submitAttempted && totalErrors ? `Review ${totalErrors} highlighted validation issue${totalErrors === 1 ? '' : 's'}.` : undefined)}
+       />
+
+       {activeTab === 'definition' && (
+         <div id="far-authoring-definition" className="space-y-5">
+           <WorkspaceSectionCard>
+             <WorkspaceCollapsibleHeader
+               title="Failure identity"
+               subtitle="Define the operational domain, classification, and incidence signature."
+               badge={<WorkspaceSectionBadge tone={tabErrors.definition ? 'rose' : 'blue'}>{tabErrors.definition ? `${tabErrors.definition} issue${tabErrors.definition === 1 ? '' : 's'}` : 'Required identity'}</WorkspaceSectionBadge>}
+               collapsed={collapsedSections.identity}
+               onToggle={() => toggleSection('identity')}
+             />
+             {!collapsedSections.identity && (
+               <div className="mt-5 grid grid-cols-1 gap-5 lg:grid-cols-2">
+                 <WorkspaceSelectField
+                   label="Operational Domain"
+                   required
+                   searchable
+                   disabled={isArchived}
+                   value={formData.system_name}
+                   options={systems.map((system: any) => ({ value: system.value, label: system.label, description: system.description }))}
+                   placeholder="Select operational domain"
+                   error={formErrors.system_name}
+                   onChange={(next) => {
+                     setGeneralError('')
+                     updateFormData((current: any) => changeFarAuthoringSystem(current, String(next)))
+                   }}
+                 />
+                 <WorkspaceSelectField
+                   label="Root Classification"
+                   required
+                   disabled={isArchived}
+                   value={formData.failure_type}
+                   options={FAILURE_TYPES}
+                   placeholder="Select failure classification"
+                   error={formErrors.failure_type}
+                   onChange={(next) => patchFormData({ failure_type: String(next) })}
+                 />
+                 <div className="space-y-1.5 lg:col-span-2">
+                   <WorkspaceFieldLabel label="Incidence Signature" required />
+                   <input
+                     value={formData.title}
+                     disabled={isArchived}
+                     aria-invalid={Boolean(formErrors.title)}
+                     aria-describedby={formErrors.title ? 'far-title-error' : undefined}
+                     onChange={(event) => patchFormData({ title: event.target.value })}
+                     placeholder="E.G., DATABASE_CONNECTION_TIMEOUT"
+                     className={getWorkspaceInputClass(formErrors.title)}
+                   />
+                   <div id="far-title-error"><WorkspaceFieldError message={formErrors.title} /></div>
+                 </div>
+               </div>
+             )}
+           </WorkspaceSectionCard>
+
+           <WorkspaceSectionCard>
+             <WorkspaceCollapsibleHeader
+               title="Consequence context"
+               subtitle="Record the operator-visible effect without changing the FAR risk model."
+               badge={<WorkspaceSectionBadge>Optional context</WorkspaceSectionBadge>}
+               collapsed={collapsedSections.context}
+               onToggle={() => toggleSection('context')}
+             />
+             {!collapsedSections.context && (
+               <div className="mt-5 space-y-1.5">
+                 <WorkspaceFieldLabel label="Consequence Assessment (Effect)" />
+                 <textarea
+                   value={formData.effect}
+                   disabled={isArchived}
+                   onChange={(event) => patchFormData({ effect: event.target.value })}
+                   placeholder="Describe the systemic consequences..."
+                   className={`${getWorkspaceInputClass(formErrors.effect)} min-h-36 resize-y`}
+                 />
+                 <WorkspaceFieldError message={formErrors.effect} />
+               </div>
+             )}
+           </WorkspaceSectionCard>
+         </div>
+       )}
+
+       {activeTab === 'risk' && (
+         <div id="far-authoring-risk">
+           <WorkspaceSectionCard>
+             <WorkspaceCollapsibleHeader
+               title="Risk scoring"
+               subtitle="Apply the existing FAR severity × occurrence × detection model."
+               badge={<WorkspaceSectionBadge tone={tabErrors.risk ? 'rose' : 'amber'}>{tabErrors.risk ? `${tabErrors.risk} issue${tabErrors.risk === 1 ? '' : 's'}` : `RPN ${rpn}`}</WorkspaceSectionBadge>}
+               collapsed={collapsedSections.risk}
+               onToggle={() => toggleSection('risk')}
+             />
+             {!collapsedSections.risk && (
+               <div className="mt-5 grid grid-cols-1 gap-6 lg:grid-cols-3">
+                 <div>
+                   <GaugeSelector label="Severity" value={formData.severity} onChange={(value: number) => patchFormData({ severity: value })} levels={SEVERITY_LEVELS} color="text-rose-500" accent="bg-rose-500" />
+                   <WorkspaceFieldError message={formErrors.severity} />
+                 </div>
+                 <div>
+                   <GaugeSelector label="Occurrence" value={formData.occurrence} onChange={(value: number) => patchFormData({ occurrence: value })} levels={OCCURRENCE_LEVELS} color="text-amber-500" accent="bg-amber-500" />
+                   <WorkspaceFieldError message={formErrors.occurrence} />
+                 </div>
+                 <div>
+                   <GaugeSelector label="Detection" value={formData.detection} onChange={(value: number) => patchFormData({ detection: value })} levels={DETECTION_LEVELS} color="text-sky-400" accent="bg-sky-400" />
+                   <WorkspaceFieldError message={formErrors.detection} />
+                 </div>
+               </div>
+             )}
+           </WorkspaceSectionCard>
+         </div>
+       )}
+
+       {activeTab === 'impact' && (
+         <div id="far-authoring-impact">
+           <WorkspaceSectionCard>
+             <WorkspaceCollapsibleHeader
+               title="Blast radius"
+               subtitle="Search and map the infrastructure entities affected by this failure vector."
+               badge={<WorkspaceSectionBadge tone="blue">{formData.affected_assets.length} mapped</WorkspaceSectionBadge>}
+               collapsed={collapsedSections.assets}
+               onToggle={() => toggleSection('assets')}
+             />
+             {!collapsedSections.assets && (
+               <div className="mt-5">
+                 <WorkspaceSelectField
+                   label="Affected Infrastructure"
+                   searchable
+                   multi
+                   disabled={isArchived || !formData.system_name}
+                   value={formData.affected_assets.map((value: any) => String(value))}
+                   options={(devices || []).map((device: any) => ({ value: String(device.id), label: device.name, description: device.model }))}
+                   placeholder={formData.system_name ? 'Select affected infrastructure' : 'Select an operational domain first'}
+                   error={formErrors.affected_assets}
+                   onChange={(values) => patchFormData({
+                     affected_assets: (Array.isArray(values) ? values : [])
+                       .map((value: any) => Number(value))
+                       .filter((value: number) => Number.isFinite(value)),
+                   })}
+                 />
+                 {formData.system_name && !devices?.length ? (
+                   <p className="mt-3 text-[9px] font-semibold text-slate-500">No infrastructure entities are available for the selected operational domain.</p>
+                 ) : null}
+               </div>
+             )}
+           </WorkspaceSectionCard>
+         </div>
+       )}
+     </WorkspaceModal>
+   )
+ }
+
+ function CausalTab({ mode, readOnly, onUpdate, setBkmGuidanceModal, setResolutionManagerModal }: any) {
+   const [activeModal, setActiveModal] = useState<any>(null)
+   const queryClient = useQueryClient()
+   const deleteCauseMutation = useMutation({
+     mutationFn: async (causeId: number) => {
+       const res = await apiFetch(`/api/v1/far/causes/${causeId}`, {
+         method: 'DELETE',
+         body: JSON.stringify(buildFarContextMutationRequest(mode.id, mode.version)),
+       })
+       if (!res.ok) throw new Error(await readFarMutationFailureMessage(res))
+       return res.json()
+     },
+     onSuccess: () => {
+       toast.success('Root cause removed')
+       queryClient.invalidateQueries({ queryKey: ['far', 'modes'] })
+       onUpdate()
+     },
+     onError: (error: any) => toast.error(error.message || 'Failed to delete root cause')
+   })
+
+   return (
+     <motion.div initial={{ opacity: 0, y: 10 }} animate={{ opacity: 1, y: 0 }} exit={{ opacity: 0, y: 10 }} className="flex-1 flex flex-col space-y-6">
+        <div className="flex items-center justify-between">
+           <div className="flex items-center gap-4">
+              <h3 className="text-sm font-bold uppercase tracking-[0.2em] text-amber-500 ">Root Cause Attribution Matrix</h3>
+              {mode.linked_rcas?.length > 0 && (
+                 <div className="flex items-center gap-2 px-3 py-1 bg-purple-500/10 border border-purple-500/20 rounded-lg">
+                    <Activity size={12} className="text-purple-400" />
+                    <span className="text-[9px] font-black text-purple-400 uppercase tracking-widest">{mode.linked_rcas.length} Research Cases Linked</span>
+                 </div>
+              )}
+           </div>
+           <button onClick={() => setActiveModal({ isOpen: true, modeId: mode.id })} disabled={readOnly} className="px-6 py-2 bg-amber-600/20 border border-amber-500/30 text-amber-500 rounded-lg text-[10px] font-bold uppercase  hover:bg-amber-600 hover:text-white transition-all disabled:cursor-not-allowed disabled:opacity-30">+ Add Root Cause</button>
+        </div>
+        
+        <div className="flex-1 bg-black/40 border border-white/5 rounded-lg overflow-hidden flex flex-col shadow-2xl">
+           <table className="w-full text-left border-collapse">
+              <thead className="bg-white/[0.03] border-b border-white/10">
+                 <tr className="text-[10px] font-bold uppercase tracking-widest text-slate-500 ">
+                    <th className="px-8 py-4">Root Cause Description (Logical Origin)</th>
+                    <th className="px-8 py-4 text-center">Occur Lv</th>
+                    <th className="px-8 py-4">Responsible Unit</th>
+                    <th className="px-8 py-4">Linked Incidents</th>
+                    <th className="px-8 py-4 text-center">BKMs</th>
+                    <th className="px-8 py-4 text-right">Ops</th>
+                 </tr>
+              </thead>
+              <tbody className="divide-y divide-white/5 font-bold uppercase  text-[11px]">
+                 {mode.causes?.map((c: any) => (
+                   <tr key={c.id} className="hover:bg-white/[0.02] transition-colors group">
+                      <td className="px-8 py-5 text-white normal-case leading-relaxed">{c.cause_text}</td>
+                      <td className="px-8 py-5 text-center">
+                         <div className="flex items-center justify-center gap-2">
+                            <div className="w-12 h-1.5 bg-white/5 rounded-lg overflow-hidden border border-white/5">
+                               <div className="h-full bg-amber-500" style={{ width: `${c.occurrence_level * 10}%` }} />
+                            </div>
+                            <span className="text-amber-500 w-4 font-black">{c.occurrence_level}</span>
+                         </div>
+                      </td>
+                      <td className="px-8 py-5 text-slate-400 font-black">{c.responsible_team || 'UNASSIGNED'}</td>
+                      <td className="px-8 py-5">
+                         <div className="flex flex-col gap-1">
+                            {(mode.linked_rcas || []).map((r: any) => (
+                               <div key={r.id} className="flex items-center gap-1.5 text-[8px] text-purple-400">
+                                  <Activity size={8} />
+                                  <span className="truncate max-w-[120px]">{r.title}</span>
+                               </div>
+                            ))}
+                            {(!mode.linked_rcas || mode.linked_rcas.length === 0) && <span className="text-slate-700 text-[8px]">NONE</span>}
+                         </div>
+                      </td>
+                      <td className="px-8 py-5 text-center">
+                         <button 
+                           onClick={() => c.resolutions?.length > 0 && setBkmGuidanceModal({ show: true, cause: c })}
+                           className={`px-3 py-1 rounded-lg text-[9px] font-black transition-all ${
+                             c.resolutions?.length > 0 
+                               ? 'bg-emerald-500/20 text-emerald-400 border border-emerald-500/30 hover:bg-emerald-500/30 hover:scale-105 active:scale-95 cursor-pointer' 
+                               : 'bg-rose-500/10 text-rose-500 border border-rose-500/20 opacity-50 cursor-not-allowed'
+                           }`}
+                         >
+                            {c.resolutions?.length || 0} BKMS
+                         </button>
+                      </td>
+                      <td className="px-8 py-5 text-right opacity-0 group-hover:opacity-100 transition-opacity">
+                         <div className="flex items-center justify-end gap-2">
+                            <button 
+                              onClick={() => setResolutionManagerModal({ show: true, cause: c })}
+                              disabled={readOnly}
+                              className="p-1.5 text-emerald-400 hover:bg-emerald-500/10 rounded-lg transition-all disabled:cursor-not-allowed disabled:opacity-30"
+                              title="Manage BKM Guidance"
+                            >
+                               <Book size={14}/>
+                            </button>
+                            <button 
+                              onClick={() => setActiveModal({ isOpen: true, modeId: mode.id, initialData: c })}
+                              disabled={readOnly}
+                              className="p-1.5 text-blue-400 hover:bg-blue-500/10 rounded-lg transition-all disabled:cursor-not-allowed disabled:opacity-30"
+                              title="Edit Attribution"
+                            >
+                               <Edit2 size={14}/>
+                            </button>
+                            <button
+                              onClick={() => deleteCauseMutation.mutate(c.id)}
+                              disabled={readOnly || (deleteCauseMutation.isPending && deleteCauseMutation.variables === c.id)}
+                              className="p-1.5 text-slate-600 hover:text-rose-500 transition-all rounded-lg"
+                              title="Purge Attribution"
+                            >
+                              <Trash2 size={14}/>
+                            </button>
+                         </div>
+                      </td>
+                   </tr>
+                 ))}
+                 {(!mode.causes?.length) && (
+                   <tr><td colSpan={6} className="py-32 text-center opacity-20 font-bold uppercase tracking-[0.3em]">No attribution traces linked to this vector</td></tr>
+                 )}
+              </tbody>
+           </table>
+        </div>
+
+        <RootCauseFormModal 
+           isOpen={!readOnly && activeModal?.isOpen}
+           onClose={() => setActiveModal(null)}
+           modeId={activeModal?.modeId}
+           modeVersion={mode.version}
+           initialData={activeModal?.initialData}
+           onSave={onUpdate}
+        />
+     </motion.div>
+   )
+ }
+
+        function RpnDefinitionModal({ onClose }: { onClose: () => void }) {
+        return (
+        <div className="fixed inset-0 z-[10000] flex items-center justify-center bg-black/90 backdrop-blur-md p-10">
+        <motion.div initial={{ scale: 0.9, opacity: 0 }} animate={{ scale: 1, opacity: 1 }} className="glass-panel w-full max-w-4xl p-12 rounded-lg border border-amber-500/30 shadow-2xl relative">
+        <button onClick={onClose} className="absolute top-8 right-8 text-slate-500 hover:text-white transition-colors"><X size={32}/></button>
+
+        <div className="flex items-center gap-6 mb-12 border-b border-white/5 pb-8">
+          <div className="w-20 h-20 rounded-lg bg-amber-600 flex items-center justify-center text-white shadow-xl shadow-amber-600/20">
+             <Target size={40}/>
+          </div>
+          <div>
+             <h2 className="text-4xl font-black uppercase tracking-tighter text-white">Risk Priority Number</h2>
+             <p className="text-xs font-bold text-amber-500 uppercase tracking-[0.3em]">Criticality Scoring Matrix (S × O × D)</p>
+          </div>
+        </div>
+
+        <div className="grid grid-cols-3 gap-8">
+          <div className="space-y-4">
+             <div className="flex items-center gap-3 text-rose-500">
+                <Shield size={20}/>
+                <h3 className="text-sm font-black uppercase tracking-widest">Severity (S)</h3>
+             </div>
+             <p className="text-[11px] font-bold text-slate-400 uppercase leading-relaxed">Impact of the failure on the system or safety. (1 = No impact, 10 = Systemic destruction / Safety risk).</p>
+          </div>
+          <div className="space-y-4">
+             <div className="flex items-center gap-3 text-amber-500">
+                <Activity size={20}/>
+                <h3 className="text-sm font-black uppercase tracking-widest">Occurrence (O)</h3>
+             </div>
+             <p className="text-[11px] font-bold text-slate-400 uppercase leading-relaxed">Likelihood of the failure mode happening. (1 = Remote, 10 = Constant/Inevitable).</p>
+          </div>
+          <div className="space-y-4">
+             <div className="flex items-center gap-3 text-sky-500">
+                <Search size={20}/>
+                <h3 className="text-sm font-black uppercase tracking-widest">Detection (D)</h3>
+             </div>
+             <p className="text-[11px] font-bold text-slate-400 uppercase leading-relaxed">Ability to detect the failure before it impacts. (1 = Certain detection, 10 = Undetectable).</p>
+          </div>
+        </div>
+
+        <div className="mt-12 p-8 bg-black/40 rounded-lg border border-white/5">
+          <div className="flex items-center justify-between mb-6">
+             <span className="text-xs font-black uppercase tracking-widest text-slate-500">Threshold Logic</span>
+             <div className="flex gap-4">
+                <div className="flex items-center gap-2"><div className="w-2 h-2 rounded-full bg-emerald-500" /> <span className="text-[10px] font-bold text-emerald-500 uppercase">Nominal (&lt;80)</span></div>
+                <div className="flex items-center gap-2"><div className="w-2 h-2 rounded-full bg-amber-500" /> <span className="text-[10px] font-bold text-amber-500 uppercase">Moderate (80-150)</span></div>
+                <div className="flex items-center gap-2"><div className="w-2 h-2 rounded-full bg-rose-500" /> <span className="text-[10px] font-bold text-rose-500 uppercase">Critical (&gt;150)</span></div>
+             </div>
+          </div>
+          <div className="text-6xl font-black text-center text-white tracking-tighter">RPN = S <span className="text-slate-700">×</span> O <span className="text-slate-700">×</span> D</div>
+        </div>
+        </motion.div>
+        </div>
+        )
+        }
+
+        function MaturityDefinitionModal({ onClose }: { onClose: () => void }) {
+        return (
+        <div className="fixed inset-0 z-[10000] flex items-center justify-center bg-black/90 backdrop-blur-md p-10">
+        <motion.div initial={{ scale: 0.9, opacity: 0 }} animate={{ scale: 1, opacity: 1 }} className="glass-panel w-full max-w-4xl p-12 rounded-lg border border-blue-500/30 shadow-2xl relative">
+        <button onClick={onClose} className="absolute top-8 right-8 text-slate-500 hover:text-white transition-colors"><X size={32}/></button>
+
+        <div className="flex items-center gap-6 mb-12 border-b border-white/5 pb-8">
+          <div className="w-20 h-20 rounded-lg bg-blue-600 flex items-center justify-center text-white shadow-xl shadow-blue-600/20">
+             <Zap size={40}/>
+          </div>
+          <div>
+             <h2 className="text-4xl font-black uppercase tracking-tighter text-white">Maturity Spectrum</h2>
+             <p className="text-xs font-bold text-blue-400 uppercase tracking-[0.3em]">Risk Mitigation Lifecycle (Lv0 - Lv8)</p>
+          </div>
+        </div>
+
+        <div className="grid grid-cols-2 gap-x-12 gap-y-4">
+          {FAR_MATURITY_LEVELS.map((ml) => (
+             <div key={ml.lv} className="flex items-center gap-4 p-4 bg-white/5 rounded-lg border border-white/5">
+                <div className="w-12 h-12 rounded-lg bg-blue-600/20 flex items-center justify-center text-blue-400 font-black border border-blue-500/20 shadow-inner">Lv{ml.lv}</div>
+                <div>
+                   <h4 className="text-[11px] font-black uppercase text-white tracking-widest">{ml.label}</h4>
+                   <p className="text-[9px] font-bold text-slate-500 uppercase mt-1 leading-tight">{ml.desc}</p>
+                </div>
+             </div>
+          ))}
+        </div>
+        </motion.div>
+        </div>
+        )
+        }
+ function RoadmapTab({ mode, readOnly, onUpdate }: any) {
+   const [activeMitigationModal, setActiveMitigationModal] = useState<any>(null)
+   const [activePreventionModal, setActivePreventionModal] = useState<any>(null)
+   const [selectedCauseId, setSelectedCauseId] = useState<number | null>(null)
+   const [deletingMitigationId, setDeletingMitigationId] = useState<number | null>(null)
+   const deletingMitigationIdRef = React.useRef<number | null>(null)
+   
+   const queryClient = useQueryClient()
+   const { data: bkms } = useQuery({ queryKey: ['knowledge', 'bkms'], queryFn: async () => (await apiFetch('/api/v1/knowledge/?category=BKM')).json() })
+   const { data: monitoring } = useQuery({ queryKey: ['monitoring-items'], queryFn: async () => (await apiFetch('/api/v1/monitoring/')).json() })
+   const bkmById = useMemo(() => new Map((bkms || []).map((item: any) => [Number(item.id), item])), [bkms])
+   const monitoringById = useMemo(() => new Map((monitoring || []).map((item: any) => [Number(item.id), item])), [monitoring])
+   const deleteMitigationMutation = useMutation({
+     mutationFn: async (mitigationId: number) => {
+       const res = await apiFetch(`/api/v1/far/mitigations/${mitigationId}`, {
+         method: 'DELETE',
+         body: JSON.stringify(buildFarContextMutationRequest(mode.id, mode.version)),
+       })
+       if (!res.ok) throw new Error(await readFarMutationFailureMessage(res))
+       return res.json()
+     },
+     onSuccess: () => {
+       toast.success('Mitigation removed')
+       queryClient.invalidateQueries({ queryKey: ['far', 'modes'] })
+       onUpdate()
+     },
+     onError: (error: any) => {
+       setDeletingMitigationId(null)
+       toast.error(error.message || 'Failed to delete mitigation')
+     },
+     onSettled: () => {
+       deletingMitigationIdRef.current = null
+     }
+   })
+
+   const updatePreventionMutation = useMutation({
+     mutationFn: async ({ preventionId, status }: { preventionId: number, status: string }) => {
+       const res = await apiFetch(`/api/v1/far/prevention/${preventionId}`, {
+         method: 'PUT',
+         body: JSON.stringify(buildFarContextMutationRequest(mode.id, mode.version, { status })),
+       })
+       if (!res.ok) throw new Error(await readFarMutationFailureMessage(res))
+       return res.json()
+     },
+     onSuccess: () => {
+       toast.success('Prevention status synchronized')
+       queryClient.invalidateQueries({ queryKey: ['far', 'modes'] })
+       onUpdate()
+     },
+     onError: (error: any) => toast.error(error?.message || 'Failed to update prevention status'),
+   })
+
+   useEffect(() => {
+     if (!selectedCauseId && mode.causes?.length > 0) {
+       setSelectedCauseId(mode.causes[0].id)
+     }
+   }, [mode.causes, selectedCauseId])
+
+   useEffect(() => {
+     if (deletingMitigationId !== null && !mode.mitigations?.some((mitigation: any) => mitigation.id === deletingMitigationId)) {
+       setDeletingMitigationId(null)
+     }
+   }, [deletingMitigationId, mode.mitigations])
+
+   return (
+     <motion.div initial={{ opacity: 0, y: 10 }} animate={{ opacity: 1, y: 0 }} exit={{ opacity: 0, y: 10 }} className="flex-1 flex flex-col space-y-6">
+        <div className="flex items-center gap-4 shrink-0 overflow-x-auto pb-2 scrollbar-hide">
+           <span className="text-[9px] font-black text-slate-500 uppercase tracking-widest shrink-0">Select Root Cause:</span>
+           {(mode.causes || []).map((cause: any) => (
+              <button 
+                 key={cause.id}
+                 onClick={() => setSelectedCauseId(cause.id)}
+                 className={`px-4 py-1.5 rounded-lg text-[10px] font-black uppercase tracking-tight border transition-all whitespace-nowrap ${selectedCauseId === cause.id ? 'bg-rose-600/10 border-rose-500 text-rose-500' : 'bg-white/5 border-white/5 text-slate-500 hover:text-slate-300'}`}
+              >
+                 {cause.cause_text}
+              </button>
+           ))}
+           {mode.causes?.length === 0 && <span className="text-[10px] font-black text-slate-700 uppercase">No causes attributed to this vector</span>}
+        </div>
+
+        <div className="flex items-center justify-between">
+           <h3 className="text-sm font-bold uppercase tracking-[0.2em] text-sky-400 ">Strategic Mitigation Roadmap</h3>
+           <div className="flex flex-nowrap gap-2">
+              <button onClick={() => setActiveMitigationModal({ isOpen: true, type: 'WORKAROUND' })} disabled={readOnly || !selectedCauseId} className="px-6 py-2 whitespace-nowrap bg-amber-600/20 border border-amber-500/30 text-amber-500 rounded-lg text-[10px] font-bold uppercase  hover:bg-amber-600 hover:text-white transition-all disabled:opacity-20">+ Add Workaround</button>
+              <button onClick={() => setActiveMitigationModal({ isOpen: true, type: 'MONITORING' })} disabled={readOnly || !selectedCauseId} className="px-6 py-2 whitespace-nowrap bg-sky-600/20 border border-sky-500/30 text-sky-400 rounded-lg text-[10px] font-bold uppercase  hover:bg-sky-600 hover:text-white transition-all disabled:opacity-20">+ Add Monitoring</button>
+              <button onClick={() => setActivePreventionModal({ isOpen: true })} disabled={readOnly || !selectedCauseId} className="px-6 py-2 whitespace-nowrap bg-emerald-600/20 border border-emerald-500/30 text-emerald-400 rounded-lg text-[10px] font-bold uppercase  hover:bg-emerald-600 hover:text-white transition-all disabled:opacity-20">+ Add Prevention</button>
+           </div>
+        </div>
+
+        <div className="flex-1 overflow-y-auto custom-scrollbar pr-2 space-y-4">
+           <div className="bg-black/40 border border-white/5 rounded-lg overflow-hidden shadow-2xl">
+              <table className="w-full text-left border-collapse">
+                 <thead className="bg-white/[0.03] border-b border-white/10">
+                    <tr className="text-[10px] font-bold uppercase tracking-widest text-slate-500 ">
+                       <th className="px-8 py-4">Shield Type</th>
+                       <th className="px-8 py-4">Deployment Protocol / Plan</th>
+                       <th className="px-8 py-4 text-center">Cause Context</th>
+                       <th className="px-8 py-4 text-center">Status</th>
+                       <th className="px-8 py-4 text-right">Ops</th>
+                    </tr>
+                 </thead>
+                 <tbody className="divide-y divide-white/5 font-bold uppercase  text-[11px]">
+                    {mode.mitigations?.filter((m: any) => m.cause_id === selectedCauseId).map((m: any) => {
+                      const linkedBkm = bkmById.get(Number(m.knowledge_bkm_id)) as any
+                      const linkedMonitor = monitoringById.get(Number(m.monitoring_item_id)) as any
+                      const completed = m.status === 'Completed'
+                      return (
+                      <tr key={m.id} className="hover:bg-white/[0.02] transition-colors group">
+                         <td className="px-8 py-5">
+                            <span className={`px-3 py-1 rounded-lg text-[9px] font-black ${m.mitigation_type === 'Monitoring' ? 'bg-sky-500/20 text-sky-400 border border-sky-500/30' : m.mitigation_type === 'Process Change' ? 'bg-violet-500/20 text-violet-300 border border-violet-500/30' : 'bg-amber-500/20 text-amber-400 border border-amber-500/30'}`}>{m.mitigation_type}</span>
+                         </td>
+                         <td className="px-8 py-5 text-white max-w-xl">
+                            <div className="space-y-2">
+                               {m.mitigation_steps?.split('\n').map((line: string, i: number) => (
+                                 <div key={i} className="flex gap-3">
+                                    <span className="text-slate-600 text-[9px] font-black">{i + 1}.</span>
+                                    <span className="normal-case font-medium text-slate-300 uppercase">{line}</span>
+                                 </div>
+                               ))}
+                               {m.responsible_team && (
+                                 <div className="flex items-center gap-2 text-[9px] font-black uppercase tracking-wide text-slate-500">
+                                   <User size={12} className="text-slate-600" /> Owner: {m.responsible_team}
+                                 </div>
+                               )}
+                               {linkedBkm && (
+                                  <div className="flex items-center gap-3 p-3 bg-emerald-500/5 border border-emerald-500/20 rounded-lg mt-2">
+                                     <Book size={14} className="text-emerald-400" />
+                                     <span className="text-emerald-400 tracking-tight normal-case font-black uppercase">Linked BKM: {linkedBkm.title}</span>
+                                  </div>
+                               )}
+                               {m.external_bkm_url && (
+                                  <a
+                                    href={m.external_bkm_url}
+                                    target="_blank"
+                                    rel="noreferrer noopener"
+                                    className="flex items-center gap-3 p-3 bg-blue-500/5 border border-blue-500/20 rounded-lg mt-2 text-blue-400 hover:bg-blue-500/10 transition-all"
+                                  >
+                                     <ExternalLink size={14} />
+                                     <span className="tracking-tight normal-case font-black uppercase truncate">External BKM: {m.external_bkm_url}</span>
+                                  </a>
+                               )}
+                               {linkedMonitor && (
+                                  <div className="flex items-center gap-3 p-3 bg-sky-500/5 border border-sky-500/20 rounded-lg mt-2 group/item hover:bg-sky-500/10 transition-all">
+                                     <Monitor size={14} className="text-sky-400" />
+                                     <span className="text-sky-400 tracking-tight normal-case font-black uppercase">Linked Monitor: {linkedMonitor.title}</span>
+                                  </div>
+                               )}
+                            </div>
+                         </td>
+                         <td className="px-8 py-5 text-center">
+                            <div className="flex flex-col items-center gap-1">
+                               <span className="text-[9px] font-black text-rose-400/70 truncate max-w-[150px]">{mode.causes?.find((c:any)=>c.id === m.cause_id)?.cause_text || 'GLOBAL_VECTOR'}</span>
+                            </div>
+                         </td>
+                         <td className="px-8 py-5 text-center">
+                            <span className={`px-3 py-1 rounded-lg text-[9px] font-black border ${completed ? 'bg-emerald-500/10 text-emerald-400 border-emerald-500/20' : 'bg-slate-800 text-slate-400 border-white/10'}`}>
+                               {m.status?.toUpperCase() || 'NOT STARTED'}
+                            </span>
+                         </td>
+                         <td className="px-8 py-5 text-right opacity-0 group-hover:opacity-100 transition-opacity">
+                            <div className="flex items-center justify-end gap-1">
+                              <button
+                                onClick={() => {
+                                  setSelectedCauseId(Number(m.cause_id))
+                                  setActiveMitigationModal({ isOpen: true, type: m.mitigation_type, initialData: m })
+                                }}
+                                disabled={readOnly}
+                                className="p-2 text-slate-600 hover:text-blue-400 transition-colors disabled:cursor-not-allowed disabled:opacity-40"
+                                title="Edit mitigation"
+                              >
+                                <Edit2 size={16}/>
+                              </button>
+                              <button
+                                onClick={() => {
+                                  if (deletingMitigationIdRef.current !== null) return
+                                  deletingMitigationIdRef.current = m.id
+                                  setDeletingMitigationId(m.id)
+                                  deleteMitigationMutation.mutate(m.id)
+                                }}
+                                disabled={readOnly || completed || deletingMitigationId !== null}
+                                className="p-2 text-slate-600 hover:text-rose-500 transition-colors disabled:cursor-not-allowed disabled:opacity-40"
+                                title={completed ? 'Completed mitigations cannot be deleted' : 'Delete Mitigation'}
+                              >
+                                <Trash2 size={16}/>
+                              </button>
+                            </div>
+                         </td>
+                      </tr>
+                      )
+                    })}
+                    {mode.mitigations?.filter((m: any) => m.cause_id === selectedCauseId).length === 0 && (
+                       <tr><td colSpan={5} className="py-20 text-center opacity-20 font-bold uppercase tracking-[0.3em]">No mitigation shields active for this cause</td></tr>
+                    )}
+                 </tbody>
+              </table>
+           </div>
+
+           <div className="bg-black/40 border border-emerald-500/10 rounded-lg overflow-hidden shadow-2xl">
+              <div className="flex items-center justify-between border-b border-white/10 bg-emerald-500/[0.03] px-8 py-4">
+                 <div>
+                    <h4 className="text-[10px] font-black uppercase tracking-[0.2em] text-emerald-400">Prevention Execution</h4>
+                    <p className="mt-1 text-[9px] font-bold uppercase text-slate-600">Verified or completed prevention advances this failure vector to maturity Lv8.</p>
+                 </div>
+                 <span className="text-[9px] font-black uppercase tracking-widest text-slate-500">
+                   {(mode.prevention_actions || []).filter((p: any) => p.cause_id === selectedCauseId).length} linked
+                 </span>
+              </div>
+              <table className="w-full text-left border-collapse">
+                 <thead className="border-b border-white/10 bg-white/[0.02]">
+                    <tr className="text-[9px] font-bold uppercase tracking-widest text-slate-500">
+                       <th className="px-8 py-3">Prevention Action / Project Objective</th>
+                       <th className="px-8 py-3">Owner</th>
+                       <th className="px-8 py-3">Target</th>
+                       <th className="px-8 py-3 text-right">FAR Status</th>
+                    </tr>
+                 </thead>
+                 <tbody className="divide-y divide-white/5">
+                    {(mode.prevention_actions || []).filter((p: any) => p.cause_id === selectedCauseId).map((p: any) => (
+                      <tr key={p.id} className="hover:bg-emerald-500/[0.03] transition-colors">
+                         <td className="px-8 py-4 text-[11px] font-bold text-slate-200">{p.prevention_action}</td>
+                         <td className="px-8 py-4 text-[10px] font-bold uppercase text-slate-500">{p.responsible_team || 'UNASSIGNED'}</td>
+                         <td className="px-8 py-4 text-[10px] font-bold uppercase text-slate-500">{p.target_date ? formatAppDate(p.target_date) : 'NO TARGET'}</td>
+                         <td className="px-8 py-4 text-right">
+                            <select
+                              value={p.status || 'Open'}
+                              disabled={readOnly || updatePreventionMutation.isPending}
+                              onChange={(event) => updatePreventionMutation.mutate({ preventionId: Number(p.id), status: event.target.value })}
+                              className="rounded-lg border border-emerald-500/20 bg-slate-950 px-3 py-1.5 text-[9px] font-black uppercase text-emerald-400 outline-none disabled:opacity-40"
+                            >
+                              <option value="Open">Open</option>
+                              <option value="In Progress">In Progress</option>
+                              <option value="Verified">Verified</option>
+                              <option value="Completed">Completed</option>
+                            </select>
+                         </td>
+                      </tr>
+                    ))}
+                    {(mode.prevention_actions || []).filter((p: any) => p.cause_id === selectedCauseId).length === 0 && (
+                      <tr><td colSpan={4} className="py-12 text-center text-[9px] font-bold uppercase tracking-[0.25em] text-slate-700">No prevention execution linked to this cause</td></tr>
+                    )}
+                 </tbody>
+              </table>
+           </div>
+        </div>
+
+        <MitigationFormModal 
+           key={activeMitigationModal?.initialData?.id ? `edit-${activeMitigationModal.initialData.id}` : `new-${activeMitigationModal?.type || 'mitigation'}`}
+           isOpen={!readOnly && activeMitigationModal?.isOpen}
+           onClose={() => setActiveMitigationModal(null)}
+           modeId={mode.id}
+           modeVersion={mode.version}
+           causeId={activeMitigationModal?.initialData?.cause_id ?? selectedCauseId}
+           type={activeMitigationModal?.type}
+           initialData={activeMitigationModal?.initialData}
+           bkms={bkms}
+           monitoring={monitoring}
+           onSave={onUpdate}
+        />
+
+        <PreventionFormModal 
+           isOpen={!readOnly && activePreventionModal?.isOpen}
+           onClose={() => setActivePreventionModal(null)}
+           modeId={mode.id}
+           modeVersion={mode.version}
+           causeId={selectedCauseId}
+           onSave={onUpdate}
+        />
+     </motion.div>
+   )
+ }
+   function HistoryTab({ mode, readOnly, onUpdate }: any) {
+     const [isLinking, setIsLinking] = useState(false)
+     const [search, setSearch] = useState('')
+     const queryClient = useQueryClient()
+     const navigate = useNavigate()
+
+     const { data: research } = useQuery({ 
+       queryKey: ['research-items'], 
+       queryFn: async () => (await apiFetch('/api/v1/investigations')).json() 
+     })
+
+     const filteredResearch = useMemo(() => {
+       if (!research) return []
+       return research.filter((r: any) => 
+         !search || r.title.toLowerCase().includes(search.toLowerCase()) || r.summary?.toLowerCase().includes(search.toLowerCase())
+       )
+     }, [research, search])
+
+     const linkMutation = useMutation({
+       mutationFn: async (researchId: number) => {
+         const currentLinks = mode.metadata_json?.linked_research_ids || []
+         if (currentLinks.includes(researchId)) {
+           toast.error('Research artifact already linked')
+           return
+         }
+         const updatedMetadata = { ...mode.metadata_json, linked_research_ids: [...currentLinks, researchId] }
+         const res = await apiFetch(`/api/v1/far/modes/${mode.id}`, {
+           method: 'PUT',
+           body: JSON.stringify(withFarExpectedVersion(mode.version, { metadata_json: updatedMetadata }))
+         })
+         if (!res.ok) throw new Error(await readFarMutationFailureMessage(res))
+         return res.json()
+       },
+       onSuccess: () => {
+         toast.success('Research Artifact Linked to Vector')
+         setIsLinking(false)
+         onUpdate()
+         queryClient.invalidateQueries({ queryKey: ['far', 'modes'] })
+       },
+       onError: (err: any) => {
+         toast.error(`Linking Failed: ${err.message}`)
+       }
+     })
+     const unlinkMutation = useMutation({
+       mutationFn: async (researchId: number) => {
+         const currentLinks = mode.metadata_json?.linked_research_ids || []
+         const updatedMetadata = {
+           ...mode.metadata_json,
+           linked_research_ids: currentLinks.filter((id: number) => id !== researchId)
+         }
+         const res = await apiFetch(`/api/v1/far/modes/${mode.id}`, {
+           method: 'PUT',
+           body: JSON.stringify(withFarExpectedVersion(mode.version, { metadata_json: updatedMetadata }))
+         })
+         if (!res.ok) throw new Error(await readFarMutationFailureMessage(res))
+         return res.json()
+       },
+       onSuccess: () => {
+         toast.success('Research artifact unlinked')
+         onUpdate()
+         queryClient.invalidateQueries({ queryKey: ['far', 'modes'] })
+       },
+       onError: (err: any) => {
+         toast.error(`Unlink Failed: ${err.message}`)
+       }
+     })
+
+     const linkedResearch = useMemo(() => {
+       if (!research || !mode.metadata_json?.linked_research_ids) return []
+       return research.filter((r: any) => mode.metadata_json.linked_research_ids.includes(r.id))
+     }, [research, mode.metadata_json])
+     return (
+       <motion.div initial={{ opacity: 0, y: 10 }} animate={{ opacity: 1, y: 0 }} exit={{ opacity: 0, y: 10 }} className="flex-1 flex flex-col space-y-6">
+          <div className="flex items-center justify-between">
+             <h3 className="text-sm font-bold uppercase tracking-[0.2em] text-slate-500 ">Analytical Research History</h3>
+             <button onClick={() => setIsLinking(true)} disabled={readOnly} className="px-6 py-2 bg-slate-800/50 border border-white/10 text-slate-400 rounded-lg text-[10px] font-bold uppercase  hover:bg-slate-700 hover:text-white transition-all disabled:cursor-not-allowed disabled:opacity-30">+ Link Research Artifact</button>
+          </div>
+
+          <div className="flex-1 overflow-y-auto custom-scrollbar pr-2 space-y-4">
+             {linkedResearch.map((r: any) => (
+                <div key={r.id} className="bg-white/5 border border-white/5 rounded-lg p-6 flex items-center justify-between group hover:bg-white/10 transition-all">
+                   <div className="flex items-center gap-6">
+                      <div className="p-4 bg-blue-500/10 rounded-lg text-blue-400 border border-blue-500/20"><Activity size={24}/></div>
+                      <div>
+                         <h4 className="text-sm font-bold text-white uppercase tracking-tight">{r.title}</h4>
+                         <div className="flex items-center gap-3 mt-1">
+                            <span className="text-[9px] font-bold text-slate-500 uppercase">Status: {r.status}</span>
+                            <span className="text-[9px] font-bold text-slate-500 uppercase">ID: {r.id}</span>
+                         </div>
+                      </div>
+                   </div>
+                   <div className="flex gap-3">
+                      <button onClick={() => navigate(`/research?type=research&id=${r.id}`)} className="p-2.5 bg-white/5 rounded-lg text-slate-500 hover:text-blue-400 transition-all opacity-0 group-hover:opacity-100"><Eye size={18}/></button>
+                      <button onClick={() => unlinkMutation.mutate(r.id)} disabled={readOnly} className="p-2.5 bg-white/5 rounded-lg text-slate-500 hover:text-rose-500 transition-all opacity-0 group-hover:opacity-100 disabled:cursor-not-allowed disabled:opacity-20"><Trash2 size={18}/></button>
+                   </div>
+                </div>
+             ))}
+             {linkedResearch.length === 0 && (
+                <div className="flex-1 flex flex-col items-center justify-center py-20 space-y-4 opacity-20 ">
+                   <Activity size={48} className="text-slate-500" />
+                   <p className="text-[12px] font-bold uppercase tracking-[0.3em] text-center max-w-md">No historical research artifacts currently mapped to this failure vector</p>
+                   <button onClick={() => navigate('/research')} className="text-[10px] font-bold uppercase underline tracking-widest text-rose-500">Initiate New Research Case</button>
+                </div>
+             )}
+          </div>
+          <AnimatePresence>
+             {!readOnly && isLinking && (
+                <div className="fixed inset-0 z-[200] flex items-center justify-center bg-black/80 backdrop-blur-md p-6">
+                   <motion.div initial={{ scale: 0.9, opacity: 0 }} animate={{ scale: 1, opacity: 1 }} className="glass-panel w-full max-w-lg p-10 rounded-lg border border-white/10 space-y-6">
+                      <div className="flex items-center justify-between border-b border-white/5 pb-4">
+                         <h3 className="text-xl font-bold uppercase text-white tracking-tighter">Link Research</h3>
+                         <button onClick={() => setIsLinking(false)} className="text-slate-500 hover:text-white transition-colors"><X size={24}/></button>
+                      </div>
+                      <div className="relative">
+                         <Search size={14} className="absolute left-4 top-1/2 -translate-y-1/2 text-slate-600" />
+                         <input 
+                           value={search} 
+                           onChange={e => setSearch(e.target.value)} 
+                           placeholder="Search research artifacts..." 
+                           className="w-full bg-black/40 border border-white/10 rounded-lg pl-11 pr-4 py-3 text-xs font-bold text-white outline-none focus:border-rose-500" 
+                         />
+                      </div>
+                      <div className="max-h-[300px] overflow-y-auto custom-scrollbar pr-2 space-y-2">
+                         {filteredResearch?.map((r: any) => (
+                           <button 
+                             key={r.id} 
+                             onClick={() => linkMutation.mutate(r.id)}
+                             className="w-full text-left p-4 rounded-lg bg-white/5 border border-white/5 hover:border-rose-500/30 hover:bg-rose-500/5 transition-all group"
+                           >
+                              <p className="text-[11px] font-bold text-white uppercase">{r.title}</p>
+                              <p className="text-[9px] text-slate-500 font-bold uppercase mt-1">Status: {r.status}</p>
+                           </button>
+                         ))}
+                      </div>
+                   </motion.div>
+                </div>
+             )}
+          </AnimatePresence>
+       </motion.div>
+     )
+   }
+

 ❯ src/components/shared/FARGoldenStructuralContract.test.ts:77:17
     75|     expect(helper).not.toContain('maxWidth: maxDefaultWidth')
     76|
     77|     expect(far).toContain('field: "status"')
       |                 ^
     78|     expect(far).toContain('operational-grid-badge')
     79|     expect(far).toContain('operational-grid-badge-text')

⎯⎯⎯⎯⎯⎯⎯⎯⎯⎯⎯⎯⎯⎯⎯⎯⎯⎯⎯⎯⎯⎯[12/18]⎯

 FAIL  src/components/shared/FARGoldenStructuralContract.test.ts > FAR Monitoring-golden structural contract > persists the sanitized unsaved FAR working definition including manual widths
AssertionError: expected 'import React, { useCallback, useEffec…' to contain 'applyViewConfig(workingDefinition)'

- Expected
+ Received

- applyViewConfig(workingDefinition)
+ import React, { useCallback, useEffect, useMemo, useRef, useState } from 'react'
+ import { AnimatePresence, motion } from 'framer-motion'
+ import {
+   Activity,
+   Clipboard,
+   Clock,
+   Copy,
+   Edit2,
+   Eye,
+   EyeOff,
+   FileText,
+   GitCompare,
+   LayoutGrid,
+   Link2,
+   MoreHorizontal,
+   Settings,
+   Sliders,
+   Trash2,
+   Upload,
+   X,
+   Zap,
+ } from 'lucide-react'
+ import { toast } from 'react-hot-toast'
+
+ import { ToolbarButton, ToolbarGroup, ToolbarIconButton } from './shared/LayoutPrimitives'
+ import {
+   OperationalAnchoredPanel,
+   OperationalDisplayPanel,
+   OperationalSavedViewsPanel,
+ } from './shared/OperationalWorkspaceShells'
+ import { WorkspaceFloatingPanel, useWorkspaceAnchoredLayer } from './shared/OperationalWorkspacePrimitives'
+ import { WorkspaceFlyoutActionCard } from './shared/WorkspaceFlyout'
+ import { WorkspaceModal } from './shared/WorkspaceModal'
+ import { WorkspaceCompareShell } from './shared/WorkspaceModalShells'
+ import { OperationalRowActionMenu, type OperationalRowActionSectionModel } from './shared/OperationalRowActionMenu'
+ import {
+   useOperationalContextMenu,
+   useOperationalDismissController,
+ } from './shared/OperationalGridInteractions'
+ import {
+   useOperationalColumnSyncHandlers,
+   useOperationalGridLayout,
+   usePersistentJsonState,
+   useWorkspaceOverlayController,
+ } from './shared/OperationalWorkspaceHooks'
+ import {
+   sanitizeOperationalFilterModel,
+   sanitizeOperationalSortModel,
+ } from './shared/OperationalGridSizing'
+ import { FAR_PRESERVES_EXPLICIT_COLUMN_WIDTHS, getStableFarManualResizeLayout } from './FAR.gridStability'
+ import type { FarBulkScoreField } from './FAR.bulkScore'
+ import { useFarWorkspacePreference } from './FAR.workspacePreference'
+ import {
+   FAR_GROUP_OPTIONS,
+   FAR_RISK_BAND_OPTIONS,
+   createDefaultFarQuickFilters,
+   type FarGroupBy,
+   type FarQuickFilters,
+ } from './FAR.workspaceModel'
+ import {
+   FAR_CONTEXT_DETAIL_TABS,
+   getFarContextActionState,
+   type FarDossierTab,
+ } from './FAR.rowActions'
+ import {
+   isRemoteWorkspaceViewId,
+   useCollaborativeWorkspaceViews,
+ } from './shared/CollaborativeWorkspaceViews'
+ import {
+   DEFAULT_FAR_VIEW_CONFIG,
+   FAR_ACTIVE_VIEW_KEY,
+   FAR_COLLABORATIVE_VIEW_MIGRATION_KEY,
+   FAR_PERSISTED_COLUMN_IDS,
+   FAR_SYSTEM_VIEW_IDS,
+   FAR_VIEW_STORAGE_KEY,
+   FAR_WORKING_STATE_KEY,
+   type FarLifecycleScope,
+   type FarSavedView,
+   type FarWorkspaceViewConfig,
+   normalizeFarSavedViews,
+   sanitizeFarWorkspaceViewConfig,
+ } from './FAR.workspaceState'
+ import { describeFarSavedViewConfig } from './FAR.savedViewPresentation'
+ import { buildFarGoldenGeometryResetState } from './FAR.columnGeometry'
+ import {
+   buildFarWorkspaceRestorationPlan,
+   farRestorationDossierKey,
+   projectFarDurableWorkspaceDefinition,
+   selectFarRestorationBase,
+   type FarRestorationDossierContext,
+   type FarWorkspaceRestorationSource,
+ } from './FAR.restoration'
+
+ const selectedRows = (modes: any[] | undefined, selectedIds: number[]) => {
+   const selected = new Set(selectedIds.map(Number))
+   return (modes || []).filter((mode) => selected.has(Number(mode.id)))
+ }
+
+ const readSortModel = (api: any) => (
+   (api?.getColumnState?.() || [])
+     .filter((column: any) => column?.sort === 'asc' || column?.sort === 'desc')
+     .map((column: any) => ({ colId: column.colId, sort: column.sort }))
+ )
+
+ const compareValue = (value: unknown) => {
+   if (Array.isArray(value)) return String(value.length)
+   if (value == null || value === '') return '—'
+   return String(value)
+ }
+
+ const FAR_RECOVERY_COLUMN_IDS = ['system_name', 'title', 'rpn', 'status'] as const
+ const FAR_MIN_DESKTOP_CENTER_VIEWPORT_WIDTH = 600
+ const FAR_DEFAULT_LEFT_PINNED_COLUMN_IDS = new Set(['id'])
+
+ const hasExplicitColumnSizing = (layout: any[] = []) => layout.some((column: any) => {
+   const width = Number(column?.width)
+   const flex = Number(column?.flex)
+   return (
+     (Number.isFinite(width) && width > 0) ||
+     (Number.isFinite(flex) && flex > 0)
+   )
+ })
+
+ type FarSavedViewPanelModel = {
+   id: string
+   name: string
+   config: { groupBy?: string }
+   scope?: 'personal' | 'team'
+   source?: 'remote' | 'local' | 'system'
+ }
+
+ export function useFARGoldenWorkspaceControls({
+   gridRef,
+   modes,
+   selectedIds,
+   readOnly,
+   lifecycleScope,
+   restorationDossier,
+   onLifecycleScopeChange,
+   fontSize,
+   setFontSize,
+   rowDensity,
+   setRowDensity,
+   hiddenColumns,
+   setHiddenColumns,
+   searchTerm,
+   setSearchTerm,
+   groupBy,
+   setGroupBy,
+   quickFilters,
+   setQuickFilters,
+   showFilterBar,
+   setShowFilterBar,
+   showInsights,
+   setShowInsights,
+   columnDefs,
+   onExport,
+   onRoundTripExport,
+   onCopySelected,
+   onImport,
+   onRetireSelected,
+   onBulkScoreSelected,
+   onAdd,
+   onSettings,
+   onRpnHelp,
+   onOpenDetailTab,
+   onOpenIncidents,
+   onEdit,
+ }: {
+   gridRef: React.RefObject<any>
+   modes: any[] | undefined
+   selectedIds: number[]
+   readOnly: boolean
+   lifecycleScope: FarLifecycleScope
+   restorationDossier: FarRestorationDossierContext | null
+   onLifecycleScopeChange: (scope: FarLifecycleScope) => void
+   fontSize: number
+   setFontSize: React.Dispatch<React.SetStateAction<number>>
+   rowDensity: number
+   setRowDensity: React.Dispatch<React.SetStateAction<number>>
+   hiddenColumns: string[]
+   setHiddenColumns: React.Dispatch<React.SetStateAction<string[]>>
+   searchTerm: string
+   setSearchTerm: React.Dispatch<React.SetStateAction<string>>
+   groupBy: FarGroupBy
+   setGroupBy: React.Dispatch<React.SetStateAction<FarGroupBy>>
+   quickFilters: FarQuickFilters
+   setQuickFilters: React.Dispatch<React.SetStateAction<FarQuickFilters>>
+   showFilterBar: boolean
+   setShowFilterBar: React.Dispatch<React.SetStateAction<boolean>>
+   showInsights: boolean
+   setShowInsights: React.Dispatch<React.SetStateAction<boolean>>
+   columnDefs: any[]
+   onExport: () => void
+   onRoundTripExport: () => void
+   onCopySelected: () => void
+   onImport: () => void
+   onRetireSelected: (ids?: number[]) => void
+   onBulkScoreSelected: (field: FarBulkScoreField, value: number) => void
+   onAdd: () => void
+   onSettings: () => void
+   onRpnHelp: () => void
+   onOpenDetailTab: (id: number, tab: FarDossierTab) => void
+   onOpenIncidents: (rcas: any[]) => void
+   onEdit: (id: number) => void
+ }) {
+   const [savedViews, setSavedViews] = usePersistentJsonState<FarSavedView[]>(FAR_VIEW_STORAGE_KEY, [])
+   const [activeViewId, setActiveViewId] = usePersistentJsonState<string | null>(FAR_ACTIVE_VIEW_KEY, null)
+   const [workingDefinition, setWorkingDefinition] = usePersistentJsonState<FarWorkspaceViewConfig>(FAR_WORKING_STATE_KEY, DEFAULT_FAR_VIEW_CONFIG)
+   const [workingStateReady, setWorkingStateReady] = useState(false)
+   const [newViewName, setNewViewName] = useState('')
+   const [gridFilterModel, setGridFilterModel] = useState<Record<string, any>>({})
+   const [gridSortModel, setGridSortModel] = useState<Array<{ colId: string; sort: 'asc' | 'desc' }>>([])
+   const {
+     columnLayoutState,
+     setColumnLayoutState,
+     setTransientManualColumnWidths,
+     syncColumnLayoutState,
+     applyColumnLayoutState,
+   } = useOperationalGridLayout([], false)
+   const {
+     handleColumnMoved,
+     handleDragStopped,
+     handleColumnPinned,
+     handleColumnVisible,
+   } = useOperationalColumnSyncHandlers(
+     syncColumnLayoutState,
+     false
+   )
+   const [showActivity, setShowActivity] = useState(false)
+   const [compareOpen, setCompareOpen] = useState(false)
+   const [bulkScoreField, setBulkScoreField] = useState<FarBulkScoreField | null>(null)
+   const [rowActionMenu, setRowActionMenu] = useState<{ item: any; point: { x: number; y: number } } | null>(null)
+   const lastRequestedViewRef = useRef<string | null | undefined>(undefined)
+   const lastRestorationDossierKeyRef = useRef<string | null>(null)
+   const dossierBaseDefinitionRef = useRef<FarWorkspaceViewConfig | null>(null)
+   const lastRestorationPlanRef = useRef<ReturnType<typeof buildFarWorkspaceRestorationPlan> | null>(null)
+
+   const {
+     activeOverlay,
+     isOverlayOpen,
+     openOverlay,
+     toggleOverlay,
+     dismissOverlays,
+   } = useWorkspaceOverlayController()
+   const showViewsMenu = isOverlayOpen('views')
+   const showDisplayMenu = isOverlayOpen('display')
+   const showBulkMenu = isOverlayOpen('bulk')
+   const showToolsMenu = isOverlayOpen('surface')
+
+   const { triggerRef: viewsMenuButtonRef, panelRef: viewsMenuPanelRef, panelStyle: viewsMenuStyle } = useWorkspaceAnchoredLayer(showViewsMenu, { minWidth: 420 })
+   const { triggerRef: displayMenuButtonRef, panelRef: displayMenuPanelRef, panelStyle: displayMenuStyle } = useWorkspaceAnchoredLayer(showDisplayMenu, { minWidth: 320 })
+   const { triggerRef: bulkMenuButtonRef, panelRef: bulkMenuPanelRef, panelStyle: bulkMenuStyle } = useWorkspaceAnchoredLayer(showBulkMenu, { minWidth: 340 })
+   const { triggerRef: toolsMenuButtonRef, panelRef: toolsMenuPanelRef, panelStyle: toolsMenuStyle } = useWorkspaceAnchoredLayer(showToolsMenu, { minWidth: 320 })
+
+   const currentDefinition = useMemo<FarWorkspaceViewConfig>(() => sanitizeFarWorkspaceViewConfig({
+     lifecycleScope,
+     fontSize,
+     rowDensity,
+     hiddenColumns,
+     groupBy,
+     showFilterBar,
+     quickFilter: searchTerm,
+     quickFilters,
+     filterModel: gridFilterModel,
+     sortModel: gridSortModel,
+     columnLayoutState,
+   }), [columnLayoutState, fontSize, gridFilterModel, gridSortModel, groupBy, hiddenColumns, lifecycleScope, quickFilters, rowDensity, searchTerm, showFilterBar])
+   const durableCurrentDefinition = useMemo(() => projectFarDurableWorkspaceDefinition({
+     currentDefinition,
+     dossierBaseDefinition: dossierBaseDefinitionRef.current,
+     dossierActive: Boolean(restorationDossier) || lastRestorationDossierKeyRef.current !== null,
+   }), [currentDefinition, restorationDossier])
+   const {
+     remoteWorkingDefinition,
+     userSettingsReady,
+   } = useFarWorkspacePreference(durableCurrentDefinition, workingStateReady)
+
+   const normalizedViews = useMemo(() => normalizeFarSavedViews(savedViews), [savedViews])
+   const savedViewPanelModels = useMemo<FarSavedViewPanelModel[]>(() => normalizedViews.map((view) => ({
+     id: view.id,
+     name: view.name,
+     scope: view.scope,
+     source: view.source,
+     config: { groupBy: view.config.groupBy },
+   })), [normalizedViews])
+   const describeSavedView = useCallback((view: FarSavedViewPanelModel) => {
+     const farView = normalizedViews.find((entry) => entry.id === view.id)
+     return farView ? describeFarSavedViewConfig(farView.config) : 'FAR view'
+   }, [normalizedViews])
+
+   const collaborativeViews = useCollaborativeWorkspaceViews<FarWorkspaceViewConfig, FarSavedView>({
+     workspaceKey: 'far',
+     migrationKey: FAR_COLLABORATIVE_VIEW_MIGRATION_KEY,
+     systemViewIds: FAR_SYSTEM_VIEW_IDS,
+     currentViews: normalizedViews,
+     setCurrentViews: setSavedViews,
+     normalizeViews: normalizeFarSavedViews,
+     sanitizeDefinition: sanitizeFarWorkspaceViewConfig,
+     activeViewId,
+     onActiveViewIdChange: setActiveViewId,
+     currentDefinition: durableCurrentDefinition,
+   })
+
+   const scheduleGridOperabilityCheck = useCallback((api: any, requestedLayout: any[] = []) => {
+     if (!api || typeof window === 'undefined') return
+
+     window.requestAnimationFrame(() => {
+       window.requestAnimationFrame(() => {
+         const centerColumns = api.getDisplayedCenterColumns?.() || []
+         const centerViewport = document.querySelector(
+           '[data-golden-workspace-shell="true"][data-workspace="far"] .ag-center-cols-viewport'
+         ) as HTMLElement | null
+         const centerViewportWidth = centerViewport?.getBoundingClientRect().width ?? 0
+         const noCenterColumns = centerColumns.length === 0
+         const collapsedDesktopViewport = window.innerWidth >= 900 && centerViewportWidth < FAR_MIN_DESKTOP_CENTER_VIEWPORT_WIDTH
+         const requestedPinnedWidth = requestedLayout.reduce((total, column: any) => {
+           if (column?.pinned !== 'left' && column?.pinned !== 'right') return total
+           const width = Number(column?.width)
+           return total + (Number.isFinite(width) && width > 0 ? width : 0)
+         }, 0)
+         const persistedPinnedLayoutOverwhelmsViewport = window.innerWidth >= 900
+           && requestedPinnedWidth > Math.max(0, window.innerWidth - FAR_MIN_DESKTOP_CENTER_VIEWPORT_WIDTH)
+         if (!persistedPinnedLayoutOverwhelmsViewport && !noCenterColumns && !collapsedDesktopViewport) {
+           return
+         }
+
+         api.applyColumnState?.({
+           state: Array.from(FAR_PERSISTED_COLUMN_IDS).map((colId) => ({
+             colId,
+             pinned: FAR_DEFAULT_LEFT_PINNED_COLUMN_IDS.has(colId) ? 'left' : null,
+             ...(FAR_RECOVERY_COLUMN_IDS.includes(colId as (typeof FAR_RECOVERY_COLUMN_IDS)[number]) ? { hide: false } : {}),
+           })),
+           applyOrder: false,
+         })
+         api.setColumnsVisible?.([...FAR_RECOVERY_COLUMN_IDS], true)
+         setHiddenColumns((current) => current.filter((colId) => !FAR_RECOVERY_COLUMN_IDS.includes(colId as (typeof FAR_RECOVERY_COLUMN_IDS)[number])))
+         setColumnLayoutState((current) => current.map((column: any) => {
+           if (!FAR_PERSISTED_COLUMN_IDS.has(column?.colId)) return column
+           const recoveredColumn: any = {
+             ...column,
+             pinned: FAR_DEFAULT_LEFT_PINNED_COLUMN_IDS.has(column.colId) ? 'left' : null,
+             ...(FAR_RECOVERY_COLUMN_IDS.includes(column.colId as (typeof FAR_RECOVERY_COLUMN_IDS)[number]) ? { hide: false } : {}),
+           }
+           delete recoveredColumn.width
+           delete recoveredColumn.flex
+           return recoveredColumn
+         }))
+         setTransientManualColumnWidths(false)
+         window.requestAnimationFrame(() => {
+           api.ensureColumnVisible?.('title', 'middle')
+         })
+       })
+     })
+   }, [setColumnLayoutState, setHiddenColumns, setTransientManualColumnWidths])
+
+   const applyViewConfig = useCallback((
+     raw: unknown,
+     workspaceSource: FarWorkspaceRestorationSource = 'current-workspace',
+   ) => {
+     const plan = buildFarWorkspaceRestorationPlan({
+       definition: raw,
+       workspaceSource,
+       dossier: restorationDossier,
+     })
+     lastRestorationPlanRef.current = plan
+     if (restorationDossier) dossierBaseDefinitionRef.current = plan.baseConfig
+     const config = plan.config
+     const preserveRequestedWidths = hasExplicitColumnSizing(config.columnLayoutState)
+     onLifecycleScopeChange(config.lifecycleScope)
+     setFontSize(config.fontSize)
+     setRowDensity(config.rowDensity)
+     setHiddenColumns(config.hiddenColumns)
+     setGroupBy(config.groupBy)
+     setShowFilterBar(config.showFilterBar)
+     setSearchTerm(config.quickFilter)
+     setQuickFilters(config.quickFilters)
+     setGridFilterModel(config.filterModel)
+     setGridSortModel(config.sortModel)
+     setColumnLayoutState(config.columnLayoutState)
+     setTransientManualColumnWidths(preserveRequestedWidths)
+
+     const api = gridRef.current?.api
+     if (!api) return
+     applyColumnLayoutState(api, config.columnLayoutState, preserveRequestedWidths)
+     api.setFilterModel?.(config.filterModel)
+     api.applyColumnState?.({
+       state: config.sortModel,
+       defaultState: { sort: null },
+       applyOrder: false,
+     })
+     scheduleGridOperabilityCheck(api, config.columnLayoutState)
+   }, [applyColumnLayoutState, gridRef, onLifecycleScopeChange, restorationDossier, scheduleGridOperabilityCheck, setColumnLayoutState, setFontSize, setGroupBy, setHiddenColumns, setQuickFilters, setRowDensity, setSearchTerm, setShowFilterBar, setTransientManualColumnWidths])
+
+   const selectCurrentRestorationBase = useCallback(() => {
+     const requestedId = collaborativeViews.requestedViewId
+     const requestedView = requestedId
+       ? normalizedViews.find((entry) => entry.id === requestedId) || null
+       : null
+     return selectFarRestorationBase({
+       requestedViewId: requestedId,
+       requestedViewConfig: requestedView?.config ?? null,
+       collaborativeStatus: collaborativeViews.status,
+       userSettingsReady,
+       remoteWorkingDefinition,
+       localWorkingDefinition: workingDefinition,
+     })
+   }, [collaborativeViews.requestedViewId, collaborativeViews.status, normalizedViews, remoteWorkingDefinition, userSettingsReady, workingDefinition])
+
+   const applyRestorationBase = useCallback((selection: ReturnType<typeof selectFarRestorationBase>) => {
+     if (selection.kind !== 'ready') return false
+     applyViewConfig(selection.definition, selection.source)
+     if (selection.activeViewId !== undefined) setActiveViewId(selection.activeViewId)
+     if (selection.clearRequestedView) collaborativeViews.setViewLink(null)
+     lastRequestedViewRef.current = selection.clearRequestedView ? null : collaborativeViews.requestedViewId
+     return true
+   }, [applyViewConfig, collaborativeViews, setActiveViewId])
+
+   useEffect(() => {
+     if (workingStateReady) return
+     const selection = selectCurrentRestorationBase()
+     if (!applyRestorationBase(selection)) return
+     lastRestorationDossierKeyRef.current = farRestorationDossierKey(restorationDossier)
+     setWorkingStateReady(true)
+   }, [applyRestorationBase, restorationDossier, selectCurrentRestorationBase, workingStateReady])
+
+   useEffect(() => {
+     if (!workingStateReady) return
+     setWorkingDefinition(durableCurrentDefinition)
+   }, [durableCurrentDefinition, setWorkingDefinition, workingStateReady])
+
+   const applyView = useCallback((id: string) => {
+     const view = normalizedViews.find((entry) => entry.id === id)
+     if (!view) return
+     applyViewConfig(view.config, 'shared-view')
+     setActiveViewId(view.id)
+     const linkedViewId = isRemoteWorkspaceViewId(view.id) ? view.id : null
+     lastRequestedViewRef.current = linkedViewId
+     collaborativeViews.setViewLink(linkedViewId)
+   }, [applyViewConfig, collaborativeViews, normalizedViews, setActiveViewId])
+
+   useEffect(() => {
+     if (!workingStateReady) return
+     const requestedId = collaborativeViews.requestedViewId
+     if (requestedId === lastRequestedViewRef.current) return
+     const selection = selectCurrentRestorationBase()
+     applyRestorationBase(selection)
+   }, [applyRestorationBase, collaborativeViews.requestedViewId, selectCurrentRestorationBase, workingStateReady])
+
+   useEffect(() => {
+     if (!workingStateReady) return
+     const nextKey = farRestorationDossierKey(restorationDossier)
+     const previousKey = lastRestorationDossierKeyRef.current
+     if (nextKey === previousKey) return
+
+     if (nextKey) {
+       lastRestorationDossierKeyRef.current = nextKey
+       if (previousKey) {
+         applyViewConfig(durableCurrentDefinition, 'current-workspace')
+         return
+       }
+       applyViewConfig(durableCurrentDefinition, 'current-workspace')
+       return
+     }
+
+     if (previousKey) {
+       const restoreDefinition = durableCurrentDefinition
+       lastRestorationDossierKeyRef.current = null
+       dossierBaseDefinitionRef.current = null
+       applyViewConfig(restoreDefinition, 'current-workspace')
+     }
+   }, [applyRestorationBase, applyViewConfig, durableCurrentDefinition, restorationDossier, selectCurrentRestorationBase, workingStateReady])
+
+   const createView = useCallback(async () => {
+     const name = newViewName.trim()
+     if (!name) return
+     const result = await collaborativeViews.createView(name, durableCurrentDefinition)
+     if (!result.view) {
+       toast.error(result.error || 'Unable to save FAR view')
+       return
+     }
+     setActiveViewId(result.view.id)
+     const linkedViewId = isRemoteWorkspaceViewId(result.view.id) ? result.view.id : null
+     lastRequestedViewRef.current = linkedViewId
+     collaborativeViews.setViewLink(linkedViewId)
+     setNewViewName('')
+     toast.success(result.persisted ? `Saved ${result.view.name}` : `Saved local fallback ${result.view.name}`)
+   }, [collaborativeViews, durableCurrentDefinition, newViewName, setActiveViewId])
+
+   const overwriteView = useCallback(async (id: string) => {
+     const view = normalizedViews.find((entry) => entry.id === id)
+     if (!view) return
+     const result = await collaborativeViews.updateView(id, view.name, durableCurrentDefinition)
+     if (result.conflict) return
+     if (!result.view) {
+       toast.error(result.error || 'Unable to update FAR view')
+       return
+     }
+     toast.success(result.persisted ? `Updated ${result.view.name}` : `Updated local fallback ${result.view.name}`)
+   }, [collaborativeViews, durableCurrentDefinition, normalizedViews])
+
+   const renameView = useCallback(async (id: string, name: string) => {
+     const view = normalizedViews.find((entry) => entry.id === id)
+     if (!view) return false
+     const result = await collaborativeViews.updateView(id, name, view.config)
+     if (!result.view) {
+       toast.error(result.error || 'Unable to rename FAR view')
+       return false
+     }
+     toast.success(`Renamed view to ${result.view.name}`)
+     return true
+   }, [collaborativeViews, normalizedViews])
+
+   const deleteView = useCallback(async (id: string) => {
+     const view = normalizedViews.find((entry) => entry.id === id)
+     if (!view) return
+     const result = await collaborativeViews.deleteView(id)
+     if (result.conflict) return
+     if (activeViewId === id) {
+       setActiveViewId(null)
+       lastRequestedViewRef.current = null
+       collaborativeViews.setViewLink(null)
+     }
+     toast.success(result.persisted ? `Deleted ${view.name}` : `Removed local fallback ${view.name}`)
+   }, [activeViewId, collaborativeViews, normalizedViews, setActiveViewId])
+
+   const handleGridReady = useCallback((params: any) => {
+     const config = durableCurrentDefinition
+     const preserveRequestedWidths = hasExplicitColumnSizing(config.columnLayoutState)
+     setTransientManualColumnWidths(preserveRequestedWidths)
+     if (config.columnLayoutState.length) applyColumnLayoutState(params.api, config.columnLayoutState, preserveRequestedWidths)
+     params.api.setFilterModel?.(config.filterModel)
+     params.api.applyColumnState?.({
+       state: config.sortModel,
+       defaultState: { sort: null },
+       applyOrder: false,
+     })
+     scheduleGridOperabilityCheck(params.api, config.columnLayoutState)
+   }, [applyColumnLayoutState, durableCurrentDefinition, scheduleGridOperabilityCheck, setTransientManualColumnWidths])
+
+   const handleStableColumnResized = useCallback((event: any) => {
+     const nextLayout = getStableFarManualResizeLayout(event)
+     if (!nextLayout) return
+     setTransientManualColumnWidths(true)
+     setColumnLayoutState(nextLayout)
+   }, [setColumnLayoutState, setTransientManualColumnWidths])
+
+   const resetFarLayoutToGolden = useCallback(() => {
+     setHiddenColumns([])
+     setColumnLayoutState([])
+     setTransientManualColumnWidths(false)
+
+     const api = gridRef.current?.api
+     if (api) {
+       const resetState = buildFarGoldenGeometryResetState(columnDefs).map((column) => (
+         FAR_PERSISTED_COLUMN_IDS.has(column.colId)
+           ? {
+               ...column,
+               hide: false,
+               pinned: FAR_DEFAULT_LEFT_PINNED_COLUMN_IDS.has(column.colId) ? 'left' : null,
+             }
+           : column
+       ))
+       api.applyColumnState?.({
+         state: resetState,
+         applyOrder: true,
+       })
+       api.setColumnsVisible?.([...FAR_PERSISTED_COLUMN_IDS], true)
+       scheduleGridOperabilityCheck(api, [])
+     }
+
+     toast.success('FAR layout reset to current golden geometry')
+   }, [
+     columnDefs,
+     gridRef,
+     scheduleGridOperabilityCheck,
+     setColumnLayoutState,
+     setHiddenColumns,
+     setTransientManualColumnWidths,
+   ])
+
+   const gridRuntime = useMemo(() => ({
+     preserveExplicitColumnWidths: FAR_PRESERVES_EXPLICIT_COLUMN_WIDTHS,
+     handleGridReady,
+     handleColumnResized: handleStableColumnResized,
+     handleColumnMoved,
+     handleDragStopped,
+     handleColumnPinned,
+     handleColumnVisible,
+     handleFilterChanged: (event: any) => setGridFilterModel(sanitizeOperationalFilterModel(event.api?.getFilterModel?.() || {}, FAR_PERSISTED_COLUMN_IDS)),
+     handleSortChanged: (event: any) => setGridSortModel(sanitizeOperationalSortModel(readSortModel(event.api), FAR_PERSISTED_COLUMN_IDS) as FarWorkspaceViewConfig['sortModel']),
+   }), [handleColumnMoved, handleColumnPinned, handleColumnVisible, handleDragStopped, handleGridReady, handleStableColumnResized])
+
+   const toggleColumn = useCallback((field: string) => {
+     const currentlyHidden = hiddenColumns.includes(field)
+     setHiddenColumns((current) => currentlyHidden ? current.filter((entry) => entry !== field) : [...current, field])
+     gridRef.current?.api?.setColumnsVisible?.([field], currentlyHidden)
+   }, [gridRef, hiddenColumns, setHiddenColumns])
+
+   const exportSelected = useCallback(() => {
+     gridRef.current?.api?.exportDataAsCsv?.({
+       fileName: `SysGrid_FAR_Selected_${new Date().toISOString().split('T')[0]}.csv`,
+       allColumns: false,
+       onlySelected: true,
+     })
+   }, [gridRef])
+
+   const copyRow = useCallback(async (item: any) => {
+     const value = [item.system_name, item.failure_type, item.title, item.severity, item.occurrence, item.detection, item.rpn, item.status]
+       .map(compareValue)
+       .join('\t')
+     try {
+       await navigator.clipboard.writeText(value)
+       toast.success('Failure vector copied to clipboard')
+     } catch {
+       toast.error('Failed to copy failure vector')
+     }
+   }, [])
+
+   const { handleCellContextMenu } = useOperationalContextMenu({
+     onOpenRowActionMenu: (item, point) => {
+       setRowActionMenu({ item, point })
+       openOverlay('rowAction')
+     },
+   })
+
+   useEffect(() => {
+     if (activeOverlay !== 'rowAction' && rowActionMenu) setRowActionMenu(null)
+   }, [activeOverlay, rowActionMenu])
+
+   useEffect(() => {
+     if (activeOverlay === 'rowAction' && !rowActionMenu) dismissOverlays()
+   }, [activeOverlay, dismissOverlays, rowActionMenu])
+
+   useOperationalDismissController({
+     active: showBulkMenu || showDisplayMenu || showViewsMenu || showToolsMenu || Boolean(rowActionMenu),
+     onDismiss: () => {
+       dismissOverlays()
+       setRowActionMenu(null)
+     },
+     allTriggerRefs: [bulkMenuButtonRef, displayMenuButtonRef, viewsMenuButtonRef, toolsMenuButtonRef],
+     bulkMenuButtonRef,
+     bulkMenuPanelRef,
+     displayMenuButtonRef,
+     displayMenuPanelRef,
+     viewsMenuButtonRef,
+     viewsMenuPanelRef,
+     surfaceMenuButtonRef: toolsMenuButtonRef,
+     surfaceMenuPanelRef: toolsMenuPanelRef,
+     showBulkMenu,
+     showDisplayMenu,
+     showViewsMenu,
+     showSurfaceMenu: showToolsMenu,
+     hasRowActionMenu: activeOverlay === 'rowAction' && Boolean(rowActionMenu),
+   })
+
+   const scopedActivityItems = useMemo(() => {
+     const selected = selectedRows(modes, selectedIds)
+     return selected.length ? selected : (modes || [])
+   }, [modes, selectedIds])
+
+   const activityStats = useMemo(() => scopedActivityItems.reduce((acc, mode) => ({
+     incidents: acc.incidents + (mode.linked_rcas?.length || 0),
+     causes: acc.causes + (mode.causes?.length || 0),
+     mitigations: acc.mitigations + (mode.mitigations?.length || 0),
+     prevention: acc.prevention + (mode.prevention_actions?.length || 0),
+   }), { incidents: 0, causes: 0, mitigations: 0, prevention: 0 }), [scopedActivityItems])
+
+   const compareItems = useMemo(() => selectedRows(modes, selectedIds), [modes, selectedIds])
+   const compareEnabled = compareItems.length >= 2 && compareItems.length <= 5
+
+   const rowActionSections = useMemo<OperationalRowActionSectionModel[]>(() => {
+     if (!rowActionMenu?.item) return []
+     const item = rowActionMenu.item
+     const contextActions = getFarContextActionState(item)
+     return [
+       {
+         id: 'quickAccess',
+         columns: 3,
+         items: [
+           { id: 'detail', label: 'Open details', icon: Eye, tone: 'info', onClick: () => { setRowActionMenu(null); onOpenDetailTab(Number(item.id), FAR_CONTEXT_DETAIL_TABS.detail) } },
+           { id: 'edit', label: 'Edit', icon: Edit2, tone: 'warning', onClick: () => { setRowActionMenu(null); onEdit(Number(item.id)) } },
+           { id: 'copy', label: 'Copy row', icon: Copy, onClick: () => { setRowActionMenu(null); void copyRow(item) } },
+         ],
+       },
+       {
+         id: 'followOptions',
+         columns: 3,
+         items: [
+           { id: 'versions', label: 'Version history', icon: Clock, tone: 'info', onClick: () => { setRowActionMenu(null); onOpenDetailTab(Number(item.id), FAR_CONTEXT_DETAIL_TABS.versionHistory) } },
+           { id: 'research', label: 'Research history', icon: Activity, tone: 'info', onClick: () => { setRowActionMenu(null); onOpenDetailTab(Number(item.id), FAR_CONTEXT_DETAIL_TABS.researchHistory) } },
+           {
+             id: 'incidents',
+             label: `Linked incidents (${contextActions.linkedIncidentCount})`,
+             icon: Link2,
+             tone: contextActions.canOpenLinkedIncidents ? 'info' : 'neutral',
+             disabled: !contextActions.canOpenLinkedIncidents,
+             disabledReason: 'No linked incidents',
+             onClick: () => {
+               if (!contextActions.canOpenLinkedIncidents) return
+               setRowActionMenu(null)
+               onOpenIncidents(contextActions.linkedIncidents)
+             },
+           },
+         ],
+       },
+       {
+         id: 'archive',
+         columns: 1,
+         items: [
+           { id: 'retire', label: 'Retire failure vector', icon: Trash2, tone: 'danger', onClick: () => { setRowActionMenu(null); onRetireSelected([Number(item.id)]) } },
+         ],
+       },
+     ]
+   }, [copyRow, onEdit, onOpenDetailTab, onOpenIncidents, onRetireSelected, rowActionMenu])
+
+   const filterChips = useMemo(() => {
+     const chips: Array<{ id: string; label: string; onRemove: () => void }> = []
+     if (searchTerm.trim()) {
+       chips.push({
+         id: 'search',
+         label: `Search: ${searchTerm.trim()}`,
+         onRemove: () => setSearchTerm(''),
+       })
+     }
+
+     const addQuickFilterChips = (
+       key: keyof FarQuickFilters,
+       label: string,
+       values: string[],
+       resolveLabel: (value: string) => string = (value) => value,
+     ) => values.forEach((value) => {
+       chips.push({
+         id: `quick:${key}:${value}`,
+         label: `${label}: ${resolveLabel(value)}`,
+         onRemove: () => setQuickFilters((current) => ({
+           ...current,
+           [key]: current[key].filter((entry) => entry !== value),
+         })),
+       })
+     })
+
+     addQuickFilterChips('system_name', 'System', quickFilters.system_name)
+     addQuickFilterChips('failure_type', 'Type', quickFilters.failure_type)
+     addQuickFilterChips('status', 'Status', quickFilters.status)
+     addQuickFilterChips(
+       'risk_band',
+       'Risk',
+       quickFilters.risk_band,
+       (value) => FAR_RISK_BAND_OPTIONS.find((option) => option.value === value)?.label || value,
+     )
+
+     Object.keys(gridFilterModel).sort().forEach((field) => {
+       const column = columnDefs.find((entry) => (entry.field || entry.colId) === field)
+       chips.push({
+         id: `grid:${field}`,
+         label: `${column?.headerName || field} column filter`,
+         onRemove: () => {
+           setGridFilterModel((current) => {
+             const next = { ...current }
+             delete next[field]
+             gridRef.current?.api?.setFilterModel?.(next)
+             return next
+           })
+         },
+       })
+     })
+
+     if (chips.length) {
+       chips.push({
+         id: 'clear-all',
+         label: 'Clear All',
+         onRemove: () => {
+           setSearchTerm('')
+           setQuickFilters(createDefaultFarQuickFilters())
+           setGridFilterModel({})
+           gridRef.current?.api?.setFilterModel?.({})
+         },
+       })
+     }
+     return chips
+   }, [columnDefs, gridFilterModel, gridRef, quickFilters, searchTerm, setQuickFilters, setSearchTerm])
+
+   const toolbarControls = (
+     <>
+       <ToolbarGroup>
+         <div className="views-menu-container">
+           <ToolbarButton active={showViewsMenu} onClick={() => toggleOverlay('views')} ref={viewsMenuButtonRef as any}>
+             <LayoutGrid size={14} /> Views
+           </ToolbarButton>
+         </div>
+         <div className="display-menu-container">
+           <ToolbarButton active={showDisplayMenu} onClick={() => toggleOverlay('display')} ref={displayMenuButtonRef as any}>
+             <Sliders size={14} /> Display
+           </ToolbarButton>
+         </div>
+         <ToolbarIconButton onClick={onExport} title="Export CSV"><FileText size={16} /></ToolbarIconButton>
+         <ToolbarIconButton onClick={onCopySelected} disabled={selectedIds.length === 0} title="Copy to clipboard"><Clipboard size={16} /></ToolbarIconButton>
+         <ToolbarIconButton onClick={onSettings} disabled={readOnly} title="Registry configuration"><Settings size={16} /></ToolbarIconButton>
+       </ToolbarGroup>
+       <ToolbarGroup>
+         <ToolbarButton onClick={onImport} disabled={readOnly} title="Import failure modes"><Upload size={14} /> Import</ToolbarButton>
+         <ToolbarButton
+           active={showFilterBar}
+           onClick={() => setShowFilterBar((current) => !current)}
+           title={showFilterBar ? 'Hide filters' : 'Show filters'}
+         >
+           {showFilterBar ? <EyeOff size={14} /> : <Eye size={14} />} Filters
+         </ToolbarButton>
+       </ToolbarGroup>
+     </>
+   )
+
+   const toolbarActions = (
+     <ToolbarGroup>
+       <ToolbarButton onClick={() => setCompareOpen(true)} disabled={!compareEnabled} active={compareOpen} title="Compare 2 to 5 selected failure modes">
+         <GitCompare size={14} /> Compare
+       </ToolbarButton>
+       <div className="bulk-menu-container">
+         <ToolbarButton
+           onClick={() => toggleOverlay('bulk')}
+           disabled={selectedIds.length === 0}
+           active={showBulkMenu}
+           title="Bulk actions"
+           ref={bulkMenuButtonRef as any}
+         >
+           <Zap size={14} /> Bulk Actions
+         </ToolbarButton>
+       </div>
+       <ToolbarButton variant="primary" className="px-6 py-2" onClick={onAdd} disabled={readOnly} ariaLabel="Add Failure Mode">+ Add Failure Mode</ToolbarButton>
+       <div className="far-tools-menu-container">
+         <ToolbarButton
+           active={showToolsMenu}
+           onClick={() => toggleOverlay('surface')}
+           title="FAR domain tools"
+           ref={toolsMenuButtonRef as any}
+         >
+           <MoreHorizontal size={14} /> FAR Tools
+         </ToolbarButton>
+       </div>
+     </ToolbarGroup>
+   )
+
+   const floatingPanels = (
+     <>
+       <OperationalSavedViewsPanel
+         isOpen={showViewsMenu}
+         panelRef={viewsMenuPanelRef}
+         panelStyle={viewsMenuStyle}
+         entityLabel="FAR"
+         onClose={dismissOverlays}
+         activeViewId={activeViewId}
+         currentViewName={normalizedViews.find((view) => view.id === activeViewId)?.name || 'Current FAR workspace'}
+         newViewName={newViewName}
+         onNewViewNameChange={setNewViewName}
+         onCreateView={() => { void createView() }}
+         onApplySystemDefault={() => {
+           applyViewConfig(DEFAULT_FAR_VIEW_CONFIG, 'default')
+           setActiveViewId(null)
+           lastRequestedViewRef.current = null
+           collaborativeViews.setViewLink(null)
+         }}
+         savedViews={savedViewPanelModels}
+         defaultViewIds={FAR_SYSTEM_VIEW_IDS}
+         onApplyView={applyView}
+         onOverwriteView={(id) => { void overwriteView(id) }}
+         onRenameView={renameView}
+         onDeleteView={(id) => { void deleteView(id) }}
+         describeView={describeSavedView}
+         syncStatus={collaborativeViews.status}
+         syncMessage={collaborativeViews.lastError || undefined}
+         onCopyViewLink={(id) => { void collaborativeViews.copyViewLink(id && isRemoteWorkspaceViewId(id) ? id : null) }}
+         conflictMessage={collaborativeViews.conflict?.message}
+         onReloadConflict={() => {
+           const serverView = collaborativeViews.conflict?.current
+           collaborativeViews.reloadConflict()
+           if (serverView) {
+             applyViewConfig(serverView.config, 'shared-view')
+             setActiveViewId(serverView.id)
+           }
+         }}
+         onSaveConflictCopy={() => { void collaborativeViews.saveConflictCopy() }}
+       />
+
+       <OperationalDisplayPanel
+         isOpen={showDisplayMenu}
+         panelRef={displayMenuPanelRef}
+         panelStyle={displayMenuStyle}
+         title="Display density"
+         onClose={dismissOverlays}
+         fontSize={fontSize}
+         onFontSizeChange={setFontSize}
+         rowDensity={rowDensity}
+         onRowDensityChange={setRowDensity}
+         groupBy={groupBy}
+         onGroupByChange={(value) => setGroupBy(value as FarGroupBy)}
+         groupOptions={FAR_GROUP_OPTIONS}
+         columns={columnDefs}
+         hiddenColumns={hiddenColumns}
+         onToggleColumn={toggleColumn}
+       />
+
+       <OperationalAnchoredPanel
+         isOpen={showToolsMenu}
+         panelKey="surface"
+         panelRef={toolsMenuPanelRef}
+         style={toolsMenuStyle}
+         className="far-tools-menu-container"
+         yOffset={10}
+       >
+         <WorkspaceFloatingPanel kind="menu" className="p-3">
+           <div className="mb-3 flex items-start justify-between gap-3 rounded-lg border border-white/5 bg-black/20 px-4 py-3">
+             <div>
+               <p className="text-[10px] font-semibold text-slate-300">FAR tools</p>
+               <p className="pt-1 text-[10px] text-slate-500">Domain-only controls kept outside the Monitoring-golden primary command set.</p>
+             </div>
+             <button type="button" onClick={dismissOverlays} aria-label="Close FAR tools" className="text-slate-500 transition-colors hover:text-white">
+               <X size={14} />
+             </button>
+           </div>
+           <div className="space-y-2">
+             <WorkspaceFlyoutActionCard title="Reset layout" active={false} onClick={() => { dismissOverlays(); resetFarLayoutToGolden() }} />
+             <WorkspaceFlyoutActionCard title="Export round-trip snapshot" active={false} onClick={() => { dismissOverlays(); onRoundTripExport() }} />
+             <WorkspaceFlyoutActionCard title="Reliability insights" active={showInsights} onClick={() => setShowInsights((current) => !current)} />
+             <WorkspaceFlyoutActionCard title="FAR activity summary" active={showActivity} onClick={() => setShowActivity((current) => !current)} />
+             <WorkspaceFlyoutActionCard title="RPN definition matrix" active={false} onClick={() => { dismissOverlays(); onRpnHelp() }} />
+           </div>
+         </WorkspaceFloatingPanel>
+       </OperationalAnchoredPanel>
+
+       <OperationalAnchoredPanel
+         isOpen={showBulkMenu}
+         panelKey="bulk-menu"
+         panelRef={bulkMenuPanelRef}
+         style={bulkMenuStyle}
+         className="bulk-menu-container"
+         yOffset={10}
+       >
+         <WorkspaceFloatingPanel kind="context" className="max-h-[560px] overflow-y-auto custom-scrollbar p-3">
+           <div className="mb-3 rounded-lg border border-slate-800 bg-slate-950 px-4 py-3">
+             <p className="text-[10px] font-semibold text-slate-400">Bulk actions</p>
+             <p className="pt-1 text-[12px] font-semibold text-slate-100">{selectedIds.length} failure modes selected</p>
+           </div>
+           <div className="space-y-2">
+             <WorkspaceFlyoutActionCard title="Copy selected" active={false} onClick={() => { dismissOverlays(); onCopySelected() }} />
+             <WorkspaceFlyoutActionCard title="Export selected" active={false} onClick={() => { dismissOverlays(); exportSelected() }} />
+             {([
+               ['severity', 'Severity'],
+               ['occurrence', 'Occurrence'],
+               ['detection', 'Detection'],
+             ] as const).map(([field, label]) => (
+               <div key={field} className="space-y-2">
+                 <WorkspaceFlyoutActionCard
+                   title={`Set ${label}`}
+                   active={bulkScoreField === field}
+                   onClick={() => setBulkScoreField((current) => current === field ? null : field)}
+                 />
+                 {bulkScoreField === field ? (
+                   <div className="grid grid-cols-5 gap-1 rounded-lg border border-white/5 bg-black/30 p-2">
+                     {Array.from({ length: 10 }, (_, index) => index + 1).map((value) => (
+                       <button
+                         key={value}
+                         type="button"
+                         onClick={() => {
+                           setBulkScoreField(null)
+                           dismissOverlays()
+                           onBulkScoreSelected(field, value)
+                         }}
+                         className="rounded-lg border border-white/10 bg-white/[0.03] px-2 py-2 text-[10px] font-bold text-slate-200 transition-colors hover:border-rose-500/40 hover:bg-rose-500/10 hover:text-white"
+                         aria-label={`Set ${label} to ${value}`}
+                       >
+                         {value}
+                       </button>
+                     ))}
+                   </div>
+                 ) : null}
+               </div>
+             ))}
+             <WorkspaceFlyoutActionCard title="Retire selected" active={false} onClick={() => { dismissOverlays(); onRetireSelected() }} />
+           </div>
+         </WorkspaceFloatingPanel>
+       </OperationalAnchoredPanel>
+
+       {rowActionMenu ? (
+         <OperationalRowActionMenu
+           meta={`FAR-${rowActionMenu.item.id}`}
+           title={rowActionMenu.item.title || 'Failure vector'}
+           onClose={() => setRowActionMenu(null)}
+           sections={rowActionSections}
+           cursorX={rowActionMenu.point.x}
+           cursorY={rowActionMenu.point.y}
+         />
+       ) : null}
+     </>
+   )
+
+   const activityPanel = (
+     <AnimatePresence>
+       {showActivity ? (
+         <motion.div
+           initial={{ height: 0, opacity: 0 }}
+           animate={{ height: 'auto', opacity: 1 }}
+           exit={{ height: 0, opacity: 0 }}
+           className="shrink-0 overflow-hidden"
+           data-testid="far-activity-panel"
+         >
+           <div className="glass-panel rounded-lg border border-white/5 bg-[#0a0c14]/40 p-4">
+             <div className="flex flex-wrap items-center justify-between gap-3">
+               <div>
+                 <p className="text-[10px] font-semibold text-slate-400">FAR Activity</p>
+                 <p className="pt-1 text-[11px] font-semibold text-slate-100">
+                   {selectedIds.length ? `${selectedIds.length} selected failure modes` : `${scopedActivityItems.length} visible failure modes`}
+                 </p>
+               </div>
+               <div className="grid grid-cols-2 gap-2 sm:grid-cols-4">
+                 {[
+                   ['Incidents', activityStats.incidents],
+                   ['Root causes', activityStats.causes],
+                   ['Mitigations', activityStats.mitigations],
+                   ['Prevention', activityStats.prevention],
+                 ].map(([label, value]) => (
+                   <div key={String(label)} className="rounded-lg border border-white/5 bg-black/30 px-4 py-2 text-center">
+                     <p className="text-[9px] font-semibold text-slate-500">{label}</p>
+                     <p className="pt-1 text-sm font-black text-slate-100">{value}</p>
+                   </div>
+                 ))}
+               </div>
+             </div>
+           </div>
+         </motion.div>
+       ) : null}
+     </AnimatePresence>
+   )
+
+   const compareModal = (
+     <WorkspaceModal
+       isOpen={compareOpen}
+       onClose={() => setCompareOpen(false)}
+       size="workspace"
+       title="Compare Failure Modes"
+       subtitle={`Risk-vector comparison · ${compareItems.length} selected records`}
+       icon={<GitCompare size={20} />}
+     >
+       <WorkspaceCompareShell
+         body={
+           <div className="grid gap-4 lg:grid-cols-2 xl:grid-cols-3">
+             {compareItems.map((item) => (
+               <div key={item.id} className="rounded-lg border border-white/5 bg-black/40 p-5 shadow-inner">
+                 <div className="mb-4 border-b border-white/5 pb-3">
+                   <p className="text-[9px] font-semibold text-slate-500">FAR-{item.id}</p>
+                   <h3 className="pt-1 text-sm font-semibold text-slate-100">{item.title}</h3>
+                 </div>
+                 <div className="space-y-2">
+                   {[
+                     ['System', item.system_name],
+                     ['Type', item.failure_type],
+                     ['Status', item.status],
+                     ['RPN', item.rpn],
+                     ['Severity', item.severity],
+                     ['Occurrence', item.occurrence],
+                     ['Detection', item.detection],
+                     ['Root causes', item.causes?.length || 0],
+                     ['Mitigations', item.mitigations?.length || 0],
+                     ['Prevention', item.prevention_actions?.length || 0],
+                     ['Incidents', item.linked_rcas?.length || 0],
+                   ].map(([label, value]) => (
+                     <div key={String(label)} className="flex items-start justify-between gap-4 rounded-lg border border-white/[0.04] bg-white/[0.02] px-3 py-2">
+                       <span className="text-[9px] font-semibold text-slate-500">{label}</span>
+                       <span className="text-right text-[10px] font-semibold text-slate-200">{compareValue(value)}</span>
+                     </div>
+                   ))}
+                 </div>
+               </div>
+             ))}
+           </div>
+         }
+       />
+     </WorkspaceModal>
+   )
+
+   return {
+     toolbarControls,
+     toolbarActions,
+     filterChips,
+     floatingPanels,
+     workingStateReady,
+     restorationMetadata: lastRestorationPlanRef.current?.fieldSources ?? null,
+     activityPanel,
+     compareModal,
+     gridRuntime,
+     contextMenu: { handleCellContextMenu },
+   }
+ }
+

 ❯ src/components/shared/FARGoldenStructuralContract.test.ts:134:22
    132|     expect(config.columnLayoutState.find((column: any) => column.colId…
    133|     expect(controls).toContain('usePersistentJsonState<FarWorkspaceVie…
    134|     expect(controls).toContain('applyViewConfig(workingDefinition)')
       |                      ^
    135|     expect(controls).toContain('setWorkingDefinition(currentDefinition…
    136|     expect(controls).toContain("if (collaborativeViews.status === 'loa…

⎯⎯⎯⎯⎯⎯⎯⎯⎯⎯⎯⎯⎯⎯⎯⎯⎯⎯⎯⎯⎯⎯[13/18]⎯

 FAIL  src/components/shared/FARGoldenStructuralContract.test.ts > FAR Monitoring-golden structural contract > keeps FAR analytical semantics intact while adopting the shared frame
AssertionError: expected 'import React, { useState, useMemo, us…' to contain 'Vectors'

- Expected
+ Received

- Vectors
+ import React, { useState, useMemo, useEffect } from 'react'
+ import {
+   WorkspaceCollapsibleHeader,
+   WorkspaceEmptyState,
+   WorkspaceFieldError,
+   WorkspaceFieldLabel,
+   WorkspaceSectionBadge,
+   WorkspaceSectionCard,
+   WorkspaceSelectField,
+   WorkspaceStickyIdentityBar,
+   WorkspaceValidationBanner,
+   getWorkspaceInputClass,
+ } from './shared/OperationalWorkspacePrimitives'
+ import { useNavigate, useSearchParams } from 'react-router-dom'
+ import { useQuery, useMutation, useQueryClient } from '@tanstack/react-query'
+ import { 
+   Plus, Search, Trash2, Edit2, Info, 
+   ShieldAlert, Zap, Save, X, PlusCircle, User,
+   RefreshCcw, AlertTriangle, Lightbulb, ShieldCheck, 
+   Activity, Server, FileText, Clipboard, ArrowRight, Shield, 
+   CheckCircle2, ChevronRight, LayoutGrid, List, Sliders, Eye,
+   Target, AlertCircle, Settings, Layers, Box, Link2, ExternalLink,
+   ChevronLeft, Book, Download, Copy, Terminal, Check, HelpCircle, EyeOff, MoreVertical, Monitor, Upload, Clock, Undo2
+ } from 'lucide-react'
+ import { motion, AnimatePresence } from 'framer-motion'
+ import { apiFetch } from '../api/apiClient'
+ import { toast } from 'react-hot-toast'
+ import { formatAppDate } from '../utils/dateUtils'
+ import { OperationalImportModal } from './shared/OperationalImportModal'
+ import { downloadOperationalImportFile } from './shared/OperationalImportExport'
+ import { StatusPill } from './shared/StatusPill'
+ import { ConfigRegistryModal } from './ConfigRegistry'
+ import { MonitoringForm } from './monitoring/MonitoringForm'
+ import { ProjectForm } from './Projects'
+ import { RootCauseFormModal, MitigationFormModal, PreventionFormModal, ResolutionManagerModal } from './shared/FARModals'
+ import { EnhancedRcaDetails } from './Research'
+ import { OperationalWorkspaceShell } from './shared/OperationalWorkspaceShells'
+ import { FARFilterBar, FAROperationalGridView } from './FARGoldenWorkspaceInteraction'
+ import {
+   buildFarDelimitedText,
+   createDefaultFarQuickFilters,
+   filterFarModes,
+   type FarGroupBy,
+   type FarQuickFilters,
+ } from './FAR.workspaceModel'
+ import { OperationalBulkPreviewModal } from './shared/OperationalBulkPreviewModal'
+ import { useOperationalBulkWorkflow } from './shared/useOperationalBulkWorkflow'
+ import { HeaderScopeSwitch, ToolbarButton, ToolbarGroup, ToolbarIconButton, ToolbarSearch } from './shared/LayoutPrimitives'
+ import { FARVersionHistory } from './FARVersionHistory'
+ import { useFARGoldenWorkspaceControls } from './FARGoldenWorkspaceControls'
+ import type { FarLifecycleScope } from './FAR.workspaceState'
+ import { buildFarLifecycleWorkspaceTransition } from './FAR.lifecycleWorkspace'
+ import type { FarRestorationDossierContext } from './FAR.restoration'
+ import { OPERATIONAL_GRID_WIDTHS } from './shared/OperationalGridContract'
+ import {
+   createOperationalActionColumnDefinition,
+   createOperationalUtilityColumns,
+   renderOperationalActionButtons,
+ } from './shared/OperationalGridStandard'
+ import {
+   createOperationalGoldenTextColumn,
+   createOperationalMetricBadgeColumn,
+   getOperationalContentAwareWidth,
+ } from './shared/OperationalGoldenColumns'
+ import { useFarOperatorIntelligence } from './FAR.operatorIntelligence'
+ import { WorkspaceModal } from './shared/WorkspaceModal'
+ import { useOperationalFormDirty } from './shared/OperationalFormContracts'
+ import { parseOperationalApiValidationError } from './shared/OperationalFieldValidation'
+ import {
+   buildFarAuthoringDraft,
+   buildFarAuthoringErrors,
+   changeFarAuthoringSystem,
+   getFarAuthoringFirstErrorTab,
+   getFarAuthoringTabErrorCounts,
+   sanitizeFarAuthoringPayload,
+   type FarAuthoringTab,
+ } from './FAR.authoringModel'
+ import { buildFarDossierSearchParams, getFarDeepLinkNotice, getFarGridDataState, parseFarDossierTab, resolveFarDeepLink } from './FAR.deepLink'
+ import DataStatusPill, { DataDiagnosticModal } from './shared/OperationalDataStatus'
+ import { buildFarRegistryDiagnosticDetail } from './FAR.diagnostics'
+ import {
+   buildFarOperatorLoopReceipt,
+   buildFarOperatorLoopSnapshot,
+   shouldDismissFarOperatorLoop,
+   startFarOperatorLoop,
+   type FarOperatorSurface,
+   type FarOperatorLoopSession,
+ } from './FAR.operatorLoop'
+ import { FARDossierShell } from './FAR.dossier'
+ import {
+   buildFarLifecycleRequest,
+   buildFarLifecycleRevertPayload,
+   getFarLifecycleEndpoint,
+   getFarLifecycleRevertAction,
+   isFarLifecycleAction,
+ } from './FAR.lifecycleVocabulary'
+ import {
+   buildFarBulkScorePreview,
+   buildFarBulkScoreRequest,
+   buildFarBulkScoreRevertPayload,
+   type FarBulkScoreField,
+ } from './FAR.bulkScore'
+ import {
+   FAR_MATURITY_LEVELS,
+   createFarAnalyticalColumns,
+   getFarMaturityLevel,
+ } from './FAR.gridColumns'
+ import {
+   FAR_CONTEXT_DETAIL_TABS,
+   type FarDossierTab,
+ } from './FAR.rowActions'
+ import {
+   readFarMutationFailureMessage,
+   withFarExpectedVersion,
+ } from './FAR.mutationIntegrity'
+ import { buildFarContextMutationRequest } from './FAR.causalIntegrity'
+
+ import 'ag-grid-community/styles/ag-grid.css'
+ import 'ag-grid-community/styles/ag-theme-alpine.css'
+
+ const FAR_IMPORT_PROFILE = 'far_records'
+ const FAR_IMPORT_SCHEMA_VERSION = '2026-08-far-v1'
+ const FAR_SNAPSHOT_FILENAME_PATTERN = /^SYSGRID_far_records_Snapshot\.csv$/
+
+ // --- Types ---
+ interface FailureMode {
+   id: number
+   system_name: string
+   failure_type: string
+   title: string
+   effect: string
+   severity: number
+   occurrence: number
+   detection: number
+   rpn: number
+   status: string
+   affected_assets: any[]
+   causes: any[]
+   mitigations: any[]
+   prevention_actions: any[]
+ }
+
+ const FAILURE_TYPES = [
+   { value: 'Design', label: 'Design' },
+   { value: 'Process', label: 'Process' },
+   { value: 'Hardware', label: 'Hardware' },
+   { value: 'Software', label: 'Software' },
+   { value: 'Network', label: 'Network' },
+   { value: 'Human', label: 'Human' },
+   { value: 'Environment', label: 'Environment' },
+ ]
+
+ // --- Constants for Guided Scoring ---
+ const SEVERITY_LEVELS = [
+   { value: 10, label: 'HAZARDOUS (NO WARNING)', desc: 'Safety issue or total compliance failure. Extreme risk to the enterprise.' },
+   { value: 9, label: 'HAZARDOUS (WITH WARNING)', desc: 'Potential safety issue or major compliance risk. High probability of legal impact.' },
+   { value: 8, label: 'VERY HIGH', desc: 'System total failure, major data loss, no workaround exists. Business critical.' },
+   { value: 7, label: 'HIGH', desc: 'System operational but major performance impact. High user dissatisfaction.' },
+   { value: 6, label: 'MODERATE', desc: 'Significant impact on primary function, but workaround exists. Noticeable degradation.' },
+   { value: 5, label: 'LOW', desc: 'Minor impact on performance or usability. Minimal business disruption.' },
+   { value: 4, label: 'VERY LOW', desc: 'Noticeable impact but system remains functional. Easily manageable.' },
+   { value: 3, label: 'MINOR', desc: 'Slight annoyance to users. No functional impairment.' },
+   { value: 2, label: 'VERY MINOR', desc: 'Hardly noticeable impact. Cosmetic or trace-level issue.' },
+   { value: 1, label: 'NONE', desc: 'No discernible effect on system or user experience.' },
+ ]
+
+ const OCCURRENCE_LEVELS = [
+   { value: 10, label: 'CERTAIN', desc: 'Inevitable. Occurs multiple times per day. Constant risk exposure.' },
+   { value: 9, label: 'VERY HIGH', desc: 'Likely to occur daily. High-frequency failure profile.' },
+   { value: 8, label: 'HIGH', desc: 'Likely to occur weekly. Recurring operational disruption.' },
+   { value: 7, label: 'MODERATELY HIGH', desc: 'Occurs once or twice per month. Periodic impact.' },
+   { value: 6, label: 'MODERATE', desc: 'Occurs once every few months. Occasional risk.' },
+   { value: 5, label: 'LOW', desc: 'Occurs once or twice per year. Infrequent failure mode.' },
+   { value: 4, label: 'VERY LOW', desc: 'Occurs once every few years. Rare occurrence.' },
+   { value: 3, label: 'REMOTE', desc: 'Unlikely but possible. Minimal historical evidence.' },
+   { value: 2, label: 'VERY REMOTE', desc: 'Extremely unlikely. Speculative failure mode.' },
+   { value: 1, label: 'NEARLY IMPOSSIBLE', desc: 'Never expected to occur. Theoretical risk only.' },
+ ]
+
+ const DETECTION_LEVELS = [
+   { value: 10, label: 'IMPOSSIBLE', desc: 'Zero monitoring. Discovered only via total system blackout or user report.' },
+   { value: 9, label: 'VERY REMOTE', desc: 'Visible only after catastrophic failure has completed. Post-mortem discovery.' },
+   { value: 8, label: 'REMOTE', desc: 'Requires manual log inspection or audit. High latency in visibility.' },
+   { value: 7, label: 'VERY LOW', desc: 'Alerts exist but are buried in noise. Easily missed by NOC/SOC.' },
+   { value: 6, label: 'LOW', desc: 'Standard monitoring, but delayed or inconsistent. Unreliable visibility.' },
+   { value: 5, label: 'MODERATE', desc: 'Reliable alerts exist but require human triage for verification.' },
+   { value: 4, label: 'MODERATELY HIGH', desc: 'Proactive alerts with clear root cause identification.' },
+   { value: 3, label: 'HIGH', desc: 'Real-time dashboarding and active, automated health checks.' },
+   { value: 2, label: 'VERY HIGH', desc: 'Automated self-healing or failsafe systems. Immediate notification.' },
+   { value: 1, label: 'ALMOST CERTAIN', desc: 'Predictive analytics prevents failure before it manifests.' },
+ ]
+
+ async function fetchFarList(path: string) {
+   const response = await apiFetch(path)
+   if (!response.ok) throw new Error(await response.text())
+   const payload = await response.json()
+   if (!Array.isArray(payload)) throw new Error(`Expected a list response from ${path}`)
+   return payload
+ }
+
+ const METRIC_DEFINITIONS: any = {
+   SRI: {
+     title: "System Reliability Index (SRI)",
+     formula: "SRI = 100 × [1 - (RPN_avg / 500)]",
+     description: "Represents the aggregate health of the infrastructure's risk profile. A score of 100 signifies zero documented risk exposure, while lower scores indicate high-criticality failure modes with frequent occurrence or visibility gaps."
+   },
+   RiskDensity: {
+     title: "Risk Density Profile",
+     formula: "D_risk = Σ RPN / Σ Assets_affected",
+     description: "Measures risk concentration across assets. High density indicates that a small number of physical or logical assets are bearing a disproportionate amount of system-wide failure risk."
+   },
+   MitigationRatio: {
+     title: "Global Mitigation Coverage",
+     formula: "M_cov = (N_mitigated / N_total) × 100",
+     description: "Evaluates the breadth of the defense-in-depth strategy. Measures the percentage of failure modes that have at least one verified Monitoring or temporary Workaround protocol established."
+   },
+   AvgSeverity: {
+     title: "Mean Failure Criticality",
+     formula: "RPN_avg = (1 / N) Σ RPN_i",
+     description: "The average Risk Priority Number across the entire registry. Used to monitor long-term trends in the inherent severity of documented risks, independent of the number of entries."
+   }
+ }
+
+ function MetricHelpModal({ metric, onClose }: { metric: string | null, onClose: () => void }) {
+   if (!metric || !METRIC_DEFINITIONS[metric]) return null;
+   const def = METRIC_DEFINITIONS[metric];
+   return (
+     <div className="fixed inset-0 z-[300] flex items-center justify-center bg-black/60 backdrop-blur-md p-10">
+       <motion.div initial={{ scale: 0.9, opacity: 0 }} animate={{ scale: 1, opacity: 1 }} className="glass-panel w-full max-w-md p-10 rounded-lg border border-blue-500/30 space-y-6">
+         <div className="flex items-center justify-between border-b border-white/5 pb-4">
+           <h2 className="text-xl font-bold uppercase tracking-tighter text-blue-400  flex items-center space-x-3">
+              <Info size={24}/> <span>{def.title}</span>
+           </h2>
+           <button onClick={onClose} className="text-slate-500 hover:text-white transition-colors"><X size={20}/></button>
+         </div>
+         <div className="space-y-4">
+           <div>
+             <p className="text-[9px] font-bold text-slate-500 uppercase tracking-widest mb-2 px-1">Mathematical Derivation</p>
+             <div className="bg-black/40 border border-white/5 rounded-lg p-6 font-serif text-lg text-blue-300 text-center shadow-inner">
+                {def.formula}
+             </div>
+           </div>
+           <div>
+             <p className="text-[9px] font-bold text-slate-500 uppercase tracking-widest mb-2 px-1">Functional Definition</p>
+             <p className="text-[13px] text-slate-300 leading-relaxed font-bold tracking-tight ">
+               {def.description}
+             </p>
+           </div>
+         </div>
+         <button onClick={onClose} className="w-full py-3 bg-blue-600 text-white rounded-lg text-[10px] font-bold uppercase tracking-widest active:scale-95 transition-all shadow-lg shadow-blue-500/20">Acknowledge</button>
+       </motion.div>
+     </div>
+   )
+ }
+
+ export default function FAR() {
+   const [operatorLoopSession, setOperatorLoopSession] = useState<FarOperatorLoopSession | null>(null)
+   const queryClient = useQueryClient()
+   const [searchParams, setSearchParams] = useSearchParams()
+   const gridRef = React.useRef<any>(null)
+   const lastDeepLinkedModeIdRef = React.useRef<number | null>(null)
+   
+   const idParam = searchParams.get('id')
+   const tabParam = searchParams.get('tab')
+   const requestedDossierTab = useMemo(() => parseFarDossierTab(tabParam), [tabParam])
+
+   const [showWizard, setShowWizard] = useState(false)
+   const [selectedModeId, setSelectedModeId] = useState<number | null>(null)
+   const [selectedDetailTab, setSelectedDetailTab] = useState<FarDossierTab>(FAR_CONTEXT_DETAIL_TABS.detail)
+   const [searchTerm, setSearchTerm] = useState('')
+   const [groupBy, setGroupBy] = useState<FarGroupBy>('raw')
+   const [quickFilters, setQuickFilters] = useState<FarQuickFilters>(() => createDefaultFarQuickFilters())
+   const [showMaturityHelp, setShowMaturityHelp] = useState(false)
+   const [showRpnHelp, setShowRpnHelp] = useState(false)
+   const [activeMetricHelp, setActiveMetricHelp] = useState<string | null>(null)
+
+   const [incidentListModal, setIncidentListModal] = useState<{show: boolean, rcas: any[]}>({ show: false, rcas: [] })
+   const [selectedRcaDetail, setSelectedRcaDetail] = useState<any>(null)
+   const [resolutionManagerModal, setResolutionManagerModal] = useState<{show: boolean, cause: any}>({ show: false, cause: null })
+
+   // Column Picker & Style Lab State (Mirrored from Assets)
+   const [fontSize, setFontSize] = useState(11)
+   const [rowDensity, setRowDensity] = useState(8)
+   const [showStyleLab, setShowStyleLab] = useState(false)
+   const [showFilterBar, setShowFilterBar] = useState(true)
+   const [showInsights, setShowInsights] = useState(false)
+   const [showColumnPicker, setShowColumnPicker] = useState(false)
+   const [hiddenColumns, setHiddenColumns] = useState<string[]>([])
+   const [showConfig, setShowConfig] = useState(false)
+   const [selectedIds, setSelectedIds] = useState<number[]>([])
+   const [lifecycleScope, setLifecycleScope] = useState<'active' | 'archived'>('active')
+   const operatorLoopSnapshotRef = React.useRef<ReturnType<typeof buildFarOperatorLoopSnapshot> | null>(null)
+   const lastOperatorLoopReceiptRef = React.useRef<ReturnType<typeof buildFarOperatorLoopReceipt> | null>(null)
+   
+   const [bkmGuidanceModal, setBkmGuidanceModal] = useState<{show: boolean, cause: any}>({ show: false, cause: null })
+
+   const operatorLoopSnapshot = useMemo(() => buildFarOperatorLoopSnapshot({
+     lifecycleScope,
+     groupBy,
+     searchTerm,
+     quickFilters,
+     selectedIds,
+     selectedModeId,
+     selectedDetailTab,
+     hiddenColumns,
+     fontSize,
+     rowDensity,
+     routeQuery: searchParams.toString(),
+   }), [
+     lifecycleScope,
+     groupBy,
+     searchTerm,
+     quickFilters,
+     selectedIds,
+     selectedModeId,
+     selectedDetailTab,
+     hiddenColumns,
+     fontSize,
+     rowDensity,
+     searchParams,
+   ])
+   operatorLoopSnapshotRef.current = operatorLoopSnapshot
+
+   const beginFarOperatorSurface = React.useCallback((surface: FarOperatorSurface) => {
+     const session = startFarOperatorLoop(surface, operatorLoopSnapshotRef.current || operatorLoopSnapshot)
+     setOperatorLoopSession(session)
+     return session
+   }, [operatorLoopSnapshot])
+
+   const openFarOperatorSurface = React.useCallback((surface: Exclude<FarOperatorSurface, 'round_trip_export'>) => {
+     beginFarOperatorSurface(surface)
+   }, [beginFarOperatorSurface])
+
+   const closeFarOperatorSurface = React.useCallback((surface: FarOperatorSurface) => {
+     setOperatorLoopSession((current) => {
+       if (!current || current.surface !== surface) return current
+       const latest = operatorLoopSnapshotRef.current || current.snapshot
+       lastOperatorLoopReceiptRef.current = buildFarOperatorLoopReceipt(current, latest)
+       return null
+     })
+   }, [])
+
+   useEffect(() => {
+     setOperatorLoopSession((current) => {
+       if (!current || !shouldDismissFarOperatorLoop(current, operatorLoopSnapshot)) return current
+       lastOperatorLoopReceiptRef.current = buildFarOperatorLoopReceipt(current, operatorLoopSnapshot)
+       return null
+     })
+   }, [operatorLoopSnapshot])
+
+   const syncFarDossierLink = React.useCallback((
+     targetId: number | null,
+     tab: FarDossierTab = FAR_CONTEXT_DETAIL_TABS.detail,
+     replace = false,
+   ) => {
+     setSearchParams(buildFarDossierSearchParams(searchParams, targetId, tab), { replace })
+   }, [searchParams, setSearchParams])
+
+   const openFarDossier = React.useCallback((
+     targetId: number,
+     tab: FarDossierTab = FAR_CONTEXT_DETAIL_TABS.detail,
+   ) => {
+     setSelectedDetailTab(tab)
+     setSelectedModeId(targetId)
+     syncFarDossierLink(targetId, tab)
+   }, [syncFarDossierLink])
+
+   const closeFarDossier = React.useCallback((replace = false) => {
+     lastDeepLinkedModeIdRef.current = null
+     setSelectedModeId(null)
+     setSelectedDetailTab(FAR_CONTEXT_DETAIL_TABS.detail)
+     syncFarDossierLink(null, FAR_CONTEXT_DETAIL_TABS.detail, replace)
+   }, [syncFarDossierLink])
+
+   const transitionFarLifecycleScope = React.useCallback((
+     nextScope: FarLifecycleScope,
+     preserveExplicitDossierLink = false,
+   ) => {
+     const transition = buildFarLifecycleWorkspaceTransition(nextScope, preserveExplicitDossierLink)
+     if (transition.applyLifecycleScope) setLifecycleScope(transition.lifecycleScope)
+     if (transition.clearSelection) {
+       setSelectedIds([])
+       gridRef.current?.api?.deselectAll?.()
+     }
+     if (transition.clearDossier) closeFarDossier(true)
+   }, [closeFarDossier])
+
+   const restoreFarLifecycleScope = React.useCallback((nextScope: FarLifecycleScope) => {
+     transitionFarLifecycleScope(nextScope, Boolean(idParam))
+   }, [idParam, transitionFarLifecycleScope])
+
+   // Queries
+   const { data: modes, isLoading: modesLoading, isError: modesError, error: modesQueryError } = useQuery({
+     queryKey: ['far', 'modes'], 
+     queryFn: () => fetchFarList('/api/v1/far/modes?include_deleted=true')
+   })
+   const activeModes = useMemo(
+     () => (modes || []).filter((mode: any) => !mode.is_deleted),
+     [modes],
+   )
+   const lifecycleModes = useMemo(
+     () => (modes || []).filter((mode: any) => lifecycleScope === 'archived' ? Boolean(mode.is_deleted) : !mode.is_deleted),
+     [lifecycleScope, modes],
+   )
+   const lifecycleCounts = useMemo(() => ({
+     active: (modes || []).filter((mode: any) => !mode.is_deleted).length,
+     archived: (modes || []).filter((mode: any) => Boolean(mode.is_deleted)).length,
+   }), [modes])
+   const deepLinkResolution = useMemo(() => resolveFarDeepLink(idParam, modes), [idParam, modes])
+   const deepLinkNotice = useMemo(() => getFarDeepLinkNotice(deepLinkResolution), [deepLinkResolution])
+   const restorationDossier = useMemo<FarRestorationDossierContext | null>(() => {
+     if (deepLinkResolution.kind !== 'resolved') return null
+     return {
+       targetId: deepLinkResolution.targetId,
+       lifecycleScope: deepLinkResolution.lifecycleScope,
+       title: String(deepLinkResolution.mode.title || ''),
+       tab: requestedDossierTab,
+     }
+   }, [deepLinkResolution, requestedDossierTab])
+   const farRegistryDiagnosticDetail = useMemo(
+     () => buildFarRegistryDiagnosticDetail(modesQueryError),
+     [modesQueryError],
+   )
+
+   useEffect(() => {
+     if (operatorLoopSession?.surface !== 'diagnostics' || modesError) return
+     closeFarOperatorSurface('diagnostics')
+   }, [closeFarOperatorSurface, modesError, operatorLoopSession?.surface])
+
+   useEffect(() => {
+     if (deepLinkResolution.kind !== 'resolved') {
+       if (deepLinkResolution.kind === 'invalid' || deepLinkResolution.kind === 'unavailable') {
+         lastDeepLinkedModeIdRef.current = null
+         setSelectedModeId(null)
+         setSelectedDetailTab(FAR_CONTEXT_DETAIL_TABS.detail)
+       } else if (deepLinkResolution.kind === 'absent' && lastDeepLinkedModeIdRef.current !== null) {
+         const previousDeepLinkId = lastDeepLinkedModeIdRef.current
+         lastDeepLinkedModeIdRef.current = null
+         setSelectedModeId((current) => current === previousDeepLinkId ? null : current)
+         setSelectedDetailTab(FAR_CONTEXT_DETAIL_TABS.detail)
+       }
+       return
+     }
+     const { targetId, lifecycleScope: targetLifecycleScope } = deepLinkResolution
+
+     lastDeepLinkedModeIdRef.current = targetId
+     setLifecycleScope(targetLifecycleScope)
+     setSelectedDetailTab(requestedDossierTab)
+     setSelectedModeId(targetId)
+   }, [deepLinkResolution, requestedDossierTab])
+
+   const { data: options } = useQuery({ queryKey: ['settings-options'], queryFn: async () => (await apiFetch('/api/v1/settings/options')).json() })
+   const availableSystems = useMemo(() => Array.from(new Set([
+     ...(options?.filter((o: any) => o.category === 'LogicalSystem').map((s: any) => String(s.value || '')).filter(Boolean) || []),
+     ...lifecycleModes.map((mode: any) => String(mode.system_name || '')).filter(Boolean),
+   ])).sort(), [lifecycleModes, options])
+   const availableFailureTypes = useMemo(() => Array.from(new Set([
+     ...FAILURE_TYPES.map((type) => type.value),
+     ...lifecycleModes.map((mode: any) => String(mode.failure_type || '')).filter(Boolean),
+   ])).sort(), [lifecycleModes])
+   const availableStatuses = useMemo(() => Array.from(new Set(
+     lifecycleModes.map((mode: any) => String(mode.status || '')).filter(Boolean)
+   )).sort(), [lifecycleModes])
+
+   const farDefaultWidthsRef = React.useRef<{
+     system_name: number
+     failure_type: number
+     title: number
+     created_by_user_id: number
+   } | null>(null)
+   if (!farDefaultWidthsRef.current && modes !== undefined) {
+     const loadedModes = activeModes
+     farDefaultWidthsRef.current = {
+       system_name: getOperationalContentAwareWidth({
+         headerName: 'System', values: loadedModes.map((mode: any) => mode.system_name), minWidth: 120, fallbackWidth: 132, maxDefaultWidth: 220,
+       }),
+       failure_type: getOperationalContentAwareWidth({
+         headerName: 'Type', values: loadedModes.map((mode: any) => mode.failure_type), minWidth: 96, fallbackWidth: 108, maxDefaultWidth: 160,
+       }),
+       title: getOperationalContentAwareWidth({
+         headerName: 'Failure Mode', values: loadedModes.map((mode: any) => mode.title), minWidth: 200, fallbackWidth: 260, maxDefaultWidth: 360,
+       }),
+       created_by_user_id: getOperationalContentAwareWidth({
+         headerName: 'Created By', values: loadedModes.map((mode: any) => mode.created_by_user_id || 'SYSTEM'), minWidth: 128, fallbackWidth: 136, maxDefaultWidth: 220,
+       }),
+     }
+   }
+   const farDefaultWidths = farDefaultWidthsRef.current || {
+     system_name: 132,
+     failure_type: 108,
+     title: 260,
+     created_by_user_id: 136,
+   }
+
+   const filteredModes = useMemo(
+     () => filterFarModes(lifecycleModes, searchTerm, quickFilters),
+     [lifecycleModes, quickFilters, searchTerm]
+   )
+   const operatorIntelligence = useFarOperatorIntelligence({
+     rows: filteredModes,
+     groupBy,
+     searchTerm,
+     quickFilters,
+     onOpenDetail: (mode) => {
+       if (!mode?.id) return
+       openFarDossier(Number(mode.id))
+     },
+     gridRef,
+   })
+   const displayedModes = operatorIntelligence.rows
+   const selectionScopeKey = operatorIntelligence.selectionScopeKey
+
+   const selectedMode = useMemo(() => modes?.find((m: any) => m.id === selectedModeId), [modes, selectedModeId])
+
+   const handleExportCSV = () => {
+     if (groupBy === 'raw' && gridRef.current?.api) {
+       gridRef.current.api.exportDataAsCsv({
+         fileName: `SysGrid_FAR_${new Date().toISOString().split('T')[0]}.csv`,
+         allColumns: false,
+         onlySelected: false,
+       })
+       return
+     }
+     const blob = new Blob([buildFarDelimitedText(filteredModes, ',')], { type: 'text/csv;charset=utf-8' })
+     const url = URL.createObjectURL(blob)
+     const link = document.createElement('a')
+     link.href = url
+     link.download = `SysGrid_FAR_${new Date().toISOString().split('T')[0]}.csv`
+     link.click()
+     URL.revokeObjectURL(url)
+   }
+
+   const handleExportRoundTrip = async () => {
+     const exportSession = beginFarOperatorSurface('round_trip_export')
+     try {
+       const result = await downloadOperationalImportFile({
+         tableName: FAR_IMPORT_PROFILE,
+         kind: 'snapshot',
+         expectedProfile: FAR_IMPORT_PROFILE,
+         requireSchemaHeaders: true,
+         fallbackFileName: 'SYSGRID_far_records_Snapshot.csv',
+         metadataContract: {
+           manifestEndpoint: `/api/v1/import/snapshot/${FAR_IMPORT_PROFILE}/manifest`,
+           expectedProfile: FAR_IMPORT_PROFILE,
+           expectedSchemaVersion: FAR_IMPORT_SCHEMA_VERSION,
+           expectedFilenamePattern: FAR_SNAPSHOT_FILENAME_PATTERN,
+           expectedContentType: 'text/csv',
+         },
+       })
+       toast.success(`FAR round-trip snapshot exported (${result.schemaVersion || FAR_IMPORT_SCHEMA_VERSION})`)
+     } catch (error) {
+       toast.error(error instanceof Error ? error.message : 'Unable to export FAR round-trip snapshot')
+     } finally {
+       const latest = operatorLoopSnapshotRef.current || exportSession.snapshot
+       lastOperatorLoopReceiptRef.current = buildFarOperatorLoopReceipt(exportSession, latest)
+       setOperatorLoopSession((current) => current === exportSession ? null : current)
+     }
+   }
+
+   const handleCopyToClipboard = () => {
+     let csvData = ''
+     if (groupBy === 'raw' && gridRef.current?.api) {
+       csvData = gridRef.current.api.getDataAsCsv?.({
+         allColumns: false,
+         onlySelected: true,
+         suppressQuotes: true,
+       }) || ''
+     } else {
+       const selected = new Set(selectedIds.map(Number))
+       csvData = buildFarDelimitedText(
+         (modes || []).filter((mode: any) => selected.has(Number(mode.id))),
+         '\t',
+       )
+     }
+     if (!csvData || selectedIds.length === 0) return
+     navigator.clipboard.writeText(csvData)
+       .then(() => toast.success('Selected failure vectors copied to clipboard'))
+       .catch(() => toast.error('Failed to copy selected failure vectors'))
+   }
+
+   const {
+     bulkMutation,
+     bulkOperationPreview,
+     requestBulkPreview,
+     setBulkOperationPreview,
+   } = useOperationalBulkWorkflow<any>({
+     selectedIds,
+     fieldLabels: {
+       severity: 'Severity',
+       occurrence: 'Occurrence',
+       detection: 'Detection',
+     },
+     selectionErrorMessage: 'Select at least one failure vector.',
+     previewErrorMessage: 'Unable to prepare the FAR bulk preview.',
+     executionErrorMessage: 'Unable to update the selected failure vectors.',
+     revertErrorMessage: 'Unable to revert the FAR bulk change.',
+     getSnapshots: (ids) => (modes || []).filter((mode: any) => ids.includes(Number(mode.id))),
+     previewRequest: async ({ action, ids, payload }) => {
+       if (action === 'update') {
+         return buildFarBulkScorePreview(ids, modes || [], payload)
+       }
+       if (!isFarLifecycleAction(action)) throw new Error('Unsupported FAR lifecycle action.')
+       const current = new Map((modes || []).map((mode: any) => [Number(mode.id), mode]))
+       const changedIds = ids.filter((id) => {
+         const mode = current.get(id)
+         if (!mode) return false
+         return action === 'restore' ? Boolean(mode.is_deleted) : !mode.is_deleted
+       })
+       const changed = new Set(changedIds)
+       const unchangedIds = ids.filter((id) => current.has(id) && !changed.has(id))
+       const missingIds = ids.filter((id) => !current.has(id))
+       return {
+         action,
+         selected_count: ids.length,
+         matched_count: changedIds.length + unchangedIds.length,
+         changed_count: changedIds.length,
+         unchanged_count: unchangedIds.length,
+         blocked_count: 0,
+         missing_count: missingIds.length,
+         changed_ids: changedIds,
+         unchanged_ids: unchangedIds,
+         missing_ids: missingIds,
+         blockers: [],
+         can_execute: changedIds.length > 0 && missingIds.length === 0,
+       }
+     },
+     executeRequest: async ({ action, ids, payload }) => {
+       operatorIntelligence.beginPending(ids)
+       try {
+         if (action === 'update') {
+           const request = buildFarBulkScoreRequest(ids, modes || [], payload)
+           const res = await apiFetch('/api/v1/far/modes/bulk-score', {
+             method: 'POST',
+             body: JSON.stringify(request),
+           })
+           if (!res.ok) throw new Error(await res.text())
+           const result = await res.json()
+           return {
+             ...result,
+             changed_count: Number(result?.changed_count || 0),
+             unchanged_count: Number(result?.unchanged_count || 0),
+             changed_ids: Array.isArray(result?.changed_ids) ? result.changed_ids.map(Number) : [],
+           }
+         }
+
+         if (!isFarLifecycleAction(action)) throw new Error('Unsupported FAR lifecycle action.')
+         const endpoint = getFarLifecycleEndpoint(action)
+         const request = buildFarLifecycleRequest(ids, modes || [], payload?.expected_versions)
+         const res = await apiFetch(endpoint, {
+           method: 'POST',
+           body: JSON.stringify(request),
+         })
+         if (!res.ok) throw new Error(await readFarMutationFailureMessage(res))
+         const result = await res.json()
+         const changedCount = Number(result?.changed_count ?? result?.count ?? 0)
+         return {
+           ...result,
+           changed_count: changedCount,
+           unchanged_count: Math.max(0, ids.length - changedCount),
+           changed_ids: Array.isArray(result?.changed_ids) ? result.changed_ids.map(Number) : [],
+         }
+       } finally {
+         operatorIntelligence.endPending(ids)
+       }
+     },
+     refresh: () => queryClient.invalidateQueries({ queryKey: ['far', 'modes'] }),
+     buildRevertRequest: ({ action, changedIds, changedSnapshots, payload, result }) => {
+       if (action === 'update') {
+         const revertPayload = buildFarBulkScoreRevertPayload(changedSnapshots, payload, result?.versions)
+         return revertPayload ? { action: 'update', ids: changedIds, payload: revertPayload } : null
+       }
+       if (action === 'archive' || action === 'restore') {
+         const revertPayload = buildFarLifecycleRevertPayload(changedIds, result?.versions)
+         return revertPayload
+           ? { action: getFarLifecycleRevertAction(action), ids: changedIds, payload: revertPayload }
+           : null
+       }
+       return null
+     },
+     onExecutionSuccess: () => {
+       setSelectedIds([])
+       gridRef.current?.api?.deselectAll?.()
+     },
+   })
+
+   // AgGrid Defs (High Density)
+   const columnDefs = useMemo(() => [
+     ...createOperationalUtilityColumns(operatorIntelligence.utilityColumnsConfig),
+     createOperationalGoldenTextColumn({
+       field: 'system_name',
+       headerName: 'System',
+       width: farDefaultWidths.system_name,
+       minWidth: 120,
+       filter: 'agTextColumnFilter',
+       tooltipField: 'system_name',
+       valueClassName: 'operational-grid-text font-bold text-rose-400 uppercase',
+       hide: hiddenColumns.includes('system_name'),
+     }),
+     createOperationalGoldenTextColumn({
+       field: 'failure_type',
+       headerName: 'Type',
+       width: farDefaultWidths.failure_type,
+       minWidth: 96,
+       filter: 'agTextColumnFilter',
+       tooltipField: 'failure_type',
+       valueClassName: 'operational-grid-text font-bold text-slate-400 uppercase',
+       hide: hiddenColumns.includes('failure_type'),
+     }),
+     createOperationalGoldenTextColumn({
+       field: 'title',
+       headerName: 'Failure Mode',
+       width: farDefaultWidths.title,
+       minWidth: 200,
+       filter: 'agTextColumnFilter',
+       tooltipField: 'title',
+       valueClassName: 'operational-grid-text font-bold uppercase text-white',
+       alignment: 'left',
+       hide: hiddenColumns.includes('title'),
+     }),
+     createOperationalMetricBadgeColumn({
+       field: 'severity', headerName: 'S', width: 72, minWidth: 68, fontSize,
+       resolveTone: (value) => value >= 8 ? 'critical' : value >= 5 ? 'warning' : 'healthy',
+       onActivate: () => setShowRpnHelp(true),
+       title: 'RPN Definition Matrix',
+       hide: hiddenColumns.includes('severity'),
+     }),
+     createOperationalMetricBadgeColumn({
+       field: 'occurrence', headerName: 'O', width: 72, minWidth: 68, fontSize,
+       resolveTone: (value) => value >= 7 ? 'critical' : value >= 4 ? 'warning' : 'healthy',
+       onActivate: () => setShowRpnHelp(true),
+       title: 'RPN Definition Matrix',
+       hide: hiddenColumns.includes('occurrence'),
+     }),
+     createOperationalMetricBadgeColumn({
+       field: 'detection', headerName: 'D', width: 72, minWidth: 68, fontSize,
+       resolveTone: (value) => value >= 7 ? 'critical' : value >= 4 ? 'warning' : 'healthy',
+       onActivate: () => setShowRpnHelp(true),
+       title: 'RPN Definition Matrix',
+       hide: hiddenColumns.includes('detection'),
+     }),
+     createOperationalMetricBadgeColumn({
+       field: 'rpn', headerName: 'RPN', width: 84, minWidth: 80, fontSize,
+       resolveTone: (value) => value >= 150 ? 'critical' : value >= 80 ? 'warning' : 'healthy',
+       onActivate: () => setShowRpnHelp(true),
+       title: 'RPN Definition Matrix',
+       hide: hiddenColumns.includes('rpn'),
+     }),
+     ...createFarAnalyticalColumns({
+       fontSize,
+       hiddenColumns,
+       onOpenMaturity: () => setShowMaturityHelp(true),
+       onOpenIncidents: (rcas) => setIncidentListModal({ show: true, rcas }),
+     }),
+     createOperationalGoldenTextColumn({
+       field: 'created_by_user_id',
+       headerName: 'Created By',
+       width: farDefaultWidths.created_by_user_id,
+       minWidth: 128,
+       filter: true,
+       emptyValue: 'SYSTEM',
+       tooltipValueGetter: (value) => String(value || 'SYSTEM'),
+       valueClassName: 'operational-grid-text font-bold text-blue-400 uppercase',
+       hide: hiddenColumns.includes('created_by_user_id'),
+     }),
+     createOperationalActionColumnDefinition({
+       width: OPERATIONAL_GRID_WIDTHS.standardAction,
+       renderActions: (row: any) => renderOperationalActionButtons([
+         <button key="detail" onClick={() => { if (!row?.id) return; openFarDossier(Number(row.id)) }} title="Matrix Detail" className="text-blue-400 hover:text-blue-200 transition-all"><Eye size={14}/></button>,
+         ...(row?.is_deleted ? [
+           <button
+             key="restore"
+             onClick={() => row?.id && requestBulkPreview({ action: 'restore', ids: [row.id] })}
+             title="Restore failure vector"
+             className="text-emerald-400 hover:text-emerald-200 transition-all"
+           ><Undo2 size={14}/></button>,
+         ] : [
+           <button
+             key="edit"
+             onClick={() => { if (!row?.id) return; setSelectedModeId(row.id); setShowWizard(true) }}
+             title="Edit Matrix"
+             className="text-amber-400 hover:text-amber-200 transition-all"
+           ><Edit2 size={14}/></button>,
+           <button
+             key="retire"
+             onClick={() => row?.id && requestBulkPreview({ action: 'archive', ids: [row.id] })}
+             title="Retire failure vector"
+             className="text-rose-400 hover:text-rose-200 transition-all"
+           ><Trash2 size={14}/></button>,
+         ]),
+       ]),
+     })
+   ], [farDefaultWidths, fontSize, hiddenColumns, openFarDossier, operatorIntelligence.utilityColumnsConfig, requestBulkPreview]) as any
+
+   // Advanced Metrics Calculation
+   const metrics = useMemo(() => {
+     const activeModes = filteredModes || []
+     const totalRPN = activeModes.reduce((acc: number, m: any) => acc + (m.rpn || 0), 0)
+     const avgRPN = activeModes.length ? totalRPN / activeModes.length : 0
+     const sri = Math.max(0, Math.round(100 * (1 - avgRPN / 500))) 
+     
+     const maturityDist = activeModes.reduce((acc: any, mode: any) => {
+       const lv = getFarMaturityLevel(mode);
+       acc[lv] = (acc[lv] || 0) + 1;
+       return acc;
+     }, {} as Record<number, number>);
+
+     const mitigated = activeModes.filter((m: any) => (m.mitigations?.length || 0) > 0).length
+     const mitRatio = activeModes.length ? Math.round((mitigated / activeModes.length) * 100) : 0
+     const totalAssets = activeModes.reduce((acc: number, m: any) => acc + (m.affected_assets?.length || 0), 0)
+     const riskDensity = totalAssets ? (totalRPN / totalAssets).toFixed(1) : '0.0'
+     return { sri, mitRatio, riskDensity, avgRPN: Math.round(avgRPN), maturityDist }
+   }, [filteredModes])
+
+   const goldenWorkspace = useFARGoldenWorkspaceControls({
+     gridRef,
+     modes: lifecycleModes,
+     selectedIds: lifecycleScope === 'active' ? selectedIds : [],
+     readOnly: lifecycleScope === 'archived',
+     lifecycleScope,
+     restorationDossier,
+     onLifecycleScopeChange: restoreFarLifecycleScope,
+     fontSize,
+     setFontSize,
+     rowDensity,
+     setRowDensity,
+     hiddenColumns,
+     setHiddenColumns,
+     searchTerm,
+     setSearchTerm,
+     groupBy,
+     setGroupBy,
+     quickFilters,
+     setQuickFilters,
+     showFilterBar,
+     setShowFilterBar,
+     showInsights,
+     setShowInsights,
+     columnDefs,
+     onExport: handleExportCSV,
+     onRoundTripExport: handleExportRoundTrip,
+     onCopySelected: handleCopyToClipboard,
+     onImport: () => openFarOperatorSurface('import'),
+     onRetireSelected: (ids) => requestBulkPreview(ids?.length ? { action: 'archive', ids } : { action: 'archive' }),
+     onBulkScoreSelected: (field: FarBulkScoreField, value: number) => requestBulkPreview({
+       action: 'update',
+       payload: { [field]: value },
+     }),
+     onAdd: () => { setSelectedModeId(null); setShowWizard(true) },
+     onSettings: () => setShowConfig(true),
+     onRpnHelp: () => setShowRpnHelp(true),
+     onOpenDetailTab: (id, tab) => openFarDossier(id, tab),
+     onOpenIncidents: (rcas) => setIncidentListModal({ show: true, rcas }),
+     onEdit: (id) => { setSelectedModeId(id); setShowWizard(true) },
+   })
+
+   useEffect(() => {
+     if (!goldenWorkspace.workingStateReady || deepLinkResolution.kind !== 'resolved' || !gridRef.current?.api) return
+     const targetId = deepLinkResolution.targetId
+     requestAnimationFrame(() => {
+       gridRef.current?.api?.forEachNode?.((node: any) => {
+         if (Number(node?.data?.id) !== targetId) return
+         node.setSelected?.(true)
+         gridRef.current?.api?.ensureNodeVisible?.(node, 'middle')
+       })
+     })
+   }, [deepLinkResolution, goldenWorkspace.workingStateReady])
+
+   return (
+     <OperationalWorkspaceShell
+       archetype="analytical"
+       workspace="far"
+       floatingPanels={goldenWorkspace.floatingPanels}
+       header={{
+         eyebrow: 'Analysis',
+         title: (
+           <div className="flex items-center gap-3">
+             <Target size={22} className="text-rose-500" />
+             <span>Failure Matrix</span>
+           </div>
+         ),
+         subtitle: 'Reliability Knowledge Engine // FMEA Studio',
+         actions: (
+           <div className="flex items-center gap-2">
+             {modesError && (
+               <DataStatusPill
+                 status="error"
+                 errorDetail={farRegistryDiagnosticDetail}
+                 onClick={() => openFarOperatorSurface('diagnostics')}
+               />
+             )}
+             <HeaderScopeSwitch
+               label="Registry Scope"
+               summary={`${lifecycleCounts.active} active · ${lifecycleCounts.archived} archived`}
+               value={lifecycleScope}
+               onChange={(next) => transitionFarLifecycleScope(next as FarLifecycleScope)}
+               options={[
+                 { label: 'Active', value: 'active' },
+                 { label: 'Archived', value: 'archived' },
+               ]}
+             />
+           </div>
+         ),
+       }}
+       toolbarSearch={(
+         <ToolbarSearch value={searchTerm} onChange={(event) => setSearchTerm(event.target.value)} placeholder="Scan risk vectors..." />
+       )}
+       toolbarControls={(
+         <>
+           {goldenWorkspace.toolbarControls}
+           {lifecycleScope === 'archived' && selectedIds.length > 0 && (
+             <ToolbarGroup>
+               <ToolbarButton
+                 onClick={() => requestBulkPreview({ action: 'restore' })}
+                 title="Restore selected archived failure vectors"
+               >
+                 <Undo2 size={14} /> Restore ({selectedIds.length})
+               </ToolbarButton>
+             </ToolbarGroup>
+           )}
+           <ToolbarGroup>
+             <ToolbarButton
+               active={operatorIntelligence.isIntelligenceExpanded}
+               onClick={() => operatorIntelligence.setIsIntelligenceExpanded((current) => !current)}
+               title={operatorIntelligence.isIntelligenceExpanded ? 'Hide activity columns' : 'Show activity columns'}
+             >
+               <Activity size={14} /> Signals
+             </ToolbarButton>
+           </ToolbarGroup>
+         </>
+       )}
+       toolbarActions={(
+         goldenWorkspace.toolbarActions
+       )}
+       filterChips={goldenWorkspace.filterChips}
+       secondaryToolbar={showFilterBar ? (
+         <FARFilterBar
+           quickFilters={quickFilters}
+           setQuickFilters={setQuickFilters}
+           systems={availableSystems}
+           failureTypes={availableFailureTypes}
+           statuses={availableStatuses}
+         />
+       ) : null}
+     >
+       <AnimatePresence>
+         {showStyleLab && (
+           <motion.div initial={{ height: 0, opacity: 0 }} animate={{ height: 'auto', opacity: 1 }} exit={{ height: 0, opacity: 0 }} className="shrink-0 overflow-hidden">
+             <div className="bg-rose-600/10 border border-rose-500/20 rounded-lg p-4 flex items-center justify-between backdrop-blur-md">
+                <div className="flex items-center space-x-12">
+                   <div className="flex items-center space-x-3">
+                      <Activity size={16} className="text-rose-400" />
+                      <span className="text-[10px] font-bold uppercase tracking-widest text-rose-400">Display Density</span>
+                   </div>
+                   <div className="flex items-center space-x-6">
+                      <div className="flex items-center space-x-4"><span className="text-[9px] font-bold text-slate-500 uppercase">Font Size</span><div className="flex items-center space-x-2"><input type="range" min="8" max="14" step="1" value={fontSize} onChange={e => setFontSize(Number(e.target.value))} className="w-32 accent-rose-500 h-1.5 bg-slate-800 rounded-lg appearance-none cursor-pointer"/><span className="text-[10px] text-white w-4 font-bold">{fontSize}px</span></div></div>
+                      <div className="flex items-center space-x-4 border-l border-white/10 pl-6"><span className="text-[9px] font-bold text-slate-500 uppercase">Row Density</span><div className="flex items-center space-x-2"><input type="range" min="4" max="24" step="2" value={rowDensity} onChange={e => setRowDensity(Number(e.target.value))} className="w-32 accent-rose-500 h-1.5 bg-slate-800 rounded-lg appearance-none cursor-pointer"/><span className="text-[10px] text-white w-4 font-bold">{rowDensity}px</span></div></div>
+                   </div>
+                </div>
+                <button onClick={() => setShowStyleLab(false)} className="text-slate-500 hover:text-white transition-colors"><X size={16}/></button>
+             </div>
+           </motion.div>
+         )}
+       </AnimatePresence>
+
+       <AnimatePresence>
+         {showInsights && (
+           <motion.div initial={{ height: 0, opacity: 0 }} animate={{ height: 'auto', opacity: 1 }} exit={{ height: 0, opacity: 0 }} className="shrink-0 overflow-hidden">
+             <div className="glass-panel rounded-lg border border-white/5 bg-[#0a0c14]/40 p-4 space-y-4">
+               <div className="flex flex-wrap justify-center gap-4">
+                 <StatCard id="SRI" label="Reliability Index" value={metrics.sri} suffix="/100" color={metrics.sri > 70 ? "emerald" : "rose"} onHelp={() => setActiveMetricHelp("SRI")} />
+                 <StatCard id="RiskDensity" label="Risk Density" value={metrics.riskDensity} suffix="RPN/ASSET" color="amber" onHelp={() => setActiveMetricHelp("RiskDensity")} />
+                 <StatCard id="MitigationRatio" label="Mitigation Ratio" value={metrics.mitRatio} suffix="%" color="sky" onHelp={() => setActiveMetricHelp("MitigationRatio")} />
+                 <StatCard id="AvgSeverity" label="Avg Severity" value={metrics.avgRPN} suffix="AVG RPN" color="rose" onHelp={() => setActiveMetricHelp("AvgSeverity")} />
+               </div>
+               <div className="flex items-center justify-between rounded-lg border border-white/5 bg-white/[0.02] px-4 py-2">
+                 <div className="flex items-center gap-2">
+                   <ShieldAlert size={14} className="text-rose-500" />
+                   <h3 className="text-[10px] font-bold uppercase tracking-widest text-white">Failure Inventory Maturity Profile</h3>
+                 </div>
+                 <div className="flex items-center gap-3">
+                   <div className="flex items-end gap-1 h-8">
+                     {FAR_MATURITY_LEVELS.slice().reverse().map((ml: any) => {
+                       const count = (metrics as any).maturityDist[ml.lv] || 0
+                       const pct = filteredModes?.length ? (count / filteredModes.length) * 100 : 0
+                       return (
+                         <div key={ml.lv} className="w-4 h-full relative group cursor-help">
+                           <div className={`w-full rounded-lg transition-all ${ml.color} ${count === 0 ? 'opacity-5' : 'opacity-40 group-hover:opacity-100'}`} style={{ height: `${Math.max(10, pct)}%` }} />
+                           <div className="absolute -top-8 left-1/2 -translate-x-1/2 opacity-0 group-hover:opacity-100 transition-opacity pointer-events-none z-[100] whitespace-nowrap bg-black border border-white/10 px-2 py-1 rounded-lg text-[8px] font-bold uppercase tracking-widest">
+                             {ml.label}: {count}
+                           </div>
+                         </div>
+                       )
+                     })}
+                   </div>
+                   <div className="w-px h-4 bg-white/10 mx-2" />
+                   <button onClick={() => setShowMaturityHelp(true)} className="p-1 text-slate-500 hover:text-white transition-colors" title="Maturity Level Definitions"><HelpCircle size={14} /></button>
+                 </div>
+               </div>
+             </div>
+           </motion.div>
+         )}
+       </AnimatePresence>
+
+       {goldenWorkspace.activityPanel}
+       {goldenWorkspace.compareModal}
+
+       <div className="relative flex min-h-0 flex-1 flex-col">
+         <FAROperationalGridView
+           gridRef={gridRef}
+           rows={displayedModes}
+           groupBy={groupBy}
+           selectionScopeKey={selectionScopeKey}
+           selectedIds={selectedIds}
+           setSelectedIds={setSelectedIds}
+           columnDefs={columnDefs as any}
+           runtime={goldenWorkspace.gridRuntime}
+           rowInteractions={operatorIntelligence.rowInteractions}
+           contextMenu={lifecycleScope === 'active' ? goldenWorkspace.contextMenu : undefined}
+           gridContext={operatorIntelligence.gridContext}
+           getRowClass={operatorIntelligence.getRowClass}
+           fontSize={fontSize}
+           rowDensity={rowDensity}
+           loading={modesLoading || !goldenWorkspace.workingStateReady}
+           loadingIcon={<RefreshCcw size={28} className="animate-spin text-rose-400" />}
+           loadingLabel={<p className="text-[10px] font-semibold text-rose-300">Loading failure analysis registry...</p>}
+           dataState={getFarGridDataState({
+             modesError,
+             modesLoading,
+             filteredModeCount: filteredModes.length,
+             lifecycleScope,
+             deepLinkNotice,
+           })}
+         />
+         <AnimatePresence>
+           {showColumnPicker && (
+             <motion.div initial={{ opacity: 0, x: 20 }} animate={{ opacity: 1, x: 0 }} exit={{ opacity: 0, x: 20 }} className="absolute top-0 right-0 bottom-0 w-64 bg-slate-950/90 backdrop-blur-xl border-l border-white/10 z-[60] flex flex-col shadow-2xl">
+               <div className="p-6 border-b border-white/5 flex items-center justify-between"><h3 className="text-xs font-bold uppercase tracking-widest text-rose-400 flex items-center space-x-2"><Sliders size={14} /> <span>Columns</span></h3><button onClick={() => setShowColumnPicker(false)} className="text-slate-500 hover:text-white"><X size={18}/></button></div>
+               <div className="flex-1 overflow-y-auto custom-scrollbar p-4 space-y-1">
+                 {columnDefs.filter((c: any) => (c.field || c.colId) && !c.lockVisible).map((col: any) => (
+                   <label key={col.field || col.colId} className="flex items-center space-x-3 p-2 rounded-lg hover:bg-white/5 cursor-pointer group transition-all">
+                     <input type="checkbox" checked={!hiddenColumns.includes(col.field || col.colId)} onChange={() => setHiddenColumns(prev => prev.includes(col.field || col.colId) ? prev.filter(f => f !== (col.field || col.colId)) : [...prev, col.field || col.colId])} className="sr-only" />
+                     <div className={`w-4 h-4 rounded-lg border transition-all ${!hiddenColumns.includes(col.field || col.colId) ? 'bg-rose-600 border-rose-500 shadow-lg shadow-rose-500/20' : 'border-white/10 bg-black/40 group-hover:border-white/20'}`}>{!hiddenColumns.includes(col.field || col.colId) && <Check size={12} className="text-white mx-auto" />}</div>
+                     <span className={`text-[10px] font-bold uppercase tracking-widest ${!hiddenColumns.includes(col.field || col.colId) ? 'text-slate-200' : 'text-slate-500'}`}>{col.headerName || col.field || col.colId}</span>
+                   </label>
+                 ))}
+               </div>
+             </motion.div>
+           )}
+         </AnimatePresence>
+       </div>
+
+       <AnimatePresence>
+           {selectedModeId && selectedMode && (
+             <FailureDetailView
+               mode={selectedMode}
+               initialTab={selectedDetailTab}
+               onTabChange={(tab) => {
+                 setSelectedDetailTab(tab)
+                 syncFarDossierLink(Number(selectedMode.id), tab)
+               }}
+               onClose={() => closeFarDossier()}
+               onUpdate={(type: string) => {
+                 if (type === 'edit') {
+                   setShowWizard(true);
+                 } else {
+                   queryClient.invalidateQueries({ queryKey: ['far', 'modes'] });
+                 }
+               }}
+               onRestore={() => {
+                 closeFarDossier(true)
+                 requestBulkPreview({ action: 'restore', ids: [Number(selectedMode.id)] })
+               }}
+               setBkmGuidanceModal={setBkmGuidanceModal}
+               setResolutionManagerModal={setResolutionManagerModal}
+             />
+           )}
+       </AnimatePresence>
+
+       <AnimatePresence>
+         {incidentListModal.show && (
+           <div className="fixed inset-0 z-[300] flex items-center justify-center bg-black/80 backdrop-blur-md p-10">
+             <motion.div initial={{ scale: 0.9, opacity: 0 }} animate={{ scale: 1, opacity: 1 }} className="glass-panel w-full max-w-4xl p-8 rounded-lg border border-purple-500/30 space-y-6 flex flex-col max-h-[90vh]">
+               <div className="flex items-center justify-between border-b border-white/5 pb-4">
+                 <h2 className="text-xl font-bold uppercase tracking-tighter text-purple-400 flex items-center space-x-3">
+                    <ShieldAlert size={24}/> <span>Linked Incident Forensic Registry</span>
+                 </h2>
+                 <button onClick={() => setIncidentListModal({ show: false, rcas: [] })} className="text-slate-500 hover:text-white transition-colors"><X size={24}/></button>
+               </div>
+               
+               <div className="flex-1 overflow-y-auto custom-scrollbar">
+                 <table className="w-full text-left border-collapse">
+                    <thead className="sticky top-0 bg-slate-900 border-b border-white/10 z-10">
+                       <tr className="text-[10px] font-bold uppercase tracking-widest text-slate-500">
+                          <th className="py-3 px-4 w-12 text-center text-blue-400">#</th>
+                          <th className="py-3 px-4 w-16">ID</th>
+                          <th className="py-3 px-4">Incident Title</th>
+                          <th className="py-3 px-4 w-40">Occurrence Datetime</th>
+                          <th className="py-3 px-4 w-32">Lead Owner</th>
+                          <th className="py-3 px-4 w-24 text-center">Status</th>
+                       </tr>
+                    </thead>
+                    <tbody className="divide-y divide-white/5">
+                       {incidentListModal.rcas.map((r: any, idx: number) => (
+                         <tr 
+                           key={r.id}
+                           onClick={() => {
+                             setSelectedRcaDetail(r);
+                             setIncidentListModal({ show: false, rcas: [] });
+                           }}
+                           className="group cursor-pointer hover:bg-purple-500/5 transition-colors"
+                         >
+                           <td className="py-4 px-4 text-center text-[10px] font-bold text-slate-600 group-hover:text-blue-400">{idx + 1}</td>
+                           <td className="py-4 px-4 text-[10px] font-bold text-slate-500 uppercase tracking-tighter">RCA-{r.id}</td>
+                           <td className="py-4 px-4">
+                              <div className="text-[11px] font-bold text-slate-200 uppercase group-hover:text-white transition-colors leading-tight">{r.title}</div>
+                           </td>
+                           <td className="py-4 px-4 text-[10px] font-bold text-slate-400 uppercase tracking-tight">
+                              {r.occurrence_at ? formatAppDate(r.occurrence_at, {month:'short', day:'numeric', hour:'2-digit', minute:'2-digit'}) : 'N/A'}
+                           </td>
+                           <td className="py-4 px-4">
+                              <div className="text-[10px] font-bold text-blue-400/70 group-hover:text-blue-400 uppercase tracking-widest truncate max-w-[120px]">
+                                 {r.owners?.[0] || r.owner || 'N/A'}
+                              </div>
+                           </td>
+                           <td className="py-4 px-4">
+                              <div className="flex justify-center">
+                                 <span className={`text-[9px] font-bold uppercase px-2 py-0.5 rounded-lg border ${
+                                    r.status === 'RESOLVED' || r.status === 'CLOSED' ? 'text-emerald-400 border-emerald-500/30 bg-emerald-500/10' : 'text-purple-400 border-purple-500/30 bg-purple-500/10'
+                                 }`}>{r.status}</span>
+                              </div>
+                           </td>
+                         </tr>
+                       ))}
+                    </tbody>
+                 </table>
+               </div>
+               <button onClick={() => setIncidentListModal({ show: false, rcas: [] })} className="w-full py-3.5 bg-white/5 border border-white/10 text-slate-400 hover:text-white hover:bg-white/10 rounded-lg text-[10px] font-bold uppercase tracking-[0.2em] transition-all">Dismiss Registry View</button>
+             </motion.div>
+           </div>
+         )}
+       </AnimatePresence>
+
+       <AnimatePresence>
+         {selectedRcaDetail && (
+           <EnhancedRcaDetails 
+             item={selectedRcaDetail} 
+             devices={[]} // We can pass an empty array or fetch devices if needed
+             options={options}
+             failureModes={modes}
+             onClose={() => setSelectedRcaDetail(null)} 
+             onSave={() => {
+               setSelectedRcaDetail(null);
+               queryClient.invalidateQueries({ queryKey: ['far', 'modes'] });
+             }}
+             fontSize={fontSize}
+             rowDensity={rowDensity}
+           />
+         )}
+       </AnimatePresence>
+
+       <AnimatePresence>
+         {showMaturityHelp && (
+           <div className="fixed inset-0 z-[200] flex items-center justify-center bg-black/80 backdrop-blur-md p-10">
+              <motion.div initial={{ scale: 0.9, opacity: 0 }} animate={{ scale: 1, opacity: 1 }} className="glass-panel w-full max-w-2xl rounded-lg border border-white/10 bg-slate-900 overflow-hidden shadow-2xl">
+                 <div className="p-8 border-b border-white/5 flex items-center justify-between">
+                    <h2 className="text-xl font-bold uppercase tracking-widest text-white ">Maturity Matrix Glossary</h2>
+                    <button onClick={() => setShowMaturityHelp(false)} className="text-slate-500 hover:text-white transition-colors"><X size={24}/></button>
+                 </div>
+                 <div className="p-4 space-y-2 max-h-[70vh] overflow-y-auto custom-scrollbar">
+                    <table className="w-full text-xs">
+                       <thead className="bg-white/5 border-b border-white/5">
+                          <tr>
+                             <th className="px-4 py-2 text-center font-bold uppercase tracking-widest text-slate-500">Lv</th>
+                             <th className="px-4 py-2 text-left font-bold uppercase tracking-widest text-slate-500">Status Title</th>
+                             <th className="px-4 py-2 text-left font-bold uppercase tracking-widest text-slate-500">Architecture Definition</th>
+                          </tr>
+                       </thead>
+                       <tbody className="divide-y divide-white/5">
+                          {[...FAR_MATURITY_LEVELS].reverse().map(ml => (
+                            <tr key={ml.lv} className="hover:bg-white/5 transition-colors">
+                               <td className="px-4 py-3 text-center"><span className={`px-2 py-1 rounded-lg font-bold text-white shadow-lg ${ml.color}`}>{ml.lv}</span></td>
+                               <td className="px-4 py-3 font-bold text-white uppercase ">{ml.label}</td>
+                               <td className="px-4 py-3 text-slate-400 font-bold tracking-tight">{ml.tooltip}</td>
+                            </tr>
+                          ))}
+                       </tbody>
+                    </table>
+                 </div>
+              </motion.div>
+           </div>
+         )}
+
+         {showRpnHelp && (
+           <RpnDefinitionModal onClose={() => setShowRpnHelp(false)} />
+         )}
+       </AnimatePresence>
+
+       <MetricHelpModal metric={activeMetricHelp} onClose={() => setActiveMetricHelp(null)} />
+
+       <DataDiagnosticModal
+         isOpen={operatorLoopSession?.surface === 'diagnostics'}
+         onClose={() => closeFarOperatorSurface('diagnostics')}
+         errorDetail={farRegistryDiagnosticDetail}
+       />
+
+       <ConfigRegistryModal isOpen={showConfig} onClose={() => setShowConfig(false)} title="Reliability Matrix Registry" sections={[{ title: "Systems", category: "LogicalSystem", icon: LayoutGrid }, { title: "Risk Cats", category: "RiskCategory", icon: Target }, { title: "Teams", category: "BusinessUnit", icon: User }]} />
+       <OperationalImportModal
+         isOpen={operatorLoopSession?.surface === 'import'}
+         onClose={() => closeFarOperatorSurface('import')}
+         tableName={FAR_IMPORT_PROFILE}
+         displayName="Failure Modes & Risk Matrix"
+       />
+
+       <FARAuthoringModal
+         isOpen={showWizard}
+         initialData={selectedMode}
+         onClose={() => setShowWizard(false)}
+         onComplete={() => {
+           setShowWizard(false)
+           queryClient.invalidateQueries({ queryKey: ['far', 'modes'] })
+         }}
+       />
+
+       <OperationalBulkPreviewModal
+         isOpen={Boolean(bulkOperationPreview)}
+         workspaceLabel="FAR"
+         actionLabel={
+           bulkOperationPreview?.action === 'update'
+             ? bulkOperationPreview.actionLabel
+             : bulkOperationPreview?.action === 'restore'
+               ? 'Restore failure vectors'
+               : 'Retire failure vectors'
+         }
+         preview={bulkOperationPreview?.preview || null}
+         previewBasis="workspace-snapshot"
+         result={bulkOperationPreview?.result || null}
+         isExecuting={bulkMutation.isPending}
+         onClose={() => setBulkOperationPreview(null)}
+         onConfirm={() => bulkOperationPreview && bulkMutation.mutate({
+           action: bulkOperationPreview.action,
+           ids: bulkOperationPreview.ids,
+           payload: bulkOperationPreview.payload,
+         })}
+       />
+
+       <AnimatePresence>
+         {bkmGuidanceModal.show && bkmGuidanceModal.cause && (
+           <BkmGuidanceModal 
+             cause={bkmGuidanceModal.cause} 
+             onClose={() => setBkmGuidanceModal({ show: false, cause: null })} 
+           />
+         )}
+       </AnimatePresence>
+
+       <AnimatePresence>
+         {resolutionManagerModal.show && resolutionManagerModal.cause && (
+           <ResolutionManagerModal 
+             isOpen={resolutionManagerModal.show}
+             cause={resolutionManagerModal.cause}
+             modeId={selectedModeId}
+             modeVersion={selectedMode?.version}
+             onClose={() => setResolutionManagerModal({ show: false, cause: null })}
+             onSave={() => queryClient.invalidateQueries({ queryKey: ['far', 'modes'] })}
+           />
+         )}
+       </AnimatePresence>
+     </OperationalWorkspaceShell>
+   )
+ }
+
+ function BkmGuidanceModal({ cause, onClose }: { cause: any, onClose: () => void }) {
+   const navigate = useNavigate()
+   return (
+     <div className="fixed inset-0 z-[300] flex items-center justify-center bg-black/80 backdrop-blur-md p-6">
+       <motion.div initial={{ scale: 0.9, opacity: 0 }} animate={{ scale: 1, opacity: 1 }} className="glass-panel w-full max-w-4xl p-8 rounded-lg border border-emerald-500/30 space-y-6 flex flex-col max-h-[85vh] shadow-[0_0_50px_rgba(16,185,129,0.1)]">
+         <div className="flex items-center justify-between border-b border-white/5 pb-6">
+           <div className="flex items-center gap-4">
+              <div className="p-3 bg-emerald-500/10 rounded-lg border border-emerald-500/20 text-emerald-400">
+                 <ShieldCheck size={28}/>
+              </div>
+              <div>
+                 <h2 className="text-2xl font-black uppercase tracking-tighter text-emerald-400 flex items-center space-x-3">
+                    <span>Operational Guidance Registry</span>
+                 </h2>
+                 <p className="text-[10px] font-bold text-slate-500 uppercase tracking-[0.2em] mt-1">Forensic Lineage // {cause.cause_text}</p>
+              </div>
+           </div>
+           <button onClick={onClose} className="p-2 bg-white/5 hover:bg-white/10 rounded-lg text-slate-500 hover:text-white transition-all"><X size={24}/></button>
+         </div>
+         
+         <div className="flex-1 overflow-y-auto custom-scrollbar pr-2">
+           <div className="space-y-4">
+             {(cause.resolutions || []).map((res: any, idx: number) => (
+               <div key={res.id} className="bg-white/5 border border-white/5 rounded-lg overflow-hidden group hover:border-emerald-500/30 transition-all shadow-xl">
+                  <div className="px-6 py-4 bg-white/[0.02] border-b border-white/5 flex items-center justify-between">
+                     <div className="flex items-center gap-4">
+                        <span className="text-xl font-black text-slate-700">{idx + 1}</span>
+                        <div>
+                           <p className="text-[11px] font-black text-emerald-400 uppercase tracking-widest leading-none">
+                              {res.knowledge_bkm?.title || 'UNNAMED_BKM_ARTIFACT'}
+                           </p>
+                           <div className="flex items-center gap-3 mt-1.5">
+                              <div className="flex items-center gap-1.5">
+                                 <Clock size={10} className="text-slate-500" />
+                                 <span className="text-[9px] font-bold text-slate-500 uppercase tracking-tight">
+                                    Logged {formatAppDate(res.created_at)}
+                                 </span>
+                              </div>
+                              <div className="w-px h-2 bg-white/10" />
+                              <div className="flex items-center gap-1.5">
+                                 <User size={10} className="text-slate-500" />
+                                 <span className="text-[9px] font-bold text-slate-500 uppercase tracking-tight">
+                                    {res.responsible_team || 'SYSTEM_OPS'}
+                                 </span>
+                              </div>
+                           </div>
+                        </div>
+                     </div>
+                     <button 
+                       onClick={() => navigate(`/knowledge?id=${res.knowledge_id}`)}
+                       className="flex items-center gap-2 px-4 py-2 bg-emerald-600/10 border border-emerald-500/20 rounded-lg text-[10px] font-black text-emerald-400 uppercase tracking-widest hover:bg-emerald-600 hover:text-white transition-all shadow-lg group-hover:scale-105"
+                     >
+                        <Zap size={12} />
+                        Jump to BKM
+                     </button>
+                  </div>
+                  <div className="p-6 space-y-4">
+                     <div className="space-y-2">
+                        <p className="text-[9px] font-black text-slate-500 uppercase tracking-widest leading-none">Operational Context & Guidance</p>
+                        <div className="bg-black/40 border border-white/5 rounded-lg p-4 text-[13px] text-slate-300 font-bold uppercase leading-relaxed tracking-tight shadow-inner">
+                           {res.guidance_notes || res.preventive_follow_up || 'NO OPERATIONAL GUIDANCE PROVIDED FOR THIS RESOLUTION VECTOR.'}
+                        </div>
+                     </div>
+                  </div>
+               </div>
+             ))}
+             {(!cause.resolutions || cause.resolutions.length === 0) && (
+               <div className="py-20 flex flex-col items-center justify-center opacity-20 space-y-4">
+                  <Shield size={48} className="text-slate-500" />
+                  <WorkspaceEmptyState title="No guidance protocols found" description="No standard operating procedures are linked." />
+               </div>
+             )}
+           </div>
+         </div>
+
+         <div className="pt-4">
+            <button onClick={onClose} className="w-full py-4 bg-white/5 border border-white/10 text-slate-400 hover:text-white hover:bg-white/10 rounded-lg text-[10px] font-black uppercase tracking-[0.2em] transition-all">Dismiss Guidance Registry</button>
+         </div>
+       </motion.div>
+     </div>
+   )
+ }
+
+ function StatCard({ id, label, value, suffix, color, onHelp }: any) {
+   const bgColors: any = { emerald: 'bg-emerald-500/5', rose: 'bg-rose-500/5', amber: 'bg-amber-500/5', sky: 'bg-sky-500/5' }
+   const textColors: any = { emerald: 'text-emerald-400', rose: 'text-rose-400', amber: 'text-amber-400', sky: 'text-sky-400' }
+   return (
+     <div className={`glass-panel p-4 rounded-lg border-white/5 ${bgColors[color]} flex flex-col justify-between group overflow-hidden relative min-h-[90px] w-64`}>
+       <div className="flex items-center justify-between relative z-10">
+          <p className="text-xs font-bold uppercase tracking-widest text-slate-500">{label}</p>
+          <button onClick={onHelp} className="p-1 text-slate-600 hover:text-white transition-colors"><HelpCircle size={12}/></button>
+       </div>
+       <div className="flex items-baseline gap-1 relative z-10 leading-none mt-2">
+          <h4 className={`text-2xl font-bold tracking-tighter  ${textColors[color]}`}>{value}</h4>
+          <span className="text-[9px] font-bold text-slate-600 uppercase  tracking-tighter">{suffix}</span>
+       </div>
+     </div>
+   )
+ }
+
+ function FailureDetailView({ mode, initialTab, onTabChange, onClose, onUpdate, onRestore, setBkmGuidanceModal, setResolutionManagerModal }: { mode: any, initialTab: FarDossierTab, onTabChange: (tab: FarDossierTab) => void, onClose: () => void, onUpdate: (type: string) => void, onRestore: () => void, setBkmGuidanceModal: any, setResolutionManagerModal: any }) {
+   const [activeTab, setActiveTab] = useState<FarDossierTab>(initialTab)
+   const [showAllAssets, setShowAllAssets] = useState(false)
+   const queryClient = useQueryClient()
+
+   useEffect(() => {
+     setActiveTab(initialTab)
+   }, [initialTab, mode.id])
+   
+   const { data: allModes } = useQuery({ 
+     queryKey: ['far', 'modes'], 
+     queryFn: async () => (await apiFetch('/api/v1/far/modes?include_deleted=true')).json()
+   })
+
+   const systemRank = useMemo(() => {
+     if (!allModes) return 0;
+     const sameSystem = allModes
+       .filter((m: any) => m.system_name === mode.system_name && Boolean(m.is_deleted) === Boolean(mode.is_deleted))
+       .sort((a: any, b: any) => b.rpn - a.rpn);
+     return sameSystem.findIndex((m: any) => m.id === mode.id) + 1;
+   }, [allModes, mode.id, mode.system_name]);
+
+   const humanSummary = useMemo(() => {
+     if (mode.rpn > 150) return "This is a high-criticality risk with significant operational exposure. Immediate mitigation is prioritized.";
+     if (mode.rpn > 80) return "This failure mode represents a moderate operational risk. Standard monitoring is recommended.";
+     return "This is a low-impact failure mode with established containment vectors.";
+   }, [mode.rpn]);
+
+   return (
+     <FARDossierShell
+       mode={mode}
+       systemRank={systemRank}
+       humanSummary={humanSummary}
+       onClose={onClose}
+       onEdit={() => onUpdate('edit')}
+       onRestore={onRestore}
+     >
+          {/* HEADER SECTION */}
+          <div className="px-8 py-6 border-b border-white/5 bg-white/[0.02] flex flex-col shrink-0 relative overflow-hidden">
+             <div className="absolute top-0 right-0 w-96 h-96 bg-rose-600/5 blur-[100px] -translate-y-1/2 translate-x-1/2 pointer-events-none" />
+             
+             <div className="flex items-start justify-between relative z-10">
+               <div className="space-y-3 flex-1">
+                   <div className="flex items-center gap-3">
+                       <div className="px-2 py-0.5 rounded-lg bg-rose-600/10 border border-rose-500/20 text-[9px] font-bold text-rose-500  uppercase">VECTOR_{mode.id}</div>
+                       <div className="px-2 py-0.5 rounded-lg bg-white/5 border border-white/10 text-[9px] font-bold text-slate-400  uppercase tracking-widest">{mode.system_name}</div>
+                       <div className="px-2 py-0.5 rounded-lg bg-blue-600/10 border border-blue-500/20 text-[9px] font-bold text-blue-400  uppercase tracking-widest">RANK #{systemRank}</div>
+                       {mode.is_deleted && <div className="px-2 py-0.5 rounded-lg bg-slate-700/40 border border-white/10 text-[9px] font-bold text-slate-300 uppercase tracking-widest">Archived</div>}
+                   </div>
+                   <h2 className="text-3xl font-bold text-white  tracking-tighter leading-none uppercase">{mode.title}</h2>
+                   <p className="text-xs text-rose-400 italic font-medium lowercase tracking-normal mt-1">"{humanSummary}"</p>
+               </div>
+
+               <div className="flex items-center gap-4">
+                   <div className="flex gap-1.5 bg-black/40 p-1.5 rounded-lg border border-white/5 shadow-xl">
+                       <HeaderScore label="S" value={mode.severity} color="rose" />
+                       <HeaderScore label="O" value={mode.occurrence} color="amber" />
+                       <HeaderScore label="D" value={mode.detection} color="sky" />
+                   </div>
+                   
+                   <div className="text-right flex flex-col items-end">
+                       <p className="text-[8px] font-bold text-slate-500 uppercase tracking-widest mb-0.5 ">Risk Priority</p>
+                       <div className="flex items-baseline gap-1 leading-none">
+                          <p className={`text-4xl font-bold tracking-tighter ${mode.rpn > 150 ? 'text-rose-500 drop-shadow-[0_0_10px_rgba(244,63,94,0.3)]' : 'text-white'}`}>{mode.rpn}</p>
+                          <p className="text-[8px] font-bold text-slate-500  uppercase">RPN</p>
+                       </div>
+                   </div>
+               </div>
+             </div>
+
+             {/* EFFECT & IMPACTS ON OWN ROW */}
+             <div className="mt-4 flex flex-col space-y-3 relative z-10">
+                <div className="bg-rose-500/5 border border-rose-500/10 rounded-lg px-4 py-2 flex items-center gap-3">
+                   <p className="text-[9px] text-rose-500 font-bold uppercase tracking-widest shrink-0">Effect Forensics:</p>
+                   <p className="text-[11px] text-slate-200 font-bold uppercase  tracking-tight leading-none truncate">{mode.effect || 'NULL_EFFECT_STATEMENT'}</p>
+                </div>
+
+                <div className="flex flex-wrap items-center gap-2">
+                   <span className="text-[9px] text-slate-500 font-bold mr-2 uppercase tracking-widest">Affected Infrastructure:</span>
+                   {mode.affected_assets?.slice(0, showAllAssets ? undefined : 3).map((a: any) => (
+                     <div key={a.id} className="flex items-center gap-2 px-2 py-0.5 bg-white/5 border border-white/10 rounded-lg text-[9px] font-bold text-slate-400 ">
+                        <Server size={10} className="text-rose-500" /> {a.name}
+                     </div>
+                   ))}
+                   {mode.affected_assets?.length > 3 && (
+                     <button onClick={() => setShowAllAssets(!showAllAssets)} className="px-2 py-0.5 bg-rose-600/10 border border-rose-500/20 rounded-lg text-[9px] font-bold text-rose-500  hover:bg-rose-600/20 transition-all">
+                        {showAllAssets ? 'SHOW LESS' : `+ ${mode.affected_assets.length - 3} MORE ENTITIES`}
+                     </button>
+                   )}
+                   {(!mode.affected_assets || mode.affected_assets.length === 0) && <span className="text-[9px] text-slate-700  font-bold uppercase tracking-widest">No infrastructure mappings established</span>}
+                </div>
+             </div>
+
+             {/* TABS ON OWN ROW */}
+             <div className="mt-6 flex items-center relative z-10">
+                <div className="flex space-x-1 bg-black/60 p-0.5 rounded-lg border border-white/5">
+                  {([
+                    { id: 'causal', label: 'Causal Forensics', icon: Zap },
+                    { id: 'roadmap', label: 'Strategic Roadmap', icon: ShieldCheck },
+                    { id: 'versions', label: 'Version History', icon: Clock },
+                    { id: 'history', label: 'Research History', icon: Activity },
+                  ] as const).map((tab) => (
+                    <button key={tab.id} onClick={() => { setActiveTab(tab.id); onTabChange(tab.id) }} className={`px-6 py-1.5 rounded-lg text-[9px] font-bold uppercase tracking-widest transition-all flex items-center gap-2 ${activeTab === tab.id ? 'bg-rose-600 text-white shadow-lg' : 'text-slate-500 hover:text-slate-300'}`}><tab.icon size={12} /> {tab.label}</button>
+                  ))}
+                </div>
+             </div>
+          </div>
+
+          <div className="flex-1 overflow-hidden flex flex-col p-6">
+             <AnimatePresence mode="wait">
+                {activeTab === 'causal' && <CausalTab mode={mode} readOnly={Boolean(mode.is_deleted)} onUpdate={onUpdate} setBkmGuidanceModal={setBkmGuidanceModal} setResolutionManagerModal={setResolutionManagerModal} />}
+                {activeTab === 'roadmap' && <RoadmapTab mode={mode} readOnly={Boolean(mode.is_deleted)} onUpdate={onUpdate} />}
+                {activeTab === 'versions' && <FARVersionHistory mode={mode} onUpdate={onUpdate} />}
+                {activeTab === 'history' && <HistoryTab mode={mode} readOnly={Boolean(mode.is_deleted)} onUpdate={onUpdate} />}
+             </AnimatePresence>
+          </div>
+
+          <div className="px-8 py-2 bg-black/80 border-t border-white/5 flex items-center justify-between shrink-0">
+             <p className="text-[9px] text-slate-600 font-bold uppercase tracking-widest">System Integrity Vector Analysis // {mode.title}</p>
+             <div className="flex items-center gap-3 text-[9px] font-bold text-slate-500 uppercase tracking-widest">
+                <span>S: {mode.severity}</span>
+                <span className="w-1 h-1 rounded-full bg-slate-800" />
+                <span>O: {mode.occurrence}</span>
+                <span className="w-1 h-1 rounded-full bg-slate-800" />
+                <span>D: {mode.detection}</span>
+             </div>
+          </div>
+     </FARDossierShell>
+   )
+ }
+
+ function HeaderScore({ label, value, color }: any) {
+   const textColors: any = { rose: 'text-rose-500', amber: 'text-amber-500', sky: 'text-sky-400' }
+   const bgColors: any = { rose: 'bg-rose-500/10', amber: 'bg-amber-500/10', sky: 'bg-sky-500/10' }
+   const borderColors: any = { rose: 'border-rose-500/20', amber: 'border-amber-500/20', sky: 'border-sky-500/20' }
+   return (
+     <div className={`w-11 h-11 rounded-lg ${bgColors[color]} border ${borderColors[color]} flex flex-col items-center justify-center`}>
+        <p className="text-[9px] font-bold text-slate-500 uppercase tracking-widest leading-none mb-1">{label}</p>
+        <p className={`text-xl font-bold leading-none ${textColors[color]}`}>{value}</p>
+     </div>
+   )
+ }
+
+ export function GaugeSelector({ label, value, onChange, levels, color, accent }: any) {
+   const current = levels.find((l: any) => l.value === value)
+   return (
+     <div className="space-y-3">
+        <div className="flex items-center justify-between">
+           <label className="text-[11px] font-bold text-slate-400  tracking-widest uppercase">{label}</label>
+           <div className="flex items-center gap-2">
+              <span className={`text-2xl font-bold ${color}`}>{value}</span>
+              <span className="text-slate-700 text-[10px] font-bold">/ 10</span>
+           </div>
+        </div>
+        <div className="relative h-2 bg-black/40 rounded-lg border border-white/5">
+           <div className={`absolute left-0 top-0 h-full rounded-lg ${accent} transition-all duration-300`} style={{ width: `${(value / 10) * 100}%` }} />
+           <input 
+             type="range" min="1" max="10" step="1" 
+             value={value} 
+             onChange={e => onChange(Number(e.target.value))}
+             onClick={e => e.stopPropagation()}
+             className="absolute inset-0 w-full h-full opacity-0 cursor-pointer z-10"
+           />
+        </div>
+        <div className="bg-black/20 border border-white/5 rounded-lg p-3 min-h-[50px]">
+           <p className={`text-[11px] font-bold uppercase  ${color} leading-none mb-1.5`}>{current?.label}</p>
+           <p className="text-[10px] text-slate-500 font-bold leading-tight lowercase">{current?.desc}</p>
+        </div>
+     </div>
+   )
+ }
+
+ function FARAuthoringModal({ isOpen, initialData, onClose, onComplete }: any) {
+   const [activeTab, setActiveTab] = useState<FarAuthoringTab>('definition')
+   const [formErrors, setFormErrors] = useState<Record<string, string>>({})
+   const [generalError, setGeneralError] = useState('')
+   const [submitAttempted, setSubmitAttempted] = useState(false)
+   const [collapsedSections, setCollapsedSections] = useState<Record<string, boolean>>({
+     identity: false,
+     context: false,
+     risk: false,
+     assets: false,
+   })
+
+   const initialDraft = useMemo(() => buildFarAuthoringDraft(initialData), [initialData])
+   const {
+     value: formData,
+     isDirty,
+     updateValue: updateFormData,
+     resetDirty,
+     resolveIsDirty,
+   } = useOperationalFormDirty(initialDraft, sanitizeFarAuthoringPayload)
+
+   useEffect(() => {
+     if (!isOpen) return
+     setActiveTab('definition')
+     setFormErrors({})
+     setGeneralError('')
+     setSubmitAttempted(false)
+     setCollapsedSections({ identity: false, context: false, risk: false, assets: false })
+   }, [initialData?.id, isOpen])
+
+   useEffect(() => {
+     if (!submitAttempted) return
+     setFormErrors(buildFarAuthoringErrors(formData))
+   }, [formData, submitAttempted])
+
+   const { data: options } = useQuery({
+     queryKey: ['settings-options'],
+     enabled: isOpen,
+     queryFn: async () => (await apiFetch('/api/v1/settings/options')).json(),
+   })
+   const systems = options?.filter((option: any) => option.category === 'LogicalSystem') || []
+   const { data: devices } = useQuery({
+     queryKey: ['devices-far', formData.system_name],
+     enabled: isOpen && Boolean(formData.system_name),
+     queryFn: async () => (await apiFetch(`/api/v1/devices?system=${encodeURIComponent(formData.system_name)}`)).json(),
+   })
+
+   const isArchived = Boolean(initialData?.is_deleted)
+   const rpn = Number(formData.severity || 0) * Number(formData.occurrence || 0) * Number(formData.detection || 0)
+   const tabErrors = useMemo(() => getFarAuthoringTabErrorCounts(formErrors), [formErrors])
+   const totalErrors = Object.keys(formErrors).length
+   const tabs = useMemo(() => [
+     { id: 'definition', label: 'Definition', badgeCount: tabErrors.definition },
+     { id: 'risk', label: 'Risk', badgeCount: tabErrors.risk },
+     { id: 'impact', label: 'Impact', badgeCount: tabErrors.impact },
+   ], [tabErrors])
+
+   const patchFormData = (patch: Record<string, any>) => {
+     setGeneralError('')
+     updateFormData((current: any) => ({ ...current, ...patch }))
+   }
+
+   const mutation = useMutation({
+     mutationFn: async (data: any) => {
+       if (isArchived) throw new Error('Archived failure vectors are read-only. Restore the vector before editing it.')
+       const url = data.id ? `/api/v1/far/modes/${data.id}` : '/api/v1/far/modes'
+       const res = await apiFetch(url, {
+         method: data.id ? 'PUT' : 'POST',
+         body: JSON.stringify(sanitizeFarAuthoringPayload(data)),
+       })
+       if (!res.ok) throw new Error(await readFarMutationFailureMessage(res))
+       return res.json()
+     },
+     onSuccess: (data: any) => {
+       setGeneralError('')
+       resetDirty(buildFarAuthoringDraft(data ? { ...formData, ...data } : formData))
+       toast.success('Registry Synchronized')
+       onComplete()
+     },
+     onError: (error: any) => {
+       const parsed = parseOperationalApiValidationError(error)
+       const nextErrors = { ...buildFarAuthoringErrors(formData), ...parsed.fieldErrors }
+       setFormErrors(nextErrors)
+       setGeneralError(parsed.generalError || error?.message || 'Unable to save the failure vector.')
+       if (Object.keys(nextErrors).length) setActiveTab(getFarAuthoringFirstErrorTab(nextErrors))
+     },
+   })
+
+   const handleSubmit = () => {
+     if (mutation.isPending) return
+     setSubmitAttempted(true)
+     if (isArchived) {
+       setGeneralError('Archived failure vectors are read-only. Restore the vector before editing it.')
+       return
+     }
+     const errors = buildFarAuthoringErrors(formData)
+     setFormErrors(errors)
+     if (Object.keys(errors).length) {
+       setGeneralError(`Resolve ${Object.keys(errors).length} validation issue${Object.keys(errors).length === 1 ? '' : 's'} before committing.`)
+       setActiveTab(getFarAuthoringFirstErrorTab(errors))
+       return
+     }
+     setGeneralError('')
+     mutation.mutate(formData)
+   }
+
+   const toggleSection = (key: string) => {
+     setCollapsedSections((current) => ({ ...current, [key]: !current[key] }))
+   }
+
+   const handleClose = () => {
+     resetDirty(initialDraft)
+     setFormErrors({})
+     setGeneralError('')
+     setSubmitAttempted(false)
+     setActiveTab('definition')
+     onClose()
+   }
+
+   return (
+     <WorkspaceModal
+       isOpen={isOpen}
+       onClose={handleClose}
+       size="workspace"
+       title={initialData ? 'Edit Failure Mode' : 'New Failure Mode'}
+       subtitle="Reliability Engineering Risk Documentation Studio"
+       icon={<Target size={22} />}
+       status={isArchived
+         ? <WorkspaceSectionBadge tone="amber">Archived · read-only</WorkspaceSectionBadge>
+         : <WorkspaceSectionBadge tone={isDirty ? 'amber' : 'emerald'}>{isDirty ? 'Unsaved changes' : 'Draft synchronized'}</WorkspaceSectionBadge>}
+       forensicLineage={initialData ? { createdAt: initialData.created_at, updatedAt: initialData.updated_at } : undefined}
+       tabs={tabs}
+       activeTab={activeTab}
+       onTabChange={(tab) => setActiveTab(tab as FarAuthoringTab)}
+       isDirty={isDirty && !isArchived}
+       resolveIsDirty={resolveIsDirty}
+       dirtyConfirmTitle="Discard FAR changes?"
+       dirtyConfirmMessage="This failure vector has unsaved authoring changes. Close and discard them?"
+       dirtyConfirmText="Discard changes"
+       footerLeft={(
+         <div className="flex flex-wrap items-center gap-2 text-[9px] font-semibold text-slate-500">
+           <span>RPN {rpn}</span>
+           <span className="h-1 w-1 rounded-full bg-slate-700" />
+           <span>{isDirty ? 'Unsaved authoring state' : 'No pending changes'}</span>
+         </div>
+       )}
+       footerRight={(
+         <ToolbarButton
+           variant="primary"
+           onClick={handleSubmit}
+           disabled={mutation.isPending || isArchived}
+           className="min-w-32 justify-center"
+         >
+           {mutation.isPending ? <RefreshCcw size={14} className="animate-spin" /> : <Save size={14} />}
+           {mutation.isPending ? 'Committing…' : 'Commit'}
+         </ToolbarButton>
+       )}
+     >
+       <WorkspaceStickyIdentityBar>
+         <div className="flex flex-wrap items-center justify-between gap-4">
+           <div className="min-w-0">
+             <div className="flex flex-wrap items-center gap-2">
+               <WorkspaceSectionBadge tone="rose">{formData.id ? `VECTOR_${formData.id}` : 'NEW_VECTOR'}</WorkspaceSectionBadge>
+               <WorkspaceSectionBadge>{formData.system_name || 'Domain not selected'}</WorkspaceSectionBadge>
+               <WorkspaceSectionBadge>{formData.failure_type || 'Classification not selected'}</WorkspaceSectionBadge>
+             </div>
+             <p className="mt-2 truncate text-sm font-black text-white">{formData.title || 'Untitled failure vector'}</p>
+           </div>
+           <div className="text-right">
+             <p className="text-[8px] font-bold uppercase tracking-widest text-slate-600">Risk priority</p>
+             <p className={`text-2xl font-black ${rpn > 150 ? 'text-rose-400' : rpn >= 80 ? 'text-amber-400' : 'text-emerald-400'}`}>{rpn}</p>
+           </div>
+         </div>
+       </WorkspaceStickyIdentityBar>
+
+       <WorkspaceValidationBanner
+         message={generalError || (submitAttempted && totalErrors ? `Review ${totalErrors} highlighted validation issue${totalErrors === 1 ? '' : 's'}.` : undefined)}
+       />
+
+       {activeTab === 'definition' && (
+         <div id="far-authoring-definition" className="space-y-5">
+           <WorkspaceSectionCard>
+             <WorkspaceCollapsibleHeader
+               title="Failure identity"
+               subtitle="Define the operational domain, classification, and incidence signature."
+               badge={<WorkspaceSectionBadge tone={tabErrors.definition ? 'rose' : 'blue'}>{tabErrors.definition ? `${tabErrors.definition} issue${tabErrors.definition === 1 ? '' : 's'}` : 'Required identity'}</WorkspaceSectionBadge>}
+               collapsed={collapsedSections.identity}
+               onToggle={() => toggleSection('identity')}
+             />
+             {!collapsedSections.identity && (
+               <div className="mt-5 grid grid-cols-1 gap-5 lg:grid-cols-2">
+                 <WorkspaceSelectField
+                   label="Operational Domain"
+                   required
+                   searchable
+                   disabled={isArchived}
+                   value={formData.system_name}
+                   options={systems.map((system: any) => ({ value: system.value, label: system.label, description: system.description }))}
+                   placeholder="Select operational domain"
+                   error={formErrors.system_name}
+                   onChange={(next) => {
+                     setGeneralError('')
+                     updateFormData((current: any) => changeFarAuthoringSystem(current, String(next)))
+                   }}
+                 />
+                 <WorkspaceSelectField
+                   label="Root Classification"
+                   required
+                   disabled={isArchived}
+                   value={formData.failure_type}
+                   options={FAILURE_TYPES}
+                   placeholder="Select failure classification"
+                   error={formErrors.failure_type}
+                   onChange={(next) => patchFormData({ failure_type: String(next) })}
+                 />
+                 <div className="space-y-1.5 lg:col-span-2">
+                   <WorkspaceFieldLabel label="Incidence Signature" required />
+                   <input
+                     value={formData.title}
+                     disabled={isArchived}
+                     aria-invalid={Boolean(formErrors.title)}
+                     aria-describedby={formErrors.title ? 'far-title-error' : undefined}
+                     onChange={(event) => patchFormData({ title: event.target.value })}
+                     placeholder="E.G., DATABASE_CONNECTION_TIMEOUT"
+                     className={getWorkspaceInputClass(formErrors.title)}
+                   />
+                   <div id="far-title-error"><WorkspaceFieldError message={formErrors.title} /></div>
+                 </div>
+               </div>
+             )}
+           </WorkspaceSectionCard>
+
+           <WorkspaceSectionCard>
+             <WorkspaceCollapsibleHeader
+               title="Consequence context"
+               subtitle="Record the operator-visible effect without changing the FAR risk model."
+               badge={<WorkspaceSectionBadge>Optional context</WorkspaceSectionBadge>}
+               collapsed={collapsedSections.context}
+               onToggle={() => toggleSection('context')}
+             />
+             {!collapsedSections.context && (
+               <div className="mt-5 space-y-1.5">
+                 <WorkspaceFieldLabel label="Consequence Assessment (Effect)" />
+                 <textarea
+                   value={formData.effect}
+                   disabled={isArchived}
+                   onChange={(event) => patchFormData({ effect: event.target.value })}
+                   placeholder="Describe the systemic consequences..."
+                   className={`${getWorkspaceInputClass(formErrors.effect)} min-h-36 resize-y`}
+                 />
+                 <WorkspaceFieldError message={formErrors.effect} />
+               </div>
+             )}
+           </WorkspaceSectionCard>
+         </div>
+       )}
+
+       {activeTab === 'risk' && (
+         <div id="far-authoring-risk">
+           <WorkspaceSectionCard>
+             <WorkspaceCollapsibleHeader
+               title="Risk scoring"
+               subtitle="Apply the existing FAR severity × occurrence × detection model."
+               badge={<WorkspaceSectionBadge tone={tabErrors.risk ? 'rose' : 'amber'}>{tabErrors.risk ? `${tabErrors.risk} issue${tabErrors.risk === 1 ? '' : 's'}` : `RPN ${rpn}`}</WorkspaceSectionBadge>}
+               collapsed={collapsedSections.risk}
+               onToggle={() => toggleSection('risk')}
+             />
+             {!collapsedSections.risk && (
+               <div className="mt-5 grid grid-cols-1 gap-6 lg:grid-cols-3">
+                 <div>
+                   <GaugeSelector label="Severity" value={formData.severity} onChange={(value: number) => patchFormData({ severity: value })} levels={SEVERITY_LEVELS} color="text-rose-500" accent="bg-rose-500" />
+                   <WorkspaceFieldError message={formErrors.severity} />
+                 </div>
+                 <div>
+                   <GaugeSelector label="Occurrence" value={formData.occurrence} onChange={(value: number) => patchFormData({ occurrence: value })} levels={OCCURRENCE_LEVELS} color="text-amber-500" accent="bg-amber-500" />
+                   <WorkspaceFieldError message={formErrors.occurrence} />
+                 </div>
+                 <div>
+                   <GaugeSelector label="Detection" value={formData.detection} onChange={(value: number) => patchFormData({ detection: value })} levels={DETECTION_LEVELS} color="text-sky-400" accent="bg-sky-400" />
+                   <WorkspaceFieldError message={formErrors.detection} />
+                 </div>
+               </div>
+             )}
+           </WorkspaceSectionCard>
+         </div>
+       )}
+
+       {activeTab === 'impact' && (
+         <div id="far-authoring-impact">
+           <WorkspaceSectionCard>
+             <WorkspaceCollapsibleHeader
+               title="Blast radius"
+               subtitle="Search and map the infrastructure entities affected by this failure vector."
+               badge={<WorkspaceSectionBadge tone="blue">{formData.affected_assets.length} mapped</WorkspaceSectionBadge>}
+               collapsed={collapsedSections.assets}
+               onToggle={() => toggleSection('assets')}
+             />
+             {!collapsedSections.assets && (
+               <div className="mt-5">
+                 <WorkspaceSelectField
+                   label="Affected Infrastructure"
+                   searchable
+                   multi
+                   disabled={isArchived || !formData.system_name}
+                   value={formData.affected_assets.map((value: any) => String(value))}
+                   options={(devices || []).map((device: any) => ({ value: String(device.id), label: device.name, description: device.model }))}
+                   placeholder={formData.system_name ? 'Select affected infrastructure' : 'Select an operational domain first'}
+                   error={formErrors.affected_assets}
+                   onChange={(values) => patchFormData({
+                     affected_assets: (Array.isArray(values) ? values : [])
+                       .map((value: any) => Number(value))
+                       .filter((value: number) => Number.isFinite(value)),
+                   })}
+                 />
+                 {formData.system_name && !devices?.length ? (
+                   <p className="mt-3 text-[9px] font-semibold text-slate-500">No infrastructure entities are available for the selected operational domain.</p>
+                 ) : null}
+               </div>
+             )}
+           </WorkspaceSectionCard>
+         </div>
+       )}
+     </WorkspaceModal>
+   )
+ }
+
+ function CausalTab({ mode, readOnly, onUpdate, setBkmGuidanceModal, setResolutionManagerModal }: any) {
+   const [activeModal, setActiveModal] = useState<any>(null)
+   const queryClient = useQueryClient()
+   const deleteCauseMutation = useMutation({
+     mutationFn: async (causeId: number) => {
+       const res = await apiFetch(`/api/v1/far/causes/${causeId}`, {
+         method: 'DELETE',
+         body: JSON.stringify(buildFarContextMutationRequest(mode.id, mode.version)),
+       })
+       if (!res.ok) throw new Error(await readFarMutationFailureMessage(res))
+       return res.json()
+     },
+     onSuccess: () => {
+       toast.success('Root cause removed')
+       queryClient.invalidateQueries({ queryKey: ['far', 'modes'] })
+       onUpdate()
+     },
+     onError: (error: any) => toast.error(error.message || 'Failed to delete root cause')
+   })
+
+   return (
+     <motion.div initial={{ opacity: 0, y: 10 }} animate={{ opacity: 1, y: 0 }} exit={{ opacity: 0, y: 10 }} className="flex-1 flex flex-col space-y-6">
+        <div className="flex items-center justify-between">
+           <div className="flex items-center gap-4">
+              <h3 className="text-sm font-bold uppercase tracking-[0.2em] text-amber-500 ">Root Cause Attribution Matrix</h3>
+              {mode.linked_rcas?.length > 0 && (
+                 <div className="flex items-center gap-2 px-3 py-1 bg-purple-500/10 border border-purple-500/20 rounded-lg">
+                    <Activity size={12} className="text-purple-400" />
+                    <span className="text-[9px] font-black text-purple-400 uppercase tracking-widest">{mode.linked_rcas.length} Research Cases Linked</span>
+                 </div>
+              )}
+           </div>
+           <button onClick={() => setActiveModal({ isOpen: true, modeId: mode.id })} disabled={readOnly} className="px-6 py-2 bg-amber-600/20 border border-amber-500/30 text-amber-500 rounded-lg text-[10px] font-bold uppercase  hover:bg-amber-600 hover:text-white transition-all disabled:cursor-not-allowed disabled:opacity-30">+ Add Root Cause</button>
+        </div>
+        
+        <div className="flex-1 bg-black/40 border border-white/5 rounded-lg overflow-hidden flex flex-col shadow-2xl">
+           <table className="w-full text-left border-collapse">
+              <thead className="bg-white/[0.03] border-b border-white/10">
+                 <tr className="text-[10px] font-bold uppercase tracking-widest text-slate-500 ">
+                    <th className="px-8 py-4">Root Cause Description (Logical Origin)</th>
+                    <th className="px-8 py-4 text-center">Occur Lv</th>
+                    <th className="px-8 py-4">Responsible Unit</th>
+                    <th className="px-8 py-4">Linked Incidents</th>
+                    <th className="px-8 py-4 text-center">BKMs</th>
+                    <th className="px-8 py-4 text-right">Ops</th>
+                 </tr>
+              </thead>
+              <tbody className="divide-y divide-white/5 font-bold uppercase  text-[11px]">
+                 {mode.causes?.map((c: any) => (
+                   <tr key={c.id} className="hover:bg-white/[0.02] transition-colors group">
+                      <td className="px-8 py-5 text-white normal-case leading-relaxed">{c.cause_text}</td>
+                      <td className="px-8 py-5 text-center">
+                         <div className="flex items-center justify-center gap-2">
+                            <div className="w-12 h-1.5 bg-white/5 rounded-lg overflow-hidden border border-white/5">
+                               <div className="h-full bg-amber-500" style={{ width: `${c.occurrence_level * 10}%` }} />
+                            </div>
+                            <span className="text-amber-500 w-4 font-black">{c.occurrence_level}</span>
+                         </div>
+                      </td>
+                      <td className="px-8 py-5 text-slate-400 font-black">{c.responsible_team || 'UNASSIGNED'}</td>
+                      <td className="px-8 py-5">
+                         <div className="flex flex-col gap-1">
+                            {(mode.linked_rcas || []).map((r: any) => (
+                               <div key={r.id} className="flex items-center gap-1.5 text-[8px] text-purple-400">
+                                  <Activity size={8} />
+                                  <span className="truncate max-w-[120px]">{r.title}</span>
+                               </div>
+                            ))}
+                            {(!mode.linked_rcas || mode.linked_rcas.length === 0) && <span className="text-slate-700 text-[8px]">NONE</span>}
+                         </div>
+                      </td>
+                      <td className="px-8 py-5 text-center">
+                         <button 
+                           onClick={() => c.resolutions?.length > 0 && setBkmGuidanceModal({ show: true, cause: c })}
+                           className={`px-3 py-1 rounded-lg text-[9px] font-black transition-all ${
+                             c.resolutions?.length > 0 
+                               ? 'bg-emerald-500/20 text-emerald-400 border border-emerald-500/30 hover:bg-emerald-500/30 hover:scale-105 active:scale-95 cursor-pointer' 
+                               : 'bg-rose-500/10 text-rose-500 border border-rose-500/20 opacity-50 cursor-not-allowed'
+                           }`}
+                         >
+                            {c.resolutions?.length || 0} BKMS
+                         </button>
+                      </td>
+                      <td className="px-8 py-5 text-right opacity-0 group-hover:opacity-100 transition-opacity">
+                         <div className="flex items-center justify-end gap-2">
+                            <button 
+                              onClick={() => setResolutionManagerModal({ show: true, cause: c })}
+                              disabled={readOnly}
+                              className="p-1.5 text-emerald-400 hover:bg-emerald-500/10 rounded-lg transition-all disabled:cursor-not-allowed disabled:opacity-30"
+                              title="Manage BKM Guidance"
+                            >
+                               <Book size={14}/>
+                            </button>
+                            <button 
+                              onClick={() => setActiveModal({ isOpen: true, modeId: mode.id, initialData: c })}
+                              disabled={readOnly}
+                              className="p-1.5 text-blue-400 hover:bg-blue-500/10 rounded-lg transition-all disabled:cursor-not-allowed disabled:opacity-30"
+                              title="Edit Attribution"
+                            >
+                               <Edit2 size={14}/>
+                            </button>
+                            <button
+                              onClick={() => deleteCauseMutation.mutate(c.id)}
+                              disabled={readOnly || (deleteCauseMutation.isPending && deleteCauseMutation.variables === c.id)}
+                              className="p-1.5 text-slate-600 hover:text-rose-500 transition-all rounded-lg"
+                              title="Purge Attribution"
+                            >
+                              <Trash2 size={14}/>
+                            </button>
+                         </div>
+                      </td>
+                   </tr>
+                 ))}
+                 {(!mode.causes?.length) && (
+                   <tr><td colSpan={6} className="py-32 text-center opacity-20 font-bold uppercase tracking-[0.3em]">No attribution traces linked to this vector</td></tr>
+                 )}
+              </tbody>
+           </table>
+        </div>
+
+        <RootCauseFormModal 
+           isOpen={!readOnly && activeModal?.isOpen}
+           onClose={() => setActiveModal(null)}
+           modeId={activeModal?.modeId}
+           modeVersion={mode.version}
+           initialData={activeModal?.initialData}
+           onSave={onUpdate}
+        />
+     </motion.div>
+   )
+ }
+
+        function RpnDefinitionModal({ onClose }: { onClose: () => void }) {
+        return (
+        <div className="fixed inset-0 z-[10000] flex items-center justify-center bg-black/90 backdrop-blur-md p-10">
+        <motion.div initial={{ scale: 0.9, opacity: 0 }} animate={{ scale: 1, opacity: 1 }} className="glass-panel w-full max-w-4xl p-12 rounded-lg border border-amber-500/30 shadow-2xl relative">
+        <button onClick={onClose} className="absolute top-8 right-8 text-slate-500 hover:text-white transition-colors"><X size={32}/></button>
+
+        <div className="flex items-center gap-6 mb-12 border-b border-white/5 pb-8">
+          <div className="w-20 h-20 rounded-lg bg-amber-600 flex items-center justify-center text-white shadow-xl shadow-amber-600/20">
+             <Target size={40}/>
+          </div>
+          <div>
+             <h2 className="text-4xl font-black uppercase tracking-tighter text-white">Risk Priority Number</h2>
+             <p className="text-xs font-bold text-amber-500 uppercase tracking-[0.3em]">Criticality Scoring Matrix (S × O × D)</p>
+          </div>
+        </div>
+
+        <div className="grid grid-cols-3 gap-8">
+          <div className="space-y-4">
+             <div className="flex items-center gap-3 text-rose-500">
+                <Shield size={20}/>
+                <h3 className="text-sm font-black uppercase tracking-widest">Severity (S)</h3>
+             </div>
+             <p className="text-[11px] font-bold text-slate-400 uppercase leading-relaxed">Impact of the failure on the system or safety. (1 = No impact, 10 = Systemic destruction / Safety risk).</p>
+          </div>
+          <div className="space-y-4">
+             <div className="flex items-center gap-3 text-amber-500">
+                <Activity size={20}/>
+                <h3 className="text-sm font-black uppercase tracking-widest">Occurrence (O)</h3>
+             </div>
+             <p className="text-[11px] font-bold text-slate-400 uppercase leading-relaxed">Likelihood of the failure mode happening. (1 = Remote, 10 = Constant/Inevitable).</p>
+          </div>
+          <div className="space-y-4">
+             <div className="flex items-center gap-3 text-sky-500">
+                <Search size={20}/>
+                <h3 className="text-sm font-black uppercase tracking-widest">Detection (D)</h3>
+             </div>
+             <p className="text-[11px] font-bold text-slate-400 uppercase leading-relaxed">Ability to detect the failure before it impacts. (1 = Certain detection, 10 = Undetectable).</p>
+          </div>
+        </div>
+
+        <div className="mt-12 p-8 bg-black/40 rounded-lg border border-white/5">
+          <div className="flex items-center justify-between mb-6">
+             <span className="text-xs font-black uppercase tracking-widest text-slate-500">Threshold Logic</span>
+             <div className="flex gap-4">
+                <div className="flex items-center gap-2"><div className="w-2 h-2 rounded-full bg-emerald-500" /> <span className="text-[10px] font-bold text-emerald-500 uppercase">Nominal (&lt;80)</span></div>
+                <div className="flex items-center gap-2"><div className="w-2 h-2 rounded-full bg-amber-500" /> <span className="text-[10px] font-bold text-amber-500 uppercase">Moderate (80-150)</span></div>
+                <div className="flex items-center gap-2"><div className="w-2 h-2 rounded-full bg-rose-500" /> <span className="text-[10px] font-bold text-rose-500 uppercase">Critical (&gt;150)</span></div>
+             </div>
+          </div>
+          <div className="text-6xl font-black text-center text-white tracking-tighter">RPN = S <span className="text-slate-700">×</span> O <span className="text-slate-700">×</span> D</div>
+        </div>
+        </motion.div>
+        </div>
+        )
+        }
+
+        function MaturityDefinitionModal({ onClose }: { onClose: () => void }) {
+        return (
+        <div className="fixed inset-0 z-[10000] flex items-center justify-center bg-black/90 backdrop-blur-md p-10">
+        <motion.div initial={{ scale: 0.9, opacity: 0 }} animate={{ scale: 1, opacity: 1 }} className="glass-panel w-full max-w-4xl p-12 rounded-lg border border-blue-500/30 shadow-2xl relative">
+        <button onClick={onClose} className="absolute top-8 right-8 text-slate-500 hover:text-white transition-colors"><X size={32}/></button>
+
+        <div className="flex items-center gap-6 mb-12 border-b border-white/5 pb-8">
+          <div className="w-20 h-20 rounded-lg bg-blue-600 flex items-center justify-center text-white shadow-xl shadow-blue-600/20">
+             <Zap size={40}/>
+          </div>
+          <div>
+             <h2 className="text-4xl font-black uppercase tracking-tighter text-white">Maturity Spectrum</h2>
+             <p className="text-xs font-bold text-blue-400 uppercase tracking-[0.3em]">Risk Mitigation Lifecycle (Lv0 - Lv8)</p>
+          </div>
+        </div>
+
+        <div className="grid grid-cols-2 gap-x-12 gap-y-4">
+          {FAR_MATURITY_LEVELS.map((ml) => (
+             <div key={ml.lv} className="flex items-center gap-4 p-4 bg-white/5 rounded-lg border border-white/5">
+                <div className="w-12 h-12 rounded-lg bg-blue-600/20 flex items-center justify-center text-blue-400 font-black border border-blue-500/20 shadow-inner">Lv{ml.lv}</div>
+                <div>
+                   <h4 className="text-[11px] font-black uppercase text-white tracking-widest">{ml.label}</h4>
+                   <p className="text-[9px] font-bold text-slate-500 uppercase mt-1 leading-tight">{ml.desc}</p>
+                </div>
+             </div>
+          ))}
+        </div>
+        </motion.div>
+        </div>
+        )
+        }
+ function RoadmapTab({ mode, readOnly, onUpdate }: any) {
+   const [activeMitigationModal, setActiveMitigationModal] = useState<any>(null)
+   const [activePreventionModal, setActivePreventionModal] = useState<any>(null)
+   const [selectedCauseId, setSelectedCauseId] = useState<number | null>(null)
+   const [deletingMitigationId, setDeletingMitigationId] = useState<number | null>(null)
+   const deletingMitigationIdRef = React.useRef<number | null>(null)
+   
+   const queryClient = useQueryClient()
+   const { data: bkms } = useQuery({ queryKey: ['knowledge', 'bkms'], queryFn: async () => (await apiFetch('/api/v1/knowledge/?category=BKM')).json() })
+   const { data: monitoring } = useQuery({ queryKey: ['monitoring-items'], queryFn: async () => (await apiFetch('/api/v1/monitoring/')).json() })
+   const bkmById = useMemo(() => new Map((bkms || []).map((item: any) => [Number(item.id), item])), [bkms])
+   const monitoringById = useMemo(() => new Map((monitoring || []).map((item: any) => [Number(item.id), item])), [monitoring])
+   const deleteMitigationMutation = useMutation({
+     mutationFn: async (mitigationId: number) => {
+       const res = await apiFetch(`/api/v1/far/mitigations/${mitigationId}`, {
+         method: 'DELETE',
+         body: JSON.stringify(buildFarContextMutationRequest(mode.id, mode.version)),
+       })
+       if (!res.ok) throw new Error(await readFarMutationFailureMessage(res))
+       return res.json()
+     },
+     onSuccess: () => {
+       toast.success('Mitigation removed')
+       queryClient.invalidateQueries({ queryKey: ['far', 'modes'] })
+       onUpdate()
+     },
+     onError: (error: any) => {
+       setDeletingMitigationId(null)
+       toast.error(error.message || 'Failed to delete mitigation')
+     },
+     onSettled: () => {
+       deletingMitigationIdRef.current = null
+     }
+   })
+
+   const updatePreventionMutation = useMutation({
+     mutationFn: async ({ preventionId, status }: { preventionId: number, status: string }) => {
+       const res = await apiFetch(`/api/v1/far/prevention/${preventionId}`, {
+         method: 'PUT',
+         body: JSON.stringify(buildFarContextMutationRequest(mode.id, mode.version, { status })),
+       })
+       if (!res.ok) throw new Error(await readFarMutationFailureMessage(res))
+       return res.json()
+     },
+     onSuccess: () => {
+       toast.success('Prevention status synchronized')
+       queryClient.invalidateQueries({ queryKey: ['far', 'modes'] })
+       onUpdate()
+     },
+     onError: (error: any) => toast.error(error?.message || 'Failed to update prevention status'),
+   })
+
+   useEffect(() => {
+     if (!selectedCauseId && mode.causes?.length > 0) {
+       setSelectedCauseId(mode.causes[0].id)
+     }
+   }, [mode.causes, selectedCauseId])
+
+   useEffect(() => {
+     if (deletingMitigationId !== null && !mode.mitigations?.some((mitigation: any) => mitigation.id === deletingMitigationId)) {
+       setDeletingMitigationId(null)
+     }
+   }, [deletingMitigationId, mode.mitigations])
+
+   return (
+     <motion.div initial={{ opacity: 0, y: 10 }} animate={{ opacity: 1, y: 0 }} exit={{ opacity: 0, y: 10 }} className="flex-1 flex flex-col space-y-6">
+        <div className="flex items-center gap-4 shrink-0 overflow-x-auto pb-2 scrollbar-hide">
+           <span className="text-[9px] font-black text-slate-500 uppercase tracking-widest shrink-0">Select Root Cause:</span>
+           {(mode.causes || []).map((cause: any) => (
+              <button 
+                 key={cause.id}
+                 onClick={() => setSelectedCauseId(cause.id)}
+                 className={`px-4 py-1.5 rounded-lg text-[10px] font-black uppercase tracking-tight border transition-all whitespace-nowrap ${selectedCauseId === cause.id ? 'bg-rose-600/10 border-rose-500 text-rose-500' : 'bg-white/5 border-white/5 text-slate-500 hover:text-slate-300'}`}
+              >
+                 {cause.cause_text}
+              </button>
+           ))}
+           {mode.causes?.length === 0 && <span className="text-[10px] font-black text-slate-700 uppercase">No causes attributed to this vector</span>}
+        </div>
+
+        <div className="flex items-center justify-between">
+           <h3 className="text-sm font-bold uppercase tracking-[0.2em] text-sky-400 ">Strategic Mitigation Roadmap</h3>
+           <div className="flex flex-nowrap gap-2">
+              <button onClick={() => setActiveMitigationModal({ isOpen: true, type: 'WORKAROUND' })} disabled={readOnly || !selectedCauseId} className="px-6 py-2 whitespace-nowrap bg-amber-600/20 border border-amber-500/30 text-amber-500 rounded-lg text-[10px] font-bold uppercase  hover:bg-amber-600 hover:text-white transition-all disabled:opacity-20">+ Add Workaround</button>
+              <button onClick={() => setActiveMitigationModal({ isOpen: true, type: 'MONITORING' })} disabled={readOnly || !selectedCauseId} className="px-6 py-2 whitespace-nowrap bg-sky-600/20 border border-sky-500/30 text-sky-400 rounded-lg text-[10px] font-bold uppercase  hover:bg-sky-600 hover:text-white transition-all disabled:opacity-20">+ Add Monitoring</button>
+              <button onClick={() => setActivePreventionModal({ isOpen: true })} disabled={readOnly || !selectedCauseId} className="px-6 py-2 whitespace-nowrap bg-emerald-600/20 border border-emerald-500/30 text-emerald-400 rounded-lg text-[10px] font-bold uppercase  hover:bg-emerald-600 hover:text-white transition-all disabled:opacity-20">+ Add Prevention</button>
+           </div>
+        </div>
+
+        <div className="flex-1 overflow-y-auto custom-scrollbar pr-2 space-y-4">
+           <div className="bg-black/40 border border-white/5 rounded-lg overflow-hidden shadow-2xl">
+              <table className="w-full text-left border-collapse">
+                 <thead className="bg-white/[0.03] border-b border-white/10">
+                    <tr className="text-[10px] font-bold uppercase tracking-widest text-slate-500 ">
+                       <th className="px-8 py-4">Shield Type</th>
+                       <th className="px-8 py-4">Deployment Protocol / Plan</th>
+                       <th className="px-8 py-4 text-center">Cause Context</th>
+                       <th className="px-8 py-4 text-center">Status</th>
+                       <th className="px-8 py-4 text-right">Ops</th>
+                    </tr>
+                 </thead>
+                 <tbody className="divide-y divide-white/5 font-bold uppercase  text-[11px]">
+                    {mode.mitigations?.filter((m: any) => m.cause_id === selectedCauseId).map((m: any) => {
+                      const linkedBkm = bkmById.get(Number(m.knowledge_bkm_id)) as any
+                      const linkedMonitor = monitoringById.get(Number(m.monitoring_item_id)) as any
+                      const completed = m.status === 'Completed'
+                      return (
+                      <tr key={m.id} className="hover:bg-white/[0.02] transition-colors group">
+                         <td className="px-8 py-5">
+                            <span className={`px-3 py-1 rounded-lg text-[9px] font-black ${m.mitigation_type === 'Monitoring' ? 'bg-sky-500/20 text-sky-400 border border-sky-500/30' : m.mitigation_type === 'Process Change' ? 'bg-violet-500/20 text-violet-300 border border-violet-500/30' : 'bg-amber-500/20 text-amber-400 border border-amber-500/30'}`}>{m.mitigation_type}</span>
+                         </td>
+                         <td className="px-8 py-5 text-white max-w-xl">
+                            <div className="space-y-2">
+                               {m.mitigation_steps?.split('\n').map((line: string, i: number) => (
+                                 <div key={i} className="flex gap-3">
+                                    <span className="text-slate-600 text-[9px] font-black">{i + 1}.</span>
+                                    <span className="normal-case font-medium text-slate-300 uppercase">{line}</span>
+                                 </div>
+                               ))}
+                               {m.responsible_team && (
+                                 <div className="flex items-center gap-2 text-[9px] font-black uppercase tracking-wide text-slate-500">
+                                   <User size={12} className="text-slate-600" /> Owner: {m.responsible_team}
+                                 </div>
+                               )}
+                               {linkedBkm && (
+                                  <div className="flex items-center gap-3 p-3 bg-emerald-500/5 border border-emerald-500/20 rounded-lg mt-2">
+                                     <Book size={14} className="text-emerald-400" />
+                                     <span className="text-emerald-400 tracking-tight normal-case font-black uppercase">Linked BKM: {linkedBkm.title}</span>
+                                  </div>
+                               )}
+                               {m.external_bkm_url && (
+                                  <a
+                                    href={m.external_bkm_url}
+                                    target="_blank"
+                                    rel="noreferrer noopener"
+                                    className="flex items-center gap-3 p-3 bg-blue-500/5 border border-blue-500/20 rounded-lg mt-2 text-blue-400 hover:bg-blue-500/10 transition-all"
+                                  >
+                                     <ExternalLink size={14} />
+                                     <span className="tracking-tight normal-case font-black uppercase truncate">External BKM: {m.external_bkm_url}</span>
+                                  </a>
+                               )}
+                               {linkedMonitor && (
+                                  <div className="flex items-center gap-3 p-3 bg-sky-500/5 border border-sky-500/20 rounded-lg mt-2 group/item hover:bg-sky-500/10 transition-all">
+                                     <Monitor size={14} className="text-sky-400" />
+                                     <span className="text-sky-400 tracking-tight normal-case font-black uppercase">Linked Monitor: {linkedMonitor.title}</span>
+                                  </div>
+                               )}
+                            </div>
+                         </td>
+                         <td className="px-8 py-5 text-center">
+                            <div className="flex flex-col items-center gap-1">
+                               <span className="text-[9px] font-black text-rose-400/70 truncate max-w-[150px]">{mode.causes?.find((c:any)=>c.id === m.cause_id)?.cause_text || 'GLOBAL_VECTOR'}</span>
+                            </div>
+                         </td>
+                         <td className="px-8 py-5 text-center">
+                            <span className={`px-3 py-1 rounded-lg text-[9px] font-black border ${completed ? 'bg-emerald-500/10 text-emerald-400 border-emerald-500/20' : 'bg-slate-800 text-slate-400 border-white/10'}`}>
+                               {m.status?.toUpperCase() || 'NOT STARTED'}
+                            </span>
+                         </td>
+                         <td className="px-8 py-5 text-right opacity-0 group-hover:opacity-100 transition-opacity">
+                            <div className="flex items-center justify-end gap-1">
+                              <button
+                                onClick={() => {
+                                  setSelectedCauseId(Number(m.cause_id))
+                                  setActiveMitigationModal({ isOpen: true, type: m.mitigation_type, initialData: m })
+                                }}
+                                disabled={readOnly}
+                                className="p-2 text-slate-600 hover:text-blue-400 transition-colors disabled:cursor-not-allowed disabled:opacity-40"
+                                title="Edit mitigation"
+                              >
+                                <Edit2 size={16}/>
+                              </button>
+                              <button
+                                onClick={() => {
+                                  if (deletingMitigationIdRef.current !== null) return
+                                  deletingMitigationIdRef.current = m.id
+                                  setDeletingMitigationId(m.id)
+                                  deleteMitigationMutation.mutate(m.id)
+                                }}
+                                disabled={readOnly || completed || deletingMitigationId !== null}
+                                className="p-2 text-slate-600 hover:text-rose-500 transition-colors disabled:cursor-not-allowed disabled:opacity-40"
+                                title={completed ? 'Completed mitigations cannot be deleted' : 'Delete Mitigation'}
+                              >
+                                <Trash2 size={16}/>
+                              </button>
+                            </div>
+                         </td>
+                      </tr>
+                      )
+                    })}
+                    {mode.mitigations?.filter((m: any) => m.cause_id === selectedCauseId).length === 0 && (
+                       <tr><td colSpan={5} className="py-20 text-center opacity-20 font-bold uppercase tracking-[0.3em]">No mitigation shields active for this cause</td></tr>
+                    )}
+                 </tbody>
+              </table>
+           </div>
+
+           <div className="bg-black/40 border border-emerald-500/10 rounded-lg overflow-hidden shadow-2xl">
+              <div className="flex items-center justify-between border-b border-white/10 bg-emerald-500/[0.03] px-8 py-4">
+                 <div>
+                    <h4 className="text-[10px] font-black uppercase tracking-[0.2em] text-emerald-400">Prevention Execution</h4>
+                    <p className="mt-1 text-[9px] font-bold uppercase text-slate-600">Verified or completed prevention advances this failure vector to maturity Lv8.</p>
+                 </div>
+                 <span className="text-[9px] font-black uppercase tracking-widest text-slate-500">
+                   {(mode.prevention_actions || []).filter((p: any) => p.cause_id === selectedCauseId).length} linked
+                 </span>
+              </div>
+              <table className="w-full text-left border-collapse">
+                 <thead className="border-b border-white/10 bg-white/[0.02]">
+                    <tr className="text-[9px] font-bold uppercase tracking-widest text-slate-500">
+                       <th className="px-8 py-3">Prevention Action / Project Objective</th>
+                       <th className="px-8 py-3">Owner</th>
+                       <th className="px-8 py-3">Target</th>
+                       <th className="px-8 py-3 text-right">FAR Status</th>
+                    </tr>
+                 </thead>
+                 <tbody className="divide-y divide-white/5">
+                    {(mode.prevention_actions || []).filter((p: any) => p.cause_id === selectedCauseId).map((p: any) => (
+                      <tr key={p.id} className="hover:bg-emerald-500/[0.03] transition-colors">
+                         <td className="px-8 py-4 text-[11px] font-bold text-slate-200">{p.prevention_action}</td>
+                         <td className="px-8 py-4 text-[10px] font-bold uppercase text-slate-500">{p.responsible_team || 'UNASSIGNED'}</td>
+                         <td className="px-8 py-4 text-[10px] font-bold uppercase text-slate-500">{p.target_date ? formatAppDate(p.target_date) : 'NO TARGET'}</td>
+                         <td className="px-8 py-4 text-right">
+                            <select
+                              value={p.status || 'Open'}
+                              disabled={readOnly || updatePreventionMutation.isPending}
+                              onChange={(event) => updatePreventionMutation.mutate({ preventionId: Number(p.id), status: event.target.value })}
+                              className="rounded-lg border border-emerald-500/20 bg-slate-950 px-3 py-1.5 text-[9px] font-black uppercase text-emerald-400 outline-none disabled:opacity-40"
+                            >
+                              <option value="Open">Open</option>
+                              <option value="In Progress">In Progress</option>
+                              <option value="Verified">Verified</option>
+                              <option value="Completed">Completed</option>
+                            </select>
+                         </td>
+                      </tr>
+                    ))}
+                    {(mode.prevention_actions || []).filter((p: any) => p.cause_id === selectedCauseId).length === 0 && (
+                      <tr><td colSpan={4} className="py-12 text-center text-[9px] font-bold uppercase tracking-[0.25em] text-slate-700">No prevention execution linked to this cause</td></tr>
+                    )}
+                 </tbody>
+              </table>
+           </div>
+        </div>
+
+        <MitigationFormModal 
+           key={activeMitigationModal?.initialData?.id ? `edit-${activeMitigationModal.initialData.id}` : `new-${activeMitigationModal?.type || 'mitigation'}`}
+           isOpen={!readOnly && activeMitigationModal?.isOpen}
+           onClose={() => setActiveMitigationModal(null)}
+           modeId={mode.id}
+           modeVersion={mode.version}
+           causeId={activeMitigationModal?.initialData?.cause_id ?? selectedCauseId}
+           type={activeMitigationModal?.type}
+           initialData={activeMitigationModal?.initialData}
+           bkms={bkms}
+           monitoring={monitoring}
+           onSave={onUpdate}
+        />
+
+        <PreventionFormModal 
+           isOpen={!readOnly && activePreventionModal?.isOpen}
+           onClose={() => setActivePreventionModal(null)}
+           modeId={mode.id}
+           modeVersion={mode.version}
+           causeId={selectedCauseId}
+           onSave={onUpdate}
+        />
+     </motion.div>
+   )
+ }
+   function HistoryTab({ mode, readOnly, onUpdate }: any) {
+     const [isLinking, setIsLinking] = useState(false)
+     const [search, setSearch] = useState('')
+     const queryClient = useQueryClient()
+     const navigate = useNavigate()
+
+     const { data: research } = useQuery({ 
+       queryKey: ['research-items'], 
+       queryFn: async () => (await apiFetch('/api/v1/investigations')).json() 
+     })
+
+     const filteredResearch = useMemo(() => {
+       if (!research) return []
+       return research.filter((r: any) => 
+         !search || r.title.toLowerCase().includes(search.toLowerCase()) || r.summary?.toLowerCase().includes(search.toLowerCase())
+       )
+     }, [research, search])
+
+     const linkMutation = useMutation({
+       mutationFn: async (researchId: number) => {
+         const currentLinks = mode.metadata_json?.linked_research_ids || []
+         if (currentLinks.includes(researchId)) {
+           toast.error('Research artifact already linked')
+           return
+         }
+         const updatedMetadata = { ...mode.metadata_json, linked_research_ids: [...currentLinks, researchId] }
+         const res = await apiFetch(`/api/v1/far/modes/${mode.id}`, {
+           method: 'PUT',
+           body: JSON.stringify(withFarExpectedVersion(mode.version, { metadata_json: updatedMetadata }))
+         })
+         if (!res.ok) throw new Error(await readFarMutationFailureMessage(res))
+         return res.json()
+       },
+       onSuccess: () => {
+         toast.success('Research Artifact Linked to Vector')
+         setIsLinking(false)
+         onUpdate()
+         queryClient.invalidateQueries({ queryKey: ['far', 'modes'] })
+       },
+       onError: (err: any) => {
+         toast.error(`Linking Failed: ${err.message}`)
+       }
+     })
+     const unlinkMutation = useMutation({
+       mutationFn: async (researchId: number) => {
+         const currentLinks = mode.metadata_json?.linked_research_ids || []
+         const updatedMetadata = {
+           ...mode.metadata_json,
+           linked_research_ids: currentLinks.filter((id: number) => id !== researchId)
+         }
+         const res = await apiFetch(`/api/v1/far/modes/${mode.id}`, {
+           method: 'PUT',
+           body: JSON.stringify(withFarExpectedVersion(mode.version, { metadata_json: updatedMetadata }))
+         })
+         if (!res.ok) throw new Error(await readFarMutationFailureMessage(res))
+         return res.json()
+       },
+       onSuccess: () => {
+         toast.success('Research artifact unlinked')
+         onUpdate()
+         queryClient.invalidateQueries({ queryKey: ['far', 'modes'] })
+       },
+       onError: (err: any) => {
+         toast.error(`Unlink Failed: ${err.message}`)
+       }
+     })
+
+     const linkedResearch = useMemo(() => {
+       if (!research || !mode.metadata_json?.linked_research_ids) return []
+       return research.filter((r: any) => mode.metadata_json.linked_research_ids.includes(r.id))
+     }, [research, mode.metadata_json])
+     return (
+       <motion.div initial={{ opacity: 0, y: 10 }} animate={{ opacity: 1, y: 0 }} exit={{ opacity: 0, y: 10 }} className="flex-1 flex flex-col space-y-6">
+          <div className="flex items-center justify-between">
+             <h3 className="text-sm font-bold uppercase tracking-[0.2em] text-slate-500 ">Analytical Research History</h3>
+             <button onClick={() => setIsLinking(true)} disabled={readOnly} className="px-6 py-2 bg-slate-800/50 border border-white/10 text-slate-400 rounded-lg text-[10px] font-bold uppercase  hover:bg-slate-700 hover:text-white transition-all disabled:cursor-not-allowed disabled:opacity-30">+ Link Research Artifact</button>
+          </div>
+
+          <div className="flex-1 overflow-y-auto custom-scrollbar pr-2 space-y-4">
+             {linkedResearch.map((r: any) => (
+                <div key={r.id} className="bg-white/5 border border-white/5 rounded-lg p-6 flex items-center justify-between group hover:bg-white/10 transition-all">
+                   <div className="flex items-center gap-6">
+                      <div className="p-4 bg-blue-500/10 rounded-lg text-blue-400 border border-blue-500/20"><Activity size={24}/></div>
+                      <div>
+                         <h4 className="text-sm font-bold text-white uppercase tracking-tight">{r.title}</h4>
+                         <div className="flex items-center gap-3 mt-1">
+                            <span className="text-[9px] font-bold text-slate-500 uppercase">Status: {r.status}</span>
+                            <span className="text-[9px] font-bold text-slate-500 uppercase">ID: {r.id}</span>
+                         </div>
+                      </div>
+                   </div>
+                   <div className="flex gap-3">
+                      <button onClick={() => navigate(`/research?type=research&id=${r.id}`)} className="p-2.5 bg-white/5 rounded-lg text-slate-500 hover:text-blue-400 transition-all opacity-0 group-hover:opacity-100"><Eye size={18}/></button>
+                      <button onClick={() => unlinkMutation.mutate(r.id)} disabled={readOnly} className="p-2.5 bg-white/5 rounded-lg text-slate-500 hover:text-rose-500 transition-all opacity-0 group-hover:opacity-100 disabled:cursor-not-allowed disabled:opacity-20"><Trash2 size={18}/></button>
+                   </div>
+                </div>
+             ))}
+             {linkedResearch.length === 0 && (
+                <div className="flex-1 flex flex-col items-center justify-center py-20 space-y-4 opacity-20 ">
+                   <Activity size={48} className="text-slate-500" />
+                   <p className="text-[12px] font-bold uppercase tracking-[0.3em] text-center max-w-md">No historical research artifacts currently mapped to this failure vector</p>
+                   <button onClick={() => navigate('/research')} className="text-[10px] font-bold uppercase underline tracking-widest text-rose-500">Initiate New Research Case</button>
+                </div>
+             )}
+          </div>
+          <AnimatePresence>
+             {!readOnly && isLinking && (
+                <div className="fixed inset-0 z-[200] flex items-center justify-center bg-black/80 backdrop-blur-md p-6">
+                   <motion.div initial={{ scale: 0.9, opacity: 0 }} animate={{ scale: 1, opacity: 1 }} className="glass-panel w-full max-w-lg p-10 rounded-lg border border-white/10 space-y-6">
+                      <div className="flex items-center justify-between border-b border-white/5 pb-4">
+                         <h3 className="text-xl font-bold uppercase text-white tracking-tighter">Link Research</h3>
+                         <button onClick={() => setIsLinking(false)} className="text-slate-500 hover:text-white transition-colors"><X size={24}/></button>
+                      </div>
+                      <div className="relative">
+                         <Search size={14} className="absolute left-4 top-1/2 -translate-y-1/2 text-slate-600" />
+                         <input 
+                           value={search} 
+                           onChange={e => setSearch(e.target.value)} 
+                           placeholder="Search research artifacts..." 
+                           className="w-full bg-black/40 border border-white/10 rounded-lg pl-11 pr-4 py-3 text-xs font-bold text-white outline-none focus:border-rose-500" 
+                         />
+                      </div>
+                      <div className="max-h-[300px] overflow-y-auto custom-scrollbar pr-2 space-y-2">
+                         {filteredResearch?.map((r: any) => (
+                           <button 
+                             key={r.id} 
+                             onClick={() => linkMutation.mutate(r.id)}
+                             className="w-full text-left p-4 rounded-lg bg-white/5 border border-white/5 hover:border-rose-500/30 hover:bg-rose-500/5 transition-all group"
+                           >
+                              <p className="text-[11px] font-bold text-white uppercase">{r.title}</p>
+                              <p className="text-[9px] text-slate-500 font-bold uppercase mt-1">Status: {r.status}</p>
+                           </button>
+                         ))}
+                      </div>
+                   </motion.div>
+                </div>
+             )}
+          </AnimatePresence>
+       </motion.div>
+     )
+   }
+

 ❯ src/components/shared/FARGoldenStructuralContract.test.ts:260:19
    258|
    259|     for (const token of ['severity', 'occurrence', 'detection', 'rpn',…
    260|       expect(far).toContain(token)
       |                   ^
    261|     }
    262|     expect(far).toContain('setShowRpnHelp(true)')

⎯⎯⎯⎯⎯⎯⎯⎯⎯⎯⎯⎯⎯⎯⎯⎯⎯⎯⎯⎯⎯⎯[14/18]⎯

 FAIL  src/components/shared/FARLifecycleBackendContract.test.ts > FAR lifecycle and history backend golden contract > keeps archive lifecycle separate from editable FAR content and historical restores
AssertionError: expected 'from fastapi import APIRouter, Depend…' to contain 'elif k == \'is_deleted\':\n          …'

- Expected
+ Received

- elif k == 'is_deleted':
+ from fastapi import APIRouter, Depends, HTTPException, Query
+ from sqlalchemy.ext.asyncio import AsyncSession
+ from sqlalchemy.future import select
+ from sqlalchemy.orm import joinedload, selectinload
+ from typing import List, Optional
+ from ..database import get_db
+ from ..models import models
+ from ..schemas import schemas
+ from .utils import filter_valid_columns
+
+ from sqlalchemy import delete, update
+ from ..api.utils import filter_valid_columns, normalize_json_object, normalize_json_list
+
+ router = APIRouter(prefix="/far", tags=["FAR"])
+ IMMUTABLE_FAR_FIELDS = {"id", "created_at", "updated_at", "created_by_user_id", "version", "is_deleted"}
+ FAR_BULK_SCORE_FIELDS = {"severity", "occurrence", "detection"}
+
+ def normalize_far_versioned_mutation_request(data: dict):
+     if not isinstance(data, dict):
+         raise ValueError("FAR mutation request must be an object")
+
+     expected_version = data.get("expected_version")
+     if isinstance(expected_version, bool) or not isinstance(expected_version, int) or expected_version <= 0:
+         raise ValueError("expected_version must be a positive integer")
+
+     mutation_data = dict(data)
+     mutation_data.pop("expected_version", None)
+     return expected_version, mutation_data
+
+ def get_far_versioned_mutation_precondition(mode, expected_version: int):
+     actual_version = int(getattr(mode, "version", 1) or 1)
+     if bool(getattr(mode, "is_deleted", False)):
+         return {
+             "code": "far_mode_archived_read_only",
+             "id": int(getattr(mode, "id")),
+             "actual_version": actual_version,
+         }
+     if actual_version != expected_version:
+         return {
+             "code": "far_mode_version_conflict",
+             "id": int(getattr(mode, "id")),
+             "expected_version": expected_version,
+             "actual_version": actual_version,
+         }
+     return None
+
+ FAR_AUTHORING_RELATIONSHIP_FIELDS = ("affected_assets", "cause_ids")
+
+ def normalize_far_reference_ids(value, field: str) -> list[int]:
+     if not isinstance(value, list):
+         raise ValueError(f"{field} must be a list")
+     ids = []
+     for item in value:
+         if isinstance(item, bool) or not isinstance(item, int) or item <= 0:
+             raise ValueError(f"{field} must contain positive integer ids")
+         if item in ids:
+             raise ValueError(f"{field} must not contain duplicate ids")
+         ids.append(item)
+     return ids
+
+ def normalize_far_authoring_relationships(data: dict) -> dict[str, list[int]]:
+     if not isinstance(data, dict):
+         raise ValueError("FAR authoring payload must be an object")
+     return {
+         field: normalize_far_reference_ids(data[field], field)
+         for field in FAR_AUTHORING_RELATIONSHIP_FIELDS
+         if field in data
+     }
+
+ def collect_far_missing_reference_ids(requested_ids: list[int], rows) -> list[int]:
+     found_ids = {int(getattr(row, "id")) for row in rows}
+     return [item for item in requested_ids if item not in found_ids]
+
+ async def resolve_far_authoring_relationships(db: AsyncSession, relationship_ids: dict[str, list[int]]):
+     resolved = {}
+     specs = {
+         "affected_assets": (models.Device, "Affected asset"),
+         "cause_ids": (models.FarFailureCause, "Root cause"),
+     }
+     for field, ids in relationship_ids.items():
+         model, label = specs[field]
+         if not ids:
+             resolved[field] = []
+             continue
+         result = await db.execute(select(model).filter(model.id.in_(ids)))
+         rows = list(result.scalars().all())
+         missing_ids = collect_far_missing_reference_ids(ids, rows)
+         if missing_ids:
+             missing = ", ".join(str(item) for item in missing_ids)
+             raise HTTPException(409, f"{label} references are stale or missing: {missing}. Refresh and retry.")
+         by_id = {int(row.id): row for row in rows}
+         resolved[field] = [by_id[item] for item in ids]
+     return resolved
+
+ def normalize_far_lifecycle_request(data: dict):
+     if not isinstance(data, dict):
+         raise ValueError("Lifecycle request must be an object")
+
+     raw_ids = data.get("ids")
+     if not isinstance(raw_ids, list) or not raw_ids:
+         raise ValueError("ids must be a non-empty list")
+     if any(isinstance(item, bool) or not isinstance(item, int) or item <= 0 for item in raw_ids):
+         raise ValueError("ids must contain positive integers")
+     if len(set(raw_ids)) != len(raw_ids):
+         raise ValueError("ids must not contain duplicates")
+     ids = list(raw_ids)
+
+     raw_expected = data.get("expected_versions")
+     if not isinstance(raw_expected, dict):
+         raise ValueError("expected_versions must be an object")
+
+     expected_versions = {}
+     normalized_keys = set()
+     for raw_key, raw_version in raw_expected.items():
+         try:
+             key = int(raw_key)
+         except (TypeError, ValueError):
+             raise ValueError("expected_versions keys must be record ids")
+         if isinstance(raw_version, bool) or not isinstance(raw_version, int) or raw_version <= 0:
+             raise ValueError("expected_versions values must be positive integers")
+         normalized_keys.add(key)
+         expected_versions[key] = raw_version
+
+     if normalized_keys != set(ids):
+         raise ValueError("expected_versions must exactly match ids")
+
+     return ids, expected_versions
+
+ def collect_far_lifecycle_preconditions(ids, modes, expected_versions):
+     by_id = {int(mode.id): mode for mode in modes}
+     missing_ids = [mode_id for mode_id in ids if mode_id not in by_id]
+     version_conflicts = [
+         {
+             "id": mode_id,
+             "expected_version": expected_versions[mode_id],
+             "actual_version": int(getattr(by_id[mode_id], "version", 1) or 1),
+         }
+         for mode_id in ids
+         if (
+             mode_id in by_id
+             and int(getattr(by_id[mode_id], "version", 1) or 1) != expected_versions[mode_id]
+         )
+     ]
+     return {
+         "missing_ids": missing_ids,
+         "version_conflicts": version_conflicts,
+     }
+
+ def apply_far_lifecycle_state(mode, archived: bool):
+     if bool(getattr(mode, "is_deleted", False)) == archived:
+         return False
+     mode.is_deleted = archived
+     mode.version = int(getattr(mode, "version", 1) or 1) + 1
+     return True
+
+ def normalize_far_context_mutation_request(data: dict):
+     expected_version, mutation_data = normalize_far_versioned_mutation_request(data)
+     mode_id = mutation_data.pop("mode_id", None)
+     if isinstance(mode_id, bool) or not isinstance(mode_id, int) or mode_id <= 0:
+         raise ValueError("mode_id must be a positive integer")
+     return mode_id, expected_version, mutation_data
+
+ async def lock_far_context_mode(mode_id: int, expected_version: int, db: AsyncSession):
+     stmt = (
+         select(models.FarFailureMode)
+         .filter(models.FarFailureMode.id == mode_id)
+         .with_for_update()
+     )
+     result = await db.execute(stmt)
+     mode = result.scalar_one_or_none()
+     if not mode:
+         raise HTTPException(404, "Failure vector not found")
+     blocker = get_far_versioned_mutation_precondition(mode, expected_version)
+     if blocker:
+         raise HTTPException(409, detail=blocker)
+     return mode
+
+ async def advance_far_context_mode(mode, db: AsyncSession, summary: str):
+     mode.version = int(mode.version or 1) + 1
+     await db.flush()
+     await save_far_history(mode.id, mode.version, db, summary)
+
+ async def get_far_cause_parent_ids(cause_id: int, db: AsyncSession):
+     result = await db.execute(
+         select(models.far_mode_causes.c.mode_id)
+         .where(models.far_mode_causes.c.cause_id == cause_id)
+     )
+     return [int(mode_id) for mode_id in result.scalars().all()]
+
+ def ensure_far_exclusive_cause_context(cause_id: int, mode_id: int, parent_ids: list[int]):
+     if mode_id not in parent_ids:
+         raise HTTPException(409, detail={
+             "code": "far_cause_not_linked_to_mode",
+             "cause_id": cause_id,
+             "mode_id": mode_id,
+         })
+     if len(parent_ids) != 1:
+         raise HTTPException(409, detail={
+             "code": "far_shared_cause_requires_explicit_scope",
+             "cause_id": cause_id,
+             "mode_ids": parent_ids,
+         })
+
+ FAR_MITIGATION_TYPES = ("Monitoring", "Workaround", "Process Change")
+ FAR_MITIGATION_STATUSES = ("Not Started", "In Progress", "Completed")
+ FAR_USABLE_MONITORING_STATUSES = {"Existing", "Planned"}
+
+
+ def _normalize_far_mitigation_optional_text(value, field: str):
+     if value is None:
+         return None
+     if not isinstance(value, str):
+         raise ValueError(f"{field} must be a string")
+     normalized = value.strip()
+     return normalized or None
+
+
+ def _normalize_far_mitigation_optional_id(value, field: str):
+     if value is None or value == "":
+         return None
+     if isinstance(value, bool) or not isinstance(value, int) or value <= 0:
+         raise ValueError(f"{field} must be a positive integer")
+     return value
+
+
+ def normalize_far_mitigation_status(value):
+     if value is None:
+         value = "Not Started"
+     if not isinstance(value, str):
+         raise ValueError("status must be a string")
+     normalized = value.strip()
+     if normalized not in FAR_MITIGATION_STATUSES:
+         raise ValueError("status must be Not Started, In Progress, or Completed")
+     return normalized
+
+
+ def ensure_far_mitigation_transition(current_status, requested_status):
+     current = normalize_far_mitigation_status(current_status)
+     requested = normalize_far_mitigation_status(requested_status)
+     current_index = FAR_MITIGATION_STATUSES.index(current)
+     requested_index = FAR_MITIGATION_STATUSES.index(requested)
+     if requested_index not in {current_index, current_index + 1}:
+         raise ValueError("Mitigation status may stay the same or advance exactly one step")
+
+
+ def normalize_far_external_bkm_url(value):
+     normalized = _normalize_far_mitigation_optional_text(value, "external_bkm_url")
+     if normalized is None:
+         return None
+     if len(normalized) > 2048:
+         raise ValueError("external_bkm_url is too long")
+     from urllib.parse import urlparse
+     parsed = urlparse(normalized)
+     if parsed.scheme.lower() not in {"http", "https"} or not parsed.hostname:
+         raise ValueError("external_bkm_url must be a valid HTTP(S) URL")
+     if parsed.username or parsed.password:
+         raise ValueError("external_bkm_url must not contain embedded credentials")
+     return normalized
+
+
+ def normalize_far_mitigation_payload(data: dict, existing=None):
+     if not isinstance(data, dict):
+         raise ValueError("Mitigation payload must be an object")
+
+     mitigation_type = data.get("mitigation_type", getattr(existing, "mitigation_type", None))
+     if mitigation_type not in FAR_MITIGATION_TYPES:
+         raise ValueError("mitigation_type must be Monitoring, Workaround, or Process Change")
+     if existing is not None and mitigation_type != getattr(existing, "mitigation_type", None):
+         raise ValueError("Mitigation type is immutable after creation")
+
+     mitigation_steps = _normalize_far_mitigation_optional_text(data.get("mitigation_steps"), "mitigation_steps")
+     if not mitigation_steps:
+         raise ValueError("mitigation_steps is required")
+     responsible_team = _normalize_far_mitigation_optional_text(data.get("responsible_team"), "responsible_team")
+
+     cause_id = _normalize_far_mitigation_optional_id(data.get("cause_id", getattr(existing, "cause_id", None)), "cause_id")
+     if not cause_id:
+         raise ValueError("cause_id must be a positive integer")
+     if existing is not None and cause_id != getattr(existing, "cause_id", None):
+         raise ValueError("Mitigation cause cannot be changed after creation")
+
+     status = normalize_far_mitigation_status(data.get("status", getattr(existing, "status", None)))
+     if existing is not None:
+         ensure_far_mitigation_transition(getattr(existing, "status", None), status)
+
+     monitoring_item_id = _normalize_far_mitigation_optional_id(data.get("monitoring_item_id"), "monitoring_item_id")
+     knowledge_bkm_id = _normalize_far_mitigation_optional_id(data.get("knowledge_bkm_id"), "knowledge_bkm_id")
+     external_bkm_url = normalize_far_external_bkm_url(data.get("external_bkm_url"))
+
+     if mitigation_type == "Monitoring":
+         if monitoring_item_id is None:
+             raise ValueError("Monitoring reference is required")
+         if knowledge_bkm_id is not None or external_bkm_url is not None:
+             raise ValueError("Monitoring mitigation cannot carry BKM provenance")
+     elif mitigation_type == "Workaround":
+         if monitoring_item_id is not None:
+             raise ValueError("Workaround mitigation cannot carry Monitoring provenance")
+         if knowledge_bkm_id is not None and external_bkm_url is not None:
+             raise ValueError("Direct and external BKM provenance are mutually exclusive")
+     else:
+         if monitoring_item_id is not None or knowledge_bkm_id is not None or external_bkm_url is not None:
+             raise ValueError("Process Change mitigation cannot carry BKM or Monitoring provenance")
+
+     return {
+         "mitigation_type": mitigation_type,
+         "mitigation_steps": mitigation_steps,
+         "responsible_team": responsible_team,
+         "status": status,
+         "cause_id": cause_id,
+         "monitoring_item_id": monitoring_item_id,
+         "knowledge_bkm_id": knowledge_bkm_id,
+         "external_bkm_url": external_bkm_url,
+     }
+
+
+ async def resolve_far_mitigation_references(db: AsyncSession, payload: dict):
+     knowledge_bkm_id = payload.get("knowledge_bkm_id")
+     if knowledge_bkm_id is not None:
+         result = await db.execute(select(models.KnowledgeEntry).filter(models.KnowledgeEntry.id == knowledge_bkm_id))
+         knowledge = result.scalar_one_or_none()
+         if (
+             not knowledge
+             or bool(getattr(knowledge, "is_deleted", False))
+             or getattr(knowledge, "category", None) != "BKM"
+             or getattr(knowledge, "status", None) != "Published"
+         ):
+             raise HTTPException(409, detail={
+                 "code": "far_mitigation_bkm_reference_unusable",
+                 "knowledge_bkm_id": knowledge_bkm_id,
+             })
+
+     monitoring_item_id = payload.get("monitoring_item_id")
+     if monitoring_item_id is not None:
+         result = await db.execute(select(models.MonitoringItem).filter(models.MonitoringItem.id == monitoring_item_id))
+         monitoring = result.scalar_one_or_none()
+         if (
+             not monitoring
+             or bool(getattr(monitoring, "is_deleted", False))
+             or getattr(monitoring, "status", None) not in FAR_USABLE_MONITORING_STATUSES
+         ):
+             raise HTTPException(409, detail={
+                 "code": "far_mitigation_monitor_reference_unusable",
+                 "monitoring_item_id": monitoring_item_id,
+             })
+
+ def normalize_far_bulk_score_request(data: dict):
+     if not isinstance(data, dict):
+         raise ValueError("Bulk score request must be an object")
+
+     raw_ids = data.get("ids")
+     if not isinstance(raw_ids, list) or not raw_ids:
+         raise ValueError("ids must be a non-empty list")
+     if any(isinstance(item, bool) or not isinstance(item, int) or item <= 0 for item in raw_ids):
+         raise ValueError("ids must contain positive integers")
+     if len(set(raw_ids)) != len(raw_ids):
+         raise ValueError("ids must not contain duplicates")
+     ids = list(raw_ids)
+
+     field = data.get("field")
+     if field not in FAR_BULK_SCORE_FIELDS:
+         raise ValueError("field must be severity, occurrence, or detection")
+
+     value = data.get("value")
+     if isinstance(value, bool) or not isinstance(value, int) or not 1 <= value <= 10:
+         raise ValueError("value must be an integer from 1 to 10")
+
+     raw_expected = data.get("expected_versions")
+     if not isinstance(raw_expected, dict):
+         raise ValueError("expected_versions must be an object")
+
+     expected_versions = {}
+     normalized_keys = set()
+     for raw_key, raw_version in raw_expected.items():
+         try:
+             key = int(raw_key)
+         except (TypeError, ValueError):
+             raise ValueError("expected_versions keys must be record ids")
+         if isinstance(raw_version, bool) or not isinstance(raw_version, int) or raw_version <= 0:
+             raise ValueError("expected_versions values must be positive integers")
+         normalized_keys.add(key)
+         expected_versions[key] = raw_version
+
+     if normalized_keys != set(ids):
+         raise ValueError("expected_versions must exactly match ids")
+
+     return ids, field, value, expected_versions
+
+ def collect_far_bulk_score_preconditions(ids, modes, expected_versions):
+     by_id = {int(mode.id): mode for mode in modes}
+     missing_ids = [mode_id for mode_id in ids if mode_id not in by_id]
+     archived_ids = [
+         mode_id for mode_id in ids
+         if mode_id in by_id and bool(getattr(by_id[mode_id], "is_deleted", False))
+     ]
+     version_conflicts = [
+         {
+             "id": mode_id,
+             "expected_version": expected_versions[mode_id],
+             "actual_version": int(getattr(by_id[mode_id], "version", 1) or 1),
+         }
+         for mode_id in ids
+         if (
+             mode_id in by_id
+             and int(getattr(by_id[mode_id], "version", 1) or 1) != expected_versions[mode_id]
+         )
+     ]
+     return {
+         "missing_ids": missing_ids,
+         "archived_ids": archived_ids,
+         "version_conflicts": version_conflicts,
+     }
+
+ def apply_far_bulk_score_value(mode, field: str, value: int):
+     if getattr(mode, field) == value:
+         return False
+     setattr(mode, field, value)
+     mode.rpn = int(mode.severity) * int(mode.occurrence) * int(mode.detection)
+     mode.version = int(mode.version or 1) + 1
+     return True
+
+ FAR_HISTORY_RESTOREABLE_FIELDS = {
+     "system_name",
+     "failure_type",
+     "title",
+     "effect",
+     "severity",
+     "occurrence",
+     "detection",
+     "rpn",
+     "status",
+     "affected_asset_ids",
+     "cause_ids",
+     "has_incident_history",
+     "metadata_json",
+ }
+ FAR_HISTORY_FORENSIC_FIELDS = {
+     "cause_state",
+     "resolution_state",
+     "mitigation_state",
+     "prevention_state",
+     "linked_rca_ids",
+ }
+ FAR_HISTORY_FIELD_LABELS = {
+     "system_name": "System",
+     "failure_type": "Failure type",
+     "title": "Failure mode",
+     "effect": "Effect",
+     "severity": "Severity",
+     "occurrence": "Occurrence",
+     "detection": "Detection",
+     "rpn": "RPN",
+     "status": "Maturity status",
+     "affected_asset_ids": "Affected assets",
+     "cause_ids": "Cause links",
+     "has_incident_history": "Incident history",
+     "metadata_json": "FAR metadata",
+     "cause_state": "Root-cause state",
+     "resolution_state": "Resolution state",
+     "mitigation_state": "Mitigation state",
+     "prevention_state": "Prevention state",
+     "linked_rca_ids": "Linked RCA records",
+     "is_deleted": "Lifecycle",
+ }
+
+ def _far_history_id(value):
+     return int(getattr(value, "id", 0) or 0)
+
+ def _far_history_date(value):
+     if value is None:
+         return None
+     if hasattr(value, "isoformat"):
+         return value.isoformat()
+     return str(value)
+
+ def build_far_intervention_snapshot(mode) -> dict:
+     causes = sorted(list(getattr(mode, "causes", None) or []), key=_far_history_id)
+     resolutions = []
+     for cause in causes:
+         for resolution in sorted(list(getattr(cause, "resolutions", None) or []), key=_far_history_id):
+             resolutions.append({
+                 "cause_id": _far_history_id(cause),
+                 "id": _far_history_id(resolution),
+                 "knowledge_id": getattr(resolution, "knowledge_id", None),
+                 "preventive_follow_up": getattr(resolution, "preventive_follow_up", None),
+                 "responsible_team": getattr(resolution, "responsible_team", None),
+                 "guidance_notes": getattr(resolution, "guidance_notes", None),
+             })
+
+     mitigations = sorted(list(getattr(mode, "mitigations", None) or []), key=_far_history_id)
+     prevention_actions = sorted(list(getattr(mode, "prevention_actions", None) or []), key=_far_history_id)
+     linked_rcas = sorted(list(getattr(mode, "linked_rcas", None) or []), key=_far_history_id)
+     return {
+         "cause_state": [
+             {
+                 "id": _far_history_id(cause),
+                 "cause_text": getattr(cause, "cause_text", None),
+                 "occurrence_level": getattr(cause, "occurrence_level", None),
+                 "responsible_team": getattr(cause, "responsible_team", None),
+             }
+             for cause in causes
+         ],
+         "resolution_state": resolutions,
+         "mitigation_state": [
+             {
+                 "id": _far_history_id(mitigation),
+                 "cause_id": getattr(mitigation, "cause_id", None),
+                 "mitigation_type": getattr(mitigation, "mitigation_type", None),
+                 "mitigation_steps": getattr(mitigation, "mitigation_steps", None),
+                 "responsible_team": getattr(mitigation, "responsible_team", None),
+                 "status": getattr(mitigation, "status", None),
+                 "monitoring_item_id": getattr(mitigation, "monitoring_item_id", None),
+                 "knowledge_bkm_id": getattr(mitigation, "knowledge_bkm_id", None),
+                 "external_bkm_url": getattr(mitigation, "external_bkm_url", None),
+             }
+             for mitigation in mitigations
+         ],
+         "prevention_state": [
+             {
+                 "id": _far_history_id(prevention),
+                 "cause_id": getattr(prevention, "cause_id", None),
+                 "prevention_action": getattr(prevention, "prevention_action", None),
+                 "responsible_team": getattr(prevention, "responsible_team", None),
+                 "status": getattr(prevention, "status", None),
+                 "target_date": _far_history_date(getattr(prevention, "target_date", None)),
+             }
+             for prevention in prevention_actions
+         ],
+         "linked_rca_ids": [_far_history_id(rca) for rca in linked_rcas],
+     }
+
+ def build_far_snapshot(mode: models.FarFailureMode) -> dict:
+     """Creates a core-restorable snapshot plus forensic intervention lineage."""
+     snapshot = {
+         "system_name": mode.system_name,
+         "failure_type": mode.failure_type,
+         "title": mode.title,
+         "effect": mode.effect,
+         "severity": mode.severity,
+         "occurrence": mode.occurrence,
+         "detection": mode.detection,
+         "rpn": mode.rpn,
+         "status": mode.status,
+         "affected_asset_ids": sorted([a.id for a in mode.affected_assets]),
+         "cause_ids": sorted([c.id for c in mode.causes]),
+         "has_incident_history": bool(mode.has_incident_history),
+         "metadata_json": normalize_json_object(getattr(mode, "metadata_json", None)),
+         "is_deleted": bool(mode.is_deleted),
+     }
+     snapshot.update(build_far_intervention_snapshot(mode))
+     return snapshot
+
+ def get_far_restoreable_snapshot(snapshot: dict) -> dict:
+     source = snapshot if isinstance(snapshot, dict) else {}
+     return {
+         field: source[field]
+         for field in FAR_HISTORY_RESTOREABLE_FIELDS
+         if field in source
+     }
+
+ def far_restoreable_snapshot_differs(target_snapshot: dict, current_snapshot: dict) -> bool:
+     target = get_far_restoreable_snapshot(target_snapshot)
+     current = get_far_restoreable_snapshot(current_snapshot)
+     return any(current.get(field) != value for field, value in target.items())
+
+ def build_far_history_delta(previous_snapshot: Optional[dict], current_snapshot: dict) -> list[dict]:
+     previous = previous_snapshot or {}
+     current = current_snapshot or {}
+     keys = list(dict.fromkeys([*FAR_HISTORY_FIELD_LABELS.keys(), *previous.keys(), *current.keys()]))
+     delta = []
+     for field in keys:
+         previous_value = previous.get(field, False) if field == "is_deleted" else previous.get(field)
+         current_value = current.get(field, False) if field == "is_deleted" else current.get(field)
+         if previous_snapshot is not None and previous_value == current_value:
+             continue
+         if field == "is_deleted":
+             change_type = "archived" if current_value else "restored"
+         elif previous_snapshot is None:
+             change_type = "created"
+         else:
+             change_type = "updated"
+         delta.append({
+             "field": field,
+             "label": FAR_HISTORY_FIELD_LABELS.get(field, field.replace("_", " ").title()),
+             "before": previous_value,
+             "after": current_value,
+             "change_type": change_type,
+         })
+     return delta
+
+ async def save_far_history(mode_id: int, version: int, db: AsyncSession, summary: str = None):
+     stmt = (
+         select(models.FarFailureMode)
+         .options(
+             selectinload(models.FarFailureMode.affected_assets),
+             selectinload(models.FarFailureMode.causes).selectinload(models.FarFailureCause.resolutions),
+             selectinload(models.FarFailureMode.causes).selectinload(models.FarFailureCause.mitigations),
+             selectinload(models.FarFailureMode.causes).selectinload(models.FarFailureCause.prevention_actions),
+             selectinload(models.FarFailureMode.mitigations),
+             selectinload(models.FarFailureMode.prevention_actions),
+             selectinload(models.FarFailureMode.linked_rcas),
+         )
+         .filter(models.FarFailureMode.id == mode_id)
+         .execution_options(populate_existing=True)
+     )
+     res = await db.execute(stmt)
+     mode = res.unique().scalar_one()
+     
+     # Ensure no duplicate version entries
+     await db.execute(
+         delete(models.FarHistory)
+         .where(models.FarHistory.far_mode_id == mode_id, models.FarHistory.version == version)
+     )
+     
+     history = models.FarHistory(
+         far_mode_id=mode_id,
+         version=version,
+         snapshot=build_far_snapshot(mode),
+         change_summary=summary
+     )
+     db.add(history)
+
+ # --- FAILURE MODES ---
+
+ @router.get("/modes", response_model=List[schemas.FarFailureModeResponse])
+ async def get_failure_modes(
+     system: Optional[str] = None,
+     include_deleted: bool = False,
+     db: AsyncSession = Depends(get_db),
+ ):
+     stmt = select(models.FarFailureMode).options(
+         selectinload(models.FarFailureMode.causes).selectinload(models.FarFailureCause.resolutions).selectinload(models.FarResolution.knowledge_bkm),
+         selectinload(models.FarFailureMode.causes).selectinload(models.FarFailureCause.mitigations),
+         selectinload(models.FarFailureMode.causes).selectinload(models.FarFailureCause.prevention_actions),
+         selectinload(models.FarFailureMode.mitigations),
+         selectinload(models.FarFailureMode.affected_assets),
+         selectinload(models.FarFailureMode.prevention_actions),
+         selectinload(models.FarFailureMode.linked_rcas)
+     )
+     if not include_deleted:
+         stmt = stmt.filter(models.FarFailureMode.is_deleted == False)
+     
+     if system:
+         stmt = stmt.filter(models.FarFailureMode.system_name == system)
+     
+     result = await db.execute(stmt)
+     return result.unique().scalars().all()
+
+ @router.post("/modes", response_model=schemas.FarFailureModeResponse)
+ async def create_failure_mode(data: dict, db: AsyncSession = Depends(get_db)):
+     try:
+         relationship_ids = normalize_far_authoring_relationships(data)
+     except ValueError as exc:
+         raise HTTPException(422, str(exc))
+     resolved_relationships = await resolve_far_authoring_relationships(db, relationship_ids)
+
+     # Calculate RPN only after every requested relationship has been validated.
+     rpn = data.get('severity', 1) * data.get('occurrence', 1) * data.get('detection', 1)
+     mode = models.FarFailureMode(
+         system_name=data.get('system_name'),
+         failure_type=data.get('failure_type', 'Design'),
+         title=data.get('title'),
+         effect=data.get('effect'),
+         severity=data.get('severity', 1),
+         occurrence=data.get('occurrence', 1),
+         detection=data.get('detection', 1),
+         rpn=rpn,
+         status="Analyzing",
+         version=1,
+         metadata_json=normalize_json_object(data.get('metadata_json')),
+         affected_assets=resolved_relationships.get('affected_assets', []),
+         causes=resolved_relationships.get('cause_ids', []),
+     )
+     db.add(mode)
+     await db.flush()
+     await save_far_history(mode.id, mode.version, db, "Initial creation")
+     await db.commit()
+
+     # Reload with all relationships to avoid MissingGreenlet during serialization.
+     stmt = select(models.FarFailureMode).options(
+         selectinload(models.FarFailureMode.causes).selectinload(models.FarFailureCause.resolutions).selectinload(models.FarResolution.knowledge_bkm),
+         selectinload(models.FarFailureMode.causes).selectinload(models.FarFailureCause.mitigations),
+         selectinload(models.FarFailureMode.causes).selectinload(models.FarFailureCause.prevention_actions),
+         selectinload(models.FarFailureMode.mitigations),
+         selectinload(models.FarFailureMode.affected_assets),
+         selectinload(models.FarFailureMode.prevention_actions),
+         selectinload(models.FarFailureMode.linked_rcas)
+     ).filter(models.FarFailureMode.id == mode.id)
+     result = await db.execute(stmt)
+     return result.unique().scalar_one()
+
+ @router.put("/modes/{mode_id}", response_model=schemas.FarFailureModeResponse)
+ async def update_failure_mode(mode_id: int, data: dict, db: AsyncSession = Depends(get_db)):
+     try:
+         expected_version, mutation_data = normalize_far_versioned_mutation_request(data)
+     except ValueError as exc:
+         raise HTTPException(422, str(exc))
+
+     lock_stmt = (
+         select(models.FarFailureMode)
+         .filter(models.FarFailureMode.id == mode_id)
+         .with_for_update()
+     )
+     lock_result = await db.execute(lock_stmt)
+     mode = lock_result.scalar_one_or_none()
+     if not mode:
+         raise HTTPException(404)
+
+     blocker = get_far_versioned_mutation_precondition(mode, expected_version)
+     if blocker:
+         raise HTTPException(409, detail=blocker)
+
+     # Keep the row lock while loading the relationship collections needed for assignment.
+     relation_stmt = select(models.FarFailureMode).options(
+         joinedload(models.FarFailureMode.affected_assets),
+         joinedload(models.FarFailureMode.causes)
+     ).filter(models.FarFailureMode.id == mode_id)
+     relation_result = await db.execute(relation_stmt)
+     mode = relation_result.unique().scalar_one()
+
+     # Resolve every relationship request before mutating scalar or relationship state.
+     try:
+         relationship_ids = normalize_far_authoring_relationships(mutation_data)
+     except ValueError as exc:
+         raise HTTPException(422, str(exc))
+     resolved_relationships = await resolve_far_authoring_relationships(db, relationship_ids)
+     change_summary = mutation_data.get("_change_summary") or "Update via API"
+
+     # Track if we need to update RPN.
+     rpn_fields = {'severity', 'occurrence', 'detection'}
+     needs_rpn = False
+     clean_data = filter_valid_columns(models.FarFailureMode, mutation_data, exclude=IMMUTABLE_FAR_FIELDS)
+
+     for k, v in clean_data.items():
+         if hasattr(mode, k):
+             setattr(mode, k, v)
+             if k in rpn_fields:
+                 needs_rpn = True
+
+     if 'affected_assets' in resolved_relationships:
+         mode.affected_assets = resolved_relationships['affected_assets']
+     if 'cause_ids' in resolved_relationships:
+         mode.causes = resolved_relationships['cause_ids']
+
+     if needs_rpn:
+         mode.rpn = mode.severity * mode.occurrence * mode.detection
+
+     mode.version = int(mode.version or 1) + 1
+     await db.flush()
+     await save_far_history(mode.id, mode.version, db, change_summary)
+     await db.commit()
+
+     # Reload with full relations.
+     stmt = select(models.FarFailureMode).options(
+         selectinload(models.FarFailureMode.causes).selectinload(models.FarFailureCause.resolutions).selectinload(models.FarResolution.knowledge_bkm),
+         selectinload(models.FarFailureMode.causes).selectinload(models.FarFailureCause.mitigations),
+         selectinload(models.FarFailureMode.causes).selectinload(models.FarFailureCause.prevention_actions),
+         selectinload(models.FarFailureMode.mitigations),
+         selectinload(models.FarFailureMode.affected_assets),
+         selectinload(models.FarFailureMode.prevention_actions),
+         selectinload(models.FarFailureMode.linked_rcas)
+     ).filter(models.FarFailureMode.id == mode_id)
+     result = await db.execute(stmt)
+     return result.unique().scalar_one()
+
+ @router.get("/modes/{mode_id}/history")
+ async def get_far_history(mode_id: int, db: AsyncSession = Depends(get_db)):
+     stmt = select(models.FarHistory).filter(models.FarHistory.far_mode_id == mode_id).order_by(models.FarHistory.version.desc())
+     res = await db.execute(stmt)
+     entries = list(res.scalars().all())
+     current_snapshot = entries[0].snapshot or {} if entries else {}
+     history = []
+     for index, entry in enumerate(entries):
+         previous_entry = entries[index + 1] if index + 1 < len(entries) else None
+         snapshot = entry.snapshot or {}
+         delta = build_far_history_delta(previous_entry.snapshot if previous_entry else None, snapshot)
+         changed_fields = [item["field"] for item in delta]
+         restoreable_changed_fields = [field for field in changed_fields if field in FAR_HISTORY_RESTOREABLE_FIELDS]
+         forensic_changed_fields = [field for field in changed_fields if field in FAR_HISTORY_FORENSIC_FIELDS]
+         history.append({
+             "id": entry.id,
+             "far_mode_id": entry.far_mode_id,
+             "version": entry.version,
+             "snapshot": entry.snapshot,
+             "change_summary": entry.change_summary,
+             "created_at": entry.created_at,
+             "previous_version": previous_entry.version if previous_entry else None,
+             "delta": delta,
+             "changed_fields": changed_fields,
+             "changed_labels": [item["label"] for item in delta],
+             "restore_scope": "core_content",
+             "core_restore_available": far_restoreable_snapshot_differs(snapshot, current_snapshot),
+             "restoreable_changed_fields": restoreable_changed_fields,
+             "forensic_changed_fields": forensic_changed_fields,
+             "has_forensic_changes": bool(forensic_changed_fields),
+         })
+     return history
+
+ @router.post("/modes/{mode_id}/restore/{version}")
+ async def restore_far_version(mode_id: int, version: int, data: dict, db: AsyncSession = Depends(get_db)):
+     try:
+         expected_version, _ = normalize_far_versioned_mutation_request(data)
+     except ValueError as exc:
+         raise HTTPException(422, str(exc))
+
+     stmt = select(models.FarHistory).filter(models.FarHistory.far_mode_id == mode_id, models.FarHistory.version == version)
+     res = await db.execute(stmt)
+     history = res.scalar_one_or_none()
+     if not history:
+         raise HTTPException(404, "History version not found")
+
+     lock_stmt = (
+         select(models.FarFailureMode)
+         .filter(models.FarFailureMode.id == mode_id)
+         .with_for_update()
+     )
+     mode_res = await db.execute(lock_stmt)
+     mode = mode_res.scalar_one_or_none()
+     if not mode:
+         raise HTTPException(404)
+
+     blocker = get_far_versioned_mutation_precondition(mode, expected_version)
+     if blocker:
+         raise HTTPException(409, detail=blocker)
+
+     relation_stmt = (
+         select(models.FarFailureMode)
+         .options(
+             selectinload(models.FarFailureMode.affected_assets),
+             selectinload(models.FarFailureMode.causes).selectinload(models.FarFailureCause.resolutions),
+             selectinload(models.FarFailureMode.causes).selectinload(models.FarFailureCause.mitigations),
+             selectinload(models.FarFailureMode.causes).selectinload(models.FarFailureCause.prevention_actions),
+             selectinload(models.FarFailureMode.mitigations),
+             selectinload(models.FarFailureMode.prevention_actions),
+             selectinload(models.FarFailureMode.linked_rcas),
+         )
+         .filter(models.FarFailureMode.id == mode_id)
+         .execution_options(populate_existing=True)
+     )
+     relation_res = await db.execute(relation_stmt)
+     mode = relation_res.unique().scalar_one()
+
+     snapshot = history.snapshot or {}
+     current_snapshot = build_far_snapshot(mode)
+     if not far_restoreable_snapshot_differs(snapshot, current_snapshot):
+         raise HTTPException(409, detail={
+             "code": "far_history_no_core_change",
+             "version": version,
+             "restore_scope": "core_content",
+             "message": "This version differs only in lifecycle or forensic intervention state; no core FAR content can be restored.",
+         })
+
+     restoreable_snapshot = get_far_restoreable_snapshot(snapshot)
+     for k, v in restoreable_snapshot.items():
+         # Explicit lifecycle guard is retained in the endpoint contract even though
+         # get_far_restoreable_snapshot excludes lifecycle fields. This keeps the
+         # independent archive lifecycle fail-closed if restore scope changes later.
+         if k == 'is_deleted':
+             continue
+         if k == 'affected_asset_ids' and isinstance(v, list):
+             target_ids = list(dict.fromkeys(int(item) for item in v))
+             asset_stmt = select(models.Device).filter(models.Device.id.in_(target_ids))
+             asset_res = await db.execute(asset_stmt)
+             assets = list(asset_res.scalars().all())
+             found_ids = {int(asset.id) for asset in assets}
+             missing_ids = [item for item in target_ids if item not in found_ids]
+             if missing_ids:
+                 raise HTTPException(409, detail={
+                     "code": "far_history_restore_missing_assets",
+                     "missing_ids": missing_ids,
+                 })
+             mode.affected_assets = assets
+         elif k == 'cause_ids' and isinstance(v, list):
+             target_ids = list(dict.fromkeys(int(item) for item in v))
+             cause_stmt = select(models.FarFailureCause).filter(models.FarFailureCause.id.in_(target_ids))
+             cause_res = await db.execute(cause_stmt)
+             causes = list(cause_res.scalars().all())
+             found_ids = {int(cause.id) for cause in causes}
+             missing_ids = [item for item in target_ids if item not in found_ids]
+             if missing_ids:
+                 raise HTTPException(409, detail={
+                     "code": "far_history_restore_missing_causes",
+                     "missing_ids": missing_ids,
+                 })
+             mode.causes = causes
+         elif k == 'metadata_json':
+             mode.metadata_json = normalize_json_object(v)
+         elif hasattr(mode, k):
+             setattr(mode, k, v)
+
+     mode.version = int(mode.version or 1) + 1
+     await db.flush()
+     await save_far_history(mode.id, mode.version, db, f"Restored core content from v{version}")
+     await db.commit()
+     return {
+         "status": "success",
+         "restore_scope": "core_content",
+         "forensic_intervention_state_preserved": True,
+         "restored_from_version": version,
+         "previous_version": expected_version,
+         "new_version": mode.version,
+     }
+
+ @router.post("/modes/{mode_id}/archive")
+ @router.delete("/modes/{mode_id}", include_in_schema=False)
+ async def archive_failure_mode(mode_id: int, data: dict, db: AsyncSession = Depends(get_db)):
+     try:
+         expected_version, _ = normalize_far_versioned_mutation_request(data)
+     except ValueError as exc:
+         raise HTTPException(422, str(exc))
+
+     stmt = (
+         select(models.FarFailureMode)
+         .filter(models.FarFailureMode.id == mode_id)
+         .with_for_update()
+     )
+     result = await db.execute(stmt)
+     mode = result.scalar_one_or_none()
+     if not mode:
+         raise HTTPException(404)
+
+     blockers = collect_far_lifecycle_preconditions([mode_id], [mode], {mode_id: expected_version})
+     if blockers["version_conflicts"]:
+         raise HTTPException(409, detail={"code": "far_mode_version_conflict", **blockers["version_conflicts"][0]})
+
+     changed = apply_far_lifecycle_state(mode, True)
+     if changed:
+         await db.flush()
+         await save_far_history(mode.id, mode.version, db, "Archived failure vector")
+     await db.commit()
+     return {"status": "success", "changed": changed, "version": mode.version}
+
+ @router.post("/modes/bulk-score")
+ async def bulk_score_failure_modes(data: dict, db: AsyncSession = Depends(get_db)):
+     try:
+         ids, field, value, expected_versions = normalize_far_bulk_score_request(data)
+     except ValueError as exc:
+         raise HTTPException(422, detail=str(exc))
+
+     stmt = (
+         select(models.FarFailureMode)
+         .filter(models.FarFailureMode.id.in_(ids))
+         .order_by(models.FarFailureMode.id)
+         .with_for_update()
+     )
+     result = await db.execute(stmt)
+     modes = list(result.scalars().all())
+
+     blockers = collect_far_bulk_score_preconditions(ids, modes, expected_versions)
+     if blockers["missing_ids"] or blockers["archived_ids"] or blockers["version_conflicts"]:
+         raise HTTPException(
+             409,
+             detail={
+                 "code": "far_bulk_score_precondition_failed",
+                 **blockers,
+             },
+         )
+
+     by_id = {int(mode.id): mode for mode in modes}
+     changed_ids = []
+     unchanged_ids = []
+     for mode_id in ids:
+         mode = by_id[mode_id]
+         if not apply_far_bulk_score_value(mode, field, value):
+             unchanged_ids.append(mode_id)
              continue
+         await db.flush()
+         await save_far_history(
+             mode.id,
+             mode.version,
+             db,
+             f"Bulk score update: {field}={value}",
+         )
+         changed_ids.append(mode_id)
+
+     await db.commit()
+     return {
+         "status": "success",
+         "field": field,
+         "value": value,
+         "selected_count": len(ids),
+         "changed_count": len(changed_ids),
+         "unchanged_count": len(unchanged_ids),
+         "changed_ids": changed_ids,
+         "unchanged_ids": unchanged_ids,
+         "versions": {str(mode_id): int(by_id[mode_id].version or 1) for mode_id in ids},
+     }
+
+ @router.post("/modes/bulk-archive")
+ @router.post("/modes/bulk-delete", include_in_schema=False)
+ async def bulk_archive_failure_modes(data: dict, db: AsyncSession = Depends(get_db)):
+     try:
+         ids, expected_versions = normalize_far_lifecycle_request(data)
+     except ValueError as exc:
+         raise HTTPException(422, detail=str(exc))
+
+     stmt = (
+         select(models.FarFailureMode)
+         .filter(models.FarFailureMode.id.in_(ids))
+         .order_by(models.FarFailureMode.id)
+         .with_for_update()
+     )
+     result = await db.execute(stmt)
+     modes = list(result.scalars().all())
+     blockers = collect_far_lifecycle_preconditions(ids, modes, expected_versions)
+     if blockers["missing_ids"] or blockers["version_conflicts"]:
+         raise HTTPException(409, detail={"code": "far_lifecycle_precondition_failed", **blockers})
+
+     by_id = {int(mode.id): mode for mode in modes}
+     changed_ids = []
+     unchanged_ids = []
+     for mode_id in ids:
+         mode = by_id[mode_id]
+         if not apply_far_lifecycle_state(mode, True):
+             unchanged_ids.append(mode_id)
+             continue
+         await db.flush()
+         await save_far_history(mode.id, mode.version, db, "Archived failure vector")
+         changed_ids.append(mode_id)
+
+     await db.commit()
+     return {
+         "status": "success",
+         "action": "archive",
+         "count": len(changed_ids),
+         "selected_count": len(ids),
+         "changed_count": len(changed_ids),
+         "unchanged_count": len(unchanged_ids),
+         "changed_ids": changed_ids,
+         "unchanged_ids": unchanged_ids,
+         "versions": {str(mode_id): int(by_id[mode_id].version or 1) for mode_id in ids},
+     }
+
+ @router.post("/modes/{mode_id}/restore")
+ async def restore_failure_mode(mode_id: int, data: dict, db: AsyncSession = Depends(get_db)):
+     try:
+         expected_version, _ = normalize_far_versioned_mutation_request(data)
+     except ValueError as exc:
+         raise HTTPException(422, str(exc))
+
+     stmt = (
+         select(models.FarFailureMode)
+         .filter(models.FarFailureMode.id == mode_id)
+         .with_for_update()
+     )
+     result = await db.execute(stmt)
+     mode = result.scalar_one_or_none()
+     if not mode:
+         raise HTTPException(404)
+
+     blockers = collect_far_lifecycle_preconditions([mode_id], [mode], {mode_id: expected_version})
+     if blockers["version_conflicts"]:
+         raise HTTPException(409, detail={"code": "far_mode_version_conflict", **blockers["version_conflicts"][0]})
+
+     changed = apply_far_lifecycle_state(mode, False)
+     if changed:
+         await db.flush()
+         await save_far_history(mode.id, mode.version, db, "Restored failure vector")
+     await db.commit()
+     return {"status": "success", "changed": changed, "version": mode.version}
+
+ @router.post("/modes/bulk-restore")
+ async def bulk_restore_failure_modes(data: dict, db: AsyncSession = Depends(get_db)):
+     try:
+         ids, expected_versions = normalize_far_lifecycle_request(data)
+     except ValueError as exc:
+         raise HTTPException(422, detail=str(exc))
+
+     stmt = (
+         select(models.FarFailureMode)
+         .filter(models.FarFailureMode.id.in_(ids))
+         .order_by(models.FarFailureMode.id)
+         .with_for_update()
+     )
+     result = await db.execute(stmt)
+     modes = list(result.scalars().all())
+     blockers = collect_far_lifecycle_preconditions(ids, modes, expected_versions)
+     if blockers["missing_ids"] or blockers["version_conflicts"]:
+         raise HTTPException(409, detail={"code": "far_lifecycle_precondition_failed", **blockers})
+
+     by_id = {int(mode.id): mode for mode in modes}
+     changed_ids = []
+     unchanged_ids = []
+     for mode_id in ids:
+         mode = by_id[mode_id]
+         if not apply_far_lifecycle_state(mode, False):
+             unchanged_ids.append(mode_id)
+             continue
+         await db.flush()
+         await save_far_history(mode.id, mode.version, db, "Restored failure vector")
+         changed_ids.append(mode_id)
+
+     await db.commit()
+     return {
+         "status": "success",
+         "action": "restore",
+         "count": len(changed_ids),
+         "selected_count": len(ids),
+         "changed_count": len(changed_ids),
+         "unchanged_count": len(unchanged_ids),
+         "changed_ids": changed_ids,
+         "unchanged_ids": unchanged_ids,
+         "versions": {str(mode_id): int(by_id[mode_id].version or 1) for mode_id in ids},
+     }
+
+ # --- CAUSES ---
+
+ @router.get("/causes", response_model=List[schemas.FarFailureCauseResponse])
+ async def get_failure_causes(db: AsyncSession = Depends(get_db)):
+     stmt = select(models.FarFailureCause).options(
+         selectinload(models.FarFailureCause.failure_modes),
+         selectinload(models.FarFailureCause.resolutions).selectinload(models.FarResolution.knowledge_bkm),
+         selectinload(models.FarFailureCause.mitigations),
+         selectinload(models.FarFailureCause.prevention_actions)
+     )
+     result = await db.execute(stmt)
+     return result.unique().scalars().all()
+
+ @router.post("/causes", response_model=schemas.FarFailureCauseResponse)
+ async def create_cause(data: dict, db: AsyncSession = Depends(get_db)):
+     try:
+         mode_id, expected_version, mutation_data = normalize_far_context_mutation_request(data)
+     except ValueError as exc:
+         raise HTTPException(422, str(exc))
+
+     mode = await lock_far_context_mode(mode_id, expected_version, db)
+     requested_mode_ids = mutation_data.get("mode_ids")
+     if requested_mode_ids not in (None, [mode_id]):
+         raise HTTPException(422, "Context-scoped cause creation requires mode_ids to contain only mode_id")
+
+     cause = models.FarFailureCause(
+         cause_text=mutation_data.get('cause_text'),
+         occurrence_level=mutation_data.get('occurrence_level', 1),
+         responsible_team=mutation_data.get('responsible_team'),
+         failure_modes=[],
+         resolutions=[],
+         mitigations=[],
+         prevention_actions=[]
+     )
+     db.add(cause)
+     await db.flush()
+     await db.execute(models.far_mode_causes.insert().values(mode_id=mode_id, cause_id=cause.id))
+     await advance_far_context_mode(mode, db, f"Root cause linked: cause {cause.id}")
+     await db.commit()
+
+     stmt = select(models.FarFailureCause).options(
+         selectinload(models.FarFailureCause.failure_modes),
+         selectinload(models.FarFailureCause.resolutions).selectinload(models.FarResolution.knowledge_bkm),
+         selectinload(models.FarFailureCause.mitigations).selectinload(models.FarMitigation.monitoring_item),
+         selectinload(models.FarFailureCause.prevention_actions)
+     ).filter(models.FarFailureCause.id == cause.id)
+     result = await db.execute(stmt)
+     return result.unique().scalar_one()
+
+ @router.put("/causes/{cause_id}", response_model=schemas.FarFailureCauseResponse)
+ async def update_cause(cause_id: int, data: dict, db: AsyncSession = Depends(get_db)):
+     try:
+         mode_id, expected_version, mutation_data = normalize_far_context_mutation_request(data)
+     except ValueError as exc:
+         raise HTTPException(422, str(exc))
+
+     mode = await lock_far_context_mode(mode_id, expected_version, db)
+     parent_ids = await get_far_cause_parent_ids(cause_id, db)
+     ensure_far_exclusive_cause_context(cause_id, mode_id, parent_ids)
+
+     result = await db.execute(select(models.FarFailureCause).filter(models.FarFailureCause.id == cause_id))
+     cause = result.scalar_one_or_none()
+     if not cause:
+         raise HTTPException(404, "Root cause not found")
+
+     if 'cause_text' in mutation_data:
+         cause.cause_text = mutation_data.get('cause_text')
+     if 'occurrence_level' in mutation_data:
+         cause.occurrence_level = mutation_data.get('occurrence_level')
+     if 'responsible_team' in mutation_data:
+         cause.responsible_team = mutation_data.get('responsible_team')
+
+     await advance_far_context_mode(mode, db, f"Root cause updated: cause {cause_id}")
+     await db.commit()
+
+     stmt = select(models.FarFailureCause).options(
+         selectinload(models.FarFailureCause.failure_modes),
+         selectinload(models.FarFailureCause.resolutions).selectinload(models.FarResolution.knowledge_bkm),
+         selectinload(models.FarFailureCause.mitigations).selectinload(models.FarMitigation.monitoring_item),
+         selectinload(models.FarFailureCause.prevention_actions)
+     ).filter(models.FarFailureCause.id == cause_id)
+     result = await db.execute(stmt)
+     return result.unique().scalar_one()
+
+ @router.delete("/causes/{cause_id}")
+ async def delete_cause(cause_id: int, data: dict, db: AsyncSession = Depends(get_db)):
+     try:
+         mode_id, expected_version, _ = normalize_far_context_mutation_request(data)
+     except ValueError as exc:
+         raise HTTPException(422, str(exc))
+
+     mode = await lock_far_context_mode(mode_id, expected_version, db)
+     parent_ids = await get_far_cause_parent_ids(cause_id, db)
+     if mode_id not in parent_ids:
+         raise HTTPException(409, detail={"code": "far_cause_not_linked_to_mode", "cause_id": cause_id, "mode_id": mode_id})
+
+     result = await db.execute(select(models.FarFailureCause).filter(models.FarFailureCause.id == cause_id))
+     cause = result.scalar_one_or_none()
+     if not cause:
+         raise HTTPException(404, "Root cause not found")
+
+     await db.execute(
+         delete(models.far_mode_causes).where(
+             models.far_mode_causes.c.mode_id == mode_id,
+             models.far_mode_causes.c.cause_id == cause_id,
+         )
+     )
+     deleted = len(parent_ids) == 1
+     if deleted:
+         await db.delete(cause)
+     await advance_far_context_mode(mode, db, f"Root cause unlinked: cause {cause_id}")
+     await db.commit()
+     return {"status": "success", "unlinked": True, "deleted": deleted, "parent_version": mode.version}
+
+ # --- RESOLUTIONS ---
+
+ @router.post("/resolutions", response_model=schemas.FarResolutionResponse)
+ async def create_resolution(data: dict, db: AsyncSession = Depends(get_db)):
+     try:
+         mode_id, expected_version, mutation_data = normalize_far_context_mutation_request(data)
+     except ValueError as exc:
+         raise HTTPException(422, str(exc))
+
+     mode = await lock_far_context_mode(mode_id, expected_version, db)
+     cause_ids = mutation_data.get('cause_ids') or []
+     if len(cause_ids) != 1 or isinstance(cause_ids[0], bool) or not isinstance(cause_ids[0], int):
+         raise HTTPException(422, "Resolution mutation requires exactly one cause_id")
+     cause_id = int(cause_ids[0])
+     parent_ids = await get_far_cause_parent_ids(cause_id, db)
+     ensure_far_exclusive_cause_context(cause_id, mode_id, parent_ids)
+
+     cause_result = await db.execute(select(models.FarFailureCause).filter(models.FarFailureCause.id == cause_id))
+     if not cause_result.scalar_one_or_none():
+         raise HTTPException(404, "Root cause not found")
+
+     res = models.FarResolution(
+         knowledge_id=mutation_data.get('knowledge_id'),
+         preventive_follow_up=mutation_data.get('preventive_follow_up'),
+         responsible_team=mutation_data.get('responsible_team'),
+         guidance_notes=mutation_data.get('guidance_notes')
+     )
+     db.add(res)
+     await db.flush()
+     await db.execute(models.far_cause_resolutions.insert().values(cause_id=cause_id, resolution_id=res.id))
+     await advance_far_context_mode(mode, db, f"Resolution linked: cause {cause_id}, resolution {res.id}")
+     await db.commit()
+
+     stmt = select(models.FarResolution).options(joinedload(models.FarResolution.knowledge_bkm)).filter(models.FarResolution.id == res.id)
+     result = await db.execute(stmt)
+     return result.scalar_one()
+
+ @router.delete("/resolutions/{resolution_id}")
+ async def delete_resolution(resolution_id: int, data: dict, db: AsyncSession = Depends(get_db)):
+     try:
+         mode_id, expected_version, mutation_data = normalize_far_context_mutation_request(data)
+     except ValueError as exc:
+         raise HTTPException(422, str(exc))
+
+     cause_id = mutation_data.get('cause_id')
+     if isinstance(cause_id, bool) or not isinstance(cause_id, int) or cause_id <= 0:
+         raise HTTPException(422, "cause_id must be a positive integer")
+
+     mode = await lock_far_context_mode(mode_id, expected_version, db)
+     parent_ids = await get_far_cause_parent_ids(cause_id, db)
+     ensure_far_exclusive_cause_context(cause_id, mode_id, parent_ids)
+
+     link_result = await db.execute(
+         select(models.far_cause_resolutions.c.cause_id).where(
+             models.far_cause_resolutions.c.cause_id == cause_id,
+             models.far_cause_resolutions.c.resolution_id == resolution_id,
+         )
+     )
+     if link_result.scalar_one_or_none() is None:
+         raise HTTPException(404, "Resolution linkage not found")
+
+     resolution_result = await db.execute(select(models.FarResolution).filter(models.FarResolution.id == resolution_id))
+     resolution = resolution_result.scalar_one_or_none()
+     if not resolution:
+         raise HTTPException(404, "Resolution not found")
+
+     await db.execute(
+         delete(models.far_cause_resolutions).where(
+             models.far_cause_resolutions.c.cause_id == cause_id,
+             models.far_cause_resolutions.c.resolution_id == resolution_id,
+         )
+     )
+     remaining_result = await db.execute(
+         select(models.far_cause_resolutions.c.cause_id).where(models.far_cause_resolutions.c.resolution_id == resolution_id)
+     )
+     orphaned = not list(remaining_result.scalars().all())
+     if orphaned:
+         await db.delete(resolution)
+     await advance_far_context_mode(mode, db, f"Resolution unlinked: cause {cause_id}, resolution {resolution_id}")
+     await db.commit()
+     return {"status": "success", "unlinked": True, "deleted": orphaned, "parent_version": mode.version}
+
+ # --- MITIGATIONS ---
+
+ @router.post("/mitigations", response_model=schemas.FarMitigationResponse)
+ async def create_mitigation(data: dict, db: AsyncSession = Depends(get_db)):
+     try:
+         mode_id, expected_version, mutation_data = normalize_far_context_mutation_request(data)
+     except ValueError as exc:
+         raise HTTPException(422, str(exc))
+
+     mode = await lock_far_context_mode(mode_id, expected_version, db)
+     requested_mode_ids = mutation_data.pop("mode_ids", None)
+     if requested_mode_ids not in (None, [mode_id]):
+         raise HTTPException(422, "Context-scoped mitigation creation requires mode_ids to contain only mode_id")
+
+     try:
+         payload = normalize_far_mitigation_payload(mutation_data)
+     except ValueError as exc:
+         raise HTTPException(422, str(exc))
+
+     parent_ids = await get_far_cause_parent_ids(payload["cause_id"], db)
+     ensure_far_exclusive_cause_context(payload["cause_id"], mode_id, parent_ids)
+     await resolve_far_mitigation_references(db, payload)
+
+     mit = models.FarMitigation(**payload)
+     db.add(mit)
+     await db.flush()
+     await db.execute(models.far_mode_mitigations.insert().values(mode_id=mode_id, mitigation_id=mit.id))
+     await advance_far_context_mode(mode, db, f"Mitigation linked: cause {payload['cause_id']}, mitigation {mit.id}")
+     await db.commit()
+     await db.refresh(mit)
+     return mit
+
+
+ @router.put("/mitigations/{mitigation_id}", response_model=schemas.FarMitigationResponse)
+ async def update_mitigation(mitigation_id: int, data: dict, db: AsyncSession = Depends(get_db)):
+     try:
+         mode_id, expected_version, mutation_data = normalize_far_context_mutation_request(data)
+     except ValueError as exc:
+         raise HTTPException(422, str(exc))
+
+     mode = await lock_far_context_mode(mode_id, expected_version, db)
+     requested_mode_ids = mutation_data.pop("mode_ids", None)
+     if requested_mode_ids not in (None, [mode_id]):
+         raise HTTPException(422, "Context-scoped mitigation update requires mode_ids to contain only mode_id")
+
+     link_result = await db.execute(
+         select(models.far_mode_mitigations.c.mode_id).where(models.far_mode_mitigations.c.mitigation_id == mitigation_id)
+     )
+     parent_ids = [int(parent_id) for parent_id in link_result.scalars().all()]
+     if mode_id not in parent_ids:
+         raise HTTPException(409, detail={"code": "far_mitigation_not_linked_to_mode", "mitigation_id": mitigation_id, "mode_id": mode_id})
+     if len(parent_ids) != 1:
+         raise HTTPException(409, detail={"code": "far_shared_mitigation_requires_explicit_scope", "mitigation_id": mitigation_id, "mode_ids": parent_ids})
+
+     mitigation_result = await db.execute(select(models.FarMitigation).filter(models.FarMitigation.id == mitigation_id))
+     mitigation = mitigation_result.scalar_one_or_none()
+     if not mitigation:
+         raise HTTPException(404, "Mitigation not found")
+
+     try:
+         payload = normalize_far_mitigation_payload(mutation_data, existing=mitigation)
+     except ValueError as exc:
+         raise HTTPException(422, str(exc))
+
+     cause_parent_ids = await get_far_cause_parent_ids(payload["cause_id"], db)
+     ensure_far_exclusive_cause_context(payload["cause_id"], mode_id, cause_parent_ids)
+     await resolve_far_mitigation_references(db, payload)
+
+     mutable_fields = (
+         "mitigation_steps",
+         "responsible_team",
+         "status",
+         "monitoring_item_id",
+         "knowledge_bkm_id",
+         "external_bkm_url",
+     )
+     changes = {
+         field: value
+         for field in mutable_fields
+         if getattr(mitigation, field, None) != (value := payload[field])
+     }
+     if not changes:
+         await db.commit()
+         return mitigation
+
+     for field, value in changes.items():
+         setattr(mitigation, field, value)
+     await advance_far_context_mode(mode, db, f"Mitigation updated: mitigation {mitigation_id}")
+     await db.commit()
+     await db.refresh(mitigation)
+     return mitigation
+
+
+ @router.delete("/mitigations/{mitigation_id}")
+ async def delete_mitigation(mitigation_id: int, data: dict, db: AsyncSession = Depends(get_db)):
+     try:
+         mode_id, expected_version, _ = normalize_far_context_mutation_request(data)
+     except ValueError as exc:
+         raise HTTPException(422, str(exc))
+
+     mode = await lock_far_context_mode(mode_id, expected_version, db)
+     link_result = await db.execute(
+         select(models.far_mode_mitigations.c.mode_id).where(models.far_mode_mitigations.c.mitigation_id == mitigation_id)
+     )
+     parent_ids = [int(parent_id) for parent_id in link_result.scalars().all()]
+     if mode_id not in parent_ids:
+         raise HTTPException(409, detail={"code": "far_mitigation_not_linked_to_mode", "mitigation_id": mitigation_id, "mode_id": mode_id})
+     if len(parent_ids) != 1:
+         raise HTTPException(409, detail={"code": "far_shared_mitigation_requires_explicit_scope", "mitigation_id": mitigation_id, "mode_ids": parent_ids})
+
+     mitigation_result = await db.execute(select(models.FarMitigation).filter(models.FarMitigation.id == mitigation_id))
+     mitigation = mitigation_result.scalar_one_or_none()
+     if not mitigation:
+         raise HTTPException(404, "Mitigation not found")
+     if normalize_far_mitigation_status(mitigation.status) == "Completed":
+         raise HTTPException(409, detail={
+             "code": "far_mitigation_completed_read_only",
+             "mitigation_id": mitigation_id,
+         })
+
+     await db.execute(
+         delete(models.far_mode_mitigations).where(
+             models.far_mode_mitigations.c.mode_id == mode_id,
+             models.far_mode_mitigations.c.mitigation_id == mitigation_id,
+         )
+     )
+     await db.delete(mitigation)
+     await advance_far_context_mode(mode, db, f"Mitigation removed: mitigation {mitigation_id}")
+     await db.commit()
+     return {"status": "success", "deleted": True, "parent_version": mode.version}
+
+ # --- PREVENTION ---
+
+ FAR_PREVENTION_STATUSES = {"Open", "In Progress", "Verified", "Completed"}
+
+ def normalize_far_prevention_project_request(data: dict):
+     mode_id, expected_version, mutation_data = normalize_far_context_mutation_request(data)
+     cause_id = mutation_data.pop("cause_id", None)
+     if isinstance(cause_id, bool) or not isinstance(cause_id, int) or cause_id <= 0:
+         raise ValueError("cause_id must be a positive integer")
+     project = mutation_data.pop("project", None)
+     if project is not None and not isinstance(project, dict):
+         raise ValueError("project must be an object")
+     return mode_id, expected_version, cause_id, project, mutation_data
+
+ def get_far_prevention_status_from_project(project_status):
+     status = str(project_status or "").strip().lower()
+     if status == "completed":
+         return "Completed"
+     if status in {"in progress", "active", "executing"}:
+         return "In Progress"
+     return "Open"
+
+ def ensure_far_cause_linked_to_mode(cause_id: int, mode_id: int, parent_ids: list[int]):
+     if mode_id not in parent_ids:
+         raise HTTPException(409, detail={
+             "code": "far_cause_not_linked_to_mode",
+             "cause_id": cause_id,
+             "mode_id": mode_id,
+         })
+
+ @router.post("/prevention")
+ async def create_prevention(data: dict, db: AsyncSession = Depends(get_db)):
+     try:
+         mode_id, expected_version, cause_id, project_payload, mutation_data = normalize_far_prevention_project_request(data)
+     except ValueError as exc:
+         raise HTTPException(422, str(exc))
+
+     mode = await lock_far_context_mode(mode_id, expected_version, db)
+     parent_ids = await get_far_cause_parent_ids(cause_id, db)
+     ensure_far_cause_linked_to_mode(cause_id, mode_id, parent_ids)
+
+     project = None
+     if project_payload is not None:
+         try:
+             validated_project = schemas.ProjectCreate.model_validate(project_payload)
+         except Exception as exc:
+             raise HTTPException(422, detail=str(exc))
+
+         project_data = validated_project.model_dump()
+         tasks_data = project_data.pop("tasks", [])
+         project_metadata = dict(project_data.get("metadata_json") or {})
+         project_data["metadata_json"] = {
+             **project_metadata,
+             "linked_failure_mode_id": mode_id,
+             "linked_cause_id": cause_id,
+         }
+         project = models.Project(**project_data)
+         db.add(project)
+         await db.flush()
+
+         for task_data in tasks_data:
+             clean_task_data = filter_valid_columns(models.ProjectTask, task_data)
+             clean_task_data.pop("id", None)
+             clean_task_data.pop("project_id", None)
+             db.add(models.ProjectTask(**clean_task_data, project_id=project.id))
+
+         owners = project_data.get("owners") or []
+         prevention_action = (
+             project_data.get("objective")
+             or project_data.get("description")
+             or project_data.get("name")
+         )
+         responsible_team = project_data.get("owner") or (owners[0] if owners else None)
+         prevention_status = get_far_prevention_status_from_project(project_data.get("status"))
+         target_date = project_data.get("end_date")
+     else:
+         prevention_action = mutation_data.get("prevention_action")
+         responsible_team = mutation_data.get("responsible_team")
+         prevention_status = mutation_data.get("status", "Open")
+         target_date = mutation_data.get("target_date")
+
+     if not prevention_action or not str(prevention_action).strip():
+         raise HTTPException(422, "prevention_action is required")
+     if prevention_status not in FAR_PREVENTION_STATUSES:
+         raise HTTPException(422, "status must be Open, In Progress, Verified, or Completed")
+
+     prev = models.FarPrevention(
+         failure_mode_id=mode_id,
+         cause_id=cause_id,
+         prevention_action=str(prevention_action).strip(),
+         responsible_team=responsible_team,
+         status=prevention_status,
+         target_date=target_date,
+     )
+     db.add(prev)
+     await db.flush()
+
+     if project is not None:
+         project.metadata_json = {
+             **dict(project.metadata_json or {}),
+             "far_prevention_id": prev.id,
+         }
+
+     await advance_far_context_mode(mode, db, f"Prevention project linked: prevention {prev.id}")
+     await db.commit()
+     return {
+         "status": "success",
+         "prevention": {
+             "id": prev.id,
+             "failure_mode_id": prev.failure_mode_id,
+             "cause_id": prev.cause_id,
+             "prevention_action": prev.prevention_action,
+             "responsible_team": prev.responsible_team,
+             "status": prev.status,
+             "target_date": prev.target_date,
+         },
+         "project": None if project is None else {
+             "id": project.id,
+             "name": project.name,
+             "status": project.status,
+         },
+         "parent_version": mode.version,
+     }
+
+ @router.put("/prevention/{prevention_id}", response_model=schemas.FarPreventionResponse)
+ async def update_prevention(prevention_id: int, data: dict, db: AsyncSession = Depends(get_db)):
+     try:
+         mode_id, expected_version, mutation_data = normalize_far_context_mutation_request(data)
+     except ValueError as exc:
+         raise HTTPException(422, str(exc))
+
+     mode = await lock_far_context_mode(mode_id, expected_version, db)
+     result = await db.execute(
+         select(models.FarPrevention).filter(
+             models.FarPrevention.id == prevention_id,
+             models.FarPrevention.failure_mode_id == mode_id,
+         )
+     )
+     prev = result.scalar_one_or_none()
+     if not prev:
+         raise HTTPException(404, "Prevention record not found")
+
+     changed = False
+     if "status" in mutation_data:
+         status = mutation_data.get("status")
+         if status not in FAR_PREVENTION_STATUSES:
+             raise HTTPException(422, "status must be Open, In Progress, Verified, or Completed")
+         if prev.status != status:
+             prev.status = status
+             changed = True
+     for field in ("prevention_action", "responsible_team", "target_date"):
+         if field in mutation_data and getattr(prev, field) != mutation_data.get(field):
+             setattr(prev, field, mutation_data.get(field))
+             changed = True
+
+     if changed:
+         await advance_far_context_mode(mode, db, f"Prevention updated: prevention {prevention_id}")
+     await db.commit()
+     await db.refresh(prev)
+     return prev
+

 ❯ src/components/shared/FARLifecycleBackendContract.test.ts:12:20
     10|   it('keeps archive lifecycle separate from editable FAR content and h…
     11|     expect(source).toContain('"version", "is_deleted"')
     12|     expect(source).toContain("elif k == 'is_deleted':\n            con…
       |                    ^
     13|     expect(source).toContain('"is_deleted": bool(mode.is_deleted)')
     14|   })

⎯⎯⎯⎯⎯⎯⎯⎯⎯⎯⎯⎯⎯⎯⎯⎯⎯⎯⎯⎯⎯⎯[15/18]⎯

 FAIL  src/components/shared/FARResearchGoldenPresentationContract.test.ts > FAR and Research golden presentation contract > keeps primary tables on the full golden surface without header-count displacement
AssertionError: expected 'import React, { useState, useMemo, us…' to contain 'title="Export CSV"'

- Expected
+ Received

- title="Export CSV"
+ import React, { useState, useMemo, useEffect } from 'react'
+ import {
+   WorkspaceCollapsibleHeader,
+   WorkspaceEmptyState,
+   WorkspaceFieldError,
+   WorkspaceFieldLabel,
+   WorkspaceSectionBadge,
+   WorkspaceSectionCard,
+   WorkspaceSelectField,
+   WorkspaceStickyIdentityBar,
+   WorkspaceValidationBanner,
+   getWorkspaceInputClass,
+ } from './shared/OperationalWorkspacePrimitives'
+ import { useNavigate, useSearchParams } from 'react-router-dom'
+ import { useQuery, useMutation, useQueryClient } from '@tanstack/react-query'
+ import { 
+   Plus, Search, Trash2, Edit2, Info, 
+   ShieldAlert, Zap, Save, X, PlusCircle, User,
+   RefreshCcw, AlertTriangle, Lightbulb, ShieldCheck, 
+   Activity, Server, FileText, Clipboard, ArrowRight, Shield, 
+   CheckCircle2, ChevronRight, LayoutGrid, List, Sliders, Eye,
+   Target, AlertCircle, Settings, Layers, Box, Link2, ExternalLink,
+   ChevronLeft, Book, Download, Copy, Terminal, Check, HelpCircle, EyeOff, MoreVertical, Monitor, Upload, Clock, Undo2
+ } from 'lucide-react'
+ import { motion, AnimatePresence } from 'framer-motion'
+ import { apiFetch } from '../api/apiClient'
+ import { toast } from 'react-hot-toast'
+ import { formatAppDate } from '../utils/dateUtils'
+ import { OperationalImportModal } from './shared/OperationalImportModal'
+ import { downloadOperationalImportFile } from './shared/OperationalImportExport'
+ import { StatusPill } from './shared/StatusPill'
+ import { ConfigRegistryModal } from './ConfigRegistry'
+ import { MonitoringForm } from './monitoring/MonitoringForm'
+ import { ProjectForm } from './Projects'
+ import { RootCauseFormModal, MitigationFormModal, PreventionFormModal, ResolutionManagerModal } from './shared/FARModals'
+ import { EnhancedRcaDetails } from './Research'
+ import { OperationalWorkspaceShell } from './shared/OperationalWorkspaceShells'
+ import { FARFilterBar, FAROperationalGridView } from './FARGoldenWorkspaceInteraction'
+ import {
+   buildFarDelimitedText,
+   createDefaultFarQuickFilters,
+   filterFarModes,
+   type FarGroupBy,
+   type FarQuickFilters,
+ } from './FAR.workspaceModel'
+ import { OperationalBulkPreviewModal } from './shared/OperationalBulkPreviewModal'
+ import { useOperationalBulkWorkflow } from './shared/useOperationalBulkWorkflow'
+ import { HeaderScopeSwitch, ToolbarButton, ToolbarGroup, ToolbarIconButton, ToolbarSearch } from './shared/LayoutPrimitives'
+ import { FARVersionHistory } from './FARVersionHistory'
+ import { useFARGoldenWorkspaceControls } from './FARGoldenWorkspaceControls'
+ import type { FarLifecycleScope } from './FAR.workspaceState'
+ import { buildFarLifecycleWorkspaceTransition } from './FAR.lifecycleWorkspace'
+ import type { FarRestorationDossierContext } from './FAR.restoration'
+ import { OPERATIONAL_GRID_WIDTHS } from './shared/OperationalGridContract'
+ import {
+   createOperationalActionColumnDefinition,
+   createOperationalUtilityColumns,
+   renderOperationalActionButtons,
+ } from './shared/OperationalGridStandard'
+ import {
+   createOperationalGoldenTextColumn,
+   createOperationalMetricBadgeColumn,
+   getOperationalContentAwareWidth,
+ } from './shared/OperationalGoldenColumns'
+ import { useFarOperatorIntelligence } from './FAR.operatorIntelligence'
+ import { WorkspaceModal } from './shared/WorkspaceModal'
+ import { useOperationalFormDirty } from './shared/OperationalFormContracts'
+ import { parseOperationalApiValidationError } from './shared/OperationalFieldValidation'
+ import {
+   buildFarAuthoringDraft,
+   buildFarAuthoringErrors,
+   changeFarAuthoringSystem,
+   getFarAuthoringFirstErrorTab,
+   getFarAuthoringTabErrorCounts,
+   sanitizeFarAuthoringPayload,
+   type FarAuthoringTab,
+ } from './FAR.authoringModel'
+ import { buildFarDossierSearchParams, getFarDeepLinkNotice, getFarGridDataState, parseFarDossierTab, resolveFarDeepLink } from './FAR.deepLink'
+ import DataStatusPill, { DataDiagnosticModal } from './shared/OperationalDataStatus'
+ import { buildFarRegistryDiagnosticDetail } from './FAR.diagnostics'
+ import {
+   buildFarOperatorLoopReceipt,
+   buildFarOperatorLoopSnapshot,
+   shouldDismissFarOperatorLoop,
+   startFarOperatorLoop,
+   type FarOperatorSurface,
+   type FarOperatorLoopSession,
+ } from './FAR.operatorLoop'
+ import { FARDossierShell } from './FAR.dossier'
+ import {
+   buildFarLifecycleRequest,
+   buildFarLifecycleRevertPayload,
+   getFarLifecycleEndpoint,
+   getFarLifecycleRevertAction,
+   isFarLifecycleAction,
+ } from './FAR.lifecycleVocabulary'
+ import {
+   buildFarBulkScorePreview,
+   buildFarBulkScoreRequest,
+   buildFarBulkScoreRevertPayload,
+   type FarBulkScoreField,
+ } from './FAR.bulkScore'
+ import {
+   FAR_MATURITY_LEVELS,
+   createFarAnalyticalColumns,
+   getFarMaturityLevel,
+ } from './FAR.gridColumns'
+ import {
+   FAR_CONTEXT_DETAIL_TABS,
+   type FarDossierTab,
+ } from './FAR.rowActions'
+ import {
+   readFarMutationFailureMessage,
+   withFarExpectedVersion,
+ } from './FAR.mutationIntegrity'
+ import { buildFarContextMutationRequest } from './FAR.causalIntegrity'
+
+ import 'ag-grid-community/styles/ag-grid.css'
+ import 'ag-grid-community/styles/ag-theme-alpine.css'
+
+ const FAR_IMPORT_PROFILE = 'far_records'
+ const FAR_IMPORT_SCHEMA_VERSION = '2026-08-far-v1'
+ const FAR_SNAPSHOT_FILENAME_PATTERN = /^SYSGRID_far_records_Snapshot\.csv$/
+
+ // --- Types ---
+ interface FailureMode {
+   id: number
+   system_name: string
+   failure_type: string
+   title: string
+   effect: string
+   severity: number
+   occurrence: number
+   detection: number
+   rpn: number
+   status: string
+   affected_assets: any[]
+   causes: any[]
+   mitigations: any[]
+   prevention_actions: any[]
+ }
+
+ const FAILURE_TYPES = [
+   { value: 'Design', label: 'Design' },
+   { value: 'Process', label: 'Process' },
+   { value: 'Hardware', label: 'Hardware' },
+   { value: 'Software', label: 'Software' },
+   { value: 'Network', label: 'Network' },
+   { value: 'Human', label: 'Human' },
+   { value: 'Environment', label: 'Environment' },
+ ]
+
+ // --- Constants for Guided Scoring ---
+ const SEVERITY_LEVELS = [
+   { value: 10, label: 'HAZARDOUS (NO WARNING)', desc: 'Safety issue or total compliance failure. Extreme risk to the enterprise.' },
+   { value: 9, label: 'HAZARDOUS (WITH WARNING)', desc: 'Potential safety issue or major compliance risk. High probability of legal impact.' },
+   { value: 8, label: 'VERY HIGH', desc: 'System total failure, major data loss, no workaround exists. Business critical.' },
+   { value: 7, label: 'HIGH', desc: 'System operational but major performance impact. High user dissatisfaction.' },
+   { value: 6, label: 'MODERATE', desc: 'Significant impact on primary function, but workaround exists. Noticeable degradation.' },
+   { value: 5, label: 'LOW', desc: 'Minor impact on performance or usability. Minimal business disruption.' },
+   { value: 4, label: 'VERY LOW', desc: 'Noticeable impact but system remains functional. Easily manageable.' },
+   { value: 3, label: 'MINOR', desc: 'Slight annoyance to users. No functional impairment.' },
+   { value: 2, label: 'VERY MINOR', desc: 'Hardly noticeable impact. Cosmetic or trace-level issue.' },
+   { value: 1, label: 'NONE', desc: 'No discernible effect on system or user experience.' },
+ ]
+
+ const OCCURRENCE_LEVELS = [
+   { value: 10, label: 'CERTAIN', desc: 'Inevitable. Occurs multiple times per day. Constant risk exposure.' },
+   { value: 9, label: 'VERY HIGH', desc: 'Likely to occur daily. High-frequency failure profile.' },
+   { value: 8, label: 'HIGH', desc: 'Likely to occur weekly. Recurring operational disruption.' },
+   { value: 7, label: 'MODERATELY HIGH', desc: 'Occurs once or twice per month. Periodic impact.' },
+   { value: 6, label: 'MODERATE', desc: 'Occurs once every few months. Occasional risk.' },
+   { value: 5, label: 'LOW', desc: 'Occurs once or twice per year. Infrequent failure mode.' },
+   { value: 4, label: 'VERY LOW', desc: 'Occurs once every few years. Rare occurrence.' },
+   { value: 3, label: 'REMOTE', desc: 'Unlikely but possible. Minimal historical evidence.' },
+   { value: 2, label: 'VERY REMOTE', desc: 'Extremely unlikely. Speculative failure mode.' },
+   { value: 1, label: 'NEARLY IMPOSSIBLE', desc: 'Never expected to occur. Theoretical risk only.' },
+ ]
+
+ const DETECTION_LEVELS = [
+   { value: 10, label: 'IMPOSSIBLE', desc: 'Zero monitoring. Discovered only via total system blackout or user report.' },
+   { value: 9, label: 'VERY REMOTE', desc: 'Visible only after catastrophic failure has completed. Post-mortem discovery.' },
+   { value: 8, label: 'REMOTE', desc: 'Requires manual log inspection or audit. High latency in visibility.' },
+   { value: 7, label: 'VERY LOW', desc: 'Alerts exist but are buried in noise. Easily missed by NOC/SOC.' },
+   { value: 6, label: 'LOW', desc: 'Standard monitoring, but delayed or inconsistent. Unreliable visibility.' },
+   { value: 5, label: 'MODERATE', desc: 'Reliable alerts exist but require human triage for verification.' },
+   { value: 4, label: 'MODERATELY HIGH', desc: 'Proactive alerts with clear root cause identification.' },
+   { value: 3, label: 'HIGH', desc: 'Real-time dashboarding and active, automated health checks.' },
+   { value: 2, label: 'VERY HIGH', desc: 'Automated self-healing or failsafe systems. Immediate notification.' },
+   { value: 1, label: 'ALMOST CERTAIN', desc: 'Predictive analytics prevents failure before it manifests.' },
+ ]
+
+ async function fetchFarList(path: string) {
+   const response = await apiFetch(path)
+   if (!response.ok) throw new Error(await response.text())
+   const payload = await response.json()
+   if (!Array.isArray(payload)) throw new Error(`Expected a list response from ${path}`)
+   return payload
+ }
+
+ const METRIC_DEFINITIONS: any = {
+   SRI: {
+     title: "System Reliability Index (SRI)",
+     formula: "SRI = 100 × [1 - (RPN_avg / 500)]",
+     description: "Represents the aggregate health of the infrastructure's risk profile. A score of 100 signifies zero documented risk exposure, while lower scores indicate high-criticality failure modes with frequent occurrence or visibility gaps."
+   },
+   RiskDensity: {
+     title: "Risk Density Profile",
+     formula: "D_risk = Σ RPN / Σ Assets_affected",
+     description: "Measures risk concentration across assets. High density indicates that a small number of physical or logical assets are bearing a disproportionate amount of system-wide failure risk."
+   },
+   MitigationRatio: {
+     title: "Global Mitigation Coverage",
+     formula: "M_cov = (N_mitigated / N_total) × 100",
+     description: "Evaluates the breadth of the defense-in-depth strategy. Measures the percentage of failure modes that have at least one verified Monitoring or temporary Workaround protocol established."
+   },
+   AvgSeverity: {
+     title: "Mean Failure Criticality",
+     formula: "RPN_avg = (1 / N) Σ RPN_i",
+     description: "The average Risk Priority Number across the entire registry. Used to monitor long-term trends in the inherent severity of documented risks, independent of the number of entries."
+   }
+ }
+
+ function MetricHelpModal({ metric, onClose }: { metric: string | null, onClose: () => void }) {
+   if (!metric || !METRIC_DEFINITIONS[metric]) return null;
+   const def = METRIC_DEFINITIONS[metric];
+   return (
+     <div className="fixed inset-0 z-[300] flex items-center justify-center bg-black/60 backdrop-blur-md p-10">
+       <motion.div initial={{ scale: 0.9, opacity: 0 }} animate={{ scale: 1, opacity: 1 }} className="glass-panel w-full max-w-md p-10 rounded-lg border border-blue-500/30 space-y-6">
+         <div className="flex items-center justify-between border-b border-white/5 pb-4">
+           <h2 className="text-xl font-bold uppercase tracking-tighter text-blue-400  flex items-center space-x-3">
+              <Info size={24}/> <span>{def.title}</span>
+           </h2>
+           <button onClick={onClose} className="text-slate-500 hover:text-white transition-colors"><X size={20}/></button>
+         </div>
+         <div className="space-y-4">
+           <div>
+             <p className="text-[9px] font-bold text-slate-500 uppercase tracking-widest mb-2 px-1">Mathematical Derivation</p>
+             <div className="bg-black/40 border border-white/5 rounded-lg p-6 font-serif text-lg text-blue-300 text-center shadow-inner">
+                {def.formula}
+             </div>
+           </div>
+           <div>
+             <p className="text-[9px] font-bold text-slate-500 uppercase tracking-widest mb-2 px-1">Functional Definition</p>
+             <p className="text-[13px] text-slate-300 leading-relaxed font-bold tracking-tight ">
+               {def.description}
+             </p>
+           </div>
+         </div>
+         <button onClick={onClose} className="w-full py-3 bg-blue-600 text-white rounded-lg text-[10px] font-bold uppercase tracking-widest active:scale-95 transition-all shadow-lg shadow-blue-500/20">Acknowledge</button>
+       </motion.div>
+     </div>
+   )
+ }
+
+ export default function FAR() {
+   const [operatorLoopSession, setOperatorLoopSession] = useState<FarOperatorLoopSession | null>(null)
+   const queryClient = useQueryClient()
+   const [searchParams, setSearchParams] = useSearchParams()
+   const gridRef = React.useRef<any>(null)
+   const lastDeepLinkedModeIdRef = React.useRef<number | null>(null)
+   
+   const idParam = searchParams.get('id')
+   const tabParam = searchParams.get('tab')
+   const requestedDossierTab = useMemo(() => parseFarDossierTab(tabParam), [tabParam])
+
+   const [showWizard, setShowWizard] = useState(false)
+   const [selectedModeId, setSelectedModeId] = useState<number | null>(null)
+   const [selectedDetailTab, setSelectedDetailTab] = useState<FarDossierTab>(FAR_CONTEXT_DETAIL_TABS.detail)
+   const [searchTerm, setSearchTerm] = useState('')
+   const [groupBy, setGroupBy] = useState<FarGroupBy>('raw')
+   const [quickFilters, setQuickFilters] = useState<FarQuickFilters>(() => createDefaultFarQuickFilters())
+   const [showMaturityHelp, setShowMaturityHelp] = useState(false)
+   const [showRpnHelp, setShowRpnHelp] = useState(false)
+   const [activeMetricHelp, setActiveMetricHelp] = useState<string | null>(null)
+
+   const [incidentListModal, setIncidentListModal] = useState<{show: boolean, rcas: any[]}>({ show: false, rcas: [] })
+   const [selectedRcaDetail, setSelectedRcaDetail] = useState<any>(null)
+   const [resolutionManagerModal, setResolutionManagerModal] = useState<{show: boolean, cause: any}>({ show: false, cause: null })
+
+   // Column Picker & Style Lab State (Mirrored from Assets)
+   const [fontSize, setFontSize] = useState(11)
+   const [rowDensity, setRowDensity] = useState(8)
+   const [showStyleLab, setShowStyleLab] = useState(false)
+   const [showFilterBar, setShowFilterBar] = useState(true)
+   const [showInsights, setShowInsights] = useState(false)
+   const [showColumnPicker, setShowColumnPicker] = useState(false)
+   const [hiddenColumns, setHiddenColumns] = useState<string[]>([])
+   const [showConfig, setShowConfig] = useState(false)
+   const [selectedIds, setSelectedIds] = useState<number[]>([])
+   const [lifecycleScope, setLifecycleScope] = useState<'active' | 'archived'>('active')
+   const operatorLoopSnapshotRef = React.useRef<ReturnType<typeof buildFarOperatorLoopSnapshot> | null>(null)
+   const lastOperatorLoopReceiptRef = React.useRef<ReturnType<typeof buildFarOperatorLoopReceipt> | null>(null)
+   
+   const [bkmGuidanceModal, setBkmGuidanceModal] = useState<{show: boolean, cause: any}>({ show: false, cause: null })
+
+   const operatorLoopSnapshot = useMemo(() => buildFarOperatorLoopSnapshot({
+     lifecycleScope,
+     groupBy,
+     searchTerm,
+     quickFilters,
+     selectedIds,
+     selectedModeId,
+     selectedDetailTab,
+     hiddenColumns,
+     fontSize,
+     rowDensity,
+     routeQuery: searchParams.toString(),
+   }), [
+     lifecycleScope,
+     groupBy,
+     searchTerm,
+     quickFilters,
+     selectedIds,
+     selectedModeId,
+     selectedDetailTab,
+     hiddenColumns,
+     fontSize,
+     rowDensity,
+     searchParams,
+   ])
+   operatorLoopSnapshotRef.current = operatorLoopSnapshot
+
+   const beginFarOperatorSurface = React.useCallback((surface: FarOperatorSurface) => {
+     const session = startFarOperatorLoop(surface, operatorLoopSnapshotRef.current || operatorLoopSnapshot)
+     setOperatorLoopSession(session)
+     return session
+   }, [operatorLoopSnapshot])
+
+   const openFarOperatorSurface = React.useCallback((surface: Exclude<FarOperatorSurface, 'round_trip_export'>) => {
+     beginFarOperatorSurface(surface)
+   }, [beginFarOperatorSurface])
+
+   const closeFarOperatorSurface = React.useCallback((surface: FarOperatorSurface) => {
+     setOperatorLoopSession((current) => {
+       if (!current || current.surface !== surface) return current
+       const latest = operatorLoopSnapshotRef.current || current.snapshot
+       lastOperatorLoopReceiptRef.current = buildFarOperatorLoopReceipt(current, latest)
+       return null
+     })
+   }, [])
+
+   useEffect(() => {
+     setOperatorLoopSession((current) => {
+       if (!current || !shouldDismissFarOperatorLoop(current, operatorLoopSnapshot)) return current
+       lastOperatorLoopReceiptRef.current = buildFarOperatorLoopReceipt(current, operatorLoopSnapshot)
+       return null
+     })
+   }, [operatorLoopSnapshot])
+
+   const syncFarDossierLink = React.useCallback((
+     targetId: number | null,
+     tab: FarDossierTab = FAR_CONTEXT_DETAIL_TABS.detail,
+     replace = false,
+   ) => {
+     setSearchParams(buildFarDossierSearchParams(searchParams, targetId, tab), { replace })
+   }, [searchParams, setSearchParams])
+
+   const openFarDossier = React.useCallback((
+     targetId: number,
+     tab: FarDossierTab = FAR_CONTEXT_DETAIL_TABS.detail,
+   ) => {
+     setSelectedDetailTab(tab)
+     setSelectedModeId(targetId)
+     syncFarDossierLink(targetId, tab)
+   }, [syncFarDossierLink])
+
+   const closeFarDossier = React.useCallback((replace = false) => {
+     lastDeepLinkedModeIdRef.current = null
+     setSelectedModeId(null)
+     setSelectedDetailTab(FAR_CONTEXT_DETAIL_TABS.detail)
+     syncFarDossierLink(null, FAR_CONTEXT_DETAIL_TABS.detail, replace)
+   }, [syncFarDossierLink])
+
+   const transitionFarLifecycleScope = React.useCallback((
+     nextScope: FarLifecycleScope,
+     preserveExplicitDossierLink = false,
+   ) => {
+     const transition = buildFarLifecycleWorkspaceTransition(nextScope, preserveExplicitDossierLink)
+     if (transition.applyLifecycleScope) setLifecycleScope(transition.lifecycleScope)
+     if (transition.clearSelection) {
+       setSelectedIds([])
+       gridRef.current?.api?.deselectAll?.()
+     }
+     if (transition.clearDossier) closeFarDossier(true)
+   }, [closeFarDossier])
+
+   const restoreFarLifecycleScope = React.useCallback((nextScope: FarLifecycleScope) => {
+     transitionFarLifecycleScope(nextScope, Boolean(idParam))
+   }, [idParam, transitionFarLifecycleScope])
+
+   // Queries
+   const { data: modes, isLoading: modesLoading, isError: modesError, error: modesQueryError } = useQuery({
+     queryKey: ['far', 'modes'], 
+     queryFn: () => fetchFarList('/api/v1/far/modes?include_deleted=true')
+   })
+   const activeModes = useMemo(
+     () => (modes || []).filter((mode: any) => !mode.is_deleted),
+     [modes],
+   )
+   const lifecycleModes = useMemo(
+     () => (modes || []).filter((mode: any) => lifecycleScope === 'archived' ? Boolean(mode.is_deleted) : !mode.is_deleted),
+     [lifecycleScope, modes],
+   )
+   const lifecycleCounts = useMemo(() => ({
+     active: (modes || []).filter((mode: any) => !mode.is_deleted).length,
+     archived: (modes || []).filter((mode: any) => Boolean(mode.is_deleted)).length,
+   }), [modes])
+   const deepLinkResolution = useMemo(() => resolveFarDeepLink(idParam, modes), [idParam, modes])
+   const deepLinkNotice = useMemo(() => getFarDeepLinkNotice(deepLinkResolution), [deepLinkResolution])
+   const restorationDossier = useMemo<FarRestorationDossierContext | null>(() => {
+     if (deepLinkResolution.kind !== 'resolved') return null
+     return {
+       targetId: deepLinkResolution.targetId,
+       lifecycleScope: deepLinkResolution.lifecycleScope,
+       title: String(deepLinkResolution.mode.title || ''),
+       tab: requestedDossierTab,
+     }
+   }, [deepLinkResolution, requestedDossierTab])
+   const farRegistryDiagnosticDetail = useMemo(
+     () => buildFarRegistryDiagnosticDetail(modesQueryError),
+     [modesQueryError],
+   )
+
+   useEffect(() => {
+     if (operatorLoopSession?.surface !== 'diagnostics' || modesError) return
+     closeFarOperatorSurface('diagnostics')
+   }, [closeFarOperatorSurface, modesError, operatorLoopSession?.surface])
+
+   useEffect(() => {
+     if (deepLinkResolution.kind !== 'resolved') {
+       if (deepLinkResolution.kind === 'invalid' || deepLinkResolution.kind === 'unavailable') {
+         lastDeepLinkedModeIdRef.current = null
+         setSelectedModeId(null)
+         setSelectedDetailTab(FAR_CONTEXT_DETAIL_TABS.detail)
+       } else if (deepLinkResolution.kind === 'absent' && lastDeepLinkedModeIdRef.current !== null) {
+         const previousDeepLinkId = lastDeepLinkedModeIdRef.current
+         lastDeepLinkedModeIdRef.current = null
+         setSelectedModeId((current) => current === previousDeepLinkId ? null : current)
+         setSelectedDetailTab(FAR_CONTEXT_DETAIL_TABS.detail)
+       }
+       return
+     }
+     const { targetId, lifecycleScope: targetLifecycleScope } = deepLinkResolution
+
+     lastDeepLinkedModeIdRef.current = targetId
+     setLifecycleScope(targetLifecycleScope)
+     setSelectedDetailTab(requestedDossierTab)
+     setSelectedModeId(targetId)
+   }, [deepLinkResolution, requestedDossierTab])
+
+   const { data: options } = useQuery({ queryKey: ['settings-options'], queryFn: async () => (await apiFetch('/api/v1/settings/options')).json() })
+   const availableSystems = useMemo(() => Array.from(new Set([
+     ...(options?.filter((o: any) => o.category === 'LogicalSystem').map((s: any) => String(s.value || '')).filter(Boolean) || []),
+     ...lifecycleModes.map((mode: any) => String(mode.system_name || '')).filter(Boolean),
+   ])).sort(), [lifecycleModes, options])
+   const availableFailureTypes = useMemo(() => Array.from(new Set([
+     ...FAILURE_TYPES.map((type) => type.value),
+     ...lifecycleModes.map((mode: any) => String(mode.failure_type || '')).filter(Boolean),
+   ])).sort(), [lifecycleModes])
+   const availableStatuses = useMemo(() => Array.from(new Set(
+     lifecycleModes.map((mode: any) => String(mode.status || '')).filter(Boolean)
+   )).sort(), [lifecycleModes])
+
+   const farDefaultWidthsRef = React.useRef<{
+     system_name: number
+     failure_type: number
+     title: number
+     created_by_user_id: number
+   } | null>(null)
+   if (!farDefaultWidthsRef.current && modes !== undefined) {
+     const loadedModes = activeModes
+     farDefaultWidthsRef.current = {
+       system_name: getOperationalContentAwareWidth({
+         headerName: 'System', values: loadedModes.map((mode: any) => mode.system_name), minWidth: 120, fallbackWidth: 132, maxDefaultWidth: 220,
+       }),
+       failure_type: getOperationalContentAwareWidth({
+         headerName: 'Type', values: loadedModes.map((mode: any) => mode.failure_type), minWidth: 96, fallbackWidth: 108, maxDefaultWidth: 160,
+       }),
+       title: getOperationalContentAwareWidth({
+         headerName: 'Failure Mode', values: loadedModes.map((mode: any) => mode.title), minWidth: 200, fallbackWidth: 260, maxDefaultWidth: 360,
+       }),
+       created_by_user_id: getOperationalContentAwareWidth({
+         headerName: 'Created By', values: loadedModes.map((mode: any) => mode.created_by_user_id || 'SYSTEM'), minWidth: 128, fallbackWidth: 136, maxDefaultWidth: 220,
+       }),
+     }
+   }
+   const farDefaultWidths = farDefaultWidthsRef.current || {
+     system_name: 132,
+     failure_type: 108,
+     title: 260,
+     created_by_user_id: 136,
+   }
+
+   const filteredModes = useMemo(
+     () => filterFarModes(lifecycleModes, searchTerm, quickFilters),
+     [lifecycleModes, quickFilters, searchTerm]
+   )
+   const operatorIntelligence = useFarOperatorIntelligence({
+     rows: filteredModes,
+     groupBy,
+     searchTerm,
+     quickFilters,
+     onOpenDetail: (mode) => {
+       if (!mode?.id) return
+       openFarDossier(Number(mode.id))
+     },
+     gridRef,
+   })
+   const displayedModes = operatorIntelligence.rows
+   const selectionScopeKey = operatorIntelligence.selectionScopeKey
+
+   const selectedMode = useMemo(() => modes?.find((m: any) => m.id === selectedModeId), [modes, selectedModeId])
+
+   const handleExportCSV = () => {
+     if (groupBy === 'raw' && gridRef.current?.api) {
+       gridRef.current.api.exportDataAsCsv({
+         fileName: `SysGrid_FAR_${new Date().toISOString().split('T')[0]}.csv`,
+         allColumns: false,
+         onlySelected: false,
+       })
+       return
+     }
+     const blob = new Blob([buildFarDelimitedText(filteredModes, ',')], { type: 'text/csv;charset=utf-8' })
+     const url = URL.createObjectURL(blob)
+     const link = document.createElement('a')
+     link.href = url
+     link.download = `SysGrid_FAR_${new Date().toISOString().split('T')[0]}.csv`
+     link.click()
+     URL.revokeObjectURL(url)
+   }
+
+   const handleExportRoundTrip = async () => {
+     const exportSession = beginFarOperatorSurface('round_trip_export')
+     try {
+       const result = await downloadOperationalImportFile({
+         tableName: FAR_IMPORT_PROFILE,
+         kind: 'snapshot',
+         expectedProfile: FAR_IMPORT_PROFILE,
+         requireSchemaHeaders: true,
+         fallbackFileName: 'SYSGRID_far_records_Snapshot.csv',
+         metadataContract: {
+           manifestEndpoint: `/api/v1/import/snapshot/${FAR_IMPORT_PROFILE}/manifest`,
+           expectedProfile: FAR_IMPORT_PROFILE,
+           expectedSchemaVersion: FAR_IMPORT_SCHEMA_VERSION,
+           expectedFilenamePattern: FAR_SNAPSHOT_FILENAME_PATTERN,
+           expectedContentType: 'text/csv',
+         },
+       })
+       toast.success(`FAR round-trip snapshot exported (${result.schemaVersion || FAR_IMPORT_SCHEMA_VERSION})`)
+     } catch (error) {
+       toast.error(error instanceof Error ? error.message : 'Unable to export FAR round-trip snapshot')
+     } finally {
+       const latest = operatorLoopSnapshotRef.current || exportSession.snapshot
+       lastOperatorLoopReceiptRef.current = buildFarOperatorLoopReceipt(exportSession, latest)
+       setOperatorLoopSession((current) => current === exportSession ? null : current)
+     }
+   }
+
+   const handleCopyToClipboard = () => {
+     let csvData = ''
+     if (groupBy === 'raw' && gridRef.current?.api) {
+       csvData = gridRef.current.api.getDataAsCsv?.({
+         allColumns: false,
+         onlySelected: true,
+         suppressQuotes: true,
+       }) || ''
+     } else {
+       const selected = new Set(selectedIds.map(Number))
+       csvData = buildFarDelimitedText(
+         (modes || []).filter((mode: any) => selected.has(Number(mode.id))),
+         '\t',
+       )
+     }
+     if (!csvData || selectedIds.length === 0) return
+     navigator.clipboard.writeText(csvData)
+       .then(() => toast.success('Selected failure vectors copied to clipboard'))
+       .catch(() => toast.error('Failed to copy selected failure vectors'))
+   }
+
+   const {
+     bulkMutation,
+     bulkOperationPreview,
+     requestBulkPreview,
+     setBulkOperationPreview,
+   } = useOperationalBulkWorkflow<any>({
+     selectedIds,
+     fieldLabels: {
+       severity: 'Severity',
+       occurrence: 'Occurrence',
+       detection: 'Detection',
+     },
+     selectionErrorMessage: 'Select at least one failure vector.',
+     previewErrorMessage: 'Unable to prepare the FAR bulk preview.',
+     executionErrorMessage: 'Unable to update the selected failure vectors.',
+     revertErrorMessage: 'Unable to revert the FAR bulk change.',
+     getSnapshots: (ids) => (modes || []).filter((mode: any) => ids.includes(Number(mode.id))),
+     previewRequest: async ({ action, ids, payload }) => {
+       if (action === 'update') {
+         return buildFarBulkScorePreview(ids, modes || [], payload)
+       }
+       if (!isFarLifecycleAction(action)) throw new Error('Unsupported FAR lifecycle action.')
+       const current = new Map((modes || []).map((mode: any) => [Number(mode.id), mode]))
+       const changedIds = ids.filter((id) => {
+         const mode = current.get(id)
+         if (!mode) return false
+         return action === 'restore' ? Boolean(mode.is_deleted) : !mode.is_deleted
+       })
+       const changed = new Set(changedIds)
+       const unchangedIds = ids.filter((id) => current.has(id) && !changed.has(id))
+       const missingIds = ids.filter((id) => !current.has(id))
+       return {
+         action,
+         selected_count: ids.length,
+         matched_count: changedIds.length + unchangedIds.length,
+         changed_count: changedIds.length,
+         unchanged_count: unchangedIds.length,
+         blocked_count: 0,
+         missing_count: missingIds.length,
+         changed_ids: changedIds,
+         unchanged_ids: unchangedIds,
+         missing_ids: missingIds,
+         blockers: [],
+         can_execute: changedIds.length > 0 && missingIds.length === 0,
+       }
+     },
+     executeRequest: async ({ action, ids, payload }) => {
+       operatorIntelligence.beginPending(ids)
+       try {
+         if (action === 'update') {
+           const request = buildFarBulkScoreRequest(ids, modes || [], payload)
+           const res = await apiFetch('/api/v1/far/modes/bulk-score', {
+             method: 'POST',
+             body: JSON.stringify(request),
+           })
+           if (!res.ok) throw new Error(await res.text())
+           const result = await res.json()
+           return {
+             ...result,
+             changed_count: Number(result?.changed_count || 0),
+             unchanged_count: Number(result?.unchanged_count || 0),
+             changed_ids: Array.isArray(result?.changed_ids) ? result.changed_ids.map(Number) : [],
+           }
+         }
+
+         if (!isFarLifecycleAction(action)) throw new Error('Unsupported FAR lifecycle action.')
+         const endpoint = getFarLifecycleEndpoint(action)
+         const request = buildFarLifecycleRequest(ids, modes || [], payload?.expected_versions)
+         const res = await apiFetch(endpoint, {
+           method: 'POST',
+           body: JSON.stringify(request),
+         })
+         if (!res.ok) throw new Error(await readFarMutationFailureMessage(res))
+         const result = await res.json()
+         const changedCount = Number(result?.changed_count ?? result?.count ?? 0)
+         return {
+           ...result,
+           changed_count: changedCount,
+           unchanged_count: Math.max(0, ids.length - changedCount),
+           changed_ids: Array.isArray(result?.changed_ids) ? result.changed_ids.map(Number) : [],
+         }
+       } finally {
+         operatorIntelligence.endPending(ids)
+       }
+     },
+     refresh: () => queryClient.invalidateQueries({ queryKey: ['far', 'modes'] }),
+     buildRevertRequest: ({ action, changedIds, changedSnapshots, payload, result }) => {
+       if (action === 'update') {
+         const revertPayload = buildFarBulkScoreRevertPayload(changedSnapshots, payload, result?.versions)
+         return revertPayload ? { action: 'update', ids: changedIds, payload: revertPayload } : null
+       }
+       if (action === 'archive' || action === 'restore') {
+         const revertPayload = buildFarLifecycleRevertPayload(changedIds, result?.versions)
+         return revertPayload
+           ? { action: getFarLifecycleRevertAction(action), ids: changedIds, payload: revertPayload }
+           : null
+       }
+       return null
+     },
+     onExecutionSuccess: () => {
+       setSelectedIds([])
+       gridRef.current?.api?.deselectAll?.()
+     },
+   })
+
+   // AgGrid Defs (High Density)
+   const columnDefs = useMemo(() => [
+     ...createOperationalUtilityColumns(operatorIntelligence.utilityColumnsConfig),
+     createOperationalGoldenTextColumn({
+       field: 'system_name',
+       headerName: 'System',
+       width: farDefaultWidths.system_name,
+       minWidth: 120,
+       filter: 'agTextColumnFilter',
+       tooltipField: 'system_name',
+       valueClassName: 'operational-grid-text font-bold text-rose-400 uppercase',
+       hide: hiddenColumns.includes('system_name'),
+     }),
+     createOperationalGoldenTextColumn({
+       field: 'failure_type',
+       headerName: 'Type',
+       width: farDefaultWidths.failure_type,
+       minWidth: 96,
+       filter: 'agTextColumnFilter',
+       tooltipField: 'failure_type',
+       valueClassName: 'operational-grid-text font-bold text-slate-400 uppercase',
+       hide: hiddenColumns.includes('failure_type'),
+     }),
+     createOperationalGoldenTextColumn({
+       field: 'title',
+       headerName: 'Failure Mode',
+       width: farDefaultWidths.title,
+       minWidth: 200,
+       filter: 'agTextColumnFilter',
+       tooltipField: 'title',
+       valueClassName: 'operational-grid-text font-bold uppercase text-white',
+       alignment: 'left',
+       hide: hiddenColumns.includes('title'),
+     }),
+     createOperationalMetricBadgeColumn({
+       field: 'severity', headerName: 'S', width: 72, minWidth: 68, fontSize,
+       resolveTone: (value) => value >= 8 ? 'critical' : value >= 5 ? 'warning' : 'healthy',
+       onActivate: () => setShowRpnHelp(true),
+       title: 'RPN Definition Matrix',
+       hide: hiddenColumns.includes('severity'),
+     }),
+     createOperationalMetricBadgeColumn({
+       field: 'occurrence', headerName: 'O', width: 72, minWidth: 68, fontSize,
+       resolveTone: (value) => value >= 7 ? 'critical' : value >= 4 ? 'warning' : 'healthy',
+       onActivate: () => setShowRpnHelp(true),
+       title: 'RPN Definition Matrix',
+       hide: hiddenColumns.includes('occurrence'),
+     }),
+     createOperationalMetricBadgeColumn({
+       field: 'detection', headerName: 'D', width: 72, minWidth: 68, fontSize,
+       resolveTone: (value) => value >= 7 ? 'critical' : value >= 4 ? 'warning' : 'healthy',
+       onActivate: () => setShowRpnHelp(true),
+       title: 'RPN Definition Matrix',
+       hide: hiddenColumns.includes('detection'),
+     }),
+     createOperationalMetricBadgeColumn({
+       field: 'rpn', headerName: 'RPN', width: 84, minWidth: 80, fontSize,
+       resolveTone: (value) => value >= 150 ? 'critical' : value >= 80 ? 'warning' : 'healthy',
+       onActivate: () => setShowRpnHelp(true),
+       title: 'RPN Definition Matrix',
+       hide: hiddenColumns.includes('rpn'),
+     }),
+     ...createFarAnalyticalColumns({
+       fontSize,
+       hiddenColumns,
+       onOpenMaturity: () => setShowMaturityHelp(true),
+       onOpenIncidents: (rcas) => setIncidentListModal({ show: true, rcas }),
+     }),
+     createOperationalGoldenTextColumn({
+       field: 'created_by_user_id',
+       headerName: 'Created By',
+       width: farDefaultWidths.created_by_user_id,
+       minWidth: 128,
+       filter: true,
+       emptyValue: 'SYSTEM',
+       tooltipValueGetter: (value) => String(value || 'SYSTEM'),
+       valueClassName: 'operational-grid-text font-bold text-blue-400 uppercase',
+       hide: hiddenColumns.includes('created_by_user_id'),
+     }),
+     createOperationalActionColumnDefinition({
+       width: OPERATIONAL_GRID_WIDTHS.standardAction,
+       renderActions: (row: any) => renderOperationalActionButtons([
+         <button key="detail" onClick={() => { if (!row?.id) return; openFarDossier(Number(row.id)) }} title="Matrix Detail" className="text-blue-400 hover:text-blue-200 transition-all"><Eye size={14}/></button>,
+         ...(row?.is_deleted ? [
+           <button
+             key="restore"
+             onClick={() => row?.id && requestBulkPreview({ action: 'restore', ids: [row.id] })}
+             title="Restore failure vector"
+             className="text-emerald-400 hover:text-emerald-200 transition-all"
+           ><Undo2 size={14}/></button>,
+         ] : [
+           <button
+             key="edit"
+             onClick={() => { if (!row?.id) return; setSelectedModeId(row.id); setShowWizard(true) }}
+             title="Edit Matrix"
+             className="text-amber-400 hover:text-amber-200 transition-all"
+           ><Edit2 size={14}/></button>,
+           <button
+             key="retire"
+             onClick={() => row?.id && requestBulkPreview({ action: 'archive', ids: [row.id] })}
+             title="Retire failure vector"
+             className="text-rose-400 hover:text-rose-200 transition-all"
+           ><Trash2 size={14}/></button>,
+         ]),
+       ]),
+     })
+   ], [farDefaultWidths, fontSize, hiddenColumns, openFarDossier, operatorIntelligence.utilityColumnsConfig, requestBulkPreview]) as any
+
+   // Advanced Metrics Calculation
+   const metrics = useMemo(() => {
+     const activeModes = filteredModes || []
+     const totalRPN = activeModes.reduce((acc: number, m: any) => acc + (m.rpn || 0), 0)
+     const avgRPN = activeModes.length ? totalRPN / activeModes.length : 0
+     const sri = Math.max(0, Math.round(100 * (1 - avgRPN / 500))) 
+     
+     const maturityDist = activeModes.reduce((acc: any, mode: any) => {
+       const lv = getFarMaturityLevel(mode);
+       acc[lv] = (acc[lv] || 0) + 1;
+       return acc;
+     }, {} as Record<number, number>);
+
+     const mitigated = activeModes.filter((m: any) => (m.mitigations?.length || 0) > 0).length
+     const mitRatio = activeModes.length ? Math.round((mitigated / activeModes.length) * 100) : 0
+     const totalAssets = activeModes.reduce((acc: number, m: any) => acc + (m.affected_assets?.length || 0), 0)
+     const riskDensity = totalAssets ? (totalRPN / totalAssets).toFixed(1) : '0.0'
+     return { sri, mitRatio, riskDensity, avgRPN: Math.round(avgRPN), maturityDist }
+   }, [filteredModes])
+
+   const goldenWorkspace = useFARGoldenWorkspaceControls({
+     gridRef,
+     modes: lifecycleModes,
+     selectedIds: lifecycleScope === 'active' ? selectedIds : [],
+     readOnly: lifecycleScope === 'archived',
+     lifecycleScope,
+     restorationDossier,
+     onLifecycleScopeChange: restoreFarLifecycleScope,
+     fontSize,
+     setFontSize,
+     rowDensity,
+     setRowDensity,
+     hiddenColumns,
+     setHiddenColumns,
+     searchTerm,
+     setSearchTerm,
+     groupBy,
+     setGroupBy,
+     quickFilters,
+     setQuickFilters,
+     showFilterBar,
+     setShowFilterBar,
+     showInsights,
+     setShowInsights,
+     columnDefs,
+     onExport: handleExportCSV,
+     onRoundTripExport: handleExportRoundTrip,
+     onCopySelected: handleCopyToClipboard,
+     onImport: () => openFarOperatorSurface('import'),
+     onRetireSelected: (ids) => requestBulkPreview(ids?.length ? { action: 'archive', ids } : { action: 'archive' }),
+     onBulkScoreSelected: (field: FarBulkScoreField, value: number) => requestBulkPreview({
+       action: 'update',
+       payload: { [field]: value },
+     }),
+     onAdd: () => { setSelectedModeId(null); setShowWizard(true) },
+     onSettings: () => setShowConfig(true),
+     onRpnHelp: () => setShowRpnHelp(true),
+     onOpenDetailTab: (id, tab) => openFarDossier(id, tab),
+     onOpenIncidents: (rcas) => setIncidentListModal({ show: true, rcas }),
+     onEdit: (id) => { setSelectedModeId(id); setShowWizard(true) },
+   })
+
+   useEffect(() => {
+     if (!goldenWorkspace.workingStateReady || deepLinkResolution.kind !== 'resolved' || !gridRef.current?.api) return
+     const targetId = deepLinkResolution.targetId
+     requestAnimationFrame(() => {
+       gridRef.current?.api?.forEachNode?.((node: any) => {
+         if (Number(node?.data?.id) !== targetId) return
+         node.setSelected?.(true)
+         gridRef.current?.api?.ensureNodeVisible?.(node, 'middle')
+       })
+     })
+   }, [deepLinkResolution, goldenWorkspace.workingStateReady])
+
+   return (
+     <OperationalWorkspaceShell
+       archetype="analytical"
+       workspace="far"
+       floatingPanels={goldenWorkspace.floatingPanels}
+       header={{
+         eyebrow: 'Analysis',
+         title: (
+           <div className="flex items-center gap-3">
+             <Target size={22} className="text-rose-500" />
+             <span>Failure Matrix</span>
+           </div>
+         ),
+         subtitle: 'Reliability Knowledge Engine // FMEA Studio',
+         actions: (
+           <div className="flex items-center gap-2">
+             {modesError && (
+               <DataStatusPill
+                 status="error"
+                 errorDetail={farRegistryDiagnosticDetail}
+                 onClick={() => openFarOperatorSurface('diagnostics')}
+               />
+             )}
+             <HeaderScopeSwitch
+               label="Registry Scope"
+               summary={`${lifecycleCounts.active} active · ${lifecycleCounts.archived} archived`}
+               value={lifecycleScope}
+               onChange={(next) => transitionFarLifecycleScope(next as FarLifecycleScope)}
+               options={[
+                 { label: 'Active', value: 'active' },
+                 { label: 'Archived', value: 'archived' },
+               ]}
+             />
+           </div>
+         ),
+       }}
+       toolbarSearch={(
+         <ToolbarSearch value={searchTerm} onChange={(event) => setSearchTerm(event.target.value)} placeholder="Scan risk vectors..." />
+       )}
+       toolbarControls={(
+         <>
+           {goldenWorkspace.toolbarControls}
+           {lifecycleScope === 'archived' && selectedIds.length > 0 && (
+             <ToolbarGroup>
+               <ToolbarButton
+                 onClick={() => requestBulkPreview({ action: 'restore' })}
+                 title="Restore selected archived failure vectors"
+               >
+                 <Undo2 size={14} /> Restore ({selectedIds.length})
+               </ToolbarButton>
+             </ToolbarGroup>
+           )}
+           <ToolbarGroup>
+             <ToolbarButton
+               active={operatorIntelligence.isIntelligenceExpanded}
+               onClick={() => operatorIntelligence.setIsIntelligenceExpanded((current) => !current)}
+               title={operatorIntelligence.isIntelligenceExpanded ? 'Hide activity columns' : 'Show activity columns'}
+             >
+               <Activity size={14} /> Signals
+             </ToolbarButton>
+           </ToolbarGroup>
+         </>
+       )}
+       toolbarActions={(
+         goldenWorkspace.toolbarActions
+       )}
+       filterChips={goldenWorkspace.filterChips}
+       secondaryToolbar={showFilterBar ? (
+         <FARFilterBar
+           quickFilters={quickFilters}
+           setQuickFilters={setQuickFilters}
+           systems={availableSystems}
+           failureTypes={availableFailureTypes}
+           statuses={availableStatuses}
+         />
+       ) : null}
+     >
+       <AnimatePresence>
+         {showStyleLab && (
+           <motion.div initial={{ height: 0, opacity: 0 }} animate={{ height: 'auto', opacity: 1 }} exit={{ height: 0, opacity: 0 }} className="shrink-0 overflow-hidden">
+             <div className="bg-rose-600/10 border border-rose-500/20 rounded-lg p-4 flex items-center justify-between backdrop-blur-md">
+                <div className="flex items-center space-x-12">
+                   <div className="flex items-center space-x-3">
+                      <Activity size={16} className="text-rose-400" />
+                      <span className="text-[10px] font-bold uppercase tracking-widest text-rose-400">Display Density</span>
+                   </div>
+                   <div className="flex items-center space-x-6">
+                      <div className="flex items-center space-x-4"><span className="text-[9px] font-bold text-slate-500 uppercase">Font Size</span><div className="flex items-center space-x-2"><input type="range" min="8" max="14" step="1" value={fontSize} onChange={e => setFontSize(Number(e.target.value))} className="w-32 accent-rose-500 h-1.5 bg-slate-800 rounded-lg appearance-none cursor-pointer"/><span className="text-[10px] text-white w-4 font-bold">{fontSize}px</span></div></div>
+                      <div className="flex items-center space-x-4 border-l border-white/10 pl-6"><span className="text-[9px] font-bold text-slate-500 uppercase">Row Density</span><div className="flex items-center space-x-2"><input type="range" min="4" max="24" step="2" value={rowDensity} onChange={e => setRowDensity(Number(e.target.value))} className="w-32 accent-rose-500 h-1.5 bg-slate-800 rounded-lg appearance-none cursor-pointer"/><span className="text-[10px] text-white w-4 font-bold">{rowDensity}px</span></div></div>
+                   </div>
+                </div>
+                <button onClick={() => setShowStyleLab(false)} className="text-slate-500 hover:text-white transition-colors"><X size={16}/></button>
+             </div>
+           </motion.div>
+         )}
+       </AnimatePresence>
+
+       <AnimatePresence>
+         {showInsights && (
+           <motion.div initial={{ height: 0, opacity: 0 }} animate={{ height: 'auto', opacity: 1 }} exit={{ height: 0, opacity: 0 }} className="shrink-0 overflow-hidden">
+             <div className="glass-panel rounded-lg border border-white/5 bg-[#0a0c14]/40 p-4 space-y-4">
+               <div className="flex flex-wrap justify-center gap-4">
+                 <StatCard id="SRI" label="Reliability Index" value={metrics.sri} suffix="/100" color={metrics.sri > 70 ? "emerald" : "rose"} onHelp={() => setActiveMetricHelp("SRI")} />
+                 <StatCard id="RiskDensity" label="Risk Density" value={metrics.riskDensity} suffix="RPN/ASSET" color="amber" onHelp={() => setActiveMetricHelp("RiskDensity")} />
+                 <StatCard id="MitigationRatio" label="Mitigation Ratio" value={metrics.mitRatio} suffix="%" color="sky" onHelp={() => setActiveMetricHelp("MitigationRatio")} />
+                 <StatCard id="AvgSeverity" label="Avg Severity" value={metrics.avgRPN} suffix="AVG RPN" color="rose" onHelp={() => setActiveMetricHelp("AvgSeverity")} />
+               </div>
+               <div className="flex items-center justify-between rounded-lg border border-white/5 bg-white/[0.02] px-4 py-2">
+                 <div className="flex items-center gap-2">
+                   <ShieldAlert size={14} className="text-rose-500" />
+                   <h3 className="text-[10px] font-bold uppercase tracking-widest text-white">Failure Inventory Maturity Profile</h3>
+                 </div>
+                 <div className="flex items-center gap-3">
+                   <div className="flex items-end gap-1 h-8">
+                     {FAR_MATURITY_LEVELS.slice().reverse().map((ml: any) => {
+                       const count = (metrics as any).maturityDist[ml.lv] || 0
+                       const pct = filteredModes?.length ? (count / filteredModes.length) * 100 : 0
+                       return (
+                         <div key={ml.lv} className="w-4 h-full relative group cursor-help">
+                           <div className={`w-full rounded-lg transition-all ${ml.color} ${count === 0 ? 'opacity-5' : 'opacity-40 group-hover:opacity-100'}`} style={{ height: `${Math.max(10, pct)}%` }} />
+                           <div className="absolute -top-8 left-1/2 -translate-x-1/2 opacity-0 group-hover:opacity-100 transition-opacity pointer-events-none z-[100] whitespace-nowrap bg-black border border-white/10 px-2 py-1 rounded-lg text-[8px] font-bold uppercase tracking-widest">
+                             {ml.label}: {count}
+                           </div>
+                         </div>
+                       )
+                     })}
+                   </div>
+                   <div className="w-px h-4 bg-white/10 mx-2" />
+                   <button onClick={() => setShowMaturityHelp(true)} className="p-1 text-slate-500 hover:text-white transition-colors" title="Maturity Level Definitions"><HelpCircle size={14} /></button>
+                 </div>
+               </div>
+             </div>
+           </motion.div>
+         )}
+       </AnimatePresence>
+
+       {goldenWorkspace.activityPanel}
+       {goldenWorkspace.compareModal}
+
+       <div className="relative flex min-h-0 flex-1 flex-col">
+         <FAROperationalGridView
+           gridRef={gridRef}
+           rows={displayedModes}
+           groupBy={groupBy}
+           selectionScopeKey={selectionScopeKey}
+           selectedIds={selectedIds}
+           setSelectedIds={setSelectedIds}
+           columnDefs={columnDefs as any}
+           runtime={goldenWorkspace.gridRuntime}
+           rowInteractions={operatorIntelligence.rowInteractions}
+           contextMenu={lifecycleScope === 'active' ? goldenWorkspace.contextMenu : undefined}
+           gridContext={operatorIntelligence.gridContext}
+           getRowClass={operatorIntelligence.getRowClass}
+           fontSize={fontSize}
+           rowDensity={rowDensity}
+           loading={modesLoading || !goldenWorkspace.workingStateReady}
+           loadingIcon={<RefreshCcw size={28} className="animate-spin text-rose-400" />}
+           loadingLabel={<p className="text-[10px] font-semibold text-rose-300">Loading failure analysis registry...</p>}
+           dataState={getFarGridDataState({
+             modesError,
+             modesLoading,
+             filteredModeCount: filteredModes.length,
+             lifecycleScope,
+             deepLinkNotice,
+           })}
+         />
+         <AnimatePresence>
+           {showColumnPicker && (
+             <motion.div initial={{ opacity: 0, x: 20 }} animate={{ opacity: 1, x: 0 }} exit={{ opacity: 0, x: 20 }} className="absolute top-0 right-0 bottom-0 w-64 bg-slate-950/90 backdrop-blur-xl border-l border-white/10 z-[60] flex flex-col shadow-2xl">
+               <div className="p-6 border-b border-white/5 flex items-center justify-between"><h3 className="text-xs font-bold uppercase tracking-widest text-rose-400 flex items-center space-x-2"><Sliders size={14} /> <span>Columns</span></h3><button onClick={() => setShowColumnPicker(false)} className="text-slate-500 hover:text-white"><X size={18}/></button></div>
+               <div className="flex-1 overflow-y-auto custom-scrollbar p-4 space-y-1">
+                 {columnDefs.filter((c: any) => (c.field || c.colId) && !c.lockVisible).map((col: any) => (
+                   <label key={col.field || col.colId} className="flex items-center space-x-3 p-2 rounded-lg hover:bg-white/5 cursor-pointer group transition-all">
+                     <input type="checkbox" checked={!hiddenColumns.includes(col.field || col.colId)} onChange={() => setHiddenColumns(prev => prev.includes(col.field || col.colId) ? prev.filter(f => f !== (col.field || col.colId)) : [...prev, col.field || col.colId])} className="sr-only" />
+                     <div className={`w-4 h-4 rounded-lg border transition-all ${!hiddenColumns.includes(col.field || col.colId) ? 'bg-rose-600 border-rose-500 shadow-lg shadow-rose-500/20' : 'border-white/10 bg-black/40 group-hover:border-white/20'}`}>{!hiddenColumns.includes(col.field || col.colId) && <Check size={12} className="text-white mx-auto" />}</div>
+                     <span className={`text-[10px] font-bold uppercase tracking-widest ${!hiddenColumns.includes(col.field || col.colId) ? 'text-slate-200' : 'text-slate-500'}`}>{col.headerName || col.field || col.colId}</span>
+                   </label>
+                 ))}
+               </div>
+             </motion.div>
+           )}
+         </AnimatePresence>
+       </div>
+
+       <AnimatePresence>
+           {selectedModeId && selectedMode && (
+             <FailureDetailView
+               mode={selectedMode}
+               initialTab={selectedDetailTab}
+               onTabChange={(tab) => {
+                 setSelectedDetailTab(tab)
+                 syncFarDossierLink(Number(selectedMode.id), tab)
+               }}
+               onClose={() => closeFarDossier()}
+               onUpdate={(type: string) => {
+                 if (type === 'edit') {
+                   setShowWizard(true);
+                 } else {
+                   queryClient.invalidateQueries({ queryKey: ['far', 'modes'] });
+                 }
+               }}
+               onRestore={() => {
+                 closeFarDossier(true)
+                 requestBulkPreview({ action: 'restore', ids: [Number(selectedMode.id)] })
+               }}
+               setBkmGuidanceModal={setBkmGuidanceModal}
+               setResolutionManagerModal={setResolutionManagerModal}
+             />
+           )}
+       </AnimatePresence>
+
+       <AnimatePresence>
+         {incidentListModal.show && (
+           <div className="fixed inset-0 z-[300] flex items-center justify-center bg-black/80 backdrop-blur-md p-10">
+             <motion.div initial={{ scale: 0.9, opacity: 0 }} animate={{ scale: 1, opacity: 1 }} className="glass-panel w-full max-w-4xl p-8 rounded-lg border border-purple-500/30 space-y-6 flex flex-col max-h-[90vh]">
+               <div className="flex items-center justify-between border-b border-white/5 pb-4">
+                 <h2 className="text-xl font-bold uppercase tracking-tighter text-purple-400 flex items-center space-x-3">
+                    <ShieldAlert size={24}/> <span>Linked Incident Forensic Registry</span>
+                 </h2>
+                 <button onClick={() => setIncidentListModal({ show: false, rcas: [] })} className="text-slate-500 hover:text-white transition-colors"><X size={24}/></button>
+               </div>
+               
+               <div className="flex-1 overflow-y-auto custom-scrollbar">
+                 <table className="w-full text-left border-collapse">
+                    <thead className="sticky top-0 bg-slate-900 border-b border-white/10 z-10">
+                       <tr className="text-[10px] font-bold uppercase tracking-widest text-slate-500">
+                          <th className="py-3 px-4 w-12 text-center text-blue-400">#</th>
+                          <th className="py-3 px-4 w-16">ID</th>
+                          <th className="py-3 px-4">Incident Title</th>
+                          <th className="py-3 px-4 w-40">Occurrence Datetime</th>
+                          <th className="py-3 px-4 w-32">Lead Owner</th>
+                          <th className="py-3 px-4 w-24 text-center">Status</th>
+                       </tr>
+                    </thead>
+                    <tbody className="divide-y divide-white/5">
+                       {incidentListModal.rcas.map((r: any, idx: number) => (
+                         <tr 
+                           key={r.id}
+                           onClick={() => {
+                             setSelectedRcaDetail(r);
+                             setIncidentListModal({ show: false, rcas: [] });
+                           }}
+                           className="group cursor-pointer hover:bg-purple-500/5 transition-colors"
+                         >
+                           <td className="py-4 px-4 text-center text-[10px] font-bold text-slate-600 group-hover:text-blue-400">{idx + 1}</td>
+                           <td className="py-4 px-4 text-[10px] font-bold text-slate-500 uppercase tracking-tighter">RCA-{r.id}</td>
+                           <td className="py-4 px-4">
+                              <div className="text-[11px] font-bold text-slate-200 uppercase group-hover:text-white transition-colors leading-tight">{r.title}</div>
+                           </td>
+                           <td className="py-4 px-4 text-[10px] font-bold text-slate-400 uppercase tracking-tight">
+                              {r.occurrence_at ? formatAppDate(r.occurrence_at, {month:'short', day:'numeric', hour:'2-digit', minute:'2-digit'}) : 'N/A'}
+                           </td>
+                           <td className="py-4 px-4">
+                              <div className="text-[10px] font-bold text-blue-400/70 group-hover:text-blue-400 uppercase tracking-widest truncate max-w-[120px]">
+                                 {r.owners?.[0] || r.owner || 'N/A'}
+                              </div>
+                           </td>
+                           <td className="py-4 px-4">
+                              <div className="flex justify-center">
+                                 <span className={`text-[9px] font-bold uppercase px-2 py-0.5 rounded-lg border ${
+                                    r.status === 'RESOLVED' || r.status === 'CLOSED' ? 'text-emerald-400 border-emerald-500/30 bg-emerald-500/10' : 'text-purple-400 border-purple-500/30 bg-purple-500/10'
+                                 }`}>{r.status}</span>
+                              </div>
+                           </td>
+                         </tr>
+                       ))}
+                    </tbody>
+                 </table>
+               </div>
+               <button onClick={() => setIncidentListModal({ show: false, rcas: [] })} className="w-full py-3.5 bg-white/5 border border-white/10 text-slate-400 hover:text-white hover:bg-white/10 rounded-lg text-[10px] font-bold uppercase tracking-[0.2em] transition-all">Dismiss Registry View</button>
+             </motion.div>
+           </div>
+         )}
+       </AnimatePresence>
+
+       <AnimatePresence>
+         {selectedRcaDetail && (
+           <EnhancedRcaDetails 
+             item={selectedRcaDetail} 
+             devices={[]} // We can pass an empty array or fetch devices if needed
+             options={options}
+             failureModes={modes}
+             onClose={() => setSelectedRcaDetail(null)} 
+             onSave={() => {
+               setSelectedRcaDetail(null);
+               queryClient.invalidateQueries({ queryKey: ['far', 'modes'] });
+             }}
+             fontSize={fontSize}
+             rowDensity={rowDensity}
+           />
+         )}
+       </AnimatePresence>
+
+       <AnimatePresence>
+         {showMaturityHelp && (
+           <div className="fixed inset-0 z-[200] flex items-center justify-center bg-black/80 backdrop-blur-md p-10">
+              <motion.div initial={{ scale: 0.9, opacity: 0 }} animate={{ scale: 1, opacity: 1 }} className="glass-panel w-full max-w-2xl rounded-lg border border-white/10 bg-slate-900 overflow-hidden shadow-2xl">
+                 <div className="p-8 border-b border-white/5 flex items-center justify-between">
+                    <h2 className="text-xl font-bold uppercase tracking-widest text-white ">Maturity Matrix Glossary</h2>
+                    <button onClick={() => setShowMaturityHelp(false)} className="text-slate-500 hover:text-white transition-colors"><X size={24}/></button>
+                 </div>
+                 <div className="p-4 space-y-2 max-h-[70vh] overflow-y-auto custom-scrollbar">
+                    <table className="w-full text-xs">
+                       <thead className="bg-white/5 border-b border-white/5">
+                          <tr>
+                             <th className="px-4 py-2 text-center font-bold uppercase tracking-widest text-slate-500">Lv</th>
+                             <th className="px-4 py-2 text-left font-bold uppercase tracking-widest text-slate-500">Status Title</th>
+                             <th className="px-4 py-2 text-left font-bold uppercase tracking-widest text-slate-500">Architecture Definition</th>
+                          </tr>
+                       </thead>
+                       <tbody className="divide-y divide-white/5">
+                          {[...FAR_MATURITY_LEVELS].reverse().map(ml => (
+                            <tr key={ml.lv} className="hover:bg-white/5 transition-colors">
+                               <td className="px-4 py-3 text-center"><span className={`px-2 py-1 rounded-lg font-bold text-white shadow-lg ${ml.color}`}>{ml.lv}</span></td>
+                               <td className="px-4 py-3 font-bold text-white uppercase ">{ml.label}</td>
+                               <td className="px-4 py-3 text-slate-400 font-bold tracking-tight">{ml.tooltip}</td>
+                            </tr>
+                          ))}
+                       </tbody>
+                    </table>
+                 </div>
+              </motion.div>
+           </div>
+         )}
+
+         {showRpnHelp && (
+           <RpnDefinitionModal onClose={() => setShowRpnHelp(false)} />
+         )}
+       </AnimatePresence>
+
+       <MetricHelpModal metric={activeMetricHelp} onClose={() => setActiveMetricHelp(null)} />
+
+       <DataDiagnosticModal
+         isOpen={operatorLoopSession?.surface === 'diagnostics'}
+         onClose={() => closeFarOperatorSurface('diagnostics')}
+         errorDetail={farRegistryDiagnosticDetail}
+       />
+
+       <ConfigRegistryModal isOpen={showConfig} onClose={() => setShowConfig(false)} title="Reliability Matrix Registry" sections={[{ title: "Systems", category: "LogicalSystem", icon: LayoutGrid }, { title: "Risk Cats", category: "RiskCategory", icon: Target }, { title: "Teams", category: "BusinessUnit", icon: User }]} />
+       <OperationalImportModal
+         isOpen={operatorLoopSession?.surface === 'import'}
+         onClose={() => closeFarOperatorSurface('import')}
+         tableName={FAR_IMPORT_PROFILE}
+         displayName="Failure Modes & Risk Matrix"
+       />
+
+       <FARAuthoringModal
+         isOpen={showWizard}
+         initialData={selectedMode}
+         onClose={() => setShowWizard(false)}
+         onComplete={() => {
+           setShowWizard(false)
+           queryClient.invalidateQueries({ queryKey: ['far', 'modes'] })
+         }}
+       />
+
+       <OperationalBulkPreviewModal
+         isOpen={Boolean(bulkOperationPreview)}
+         workspaceLabel="FAR"
+         actionLabel={
+           bulkOperationPreview?.action === 'update'
+             ? bulkOperationPreview.actionLabel
+             : bulkOperationPreview?.action === 'restore'
+               ? 'Restore failure vectors'
+               : 'Retire failure vectors'
+         }
+         preview={bulkOperationPreview?.preview || null}
+         previewBasis="workspace-snapshot"
+         result={bulkOperationPreview?.result || null}
+         isExecuting={bulkMutation.isPending}
+         onClose={() => setBulkOperationPreview(null)}
+         onConfirm={() => bulkOperationPreview && bulkMutation.mutate({
+           action: bulkOperationPreview.action,
+           ids: bulkOperationPreview.ids,
+           payload: bulkOperationPreview.payload,
+         })}
+       />
+
+       <AnimatePresence>
+         {bkmGuidanceModal.show && bkmGuidanceModal.cause && (
+           <BkmGuidanceModal 
+             cause={bkmGuidanceModal.cause} 
+             onClose={() => setBkmGuidanceModal({ show: false, cause: null })} 
+           />
+         )}
+       </AnimatePresence>
+
+       <AnimatePresence>
+         {resolutionManagerModal.show && resolutionManagerModal.cause && (
+           <ResolutionManagerModal 
+             isOpen={resolutionManagerModal.show}
+             cause={resolutionManagerModal.cause}
+             modeId={selectedModeId}
+             modeVersion={selectedMode?.version}
+             onClose={() => setResolutionManagerModal({ show: false, cause: null })}
+             onSave={() => queryClient.invalidateQueries({ queryKey: ['far', 'modes'] })}
+           />
+         )}
+       </AnimatePresence>
+     </OperationalWorkspaceShell>
+   )
+ }
+
+ function BkmGuidanceModal({ cause, onClose }: { cause: any, onClose: () => void }) {
+   const navigate = useNavigate()
+   return (
+     <div className="fixed inset-0 z-[300] flex items-center justify-center bg-black/80 backdrop-blur-md p-6">
+       <motion.div initial={{ scale: 0.9, opacity: 0 }} animate={{ scale: 1, opacity: 1 }} className="glass-panel w-full max-w-4xl p-8 rounded-lg border border-emerald-500/30 space-y-6 flex flex-col max-h-[85vh] shadow-[0_0_50px_rgba(16,185,129,0.1)]">
+         <div className="flex items-center justify-between border-b border-white/5 pb-6">
+           <div className="flex items-center gap-4">
+              <div className="p-3 bg-emerald-500/10 rounded-lg border border-emerald-500/20 text-emerald-400">
+                 <ShieldCheck size={28}/>
+              </div>
+              <div>
+                 <h2 className="text-2xl font-black uppercase tracking-tighter text-emerald-400 flex items-center space-x-3">
+                    <span>Operational Guidance Registry</span>
+                 </h2>
+                 <p className="text-[10px] font-bold text-slate-500 uppercase tracking-[0.2em] mt-1">Forensic Lineage // {cause.cause_text}</p>
+              </div>
+           </div>
+           <button onClick={onClose} className="p-2 bg-white/5 hover:bg-white/10 rounded-lg text-slate-500 hover:text-white transition-all"><X size={24}/></button>
+         </div>
+         
+         <div className="flex-1 overflow-y-auto custom-scrollbar pr-2">
+           <div className="space-y-4">
+             {(cause.resolutions || []).map((res: any, idx: number) => (
+               <div key={res.id} className="bg-white/5 border border-white/5 rounded-lg overflow-hidden group hover:border-emerald-500/30 transition-all shadow-xl">
+                  <div className="px-6 py-4 bg-white/[0.02] border-b border-white/5 flex items-center justify-between">
+                     <div className="flex items-center gap-4">
+                        <span className="text-xl font-black text-slate-700">{idx + 1}</span>
+                        <div>
+                           <p className="text-[11px] font-black text-emerald-400 uppercase tracking-widest leading-none">
+                              {res.knowledge_bkm?.title || 'UNNAMED_BKM_ARTIFACT'}
+                           </p>
+                           <div className="flex items-center gap-3 mt-1.5">
+                              <div className="flex items-center gap-1.5">
+                                 <Clock size={10} className="text-slate-500" />
+                                 <span className="text-[9px] font-bold text-slate-500 uppercase tracking-tight">
+                                    Logged {formatAppDate(res.created_at)}
+                                 </span>
+                              </div>
+                              <div className="w-px h-2 bg-white/10" />
+                              <div className="flex items-center gap-1.5">
+                                 <User size={10} className="text-slate-500" />
+                                 <span className="text-[9px] font-bold text-slate-500 uppercase tracking-tight">
+                                    {res.responsible_team || 'SYSTEM_OPS'}
+                                 </span>
+                              </div>
+                           </div>
+                        </div>
+                     </div>
+                     <button 
+                       onClick={() => navigate(`/knowledge?id=${res.knowledge_id}`)}
+                       className="flex items-center gap-2 px-4 py-2 bg-emerald-600/10 border border-emerald-500/20 rounded-lg text-[10px] font-black text-emerald-400 uppercase tracking-widest hover:bg-emerald-600 hover:text-white transition-all shadow-lg group-hover:scale-105"
+                     >
+                        <Zap size={12} />
+                        Jump to BKM
+                     </button>
+                  </div>
+                  <div className="p-6 space-y-4">
+                     <div className="space-y-2">
+                        <p className="text-[9px] font-black text-slate-500 uppercase tracking-widest leading-none">Operational Context & Guidance</p>
+                        <div className="bg-black/40 border border-white/5 rounded-lg p-4 text-[13px] text-slate-300 font-bold uppercase leading-relaxed tracking-tight shadow-inner">
+                           {res.guidance_notes || res.preventive_follow_up || 'NO OPERATIONAL GUIDANCE PROVIDED FOR THIS RESOLUTION VECTOR.'}
+                        </div>
+                     </div>
+                  </div>
+               </div>
+             ))}
+             {(!cause.resolutions || cause.resolutions.length === 0) && (
+               <div className="py-20 flex flex-col items-center justify-center opacity-20 space-y-4">
+                  <Shield size={48} className="text-slate-500" />
+                  <WorkspaceEmptyState title="No guidance protocols found" description="No standard operating procedures are linked." />
+               </div>
+             )}
+           </div>
+         </div>
+
+         <div className="pt-4">
+            <button onClick={onClose} className="w-full py-4 bg-white/5 border border-white/10 text-slate-400 hover:text-white hover:bg-white/10 rounded-lg text-[10px] font-black uppercase tracking-[0.2em] transition-all">Dismiss Guidance Registry</button>
+         </div>
+       </motion.div>
+     </div>
+   )
+ }
+
+ function StatCard({ id, label, value, suffix, color, onHelp }: any) {
+   const bgColors: any = { emerald: 'bg-emerald-500/5', rose: 'bg-rose-500/5', amber: 'bg-amber-500/5', sky: 'bg-sky-500/5' }
+   const textColors: any = { emerald: 'text-emerald-400', rose: 'text-rose-400', amber: 'text-amber-400', sky: 'text-sky-400' }
+   return (
+     <div className={`glass-panel p-4 rounded-lg border-white/5 ${bgColors[color]} flex flex-col justify-between group overflow-hidden relative min-h-[90px] w-64`}>
+       <div className="flex items-center justify-between relative z-10">
+          <p className="text-xs font-bold uppercase tracking-widest text-slate-500">{label}</p>
+          <button onClick={onHelp} className="p-1 text-slate-600 hover:text-white transition-colors"><HelpCircle size={12}/></button>
+       </div>
+       <div className="flex items-baseline gap-1 relative z-10 leading-none mt-2">
+          <h4 className={`text-2xl font-bold tracking-tighter  ${textColors[color]}`}>{value}</h4>
+          <span className="text-[9px] font-bold text-slate-600 uppercase  tracking-tighter">{suffix}</span>
+       </div>
+     </div>
+   )
+ }
+
+ function FailureDetailView({ mode, initialTab, onTabChange, onClose, onUpdate, onRestore, setBkmGuidanceModal, setResolutionManagerModal }: { mode: any, initialTab: FarDossierTab, onTabChange: (tab: FarDossierTab) => void, onClose: () => void, onUpdate: (type: string) => void, onRestore: () => void, setBkmGuidanceModal: any, setResolutionManagerModal: any }) {
+   const [activeTab, setActiveTab] = useState<FarDossierTab>(initialTab)
+   const [showAllAssets, setShowAllAssets] = useState(false)
+   const queryClient = useQueryClient()
+
+   useEffect(() => {
+     setActiveTab(initialTab)
+   }, [initialTab, mode.id])
+   
+   const { data: allModes } = useQuery({ 
+     queryKey: ['far', 'modes'], 
+     queryFn: async () => (await apiFetch('/api/v1/far/modes?include_deleted=true')).json()
+   })
+
+   const systemRank = useMemo(() => {
+     if (!allModes) return 0;
+     const sameSystem = allModes
+       .filter((m: any) => m.system_name === mode.system_name && Boolean(m.is_deleted) === Boolean(mode.is_deleted))
+       .sort((a: any, b: any) => b.rpn - a.rpn);
+     return sameSystem.findIndex((m: any) => m.id === mode.id) + 1;
+   }, [allModes, mode.id, mode.system_name]);
+
+   const humanSummary = useMemo(() => {
+     if (mode.rpn > 150) return "This is a high-criticality risk with significant operational exposure. Immediate mitigation is prioritized.";
+     if (mode.rpn > 80) return "This failure mode represents a moderate operational risk. Standard monitoring is recommended.";
+     return "This is a low-impact failure mode with established containment vectors.";
+   }, [mode.rpn]);
+
+   return (
+     <FARDossierShell
+       mode={mode}
+       systemRank={systemRank}
+       humanSummary={humanSummary}
+       onClose={onClose}
+       onEdit={() => onUpdate('edit')}
+       onRestore={onRestore}
+     >
+          {/* HEADER SECTION */}
+          <div className="px-8 py-6 border-b border-white/5 bg-white/[0.02] flex flex-col shrink-0 relative overflow-hidden">
+             <div className="absolute top-0 right-0 w-96 h-96 bg-rose-600/5 blur-[100px] -translate-y-1/2 translate-x-1/2 pointer-events-none" />
+             
+             <div className="flex items-start justify-between relative z-10">
+               <div className="space-y-3 flex-1">
+                   <div className="flex items-center gap-3">
+                       <div className="px-2 py-0.5 rounded-lg bg-rose-600/10 border border-rose-500/20 text-[9px] font-bold text-rose-500  uppercase">VECTOR_{mode.id}</div>
+                       <div className="px-2 py-0.5 rounded-lg bg-white/5 border border-white/10 text-[9px] font-bold text-slate-400  uppercase tracking-widest">{mode.system_name}</div>
+                       <div className="px-2 py-0.5 rounded-lg bg-blue-600/10 border border-blue-500/20 text-[9px] font-bold text-blue-400  uppercase tracking-widest">RANK #{systemRank}</div>
+                       {mode.is_deleted && <div className="px-2 py-0.5 rounded-lg bg-slate-700/40 border border-white/10 text-[9px] font-bold text-slate-300 uppercase tracking-widest">Archived</div>}
+                   </div>
+                   <h2 className="text-3xl font-bold text-white  tracking-tighter leading-none uppercase">{mode.title}</h2>
+                   <p className="text-xs text-rose-400 italic font-medium lowercase tracking-normal mt-1">"{humanSummary}"</p>
+               </div>
+
+               <div className="flex items-center gap-4">
+                   <div className="flex gap-1.5 bg-black/40 p-1.5 rounded-lg border border-white/5 shadow-xl">
+                       <HeaderScore label="S" value={mode.severity} color="rose" />
+                       <HeaderScore label="O" value={mode.occurrence} color="amber" />
+                       <HeaderScore label="D" value={mode.detection} color="sky" />
+                   </div>
+                   
+                   <div className="text-right flex flex-col items-end">
+                       <p className="text-[8px] font-bold text-slate-500 uppercase tracking-widest mb-0.5 ">Risk Priority</p>
+                       <div className="flex items-baseline gap-1 leading-none">
+                          <p className={`text-4xl font-bold tracking-tighter ${mode.rpn > 150 ? 'text-rose-500 drop-shadow-[0_0_10px_rgba(244,63,94,0.3)]' : 'text-white'}`}>{mode.rpn}</p>
+                          <p className="text-[8px] font-bold text-slate-500  uppercase">RPN</p>
+                       </div>
+                   </div>
+               </div>
+             </div>
+
+             {/* EFFECT & IMPACTS ON OWN ROW */}
+             <div className="mt-4 flex flex-col space-y-3 relative z-10">
+                <div className="bg-rose-500/5 border border-rose-500/10 rounded-lg px-4 py-2 flex items-center gap-3">
+                   <p className="text-[9px] text-rose-500 font-bold uppercase tracking-widest shrink-0">Effect Forensics:</p>
+                   <p className="text-[11px] text-slate-200 font-bold uppercase  tracking-tight leading-none truncate">{mode.effect || 'NULL_EFFECT_STATEMENT'}</p>
+                </div>
+
+                <div className="flex flex-wrap items-center gap-2">
+                   <span className="text-[9px] text-slate-500 font-bold mr-2 uppercase tracking-widest">Affected Infrastructure:</span>
+                   {mode.affected_assets?.slice(0, showAllAssets ? undefined : 3).map((a: any) => (
+                     <div key={a.id} className="flex items-center gap-2 px-2 py-0.5 bg-white/5 border border-white/10 rounded-lg text-[9px] font-bold text-slate-400 ">
+                        <Server size={10} className="text-rose-500" /> {a.name}
+                     </div>
+                   ))}
+                   {mode.affected_assets?.length > 3 && (
+                     <button onClick={() => setShowAllAssets(!showAllAssets)} className="px-2 py-0.5 bg-rose-600/10 border border-rose-500/20 rounded-lg text-[9px] font-bold text-rose-500  hover:bg-rose-600/20 transition-all">
+                        {showAllAssets ? 'SHOW LESS' : `+ ${mode.affected_assets.length - 3} MORE ENTITIES`}
+                     </button>
+                   )}
+                   {(!mode.affected_assets || mode.affected_assets.length === 0) && <span className="text-[9px] text-slate-700  font-bold uppercase tracking-widest">No infrastructure mappings established</span>}
+                </div>
+             </div>
+
+             {/* TABS ON OWN ROW */}
+             <div className="mt-6 flex items-center relative z-10">
+                <div className="flex space-x-1 bg-black/60 p-0.5 rounded-lg border border-white/5">
+                  {([
+                    { id: 'causal', label: 'Causal Forensics', icon: Zap },
+                    { id: 'roadmap', label: 'Strategic Roadmap', icon: ShieldCheck },
+                    { id: 'versions', label: 'Version History', icon: Clock },
+                    { id: 'history', label: 'Research History', icon: Activity },
+                  ] as const).map((tab) => (
+                    <button key={tab.id} onClick={() => { setActiveTab(tab.id); onTabChange(tab.id) }} className={`px-6 py-1.5 rounded-lg text-[9px] font-bold uppercase tracking-widest transition-all flex items-center gap-2 ${activeTab === tab.id ? 'bg-rose-600 text-white shadow-lg' : 'text-slate-500 hover:text-slate-300'}`}><tab.icon size={12} /> {tab.label}</button>
+                  ))}
+                </div>
+             </div>
+          </div>
+
+          <div className="flex-1 overflow-hidden flex flex-col p-6">
+             <AnimatePresence mode="wait">
+                {activeTab === 'causal' && <CausalTab mode={mode} readOnly={Boolean(mode.is_deleted)} onUpdate={onUpdate} setBkmGuidanceModal={setBkmGuidanceModal} setResolutionManagerModal={setResolutionManagerModal} />}
+                {activeTab === 'roadmap' && <RoadmapTab mode={mode} readOnly={Boolean(mode.is_deleted)} onUpdate={onUpdate} />}
+                {activeTab === 'versions' && <FARVersionHistory mode={mode} onUpdate={onUpdate} />}
+                {activeTab === 'history' && <HistoryTab mode={mode} readOnly={Boolean(mode.is_deleted)} onUpdate={onUpdate} />}
+             </AnimatePresence>
+          </div>
+
+          <div className="px-8 py-2 bg-black/80 border-t border-white/5 flex items-center justify-between shrink-0">
+             <p className="text-[9px] text-slate-600 font-bold uppercase tracking-widest">System Integrity Vector Analysis // {mode.title}</p>
+             <div className="flex items-center gap-3 text-[9px] font-bold text-slate-500 uppercase tracking-widest">
+                <span>S: {mode.severity}</span>
+                <span className="w-1 h-1 rounded-full bg-slate-800" />
+                <span>O: {mode.occurrence}</span>
+                <span className="w-1 h-1 rounded-full bg-slate-800" />
+                <span>D: {mode.detection}</span>
+             </div>
+          </div>
+     </FARDossierShell>
+   )
+ }
+
+ function HeaderScore({ label, value, color }: any) {
+   const textColors: any = { rose: 'text-rose-500', amber: 'text-amber-500', sky: 'text-sky-400' }
+   const bgColors: any = { rose: 'bg-rose-500/10', amber: 'bg-amber-500/10', sky: 'bg-sky-500/10' }
+   const borderColors: any = { rose: 'border-rose-500/20', amber: 'border-amber-500/20', sky: 'border-sky-500/20' }
+   return (
+     <div className={`w-11 h-11 rounded-lg ${bgColors[color]} border ${borderColors[color]} flex flex-col items-center justify-center`}>
+        <p className="text-[9px] font-bold text-slate-500 uppercase tracking-widest leading-none mb-1">{label}</p>
+        <p className={`text-xl font-bold leading-none ${textColors[color]}`}>{value}</p>
+     </div>
+   )
+ }
+
+ export function GaugeSelector({ label, value, onChange, levels, color, accent }: any) {
+   const current = levels.find((l: any) => l.value === value)
+   return (
+     <div className="space-y-3">
+        <div className="flex items-center justify-between">
+           <label className="text-[11px] font-bold text-slate-400  tracking-widest uppercase">{label}</label>
+           <div className="flex items-center gap-2">
+              <span className={`text-2xl font-bold ${color}`}>{value}</span>
+              <span className="text-slate-700 text-[10px] font-bold">/ 10</span>
+           </div>
+        </div>
+        <div className="relative h-2 bg-black/40 rounded-lg border border-white/5">
+           <div className={`absolute left-0 top-0 h-full rounded-lg ${accent} transition-all duration-300`} style={{ width: `${(value / 10) * 100}%` }} />
+           <input 
+             type="range" min="1" max="10" step="1" 
+             value={value} 
+             onChange={e => onChange(Number(e.target.value))}
+             onClick={e => e.stopPropagation()}
+             className="absolute inset-0 w-full h-full opacity-0 cursor-pointer z-10"
+           />
+        </div>
+        <div className="bg-black/20 border border-white/5 rounded-lg p-3 min-h-[50px]">
+           <p className={`text-[11px] font-bold uppercase  ${color} leading-none mb-1.5`}>{current?.label}</p>
+           <p className="text-[10px] text-slate-500 font-bold leading-tight lowercase">{current?.desc}</p>
+        </div>
+     </div>
+   )
+ }
+
+ function FARAuthoringModal({ isOpen, initialData, onClose, onComplete }: any) {
+   const [activeTab, setActiveTab] = useState<FarAuthoringTab>('definition')
+   const [formErrors, setFormErrors] = useState<Record<string, string>>({})
+   const [generalError, setGeneralError] = useState('')
+   const [submitAttempted, setSubmitAttempted] = useState(false)
+   const [collapsedSections, setCollapsedSections] = useState<Record<string, boolean>>({
+     identity: false,
+     context: false,
+     risk: false,
+     assets: false,
+   })
+
+   const initialDraft = useMemo(() => buildFarAuthoringDraft(initialData), [initialData])
+   const {
+     value: formData,
+     isDirty,
+     updateValue: updateFormData,
+     resetDirty,
+     resolveIsDirty,
+   } = useOperationalFormDirty(initialDraft, sanitizeFarAuthoringPayload)
+
+   useEffect(() => {
+     if (!isOpen) return
+     setActiveTab('definition')
+     setFormErrors({})
+     setGeneralError('')
+     setSubmitAttempted(false)
+     setCollapsedSections({ identity: false, context: false, risk: false, assets: false })
+   }, [initialData?.id, isOpen])
+
+   useEffect(() => {
+     if (!submitAttempted) return
+     setFormErrors(buildFarAuthoringErrors(formData))
+   }, [formData, submitAttempted])
+
+   const { data: options } = useQuery({
+     queryKey: ['settings-options'],
+     enabled: isOpen,
+     queryFn: async () => (await apiFetch('/api/v1/settings/options')).json(),
+   })
+   const systems = options?.filter((option: any) => option.category === 'LogicalSystem') || []
+   const { data: devices } = useQuery({
+     queryKey: ['devices-far', formData.system_name],
+     enabled: isOpen && Boolean(formData.system_name),
+     queryFn: async () => (await apiFetch(`/api/v1/devices?system=${encodeURIComponent(formData.system_name)}`)).json(),
+   })
+
+   const isArchived = Boolean(initialData?.is_deleted)
+   const rpn = Number(formData.severity || 0) * Number(formData.occurrence || 0) * Number(formData.detection || 0)
+   const tabErrors = useMemo(() => getFarAuthoringTabErrorCounts(formErrors), [formErrors])
+   const totalErrors = Object.keys(formErrors).length
+   const tabs = useMemo(() => [
+     { id: 'definition', label: 'Definition', badgeCount: tabErrors.definition },
+     { id: 'risk', label: 'Risk', badgeCount: tabErrors.risk },
+     { id: 'impact', label: 'Impact', badgeCount: tabErrors.impact },
+   ], [tabErrors])
+
+   const patchFormData = (patch: Record<string, any>) => {
+     setGeneralError('')
+     updateFormData((current: any) => ({ ...current, ...patch }))
+   }
+
+   const mutation = useMutation({
+     mutationFn: async (data: any) => {
+       if (isArchived) throw new Error('Archived failure vectors are read-only. Restore the vector before editing it.')
+       const url = data.id ? `/api/v1/far/modes/${data.id}` : '/api/v1/far/modes'
+       const res = await apiFetch(url, {
+         method: data.id ? 'PUT' : 'POST',
+         body: JSON.stringify(sanitizeFarAuthoringPayload(data)),
+       })
+       if (!res.ok) throw new Error(await readFarMutationFailureMessage(res))
+       return res.json()
+     },
+     onSuccess: (data: any) => {
+       setGeneralError('')
+       resetDirty(buildFarAuthoringDraft(data ? { ...formData, ...data } : formData))
+       toast.success('Registry Synchronized')
+       onComplete()
+     },
+     onError: (error: any) => {
+       const parsed = parseOperationalApiValidationError(error)
+       const nextErrors = { ...buildFarAuthoringErrors(formData), ...parsed.fieldErrors }
+       setFormErrors(nextErrors)
+       setGeneralError(parsed.generalError || error?.message || 'Unable to save the failure vector.')
+       if (Object.keys(nextErrors).length) setActiveTab(getFarAuthoringFirstErrorTab(nextErrors))
+     },
+   })
+
+   const handleSubmit = () => {
+     if (mutation.isPending) return
+     setSubmitAttempted(true)
+     if (isArchived) {
+       setGeneralError('Archived failure vectors are read-only. Restore the vector before editing it.')
+       return
+     }
+     const errors = buildFarAuthoringErrors(formData)
+     setFormErrors(errors)
+     if (Object.keys(errors).length) {
+       setGeneralError(`Resolve ${Object.keys(errors).length} validation issue${Object.keys(errors).length === 1 ? '' : 's'} before committing.`)
+       setActiveTab(getFarAuthoringFirstErrorTab(errors))
+       return
+     }
+     setGeneralError('')
+     mutation.mutate(formData)
+   }
+
+   const toggleSection = (key: string) => {
+     setCollapsedSections((current) => ({ ...current, [key]: !current[key] }))
+   }
+
+   const handleClose = () => {
+     resetDirty(initialDraft)
+     setFormErrors({})
+     setGeneralError('')
+     setSubmitAttempted(false)
+     setActiveTab('definition')
+     onClose()
+   }
+
+   return (
+     <WorkspaceModal
+       isOpen={isOpen}
+       onClose={handleClose}
+       size="workspace"
+       title={initialData ? 'Edit Failure Mode' : 'New Failure Mode'}
+       subtitle="Reliability Engineering Risk Documentation Studio"
+       icon={<Target size={22} />}
+       status={isArchived
+         ? <WorkspaceSectionBadge tone="amber">Archived · read-only</WorkspaceSectionBadge>
+         : <WorkspaceSectionBadge tone={isDirty ? 'amber' : 'emerald'}>{isDirty ? 'Unsaved changes' : 'Draft synchronized'}</WorkspaceSectionBadge>}
+       forensicLineage={initialData ? { createdAt: initialData.created_at, updatedAt: initialData.updated_at } : undefined}
+       tabs={tabs}
+       activeTab={activeTab}
+       onTabChange={(tab) => setActiveTab(tab as FarAuthoringTab)}
+       isDirty={isDirty && !isArchived}
+       resolveIsDirty={resolveIsDirty}
+       dirtyConfirmTitle="Discard FAR changes?"
+       dirtyConfirmMessage="This failure vector has unsaved authoring changes. Close and discard them?"
+       dirtyConfirmText="Discard changes"
+       footerLeft={(
+         <div className="flex flex-wrap items-center gap-2 text-[9px] font-semibold text-slate-500">
+           <span>RPN {rpn}</span>
+           <span className="h-1 w-1 rounded-full bg-slate-700" />
+           <span>{isDirty ? 'Unsaved authoring state' : 'No pending changes'}</span>
+         </div>
+       )}
+       footerRight={(
+         <ToolbarButton
+           variant="primary"
+           onClick={handleSubmit}
+           disabled={mutation.isPending || isArchived}
+           className="min-w-32 justify-center"
+         >
+           {mutation.isPending ? <RefreshCcw size={14} className="animate-spin" /> : <Save size={14} />}
+           {mutation.isPending ? 'Committing…' : 'Commit'}
+         </ToolbarButton>
+       )}
+     >
+       <WorkspaceStickyIdentityBar>
+         <div className="flex flex-wrap items-center justify-between gap-4">
+           <div className="min-w-0">
+             <div className="flex flex-wrap items-center gap-2">
+               <WorkspaceSectionBadge tone="rose">{formData.id ? `VECTOR_${formData.id}` : 'NEW_VECTOR'}</WorkspaceSectionBadge>
+               <WorkspaceSectionBadge>{formData.system_name || 'Domain not selected'}</WorkspaceSectionBadge>
+               <WorkspaceSectionBadge>{formData.failure_type || 'Classification not selected'}</WorkspaceSectionBadge>
+             </div>
+             <p className="mt-2 truncate text-sm font-black text-white">{formData.title || 'Untitled failure vector'}</p>
+           </div>
+           <div className="text-right">
+             <p className="text-[8px] font-bold uppercase tracking-widest text-slate-600">Risk priority</p>
+             <p className={`text-2xl font-black ${rpn > 150 ? 'text-rose-400' : rpn >= 80 ? 'text-amber-400' : 'text-emerald-400'}`}>{rpn}</p>
+           </div>
+         </div>
+       </WorkspaceStickyIdentityBar>
+
+       <WorkspaceValidationBanner
+         message={generalError || (submitAttempted && totalErrors ? `Review ${totalErrors} highlighted validation issue${totalErrors === 1 ? '' : 's'}.` : undefined)}
+       />
+
+       {activeTab === 'definition' && (
+         <div id="far-authoring-definition" className="space-y-5">
+           <WorkspaceSectionCard>
+             <WorkspaceCollapsibleHeader
+               title="Failure identity"
+               subtitle="Define the operational domain, classification, and incidence signature."
+               badge={<WorkspaceSectionBadge tone={tabErrors.definition ? 'rose' : 'blue'}>{tabErrors.definition ? `${tabErrors.definition} issue${tabErrors.definition === 1 ? '' : 's'}` : 'Required identity'}</WorkspaceSectionBadge>}
+               collapsed={collapsedSections.identity}
+               onToggle={() => toggleSection('identity')}
+             />
+             {!collapsedSections.identity && (
+               <div className="mt-5 grid grid-cols-1 gap-5 lg:grid-cols-2">
+                 <WorkspaceSelectField
+                   label="Operational Domain"
+                   required
+                   searchable
+                   disabled={isArchived}
+                   value={formData.system_name}
+                   options={systems.map((system: any) => ({ value: system.value, label: system.label, description: system.description }))}
+                   placeholder="Select operational domain"
+                   error={formErrors.system_name}
+                   onChange={(next) => {
+                     setGeneralError('')
+                     updateFormData((current: any) => changeFarAuthoringSystem(current, String(next)))
+                   }}
+                 />
+                 <WorkspaceSelectField
+                   label="Root Classification"
+                   required
+                   disabled={isArchived}
+                   value={formData.failure_type}
+                   options={FAILURE_TYPES}
+                   placeholder="Select failure classification"
+                   error={formErrors.failure_type}
+                   onChange={(next) => patchFormData({ failure_type: String(next) })}
+                 />
+                 <div className="space-y-1.5 lg:col-span-2">
+                   <WorkspaceFieldLabel label="Incidence Signature" required />
+                   <input
+                     value={formData.title}
+                     disabled={isArchived}
+                     aria-invalid={Boolean(formErrors.title)}
+                     aria-describedby={formErrors.title ? 'far-title-error' : undefined}
+                     onChange={(event) => patchFormData({ title: event.target.value })}
+                     placeholder="E.G., DATABASE_CONNECTION_TIMEOUT"
+                     className={getWorkspaceInputClass(formErrors.title)}
+                   />
+                   <div id="far-title-error"><WorkspaceFieldError message={formErrors.title} /></div>
+                 </div>
+               </div>
+             )}
+           </WorkspaceSectionCard>
+
+           <WorkspaceSectionCard>
+             <WorkspaceCollapsibleHeader
+               title="Consequence context"
+               subtitle="Record the operator-visible effect without changing the FAR risk model."
+               badge={<WorkspaceSectionBadge>Optional context</WorkspaceSectionBadge>}
+               collapsed={collapsedSections.context}
+               onToggle={() => toggleSection('context')}
+             />
+             {!collapsedSections.context && (
+               <div className="mt-5 space-y-1.5">
+                 <WorkspaceFieldLabel label="Consequence Assessment (Effect)" />
+                 <textarea
+                   value={formData.effect}
+                   disabled={isArchived}
+                   onChange={(event) => patchFormData({ effect: event.target.value })}
+                   placeholder="Describe the systemic consequences..."
+                   className={`${getWorkspaceInputClass(formErrors.effect)} min-h-36 resize-y`}
+                 />
+                 <WorkspaceFieldError message={formErrors.effect} />
+               </div>
+             )}
+           </WorkspaceSectionCard>
+         </div>
+       )}
+
+       {activeTab === 'risk' && (
+         <div id="far-authoring-risk">
+           <WorkspaceSectionCard>
+             <WorkspaceCollapsibleHeader
+               title="Risk scoring"
+               subtitle="Apply the existing FAR severity × occurrence × detection model."
+               badge={<WorkspaceSectionBadge tone={tabErrors.risk ? 'rose' : 'amber'}>{tabErrors.risk ? `${tabErrors.risk} issue${tabErrors.risk === 1 ? '' : 's'}` : `RPN ${rpn}`}</WorkspaceSectionBadge>}
+               collapsed={collapsedSections.risk}
+               onToggle={() => toggleSection('risk')}
+             />
+             {!collapsedSections.risk && (
+               <div className="mt-5 grid grid-cols-1 gap-6 lg:grid-cols-3">
+                 <div>
+                   <GaugeSelector label="Severity" value={formData.severity} onChange={(value: number) => patchFormData({ severity: value })} levels={SEVERITY_LEVELS} color="text-rose-500" accent="bg-rose-500" />
+                   <WorkspaceFieldError message={formErrors.severity} />
+                 </div>
+                 <div>
+                   <GaugeSelector label="Occurrence" value={formData.occurrence} onChange={(value: number) => patchFormData({ occurrence: value })} levels={OCCURRENCE_LEVELS} color="text-amber-500" accent="bg-amber-500" />
+                   <WorkspaceFieldError message={formErrors.occurrence} />
+                 </div>
+                 <div>
+                   <GaugeSelector label="Detection" value={formData.detection} onChange={(value: number) => patchFormData({ detection: value })} levels={DETECTION_LEVELS} color="text-sky-400" accent="bg-sky-400" />
+                   <WorkspaceFieldError message={formErrors.detection} />
+                 </div>
+               </div>
+             )}
+           </WorkspaceSectionCard>
+         </div>
+       )}
+
+       {activeTab === 'impact' && (
+         <div id="far-authoring-impact">
+           <WorkspaceSectionCard>
+             <WorkspaceCollapsibleHeader
+               title="Blast radius"
+               subtitle="Search and map the infrastructure entities affected by this failure vector."
+               badge={<WorkspaceSectionBadge tone="blue">{formData.affected_assets.length} mapped</WorkspaceSectionBadge>}
+               collapsed={collapsedSections.assets}
+               onToggle={() => toggleSection('assets')}
+             />
+             {!collapsedSections.assets && (
+               <div className="mt-5">
+                 <WorkspaceSelectField
+                   label="Affected Infrastructure"
+                   searchable
+                   multi
+                   disabled={isArchived || !formData.system_name}
+                   value={formData.affected_assets.map((value: any) => String(value))}
+                   options={(devices || []).map((device: any) => ({ value: String(device.id), label: device.name, description: device.model }))}
+                   placeholder={formData.system_name ? 'Select affected infrastructure' : 'Select an operational domain first'}
+                   error={formErrors.affected_assets}
+                   onChange={(values) => patchFormData({
+                     affected_assets: (Array.isArray(values) ? values : [])
+                       .map((value: any) => Number(value))
+                       .filter((value: number) => Number.isFinite(value)),
+                   })}
+                 />
+                 {formData.system_name && !devices?.length ? (
+                   <p className="mt-3 text-[9px] font-semibold text-slate-500">No infrastructure entities are available for the selected operational domain.</p>
+                 ) : null}
+               </div>
+             )}
+           </WorkspaceSectionCard>
+         </div>
+       )}
+     </WorkspaceModal>
+   )
+ }
+
+ function CausalTab({ mode, readOnly, onUpdate, setBkmGuidanceModal, setResolutionManagerModal }: any) {
+   const [activeModal, setActiveModal] = useState<any>(null)
+   const queryClient = useQueryClient()
+   const deleteCauseMutation = useMutation({
+     mutationFn: async (causeId: number) => {
+       const res = await apiFetch(`/api/v1/far/causes/${causeId}`, {
+         method: 'DELETE',
+         body: JSON.stringify(buildFarContextMutationRequest(mode.id, mode.version)),
+       })
+       if (!res.ok) throw new Error(await readFarMutationFailureMessage(res))
+       return res.json()
+     },
+     onSuccess: () => {
+       toast.success('Root cause removed')
+       queryClient.invalidateQueries({ queryKey: ['far', 'modes'] })
+       onUpdate()
+     },
+     onError: (error: any) => toast.error(error.message || 'Failed to delete root cause')
+   })
+
+   return (
+     <motion.div initial={{ opacity: 0, y: 10 }} animate={{ opacity: 1, y: 0 }} exit={{ opacity: 0, y: 10 }} className="flex-1 flex flex-col space-y-6">
+        <div className="flex items-center justify-between">
+           <div className="flex items-center gap-4">
+              <h3 className="text-sm font-bold uppercase tracking-[0.2em] text-amber-500 ">Root Cause Attribution Matrix</h3>
+              {mode.linked_rcas?.length > 0 && (
+                 <div className="flex items-center gap-2 px-3 py-1 bg-purple-500/10 border border-purple-500/20 rounded-lg">
+                    <Activity size={12} className="text-purple-400" />
+                    <span className="text-[9px] font-black text-purple-400 uppercase tracking-widest">{mode.linked_rcas.length} Research Cases Linked</span>
+                 </div>
+              )}
+           </div>
+           <button onClick={() => setActiveModal({ isOpen: true, modeId: mode.id })} disabled={readOnly} className="px-6 py-2 bg-amber-600/20 border border-amber-500/30 text-amber-500 rounded-lg text-[10px] font-bold uppercase  hover:bg-amber-600 hover:text-white transition-all disabled:cursor-not-allowed disabled:opacity-30">+ Add Root Cause</button>
+        </div>
+        
+        <div className="flex-1 bg-black/40 border border-white/5 rounded-lg overflow-hidden flex flex-col shadow-2xl">
+           <table className="w-full text-left border-collapse">
+              <thead className="bg-white/[0.03] border-b border-white/10">
+                 <tr className="text-[10px] font-bold uppercase tracking-widest text-slate-500 ">
+                    <th className="px-8 py-4">Root Cause Description (Logical Origin)</th>
+                    <th className="px-8 py-4 text-center">Occur Lv</th>
+                    <th className="px-8 py-4">Responsible Unit</th>
+                    <th className="px-8 py-4">Linked Incidents</th>
+                    <th className="px-8 py-4 text-center">BKMs</th>
+                    <th className="px-8 py-4 text-right">Ops</th>
+                 </tr>
+              </thead>
+              <tbody className="divide-y divide-white/5 font-bold uppercase  text-[11px]">
+                 {mode.causes?.map((c: any) => (
+                   <tr key={c.id} className="hover:bg-white/[0.02] transition-colors group">
+                      <td className="px-8 py-5 text-white normal-case leading-relaxed">{c.cause_text}</td>
+                      <td className="px-8 py-5 text-center">
+                         <div className="flex items-center justify-center gap-2">
+                            <div className="w-12 h-1.5 bg-white/5 rounded-lg overflow-hidden border border-white/5">
+                               <div className="h-full bg-amber-500" style={{ width: `${c.occurrence_level * 10}%` }} />
+                            </div>
+                            <span className="text-amber-500 w-4 font-black">{c.occurrence_level}</span>
+                         </div>
+                      </td>
+                      <td className="px-8 py-5 text-slate-400 font-black">{c.responsible_team || 'UNASSIGNED'}</td>
+                      <td className="px-8 py-5">
+                         <div className="flex flex-col gap-1">
+                            {(mode.linked_rcas || []).map((r: any) => (
+                               <div key={r.id} className="flex items-center gap-1.5 text-[8px] text-purple-400">
+                                  <Activity size={8} />
+                                  <span className="truncate max-w-[120px]">{r.title}</span>
+                               </div>
+                            ))}
+                            {(!mode.linked_rcas || mode.linked_rcas.length === 0) && <span className="text-slate-700 text-[8px]">NONE</span>}
+                         </div>
+                      </td>
+                      <td className="px-8 py-5 text-center">
+                         <button 
+                           onClick={() => c.resolutions?.length > 0 && setBkmGuidanceModal({ show: true, cause: c })}
+                           className={`px-3 py-1 rounded-lg text-[9px] font-black transition-all ${
+                             c.resolutions?.length > 0 
+                               ? 'bg-emerald-500/20 text-emerald-400 border border-emerald-500/30 hover:bg-emerald-500/30 hover:scale-105 active:scale-95 cursor-pointer' 
+                               : 'bg-rose-500/10 text-rose-500 border border-rose-500/20 opacity-50 cursor-not-allowed'
+                           }`}
+                         >
+                            {c.resolutions?.length || 0} BKMS
+                         </button>
+                      </td>
+                      <td className="px-8 py-5 text-right opacity-0 group-hover:opacity-100 transition-opacity">
+                         <div className="flex items-center justify-end gap-2">
+                            <button 
+                              onClick={() => setResolutionManagerModal({ show: true, cause: c })}
+                              disabled={readOnly}
+                              className="p-1.5 text-emerald-400 hover:bg-emerald-500/10 rounded-lg transition-all disabled:cursor-not-allowed disabled:opacity-30"
+                              title="Manage BKM Guidance"
+                            >
+                               <Book size={14}/>
+                            </button>
+                            <button 
+                              onClick={() => setActiveModal({ isOpen: true, modeId: mode.id, initialData: c })}
+                              disabled={readOnly}
+                              className="p-1.5 text-blue-400 hover:bg-blue-500/10 rounded-lg transition-all disabled:cursor-not-allowed disabled:opacity-30"
+                              title="Edit Attribution"
+                            >
+                               <Edit2 size={14}/>
+                            </button>
+                            <button
+                              onClick={() => deleteCauseMutation.mutate(c.id)}
+                              disabled={readOnly || (deleteCauseMutation.isPending && deleteCauseMutation.variables === c.id)}
+                              className="p-1.5 text-slate-600 hover:text-rose-500 transition-all rounded-lg"
+                              title="Purge Attribution"
+                            >
+                              <Trash2 size={14}/>
+                            </button>
+                         </div>
+                      </td>
+                   </tr>
+                 ))}
+                 {(!mode.causes?.length) && (
+                   <tr><td colSpan={6} className="py-32 text-center opacity-20 font-bold uppercase tracking-[0.3em]">No attribution traces linked to this vector</td></tr>
+                 )}
+              </tbody>
+           </table>
+        </div>
+
+        <RootCauseFormModal 
+           isOpen={!readOnly && activeModal?.isOpen}
+           onClose={() => setActiveModal(null)}
+           modeId={activeModal?.modeId}
+           modeVersion={mode.version}
+           initialData={activeModal?.initialData}
+           onSave={onUpdate}
+        />
+     </motion.div>
+   )
+ }
+
+        function RpnDefinitionModal({ onClose }: { onClose: () => void }) {
+        return (
+        <div className="fixed inset-0 z-[10000] flex items-center justify-center bg-black/90 backdrop-blur-md p-10">
+        <motion.div initial={{ scale: 0.9, opacity: 0 }} animate={{ scale: 1, opacity: 1 }} className="glass-panel w-full max-w-4xl p-12 rounded-lg border border-amber-500/30 shadow-2xl relative">
+        <button onClick={onClose} className="absolute top-8 right-8 text-slate-500 hover:text-white transition-colors"><X size={32}/></button>
+
+        <div className="flex items-center gap-6 mb-12 border-b border-white/5 pb-8">
+          <div className="w-20 h-20 rounded-lg bg-amber-600 flex items-center justify-center text-white shadow-xl shadow-amber-600/20">
+             <Target size={40}/>
+          </div>
+          <div>
+             <h2 className="text-4xl font-black uppercase tracking-tighter text-white">Risk Priority Number</h2>
+             <p className="text-xs font-bold text-amber-500 uppercase tracking-[0.3em]">Criticality Scoring Matrix (S × O × D)</p>
+          </div>
+        </div>
+
+        <div className="grid grid-cols-3 gap-8">
+          <div className="space-y-4">
+             <div className="flex items-center gap-3 text-rose-500">
+                <Shield size={20}/>
+                <h3 className="text-sm font-black uppercase tracking-widest">Severity (S)</h3>
+             </div>
+             <p className="text-[11px] font-bold text-slate-400 uppercase leading-relaxed">Impact of the failure on the system or safety. (1 = No impact, 10 = Systemic destruction / Safety risk).</p>
+          </div>
+          <div className="space-y-4">
+             <div className="flex items-center gap-3 text-amber-500">
+                <Activity size={20}/>
+                <h3 className="text-sm font-black uppercase tracking-widest">Occurrence (O)</h3>
+             </div>
+             <p className="text-[11px] font-bold text-slate-400 uppercase leading-relaxed">Likelihood of the failure mode happening. (1 = Remote, 10 = Constant/Inevitable).</p>
+          </div>
+          <div className="space-y-4">
+             <div className="flex items-center gap-3 text-sky-500">
+                <Search size={20}/>
+                <h3 className="text-sm font-black uppercase tracking-widest">Detection (D)</h3>
+             </div>
+             <p className="text-[11px] font-bold text-slate-400 uppercase leading-relaxed">Ability to detect the failure before it impacts. (1 = Certain detection, 10 = Undetectable).</p>
+          </div>
+        </div>
+
+        <div className="mt-12 p-8 bg-black/40 rounded-lg border border-white/5">
+          <div className="flex items-center justify-between mb-6">
+             <span className="text-xs font-black uppercase tracking-widest text-slate-500">Threshold Logic</span>
+             <div className="flex gap-4">
+                <div className="flex items-center gap-2"><div className="w-2 h-2 rounded-full bg-emerald-500" /> <span className="text-[10px] font-bold text-emerald-500 uppercase">Nominal (&lt;80)</span></div>
+                <div className="flex items-center gap-2"><div className="w-2 h-2 rounded-full bg-amber-500" /> <span className="text-[10px] font-bold text-amber-500 uppercase">Moderate (80-150)</span></div>
+                <div className="flex items-center gap-2"><div className="w-2 h-2 rounded-full bg-rose-500" /> <span className="text-[10px] font-bold text-rose-500 uppercase">Critical (&gt;150)</span></div>
+             </div>
+          </div>
+          <div className="text-6xl font-black text-center text-white tracking-tighter">RPN = S <span className="text-slate-700">×</span> O <span className="text-slate-700">×</span> D</div>
+        </div>
+        </motion.div>
+        </div>
+        )
+        }
+
+        function MaturityDefinitionModal({ onClose }: { onClose: () => void }) {
+        return (
+        <div className="fixed inset-0 z-[10000] flex items-center justify-center bg-black/90 backdrop-blur-md p-10">
+        <motion.div initial={{ scale: 0.9, opacity: 0 }} animate={{ scale: 1, opacity: 1 }} className="glass-panel w-full max-w-4xl p-12 rounded-lg border border-blue-500/30 shadow-2xl relative">
+        <button onClick={onClose} className="absolute top-8 right-8 text-slate-500 hover:text-white transition-colors"><X size={32}/></button>
+
+        <div className="flex items-center gap-6 mb-12 border-b border-white/5 pb-8">
+          <div className="w-20 h-20 rounded-lg bg-blue-600 flex items-center justify-center text-white shadow-xl shadow-blue-600/20">
+             <Zap size={40}/>
+          </div>
+          <div>
+             <h2 className="text-4xl font-black uppercase tracking-tighter text-white">Maturity Spectrum</h2>
+             <p className="text-xs font-bold text-blue-400 uppercase tracking-[0.3em]">Risk Mitigation Lifecycle (Lv0 - Lv8)</p>
+          </div>
+        </div>
+
+        <div className="grid grid-cols-2 gap-x-12 gap-y-4">
+          {FAR_MATURITY_LEVELS.map((ml) => (
+             <div key={ml.lv} className="flex items-center gap-4 p-4 bg-white/5 rounded-lg border border-white/5">
+                <div className="w-12 h-12 rounded-lg bg-blue-600/20 flex items-center justify-center text-blue-400 font-black border border-blue-500/20 shadow-inner">Lv{ml.lv}</div>
+                <div>
+                   <h4 className="text-[11px] font-black uppercase text-white tracking-widest">{ml.label}</h4>
+                   <p className="text-[9px] font-bold text-slate-500 uppercase mt-1 leading-tight">{ml.desc}</p>
+                </div>
+             </div>
+          ))}
+        </div>
+        </motion.div>
+        </div>
+        )
+        }
+ function RoadmapTab({ mode, readOnly, onUpdate }: any) {
+   const [activeMitigationModal, setActiveMitigationModal] = useState<any>(null)
+   const [activePreventionModal, setActivePreventionModal] = useState<any>(null)
+   const [selectedCauseId, setSelectedCauseId] = useState<number | null>(null)
+   const [deletingMitigationId, setDeletingMitigationId] = useState<number | null>(null)
+   const deletingMitigationIdRef = React.useRef<number | null>(null)
+   
+   const queryClient = useQueryClient()
+   const { data: bkms } = useQuery({ queryKey: ['knowledge', 'bkms'], queryFn: async () => (await apiFetch('/api/v1/knowledge/?category=BKM')).json() })
+   const { data: monitoring } = useQuery({ queryKey: ['monitoring-items'], queryFn: async () => (await apiFetch('/api/v1/monitoring/')).json() })
+   const bkmById = useMemo(() => new Map((bkms || []).map((item: any) => [Number(item.id), item])), [bkms])
+   const monitoringById = useMemo(() => new Map((monitoring || []).map((item: any) => [Number(item.id), item])), [monitoring])
+   const deleteMitigationMutation = useMutation({
+     mutationFn: async (mitigationId: number) => {
+       const res = await apiFetch(`/api/v1/far/mitigations/${mitigationId}`, {
+         method: 'DELETE',
+         body: JSON.stringify(buildFarContextMutationRequest(mode.id, mode.version)),
+       })
+       if (!res.ok) throw new Error(await readFarMutationFailureMessage(res))
+       return res.json()
+     },
+     onSuccess: () => {
+       toast.success('Mitigation removed')
+       queryClient.invalidateQueries({ queryKey: ['far', 'modes'] })
+       onUpdate()
+     },
+     onError: (error: any) => {
+       setDeletingMitigationId(null)
+       toast.error(error.message || 'Failed to delete mitigation')
+     },
+     onSettled: () => {
+       deletingMitigationIdRef.current = null
+     }
+   })
+
+   const updatePreventionMutation = useMutation({
+     mutationFn: async ({ preventionId, status }: { preventionId: number, status: string }) => {
+       const res = await apiFetch(`/api/v1/far/prevention/${preventionId}`, {
+         method: 'PUT',
+         body: JSON.stringify(buildFarContextMutationRequest(mode.id, mode.version, { status })),
+       })
+       if (!res.ok) throw new Error(await readFarMutationFailureMessage(res))
+       return res.json()
+     },
+     onSuccess: () => {
+       toast.success('Prevention status synchronized')
+       queryClient.invalidateQueries({ queryKey: ['far', 'modes'] })
+       onUpdate()
+     },
+     onError: (error: any) => toast.error(error?.message || 'Failed to update prevention status'),
+   })
+
+   useEffect(() => {
+     if (!selectedCauseId && mode.causes?.length > 0) {
+       setSelectedCauseId(mode.causes[0].id)
+     }
+   }, [mode.causes, selectedCauseId])
+
+   useEffect(() => {
+     if (deletingMitigationId !== null && !mode.mitigations?.some((mitigation: any) => mitigation.id === deletingMitigationId)) {
+       setDeletingMitigationId(null)
+     }
+   }, [deletingMitigationId, mode.mitigations])
+
+   return (
+     <motion.div initial={{ opacity: 0, y: 10 }} animate={{ opacity: 1, y: 0 }} exit={{ opacity: 0, y: 10 }} className="flex-1 flex flex-col space-y-6">
+        <div className="flex items-center gap-4 shrink-0 overflow-x-auto pb-2 scrollbar-hide">
+           <span className="text-[9px] font-black text-slate-500 uppercase tracking-widest shrink-0">Select Root Cause:</span>
+           {(mode.causes || []).map((cause: any) => (
+              <button 
+                 key={cause.id}
+                 onClick={() => setSelectedCauseId(cause.id)}
+                 className={`px-4 py-1.5 rounded-lg text-[10px] font-black uppercase tracking-tight border transition-all whitespace-nowrap ${selectedCauseId === cause.id ? 'bg-rose-600/10 border-rose-500 text-rose-500' : 'bg-white/5 border-white/5 text-slate-500 hover:text-slate-300'}`}
+              >
+                 {cause.cause_text}
+              </button>
+           ))}
+           {mode.causes?.length === 0 && <span className="text-[10px] font-black text-slate-700 uppercase">No causes attributed to this vector</span>}
+        </div>
+
+        <div className="flex items-center justify-between">
+           <h3 className="text-sm font-bold uppercase tracking-[0.2em] text-sky-400 ">Strategic Mitigation Roadmap</h3>
+           <div className="flex flex-nowrap gap-2">
+              <button onClick={() => setActiveMitigationModal({ isOpen: true, type: 'WORKAROUND' })} disabled={readOnly || !selectedCauseId} className="px-6 py-2 whitespace-nowrap bg-amber-600/20 border border-amber-500/30 text-amber-500 rounded-lg text-[10px] font-bold uppercase  hover:bg-amber-600 hover:text-white transition-all disabled:opacity-20">+ Add Workaround</button>
+              <button onClick={() => setActiveMitigationModal({ isOpen: true, type: 'MONITORING' })} disabled={readOnly || !selectedCauseId} className="px-6 py-2 whitespace-nowrap bg-sky-600/20 border border-sky-500/30 text-sky-400 rounded-lg text-[10px] font-bold uppercase  hover:bg-sky-600 hover:text-white transition-all disabled:opacity-20">+ Add Monitoring</button>
+              <button onClick={() => setActivePreventionModal({ isOpen: true })} disabled={readOnly || !selectedCauseId} className="px-6 py-2 whitespace-nowrap bg-emerald-600/20 border border-emerald-500/30 text-emerald-400 rounded-lg text-[10px] font-bold uppercase  hover:bg-emerald-600 hover:text-white transition-all disabled:opacity-20">+ Add Prevention</button>
+           </div>
+        </div>
+
+        <div className="flex-1 overflow-y-auto custom-scrollbar pr-2 space-y-4">
+           <div className="bg-black/40 border border-white/5 rounded-lg overflow-hidden shadow-2xl">
+              <table className="w-full text-left border-collapse">
+                 <thead className="bg-white/[0.03] border-b border-white/10">
+                    <tr className="text-[10px] font-bold uppercase tracking-widest text-slate-500 ">
+                       <th className="px-8 py-4">Shield Type</th>
+                       <th className="px-8 py-4">Deployment Protocol / Plan</th>
+                       <th className="px-8 py-4 text-center">Cause Context</th>
+                       <th className="px-8 py-4 text-center">Status</th>
+                       <th className="px-8 py-4 text-right">Ops</th>
+                    </tr>
+                 </thead>
+                 <tbody className="divide-y divide-white/5 font-bold uppercase  text-[11px]">
+                    {mode.mitigations?.filter((m: any) => m.cause_id === selectedCauseId).map((m: any) => {
+                      const linkedBkm = bkmById.get(Number(m.knowledge_bkm_id)) as any
+                      const linkedMonitor = monitoringById.get(Number(m.monitoring_item_id)) as any
+                      const completed = m.status === 'Completed'
+                      return (
+                      <tr key={m.id} className="hover:bg-white/[0.02] transition-colors group">
+                         <td className="px-8 py-5">
+                            <span className={`px-3 py-1 rounded-lg text-[9px] font-black ${m.mitigation_type === 'Monitoring' ? 'bg-sky-500/20 text-sky-400 border border-sky-500/30' : m.mitigation_type === 'Process Change' ? 'bg-violet-500/20 text-violet-300 border border-violet-500/30' : 'bg-amber-500/20 text-amber-400 border border-amber-500/30'}`}>{m.mitigation_type}</span>
+                         </td>
+                         <td className="px-8 py-5 text-white max-w-xl">
+                            <div className="space-y-2">
+                               {m.mitigation_steps?.split('\n').map((line: string, i: number) => (
+                                 <div key={i} className="flex gap-3">
+                                    <span className="text-slate-600 text-[9px] font-black">{i + 1}.</span>
+                                    <span className="normal-case font-medium text-slate-300 uppercase">{line}</span>
+                                 </div>
+                               ))}
+                               {m.responsible_team && (
+                                 <div className="flex items-center gap-2 text-[9px] font-black uppercase tracking-wide text-slate-500">
+                                   <User size={12} className="text-slate-600" /> Owner: {m.responsible_team}
+                                 </div>
+                               )}
+                               {linkedBkm && (
+                                  <div className="flex items-center gap-3 p-3 bg-emerald-500/5 border border-emerald-500/20 rounded-lg mt-2">
+                                     <Book size={14} className="text-emerald-400" />
+                                     <span className="text-emerald-400 tracking-tight normal-case font-black uppercase">Linked BKM: {linkedBkm.title}</span>
+                                  </div>
+                               )}
+                               {m.external_bkm_url && (
+                                  <a
+                                    href={m.external_bkm_url}
+                                    target="_blank"
+                                    rel="noreferrer noopener"
+                                    className="flex items-center gap-3 p-3 bg-blue-500/5 border border-blue-500/20 rounded-lg mt-2 text-blue-400 hover:bg-blue-500/10 transition-all"
+                                  >
+                                     <ExternalLink size={14} />
+                                     <span className="tracking-tight normal-case font-black uppercase truncate">External BKM: {m.external_bkm_url}</span>
+                                  </a>
+                               )}
+                               {linkedMonitor && (
+                                  <div className="flex items-center gap-3 p-3 bg-sky-500/5 border border-sky-500/20 rounded-lg mt-2 group/item hover:bg-sky-500/10 transition-all">
+                                     <Monitor size={14} className="text-sky-400" />
+                                     <span className="text-sky-400 tracking-tight normal-case font-black uppercase">Linked Monitor: {linkedMonitor.title}</span>
+                                  </div>
+                               )}
+                            </div>
+                         </td>
+                         <td className="px-8 py-5 text-center">
+                            <div className="flex flex-col items-center gap-1">
+                               <span className="text-[9px] font-black text-rose-400/70 truncate max-w-[150px]">{mode.causes?.find((c:any)=>c.id === m.cause_id)?.cause_text || 'GLOBAL_VECTOR'}</span>
+                            </div>
+                         </td>
+                         <td className="px-8 py-5 text-center">
+                            <span className={`px-3 py-1 rounded-lg text-[9px] font-black border ${completed ? 'bg-emerald-500/10 text-emerald-400 border-emerald-500/20' : 'bg-slate-800 text-slate-400 border-white/10'}`}>
+                               {m.status?.toUpperCase() || 'NOT STARTED'}
+                            </span>
+                         </td>
+                         <td className="px-8 py-5 text-right opacity-0 group-hover:opacity-100 transition-opacity">
+                            <div className="flex items-center justify-end gap-1">
+                              <button
+                                onClick={() => {
+                                  setSelectedCauseId(Number(m.cause_id))
+                                  setActiveMitigationModal({ isOpen: true, type: m.mitigation_type, initialData: m })
+                                }}
+                                disabled={readOnly}
+                                className="p-2 text-slate-600 hover:text-blue-400 transition-colors disabled:cursor-not-allowed disabled:opacity-40"
+                                title="Edit mitigation"
+                              >
+                                <Edit2 size={16}/>
+                              </button>
+                              <button
+                                onClick={() => {
+                                  if (deletingMitigationIdRef.current !== null) return
+                                  deletingMitigationIdRef.current = m.id
+                                  setDeletingMitigationId(m.id)
+                                  deleteMitigationMutation.mutate(m.id)
+                                }}
+                                disabled={readOnly || completed || deletingMitigationId !== null}
+                                className="p-2 text-slate-600 hover:text-rose-500 transition-colors disabled:cursor-not-allowed disabled:opacity-40"
+                                title={completed ? 'Completed mitigations cannot be deleted' : 'Delete Mitigation'}
+                              >
+                                <Trash2 size={16}/>
+                              </button>
+                            </div>
+                         </td>
+                      </tr>
+                      )
+                    })}
+                    {mode.mitigations?.filter((m: any) => m.cause_id === selectedCauseId).length === 0 && (
+                       <tr><td colSpan={5} className="py-20 text-center opacity-20 font-bold uppercase tracking-[0.3em]">No mitigation shields active for this cause</td></tr>
+                    )}
+                 </tbody>
+              </table>
+           </div>
+
+           <div className="bg-black/40 border border-emerald-500/10 rounded-lg overflow-hidden shadow-2xl">
+              <div className="flex items-center justify-between border-b border-white/10 bg-emerald-500/[0.03] px-8 py-4">
+                 <div>
+                    <h4 className="text-[10px] font-black uppercase tracking-[0.2em] text-emerald-400">Prevention Execution</h4>
+                    <p className="mt-1 text-[9px] font-bold uppercase text-slate-600">Verified or completed prevention advances this failure vector to maturity Lv8.</p>
+                 </div>
+                 <span className="text-[9px] font-black uppercase tracking-widest text-slate-500">
+                   {(mode.prevention_actions || []).filter((p: any) => p.cause_id === selectedCauseId).length} linked
+                 </span>
+              </div>
+              <table className="w-full text-left border-collapse">
+                 <thead className="border-b border-white/10 bg-white/[0.02]">
+                    <tr className="text-[9px] font-bold uppercase tracking-widest text-slate-500">
+                       <th className="px-8 py-3">Prevention Action / Project Objective</th>
+                       <th className="px-8 py-3">Owner</th>
+                       <th className="px-8 py-3">Target</th>
+                       <th className="px-8 py-3 text-right">FAR Status</th>
+                    </tr>
+                 </thead>
+                 <tbody className="divide-y divide-white/5">
+                    {(mode.prevention_actions || []).filter((p: any) => p.cause_id === selectedCauseId).map((p: any) => (
+                      <tr key={p.id} className="hover:bg-emerald-500/[0.03] transition-colors">
+                         <td className="px-8 py-4 text-[11px] font-bold text-slate-200">{p.prevention_action}</td>
+                         <td className="px-8 py-4 text-[10px] font-bold uppercase text-slate-500">{p.responsible_team || 'UNASSIGNED'}</td>
+                         <td className="px-8 py-4 text-[10px] font-bold uppercase text-slate-500">{p.target_date ? formatAppDate(p.target_date) : 'NO TARGET'}</td>
+                         <td className="px-8 py-4 text-right">
+                            <select
+                              value={p.status || 'Open'}
+                              disabled={readOnly || updatePreventionMutation.isPending}
+                              onChange={(event) => updatePreventionMutation.mutate({ preventionId: Number(p.id), status: event.target.value })}
+                              className="rounded-lg border border-emerald-500/20 bg-slate-950 px-3 py-1.5 text-[9px] font-black uppercase text-emerald-400 outline-none disabled:opacity-40"
+                            >
+                              <option value="Open">Open</option>
+                              <option value="In Progress">In Progress</option>
+                              <option value="Verified">Verified</option>
+                              <option value="Completed">Completed</option>
+                            </select>
+                         </td>
+                      </tr>
+                    ))}
+                    {(mode.prevention_actions || []).filter((p: any) => p.cause_id === selectedCauseId).length === 0 && (
+                      <tr><td colSpan={4} className="py-12 text-center text-[9px] font-bold uppercase tracking-[0.25em] text-slate-700">No prevention execution linked to this cause</td></tr>
+                    )}
+                 </tbody>
+              </table>
+           </div>
+        </div>
+
+        <MitigationFormModal 
+           key={activeMitigationModal?.initialData?.id ? `edit-${activeMitigationModal.initialData.id}` : `new-${activeMitigationModal?.type || 'mitigation'}`}
+           isOpen={!readOnly && activeMitigationModal?.isOpen}
+           onClose={() => setActiveMitigationModal(null)}
+           modeId={mode.id}
+           modeVersion={mode.version}
+           causeId={activeMitigationModal?.initialData?.cause_id ?? selectedCauseId}
+           type={activeMitigationModal?.type}
+           initialData={activeMitigationModal?.initialData}
+           bkms={bkms}
+           monitoring={monitoring}
+           onSave={onUpdate}
+        />
+
+        <PreventionFormModal 
+           isOpen={!readOnly && activePreventionModal?.isOpen}
+           onClose={() => setActivePreventionModal(null)}
+           modeId={mode.id}
+           modeVersion={mode.version}
+           causeId={selectedCauseId}
+           onSave={onUpdate}
+        />
+     </motion.div>
+   )
+ }
+   function HistoryTab({ mode, readOnly, onUpdate }: any) {
+     const [isLinking, setIsLinking] = useState(false)
+     const [search, setSearch] = useState('')
+     const queryClient = useQueryClient()
+     const navigate = useNavigate()
+
+     const { data: research } = useQuery({ 
+       queryKey: ['research-items'], 
+       queryFn: async () => (await apiFetch('/api/v1/investigations')).json() 
+     })
+
+     const filteredResearch = useMemo(() => {
+       if (!research) return []
+       return research.filter((r: any) => 
+         !search || r.title.toLowerCase().includes(search.toLowerCase()) || r.summary?.toLowerCase().includes(search.toLowerCase())
+       )
+     }, [research, search])
+
+     const linkMutation = useMutation({
+       mutationFn: async (researchId: number) => {
+         const currentLinks = mode.metadata_json?.linked_research_ids || []
+         if (currentLinks.includes(researchId)) {
+           toast.error('Research artifact already linked')
+           return
+         }
+         const updatedMetadata = { ...mode.metadata_json, linked_research_ids: [...currentLinks, researchId] }
+         const res = await apiFetch(`/api/v1/far/modes/${mode.id}`, {
+           method: 'PUT',
+           body: JSON.stringify(withFarExpectedVersion(mode.version, { metadata_json: updatedMetadata }))
+         })
+         if (!res.ok) throw new Error(await readFarMutationFailureMessage(res))
+         return res.json()
+       },
+       onSuccess: () => {
+         toast.success('Research Artifact Linked to Vector')
+         setIsLinking(false)
+         onUpdate()
+         queryClient.invalidateQueries({ queryKey: ['far', 'modes'] })
+       },
+       onError: (err: any) => {
+         toast.error(`Linking Failed: ${err.message}`)
+       }
+     })
+     const unlinkMutation = useMutation({
+       mutationFn: async (researchId: number) => {
+         const currentLinks = mode.metadata_json?.linked_research_ids || []
+         const updatedMetadata = {
+           ...mode.metadata_json,
+           linked_research_ids: currentLinks.filter((id: number) => id !== researchId)
+         }
+         const res = await apiFetch(`/api/v1/far/modes/${mode.id}`, {
+           method: 'PUT',
+           body: JSON.stringify(withFarExpectedVersion(mode.version, { metadata_json: updatedMetadata }))
+         })
+         if (!res.ok) throw new Error(await readFarMutationFailureMessage(res))
+         return res.json()
+       },
+       onSuccess: () => {
+         toast.success('Research artifact unlinked')
+         onUpdate()
+         queryClient.invalidateQueries({ queryKey: ['far', 'modes'] })
+       },
+       onError: (err: any) => {
+         toast.error(`Unlink Failed: ${err.message}`)
+       }
+     })
+
+     const linkedResearch = useMemo(() => {
+       if (!research || !mode.metadata_json?.linked_research_ids) return []
+       return research.filter((r: any) => mode.metadata_json.linked_research_ids.includes(r.id))
+     }, [research, mode.metadata_json])
+     return (
+       <motion.div initial={{ opacity: 0, y: 10 }} animate={{ opacity: 1, y: 0 }} exit={{ opacity: 0, y: 10 }} className="flex-1 flex flex-col space-y-6">
+          <div className="flex items-center justify-between">
+             <h3 className="text-sm font-bold uppercase tracking-[0.2em] text-slate-500 ">Analytical Research History</h3>
+             <button onClick={() => setIsLinking(true)} disabled={readOnly} className="px-6 py-2 bg-slate-800/50 border border-white/10 text-slate-400 rounded-lg text-[10px] font-bold uppercase  hover:bg-slate-700 hover:text-white transition-all disabled:cursor-not-allowed disabled:opacity-30">+ Link Research Artifact</button>
+          </div>
+
+          <div className="flex-1 overflow-y-auto custom-scrollbar pr-2 space-y-4">
+             {linkedResearch.map((r: any) => (
+                <div key={r.id} className="bg-white/5 border border-white/5 rounded-lg p-6 flex items-center justify-between group hover:bg-white/10 transition-all">
+                   <div className="flex items-center gap-6">
+                      <div className="p-4 bg-blue-500/10 rounded-lg text-blue-400 border border-blue-500/20"><Activity size={24}/></div>
+                      <div>
+                         <h4 className="text-sm font-bold text-white uppercase tracking-tight">{r.title}</h4>
+                         <div className="flex items-center gap-3 mt-1">
+                            <span className="text-[9px] font-bold text-slate-500 uppercase">Status: {r.status}</span>
+                            <span className="text-[9px] font-bold text-slate-500 uppercase">ID: {r.id}</span>
+                         </div>
+                      </div>
+                   </div>
+                   <div className="flex gap-3">
+                      <button onClick={() => navigate(`/research?type=research&id=${r.id}`)} className="p-2.5 bg-white/5 rounded-lg text-slate-500 hover:text-blue-400 transition-all opacity-0 group-hover:opacity-100"><Eye size={18}/></button>
+                      <button onClick={() => unlinkMutation.mutate(r.id)} disabled={readOnly} className="p-2.5 bg-white/5 rounded-lg text-slate-500 hover:text-rose-500 transition-all opacity-0 group-hover:opacity-100 disabled:cursor-not-allowed disabled:opacity-20"><Trash2 size={18}/></button>
+                   </div>
+                </div>
+             ))}
+             {linkedResearch.length === 0 && (
+                <div className="flex-1 flex flex-col items-center justify-center py-20 space-y-4 opacity-20 ">
+                   <Activity size={48} className="text-slate-500" />
+                   <p className="text-[12px] font-bold uppercase tracking-[0.3em] text-center max-w-md">No historical research artifacts currently mapped to this failure vector</p>
+                   <button onClick={() => navigate('/research')} className="text-[10px] font-bold uppercase underline tracking-widest text-rose-500">Initiate New Research Case</button>
+                </div>
+             )}
+          </div>
+          <AnimatePresence>
+             {!readOnly && isLinking && (
+                <div className="fixed inset-0 z-[200] flex items-center justify-center bg-black/80 backdrop-blur-md p-6">
+                   <motion.div initial={{ scale: 0.9, opacity: 0 }} animate={{ scale: 1, opacity: 1 }} className="glass-panel w-full max-w-lg p-10 rounded-lg border border-white/10 space-y-6">
+                      <div className="flex items-center justify-between border-b border-white/5 pb-4">
+                         <h3 className="text-xl font-bold uppercase text-white tracking-tighter">Link Research</h3>
+                         <button onClick={() => setIsLinking(false)} className="text-slate-500 hover:text-white transition-colors"><X size={24}/></button>
+                      </div>
+                      <div className="relative">
+                         <Search size={14} className="absolute left-4 top-1/2 -translate-y-1/2 text-slate-600" />
+                         <input 
+                           value={search} 
+                           onChange={e => setSearch(e.target.value)} 
+                           placeholder="Search research artifacts..." 
+                           className="w-full bg-black/40 border border-white/10 rounded-lg pl-11 pr-4 py-3 text-xs font-bold text-white outline-none focus:border-rose-500" 
+                         />
+                      </div>
+                      <div className="max-h-[300px] overflow-y-auto custom-scrollbar pr-2 space-y-2">
+                         {filteredResearch?.map((r: any) => (
+                           <button 
+                             key={r.id} 
+                             onClick={() => linkMutation.mutate(r.id)}
+                             className="w-full text-left p-4 rounded-lg bg-white/5 border border-white/5 hover:border-rose-500/30 hover:bg-rose-500/5 transition-all group"
+                           >
+                              <p className="text-[11px] font-bold text-white uppercase">{r.title}</p>
+                              <p className="text-[9px] text-slate-500 font-bold uppercase mt-1">Status: {r.status}</p>
+                           </button>
+                         ))}
+                      </div>
+                   </motion.div>
+                </div>
+             )}
+          </AnimatePresence>
+       </motion.div>
+     )
+   }
+

 ❯ src/components/shared/FARResearchGoldenPresentationContract.test.ts:16:17
     14|     expect(research).not.toContain('mixed records')
     15|     expect(far).not.toContain('surfaceVariant="attached-panel"')
     16|     expect(far).toContain('title="Export CSV"')
       |                 ^
     17|     expect(far).toContain('title="Copy to Clipboard"')
     18|     expect(far).toContain('<div className="flex-1 min-h-0 relative">\n…

⎯⎯⎯⎯⎯⎯⎯⎯⎯⎯⎯⎯⎯⎯⎯⎯⎯⎯⎯⎯⎯⎯[16/18]⎯

 FAIL  src/components/shared/FARResearchGoldenPresentationContract.test.ts > FAR and Research golden presentation contract > keeps optional display, filter, and analytical panels collapsed by default
AssertionError: expected 'import React, { useState, useMemo, us…' to contain '<Sliders size={14} /> Display'

- Expected
+ Received

- <Sliders size={14} /> Display
+ import React, { useState, useMemo, useEffect } from 'react'
+ import {
+   WorkspaceCollapsibleHeader,
+   WorkspaceEmptyState,
+   WorkspaceFieldError,
+   WorkspaceFieldLabel,
+   WorkspaceSectionBadge,
+   WorkspaceSectionCard,
+   WorkspaceSelectField,
+   WorkspaceStickyIdentityBar,
+   WorkspaceValidationBanner,
+   getWorkspaceInputClass,
+ } from './shared/OperationalWorkspacePrimitives'
+ import { useNavigate, useSearchParams } from 'react-router-dom'
+ import { useQuery, useMutation, useQueryClient } from '@tanstack/react-query'
+ import { 
+   Plus, Search, Trash2, Edit2, Info, 
+   ShieldAlert, Zap, Save, X, PlusCircle, User,
+   RefreshCcw, AlertTriangle, Lightbulb, ShieldCheck, 
+   Activity, Server, FileText, Clipboard, ArrowRight, Shield, 
+   CheckCircle2, ChevronRight, LayoutGrid, List, Sliders, Eye,
+   Target, AlertCircle, Settings, Layers, Box, Link2, ExternalLink,
+   ChevronLeft, Book, Download, Copy, Terminal, Check, HelpCircle, EyeOff, MoreVertical, Monitor, Upload, Clock, Undo2
+ } from 'lucide-react'
+ import { motion, AnimatePresence } from 'framer-motion'
+ import { apiFetch } from '../api/apiClient'
+ import { toast } from 'react-hot-toast'
+ import { formatAppDate } from '../utils/dateUtils'
+ import { OperationalImportModal } from './shared/OperationalImportModal'
+ import { downloadOperationalImportFile } from './shared/OperationalImportExport'
+ import { StatusPill } from './shared/StatusPill'
+ import { ConfigRegistryModal } from './ConfigRegistry'
+ import { MonitoringForm } from './monitoring/MonitoringForm'
+ import { ProjectForm } from './Projects'
+ import { RootCauseFormModal, MitigationFormModal, PreventionFormModal, ResolutionManagerModal } from './shared/FARModals'
+ import { EnhancedRcaDetails } from './Research'
+ import { OperationalWorkspaceShell } from './shared/OperationalWorkspaceShells'
+ import { FARFilterBar, FAROperationalGridView } from './FARGoldenWorkspaceInteraction'
+ import {
+   buildFarDelimitedText,
+   createDefaultFarQuickFilters,
+   filterFarModes,
+   type FarGroupBy,
+   type FarQuickFilters,
+ } from './FAR.workspaceModel'
+ import { OperationalBulkPreviewModal } from './shared/OperationalBulkPreviewModal'
+ import { useOperationalBulkWorkflow } from './shared/useOperationalBulkWorkflow'
+ import { HeaderScopeSwitch, ToolbarButton, ToolbarGroup, ToolbarIconButton, ToolbarSearch } from './shared/LayoutPrimitives'
+ import { FARVersionHistory } from './FARVersionHistory'
+ import { useFARGoldenWorkspaceControls } from './FARGoldenWorkspaceControls'
+ import type { FarLifecycleScope } from './FAR.workspaceState'
+ import { buildFarLifecycleWorkspaceTransition } from './FAR.lifecycleWorkspace'
+ import type { FarRestorationDossierContext } from './FAR.restoration'
+ import { OPERATIONAL_GRID_WIDTHS } from './shared/OperationalGridContract'
+ import {
+   createOperationalActionColumnDefinition,
+   createOperationalUtilityColumns,
+   renderOperationalActionButtons,
+ } from './shared/OperationalGridStandard'
+ import {
+   createOperationalGoldenTextColumn,
+   createOperationalMetricBadgeColumn,
+   getOperationalContentAwareWidth,
+ } from './shared/OperationalGoldenColumns'
+ import { useFarOperatorIntelligence } from './FAR.operatorIntelligence'
+ import { WorkspaceModal } from './shared/WorkspaceModal'
+ import { useOperationalFormDirty } from './shared/OperationalFormContracts'
+ import { parseOperationalApiValidationError } from './shared/OperationalFieldValidation'
+ import {
+   buildFarAuthoringDraft,
+   buildFarAuthoringErrors,
+   changeFarAuthoringSystem,
+   getFarAuthoringFirstErrorTab,
+   getFarAuthoringTabErrorCounts,
+   sanitizeFarAuthoringPayload,
+   type FarAuthoringTab,
+ } from './FAR.authoringModel'
+ import { buildFarDossierSearchParams, getFarDeepLinkNotice, getFarGridDataState, parseFarDossierTab, resolveFarDeepLink } from './FAR.deepLink'
+ import DataStatusPill, { DataDiagnosticModal } from './shared/OperationalDataStatus'
+ import { buildFarRegistryDiagnosticDetail } from './FAR.diagnostics'
+ import {
+   buildFarOperatorLoopReceipt,
+   buildFarOperatorLoopSnapshot,
+   shouldDismissFarOperatorLoop,
+   startFarOperatorLoop,
+   type FarOperatorSurface,
+   type FarOperatorLoopSession,
+ } from './FAR.operatorLoop'
+ import { FARDossierShell } from './FAR.dossier'
+ import {
+   buildFarLifecycleRequest,
+   buildFarLifecycleRevertPayload,
+   getFarLifecycleEndpoint,
+   getFarLifecycleRevertAction,
+   isFarLifecycleAction,
+ } from './FAR.lifecycleVocabulary'
+ import {
+   buildFarBulkScorePreview,
+   buildFarBulkScoreRequest,
+   buildFarBulkScoreRevertPayload,
+   type FarBulkScoreField,
+ } from './FAR.bulkScore'
+ import {
+   FAR_MATURITY_LEVELS,
+   createFarAnalyticalColumns,
+   getFarMaturityLevel,
+ } from './FAR.gridColumns'
+ import {
+   FAR_CONTEXT_DETAIL_TABS,
+   type FarDossierTab,
+ } from './FAR.rowActions'
+ import {
+   readFarMutationFailureMessage,
+   withFarExpectedVersion,
+ } from './FAR.mutationIntegrity'
+ import { buildFarContextMutationRequest } from './FAR.causalIntegrity'
+
+ import 'ag-grid-community/styles/ag-grid.css'
+ import 'ag-grid-community/styles/ag-theme-alpine.css'
+
+ const FAR_IMPORT_PROFILE = 'far_records'
+ const FAR_IMPORT_SCHEMA_VERSION = '2026-08-far-v1'
+ const FAR_SNAPSHOT_FILENAME_PATTERN = /^SYSGRID_far_records_Snapshot\.csv$/
+
+ // --- Types ---
+ interface FailureMode {
+   id: number
+   system_name: string
+   failure_type: string
+   title: string
+   effect: string
+   severity: number
+   occurrence: number
+   detection: number
+   rpn: number
+   status: string
+   affected_assets: any[]
+   causes: any[]
+   mitigations: any[]
+   prevention_actions: any[]
+ }
+
+ const FAILURE_TYPES = [
+   { value: 'Design', label: 'Design' },
+   { value: 'Process', label: 'Process' },
+   { value: 'Hardware', label: 'Hardware' },
+   { value: 'Software', label: 'Software' },
+   { value: 'Network', label: 'Network' },
+   { value: 'Human', label: 'Human' },
+   { value: 'Environment', label: 'Environment' },
+ ]
+
+ // --- Constants for Guided Scoring ---
+ const SEVERITY_LEVELS = [
+   { value: 10, label: 'HAZARDOUS (NO WARNING)', desc: 'Safety issue or total compliance failure. Extreme risk to the enterprise.' },
+   { value: 9, label: 'HAZARDOUS (WITH WARNING)', desc: 'Potential safety issue or major compliance risk. High probability of legal impact.' },
+   { value: 8, label: 'VERY HIGH', desc: 'System total failure, major data loss, no workaround exists. Business critical.' },
+   { value: 7, label: 'HIGH', desc: 'System operational but major performance impact. High user dissatisfaction.' },
+   { value: 6, label: 'MODERATE', desc: 'Significant impact on primary function, but workaround exists. Noticeable degradation.' },
+   { value: 5, label: 'LOW', desc: 'Minor impact on performance or usability. Minimal business disruption.' },
+   { value: 4, label: 'VERY LOW', desc: 'Noticeable impact but system remains functional. Easily manageable.' },
+   { value: 3, label: 'MINOR', desc: 'Slight annoyance to users. No functional impairment.' },
+   { value: 2, label: 'VERY MINOR', desc: 'Hardly noticeable impact. Cosmetic or trace-level issue.' },
+   { value: 1, label: 'NONE', desc: 'No discernible effect on system or user experience.' },
+ ]
+
+ const OCCURRENCE_LEVELS = [
+   { value: 10, label: 'CERTAIN', desc: 'Inevitable. Occurs multiple times per day. Constant risk exposure.' },
+   { value: 9, label: 'VERY HIGH', desc: 'Likely to occur daily. High-frequency failure profile.' },
+   { value: 8, label: 'HIGH', desc: 'Likely to occur weekly. Recurring operational disruption.' },
+   { value: 7, label: 'MODERATELY HIGH', desc: 'Occurs once or twice per month. Periodic impact.' },
+   { value: 6, label: 'MODERATE', desc: 'Occurs once every few months. Occasional risk.' },
+   { value: 5, label: 'LOW', desc: 'Occurs once or twice per year. Infrequent failure mode.' },
+   { value: 4, label: 'VERY LOW', desc: 'Occurs once every few years. Rare occurrence.' },
+   { value: 3, label: 'REMOTE', desc: 'Unlikely but possible. Minimal historical evidence.' },
+   { value: 2, label: 'VERY REMOTE', desc: 'Extremely unlikely. Speculative failure mode.' },
+   { value: 1, label: 'NEARLY IMPOSSIBLE', desc: 'Never expected to occur. Theoretical risk only.' },
+ ]
+
+ const DETECTION_LEVELS = [
+   { value: 10, label: 'IMPOSSIBLE', desc: 'Zero monitoring. Discovered only via total system blackout or user report.' },
+   { value: 9, label: 'VERY REMOTE', desc: 'Visible only after catastrophic failure has completed. Post-mortem discovery.' },
+   { value: 8, label: 'REMOTE', desc: 'Requires manual log inspection or audit. High latency in visibility.' },
+   { value: 7, label: 'VERY LOW', desc: 'Alerts exist but are buried in noise. Easily missed by NOC/SOC.' },
+   { value: 6, label: 'LOW', desc: 'Standard monitoring, but delayed or inconsistent. Unreliable visibility.' },
+   { value: 5, label: 'MODERATE', desc: 'Reliable alerts exist but require human triage for verification.' },
+   { value: 4, label: 'MODERATELY HIGH', desc: 'Proactive alerts with clear root cause identification.' },
+   { value: 3, label: 'HIGH', desc: 'Real-time dashboarding and active, automated health checks.' },
+   { value: 2, label: 'VERY HIGH', desc: 'Automated self-healing or failsafe systems. Immediate notification.' },
+   { value: 1, label: 'ALMOST CERTAIN', desc: 'Predictive analytics prevents failure before it manifests.' },
+ ]
+
+ async function fetchFarList(path: string) {
+   const response = await apiFetch(path)
+   if (!response.ok) throw new Error(await response.text())
+   const payload = await response.json()
+   if (!Array.isArray(payload)) throw new Error(`Expected a list response from ${path}`)
+   return payload
+ }
+
+ const METRIC_DEFINITIONS: any = {
+   SRI: {
+     title: "System Reliability Index (SRI)",
+     formula: "SRI = 100 × [1 - (RPN_avg / 500)]",
+     description: "Represents the aggregate health of the infrastructure's risk profile. A score of 100 signifies zero documented risk exposure, while lower scores indicate high-criticality failure modes with frequent occurrence or visibility gaps."
+   },
+   RiskDensity: {
+     title: "Risk Density Profile",
+     formula: "D_risk = Σ RPN / Σ Assets_affected",
+     description: "Measures risk concentration across assets. High density indicates that a small number of physical or logical assets are bearing a disproportionate amount of system-wide failure risk."
+   },
+   MitigationRatio: {
+     title: "Global Mitigation Coverage",
+     formula: "M_cov = (N_mitigated / N_total) × 100",
+     description: "Evaluates the breadth of the defense-in-depth strategy. Measures the percentage of failure modes that have at least one verified Monitoring or temporary Workaround protocol established."
+   },
+   AvgSeverity: {
+     title: "Mean Failure Criticality",
+     formula: "RPN_avg = (1 / N) Σ RPN_i",
+     description: "The average Risk Priority Number across the entire registry. Used to monitor long-term trends in the inherent severity of documented risks, independent of the number of entries."
+   }
+ }
+
+ function MetricHelpModal({ metric, onClose }: { metric: string | null, onClose: () => void }) {
+   if (!metric || !METRIC_DEFINITIONS[metric]) return null;
+   const def = METRIC_DEFINITIONS[metric];
+   return (
+     <div className="fixed inset-0 z-[300] flex items-center justify-center bg-black/60 backdrop-blur-md p-10">
+       <motion.div initial={{ scale: 0.9, opacity: 0 }} animate={{ scale: 1, opacity: 1 }} className="glass-panel w-full max-w-md p-10 rounded-lg border border-blue-500/30 space-y-6">
+         <div className="flex items-center justify-between border-b border-white/5 pb-4">
+           <h2 className="text-xl font-bold uppercase tracking-tighter text-blue-400  flex items-center space-x-3">
+              <Info size={24}/> <span>{def.title}</span>
+           </h2>
+           <button onClick={onClose} className="text-slate-500 hover:text-white transition-colors"><X size={20}/></button>
+         </div>
+         <div className="space-y-4">
+           <div>
+             <p className="text-[9px] font-bold text-slate-500 uppercase tracking-widest mb-2 px-1">Mathematical Derivation</p>
+             <div className="bg-black/40 border border-white/5 rounded-lg p-6 font-serif text-lg text-blue-300 text-center shadow-inner">
+                {def.formula}
+             </div>
+           </div>
+           <div>
+             <p className="text-[9px] font-bold text-slate-500 uppercase tracking-widest mb-2 px-1">Functional Definition</p>
+             <p className="text-[13px] text-slate-300 leading-relaxed font-bold tracking-tight ">
+               {def.description}
+             </p>
+           </div>
+         </div>
+         <button onClick={onClose} className="w-full py-3 bg-blue-600 text-white rounded-lg text-[10px] font-bold uppercase tracking-widest active:scale-95 transition-all shadow-lg shadow-blue-500/20">Acknowledge</button>
+       </motion.div>
+     </div>
+   )
+ }
+
+ export default function FAR() {
+   const [operatorLoopSession, setOperatorLoopSession] = useState<FarOperatorLoopSession | null>(null)
+   const queryClient = useQueryClient()
+   const [searchParams, setSearchParams] = useSearchParams()
+   const gridRef = React.useRef<any>(null)
+   const lastDeepLinkedModeIdRef = React.useRef<number | null>(null)
+   
+   const idParam = searchParams.get('id')
+   const tabParam = searchParams.get('tab')
+   const requestedDossierTab = useMemo(() => parseFarDossierTab(tabParam), [tabParam])
+
+   const [showWizard, setShowWizard] = useState(false)
+   const [selectedModeId, setSelectedModeId] = useState<number | null>(null)
+   const [selectedDetailTab, setSelectedDetailTab] = useState<FarDossierTab>(FAR_CONTEXT_DETAIL_TABS.detail)
+   const [searchTerm, setSearchTerm] = useState('')
+   const [groupBy, setGroupBy] = useState<FarGroupBy>('raw')
+   const [quickFilters, setQuickFilters] = useState<FarQuickFilters>(() => createDefaultFarQuickFilters())
+   const [showMaturityHelp, setShowMaturityHelp] = useState(false)
+   const [showRpnHelp, setShowRpnHelp] = useState(false)
+   const [activeMetricHelp, setActiveMetricHelp] = useState<string | null>(null)
+
+   const [incidentListModal, setIncidentListModal] = useState<{show: boolean, rcas: any[]}>({ show: false, rcas: [] })
+   const [selectedRcaDetail, setSelectedRcaDetail] = useState<any>(null)
+   const [resolutionManagerModal, setResolutionManagerModal] = useState<{show: boolean, cause: any}>({ show: false, cause: null })
+
+   // Column Picker & Style Lab State (Mirrored from Assets)
+   const [fontSize, setFontSize] = useState(11)
+   const [rowDensity, setRowDensity] = useState(8)
+   const [showStyleLab, setShowStyleLab] = useState(false)
+   const [showFilterBar, setShowFilterBar] = useState(true)
+   const [showInsights, setShowInsights] = useState(false)
+   const [showColumnPicker, setShowColumnPicker] = useState(false)
+   const [hiddenColumns, setHiddenColumns] = useState<string[]>([])
+   const [showConfig, setShowConfig] = useState(false)
+   const [selectedIds, setSelectedIds] = useState<number[]>([])
+   const [lifecycleScope, setLifecycleScope] = useState<'active' | 'archived'>('active')
+   const operatorLoopSnapshotRef = React.useRef<ReturnType<typeof buildFarOperatorLoopSnapshot> | null>(null)
+   const lastOperatorLoopReceiptRef = React.useRef<ReturnType<typeof buildFarOperatorLoopReceipt> | null>(null)
+   
+   const [bkmGuidanceModal, setBkmGuidanceModal] = useState<{show: boolean, cause: any}>({ show: false, cause: null })
+
+   const operatorLoopSnapshot = useMemo(() => buildFarOperatorLoopSnapshot({
+     lifecycleScope,
+     groupBy,
+     searchTerm,
+     quickFilters,
+     selectedIds,
+     selectedModeId,
+     selectedDetailTab,
+     hiddenColumns,
+     fontSize,
+     rowDensity,
+     routeQuery: searchParams.toString(),
+   }), [
+     lifecycleScope,
+     groupBy,
+     searchTerm,
+     quickFilters,
+     selectedIds,
+     selectedModeId,
+     selectedDetailTab,
+     hiddenColumns,
+     fontSize,
+     rowDensity,
+     searchParams,
+   ])
+   operatorLoopSnapshotRef.current = operatorLoopSnapshot
+
+   const beginFarOperatorSurface = React.useCallback((surface: FarOperatorSurface) => {
+     const session = startFarOperatorLoop(surface, operatorLoopSnapshotRef.current || operatorLoopSnapshot)
+     setOperatorLoopSession(session)
+     return session
+   }, [operatorLoopSnapshot])
+
+   const openFarOperatorSurface = React.useCallback((surface: Exclude<FarOperatorSurface, 'round_trip_export'>) => {
+     beginFarOperatorSurface(surface)
+   }, [beginFarOperatorSurface])
+
+   const closeFarOperatorSurface = React.useCallback((surface: FarOperatorSurface) => {
+     setOperatorLoopSession((current) => {
+       if (!current || current.surface !== surface) return current
+       const latest = operatorLoopSnapshotRef.current || current.snapshot
+       lastOperatorLoopReceiptRef.current = buildFarOperatorLoopReceipt(current, latest)
+       return null
+     })
+   }, [])
+
+   useEffect(() => {
+     setOperatorLoopSession((current) => {
+       if (!current || !shouldDismissFarOperatorLoop(current, operatorLoopSnapshot)) return current
+       lastOperatorLoopReceiptRef.current = buildFarOperatorLoopReceipt(current, operatorLoopSnapshot)
+       return null
+     })
+   }, [operatorLoopSnapshot])
+
+   const syncFarDossierLink = React.useCallback((
+     targetId: number | null,
+     tab: FarDossierTab = FAR_CONTEXT_DETAIL_TABS.detail,
+     replace = false,
+   ) => {
+     setSearchParams(buildFarDossierSearchParams(searchParams, targetId, tab), { replace })
+   }, [searchParams, setSearchParams])
+
+   const openFarDossier = React.useCallback((
+     targetId: number,
+     tab: FarDossierTab = FAR_CONTEXT_DETAIL_TABS.detail,
+   ) => {
+     setSelectedDetailTab(tab)
+     setSelectedModeId(targetId)
+     syncFarDossierLink(targetId, tab)
+   }, [syncFarDossierLink])
+
+   const closeFarDossier = React.useCallback((replace = false) => {
+     lastDeepLinkedModeIdRef.current = null
+     setSelectedModeId(null)
+     setSelectedDetailTab(FAR_CONTEXT_DETAIL_TABS.detail)
+     syncFarDossierLink(null, FAR_CONTEXT_DETAIL_TABS.detail, replace)
+   }, [syncFarDossierLink])
+
+   const transitionFarLifecycleScope = React.useCallback((
+     nextScope: FarLifecycleScope,
+     preserveExplicitDossierLink = false,
+   ) => {
+     const transition = buildFarLifecycleWorkspaceTransition(nextScope, preserveExplicitDossierLink)
+     if (transition.applyLifecycleScope) setLifecycleScope(transition.lifecycleScope)
+     if (transition.clearSelection) {
+       setSelectedIds([])
+       gridRef.current?.api?.deselectAll?.()
+     }
+     if (transition.clearDossier) closeFarDossier(true)
+   }, [closeFarDossier])
+
+   const restoreFarLifecycleScope = React.useCallback((nextScope: FarLifecycleScope) => {
+     transitionFarLifecycleScope(nextScope, Boolean(idParam))
+   }, [idParam, transitionFarLifecycleScope])
+
+   // Queries
+   const { data: modes, isLoading: modesLoading, isError: modesError, error: modesQueryError } = useQuery({
+     queryKey: ['far', 'modes'], 
+     queryFn: () => fetchFarList('/api/v1/far/modes?include_deleted=true')
+   })
+   const activeModes = useMemo(
+     () => (modes || []).filter((mode: any) => !mode.is_deleted),
+     [modes],
+   )
+   const lifecycleModes = useMemo(
+     () => (modes || []).filter((mode: any) => lifecycleScope === 'archived' ? Boolean(mode.is_deleted) : !mode.is_deleted),
+     [lifecycleScope, modes],
+   )
+   const lifecycleCounts = useMemo(() => ({
+     active: (modes || []).filter((mode: any) => !mode.is_deleted).length,
+     archived: (modes || []).filter((mode: any) => Boolean(mode.is_deleted)).length,
+   }), [modes])
+   const deepLinkResolution = useMemo(() => resolveFarDeepLink(idParam, modes), [idParam, modes])
+   const deepLinkNotice = useMemo(() => getFarDeepLinkNotice(deepLinkResolution), [deepLinkResolution])
+   const restorationDossier = useMemo<FarRestorationDossierContext | null>(() => {
+     if (deepLinkResolution.kind !== 'resolved') return null
+     return {
+       targetId: deepLinkResolution.targetId,
+       lifecycleScope: deepLinkResolution.lifecycleScope,
+       title: String(deepLinkResolution.mode.title || ''),
+       tab: requestedDossierTab,
+     }
+   }, [deepLinkResolution, requestedDossierTab])
+   const farRegistryDiagnosticDetail = useMemo(
+     () => buildFarRegistryDiagnosticDetail(modesQueryError),
+     [modesQueryError],
+   )
+
+   useEffect(() => {
+     if (operatorLoopSession?.surface !== 'diagnostics' || modesError) return
+     closeFarOperatorSurface('diagnostics')
+   }, [closeFarOperatorSurface, modesError, operatorLoopSession?.surface])
+
+   useEffect(() => {
+     if (deepLinkResolution.kind !== 'resolved') {
+       if (deepLinkResolution.kind === 'invalid' || deepLinkResolution.kind === 'unavailable') {
+         lastDeepLinkedModeIdRef.current = null
+         setSelectedModeId(null)
+         setSelectedDetailTab(FAR_CONTEXT_DETAIL_TABS.detail)
+       } else if (deepLinkResolution.kind === 'absent' && lastDeepLinkedModeIdRef.current !== null) {
+         const previousDeepLinkId = lastDeepLinkedModeIdRef.current
+         lastDeepLinkedModeIdRef.current = null
+         setSelectedModeId((current) => current === previousDeepLinkId ? null : current)
+         setSelectedDetailTab(FAR_CONTEXT_DETAIL_TABS.detail)
+       }
+       return
+     }
+     const { targetId, lifecycleScope: targetLifecycleScope } = deepLinkResolution
+
+     lastDeepLinkedModeIdRef.current = targetId
+     setLifecycleScope(targetLifecycleScope)
+     setSelectedDetailTab(requestedDossierTab)
+     setSelectedModeId(targetId)
+   }, [deepLinkResolution, requestedDossierTab])
+
+   const { data: options } = useQuery({ queryKey: ['settings-options'], queryFn: async () => (await apiFetch('/api/v1/settings/options')).json() })
+   const availableSystems = useMemo(() => Array.from(new Set([
+     ...(options?.filter((o: any) => o.category === 'LogicalSystem').map((s: any) => String(s.value || '')).filter(Boolean) || []),
+     ...lifecycleModes.map((mode: any) => String(mode.system_name || '')).filter(Boolean),
+   ])).sort(), [lifecycleModes, options])
+   const availableFailureTypes = useMemo(() => Array.from(new Set([
+     ...FAILURE_TYPES.map((type) => type.value),
+     ...lifecycleModes.map((mode: any) => String(mode.failure_type || '')).filter(Boolean),
+   ])).sort(), [lifecycleModes])
+   const availableStatuses = useMemo(() => Array.from(new Set(
+     lifecycleModes.map((mode: any) => String(mode.status || '')).filter(Boolean)
+   )).sort(), [lifecycleModes])
+
+   const farDefaultWidthsRef = React.useRef<{
+     system_name: number
+     failure_type: number
+     title: number
+     created_by_user_id: number
+   } | null>(null)
+   if (!farDefaultWidthsRef.current && modes !== undefined) {
+     const loadedModes = activeModes
+     farDefaultWidthsRef.current = {
+       system_name: getOperationalContentAwareWidth({
+         headerName: 'System', values: loadedModes.map((mode: any) => mode.system_name), minWidth: 120, fallbackWidth: 132, maxDefaultWidth: 220,
+       }),
+       failure_type: getOperationalContentAwareWidth({
+         headerName: 'Type', values: loadedModes.map((mode: any) => mode.failure_type), minWidth: 96, fallbackWidth: 108, maxDefaultWidth: 160,
+       }),
+       title: getOperationalContentAwareWidth({
+         headerName: 'Failure Mode', values: loadedModes.map((mode: any) => mode.title), minWidth: 200, fallbackWidth: 260, maxDefaultWidth: 360,
+       }),
+       created_by_user_id: getOperationalContentAwareWidth({
+         headerName: 'Created By', values: loadedModes.map((mode: any) => mode.created_by_user_id || 'SYSTEM'), minWidth: 128, fallbackWidth: 136, maxDefaultWidth: 220,
+       }),
+     }
+   }
+   const farDefaultWidths = farDefaultWidthsRef.current || {
+     system_name: 132,
+     failure_type: 108,
+     title: 260,
+     created_by_user_id: 136,
+   }
+
+   const filteredModes = useMemo(
+     () => filterFarModes(lifecycleModes, searchTerm, quickFilters),
+     [lifecycleModes, quickFilters, searchTerm]
+   )
+   const operatorIntelligence = useFarOperatorIntelligence({
+     rows: filteredModes,
+     groupBy,
+     searchTerm,
+     quickFilters,
+     onOpenDetail: (mode) => {
+       if (!mode?.id) return
+       openFarDossier(Number(mode.id))
+     },
+     gridRef,
+   })
+   const displayedModes = operatorIntelligence.rows
+   const selectionScopeKey = operatorIntelligence.selectionScopeKey
+
+   const selectedMode = useMemo(() => modes?.find((m: any) => m.id === selectedModeId), [modes, selectedModeId])
+
+   const handleExportCSV = () => {
+     if (groupBy === 'raw' && gridRef.current?.api) {
+       gridRef.current.api.exportDataAsCsv({
+         fileName: `SysGrid_FAR_${new Date().toISOString().split('T')[0]}.csv`,
+         allColumns: false,
+         onlySelected: false,
+       })
+       return
+     }
+     const blob = new Blob([buildFarDelimitedText(filteredModes, ',')], { type: 'text/csv;charset=utf-8' })
+     const url = URL.createObjectURL(blob)
+     const link = document.createElement('a')
+     link.href = url
+     link.download = `SysGrid_FAR_${new Date().toISOString().split('T')[0]}.csv`
+     link.click()
+     URL.revokeObjectURL(url)
+   }
+
+   const handleExportRoundTrip = async () => {
+     const exportSession = beginFarOperatorSurface('round_trip_export')
+     try {
+       const result = await downloadOperationalImportFile({
+         tableName: FAR_IMPORT_PROFILE,
+         kind: 'snapshot',
+         expectedProfile: FAR_IMPORT_PROFILE,
+         requireSchemaHeaders: true,
+         fallbackFileName: 'SYSGRID_far_records_Snapshot.csv',
+         metadataContract: {
+           manifestEndpoint: `/api/v1/import/snapshot/${FAR_IMPORT_PROFILE}/manifest`,
+           expectedProfile: FAR_IMPORT_PROFILE,
+           expectedSchemaVersion: FAR_IMPORT_SCHEMA_VERSION,
+           expectedFilenamePattern: FAR_SNAPSHOT_FILENAME_PATTERN,
+           expectedContentType: 'text/csv',
+         },
+       })
+       toast.success(`FAR round-trip snapshot exported (${result.schemaVersion || FAR_IMPORT_SCHEMA_VERSION})`)
+     } catch (error) {
+       toast.error(error instanceof Error ? error.message : 'Unable to export FAR round-trip snapshot')
+     } finally {
+       const latest = operatorLoopSnapshotRef.current || exportSession.snapshot
+       lastOperatorLoopReceiptRef.current = buildFarOperatorLoopReceipt(exportSession, latest)
+       setOperatorLoopSession((current) => current === exportSession ? null : current)
+     }
+   }
+
+   const handleCopyToClipboard = () => {
+     let csvData = ''
+     if (groupBy === 'raw' && gridRef.current?.api) {
+       csvData = gridRef.current.api.getDataAsCsv?.({
+         allColumns: false,
+         onlySelected: true,
+         suppressQuotes: true,
+       }) || ''
+     } else {
+       const selected = new Set(selectedIds.map(Number))
+       csvData = buildFarDelimitedText(
+         (modes || []).filter((mode: any) => selected.has(Number(mode.id))),
+         '\t',
+       )
+     }
+     if (!csvData || selectedIds.length === 0) return
+     navigator.clipboard.writeText(csvData)
+       .then(() => toast.success('Selected failure vectors copied to clipboard'))
+       .catch(() => toast.error('Failed to copy selected failure vectors'))
+   }
+
+   const {
+     bulkMutation,
+     bulkOperationPreview,
+     requestBulkPreview,
+     setBulkOperationPreview,
+   } = useOperationalBulkWorkflow<any>({
+     selectedIds,
+     fieldLabels: {
+       severity: 'Severity',
+       occurrence: 'Occurrence',
+       detection: 'Detection',
+     },
+     selectionErrorMessage: 'Select at least one failure vector.',
+     previewErrorMessage: 'Unable to prepare the FAR bulk preview.',
+     executionErrorMessage: 'Unable to update the selected failure vectors.',
+     revertErrorMessage: 'Unable to revert the FAR bulk change.',
+     getSnapshots: (ids) => (modes || []).filter((mode: any) => ids.includes(Number(mode.id))),
+     previewRequest: async ({ action, ids, payload }) => {
+       if (action === 'update') {
+         return buildFarBulkScorePreview(ids, modes || [], payload)
+       }
+       if (!isFarLifecycleAction(action)) throw new Error('Unsupported FAR lifecycle action.')
+       const current = new Map((modes || []).map((mode: any) => [Number(mode.id), mode]))
+       const changedIds = ids.filter((id) => {
+         const mode = current.get(id)
+         if (!mode) return false
+         return action === 'restore' ? Boolean(mode.is_deleted) : !mode.is_deleted
+       })
+       const changed = new Set(changedIds)
+       const unchangedIds = ids.filter((id) => current.has(id) && !changed.has(id))
+       const missingIds = ids.filter((id) => !current.has(id))
+       return {
+         action,
+         selected_count: ids.length,
+         matched_count: changedIds.length + unchangedIds.length,
+         changed_count: changedIds.length,
+         unchanged_count: unchangedIds.length,
+         blocked_count: 0,
+         missing_count: missingIds.length,
+         changed_ids: changedIds,
+         unchanged_ids: unchangedIds,
+         missing_ids: missingIds,
+         blockers: [],
+         can_execute: changedIds.length > 0 && missingIds.length === 0,
+       }
+     },
+     executeRequest: async ({ action, ids, payload }) => {
+       operatorIntelligence.beginPending(ids)
+       try {
+         if (action === 'update') {
+           const request = buildFarBulkScoreRequest(ids, modes || [], payload)
+           const res = await apiFetch('/api/v1/far/modes/bulk-score', {
+             method: 'POST',
+             body: JSON.stringify(request),
+           })
+           if (!res.ok) throw new Error(await res.text())
+           const result = await res.json()
+           return {
+             ...result,
+             changed_count: Number(result?.changed_count || 0),
+             unchanged_count: Number(result?.unchanged_count || 0),
+             changed_ids: Array.isArray(result?.changed_ids) ? result.changed_ids.map(Number) : [],
+           }
+         }
+
+         if (!isFarLifecycleAction(action)) throw new Error('Unsupported FAR lifecycle action.')
+         const endpoint = getFarLifecycleEndpoint(action)
+         const request = buildFarLifecycleRequest(ids, modes || [], payload?.expected_versions)
+         const res = await apiFetch(endpoint, {
+           method: 'POST',
+           body: JSON.stringify(request),
+         })
+         if (!res.ok) throw new Error(await readFarMutationFailureMessage(res))
+         const result = await res.json()
+         const changedCount = Number(result?.changed_count ?? result?.count ?? 0)
+         return {
+           ...result,
+           changed_count: changedCount,
+           unchanged_count: Math.max(0, ids.length - changedCount),
+           changed_ids: Array.isArray(result?.changed_ids) ? result.changed_ids.map(Number) : [],
+         }
+       } finally {
+         operatorIntelligence.endPending(ids)
+       }
+     },
+     refresh: () => queryClient.invalidateQueries({ queryKey: ['far', 'modes'] }),
+     buildRevertRequest: ({ action, changedIds, changedSnapshots, payload, result }) => {
+       if (action === 'update') {
+         const revertPayload = buildFarBulkScoreRevertPayload(changedSnapshots, payload, result?.versions)
+         return revertPayload ? { action: 'update', ids: changedIds, payload: revertPayload } : null
+       }
+       if (action === 'archive' || action === 'restore') {
+         const revertPayload = buildFarLifecycleRevertPayload(changedIds, result?.versions)
+         return revertPayload
+           ? { action: getFarLifecycleRevertAction(action), ids: changedIds, payload: revertPayload }
+           : null
+       }
+       return null
+     },
+     onExecutionSuccess: () => {
+       setSelectedIds([])
+       gridRef.current?.api?.deselectAll?.()
+     },
+   })
+
+   // AgGrid Defs (High Density)
+   const columnDefs = useMemo(() => [
+     ...createOperationalUtilityColumns(operatorIntelligence.utilityColumnsConfig),
+     createOperationalGoldenTextColumn({
+       field: 'system_name',
+       headerName: 'System',
+       width: farDefaultWidths.system_name,
+       minWidth: 120,
+       filter: 'agTextColumnFilter',
+       tooltipField: 'system_name',
+       valueClassName: 'operational-grid-text font-bold text-rose-400 uppercase',
+       hide: hiddenColumns.includes('system_name'),
+     }),
+     createOperationalGoldenTextColumn({
+       field: 'failure_type',
+       headerName: 'Type',
+       width: farDefaultWidths.failure_type,
+       minWidth: 96,
+       filter: 'agTextColumnFilter',
+       tooltipField: 'failure_type',
+       valueClassName: 'operational-grid-text font-bold text-slate-400 uppercase',
+       hide: hiddenColumns.includes('failure_type'),
+     }),
+     createOperationalGoldenTextColumn({
+       field: 'title',
+       headerName: 'Failure Mode',
+       width: farDefaultWidths.title,
+       minWidth: 200,
+       filter: 'agTextColumnFilter',
+       tooltipField: 'title',
+       valueClassName: 'operational-grid-text font-bold uppercase text-white',
+       alignment: 'left',
+       hide: hiddenColumns.includes('title'),
+     }),
+     createOperationalMetricBadgeColumn({
+       field: 'severity', headerName: 'S', width: 72, minWidth: 68, fontSize,
+       resolveTone: (value) => value >= 8 ? 'critical' : value >= 5 ? 'warning' : 'healthy',
+       onActivate: () => setShowRpnHelp(true),
+       title: 'RPN Definition Matrix',
+       hide: hiddenColumns.includes('severity'),
+     }),
+     createOperationalMetricBadgeColumn({
+       field: 'occurrence', headerName: 'O', width: 72, minWidth: 68, fontSize,
+       resolveTone: (value) => value >= 7 ? 'critical' : value >= 4 ? 'warning' : 'healthy',
+       onActivate: () => setShowRpnHelp(true),
+       title: 'RPN Definition Matrix',
+       hide: hiddenColumns.includes('occurrence'),
+     }),
+     createOperationalMetricBadgeColumn({
+       field: 'detection', headerName: 'D', width: 72, minWidth: 68, fontSize,
+       resolveTone: (value) => value >= 7 ? 'critical' : value >= 4 ? 'warning' : 'healthy',
+       onActivate: () => setShowRpnHelp(true),
+       title: 'RPN Definition Matrix',
+       hide: hiddenColumns.includes('detection'),
+     }),
+     createOperationalMetricBadgeColumn({
+       field: 'rpn', headerName: 'RPN', width: 84, minWidth: 80, fontSize,
+       resolveTone: (value) => value >= 150 ? 'critical' : value >= 80 ? 'warning' : 'healthy',
+       onActivate: () => setShowRpnHelp(true),
+       title: 'RPN Definition Matrix',
+       hide: hiddenColumns.includes('rpn'),
+     }),
+     ...createFarAnalyticalColumns({
+       fontSize,
+       hiddenColumns,
+       onOpenMaturity: () => setShowMaturityHelp(true),
+       onOpenIncidents: (rcas) => setIncidentListModal({ show: true, rcas }),
+     }),
+     createOperationalGoldenTextColumn({
+       field: 'created_by_user_id',
+       headerName: 'Created By',
+       width: farDefaultWidths.created_by_user_id,
+       minWidth: 128,
+       filter: true,
+       emptyValue: 'SYSTEM',
+       tooltipValueGetter: (value) => String(value || 'SYSTEM'),
+       valueClassName: 'operational-grid-text font-bold text-blue-400 uppercase',
+       hide: hiddenColumns.includes('created_by_user_id'),
+     }),
+     createOperationalActionColumnDefinition({
+       width: OPERATIONAL_GRID_WIDTHS.standardAction,
+       renderActions: (row: any) => renderOperationalActionButtons([
+         <button key="detail" onClick={() => { if (!row?.id) return; openFarDossier(Number(row.id)) }} title="Matrix Detail" className="text-blue-400 hover:text-blue-200 transition-all"><Eye size={14}/></button>,
+         ...(row?.is_deleted ? [
+           <button
+             key="restore"
+             onClick={() => row?.id && requestBulkPreview({ action: 'restore', ids: [row.id] })}
+             title="Restore failure vector"
+             className="text-emerald-400 hover:text-emerald-200 transition-all"
+           ><Undo2 size={14}/></button>,
+         ] : [
+           <button
+             key="edit"
+             onClick={() => { if (!row?.id) return; setSelectedModeId(row.id); setShowWizard(true) }}
+             title="Edit Matrix"
+             className="text-amber-400 hover:text-amber-200 transition-all"
+           ><Edit2 size={14}/></button>,
+           <button
+             key="retire"
+             onClick={() => row?.id && requestBulkPreview({ action: 'archive', ids: [row.id] })}
+             title="Retire failure vector"
+             className="text-rose-400 hover:text-rose-200 transition-all"
+           ><Trash2 size={14}/></button>,
+         ]),
+       ]),
+     })
+   ], [farDefaultWidths, fontSize, hiddenColumns, openFarDossier, operatorIntelligence.utilityColumnsConfig, requestBulkPreview]) as any
+
+   // Advanced Metrics Calculation
+   const metrics = useMemo(() => {
+     const activeModes = filteredModes || []
+     const totalRPN = activeModes.reduce((acc: number, m: any) => acc + (m.rpn || 0), 0)
+     const avgRPN = activeModes.length ? totalRPN / activeModes.length : 0
+     const sri = Math.max(0, Math.round(100 * (1 - avgRPN / 500))) 
+     
+     const maturityDist = activeModes.reduce((acc: any, mode: any) => {
+       const lv = getFarMaturityLevel(mode);
+       acc[lv] = (acc[lv] || 0) + 1;
+       return acc;
+     }, {} as Record<number, number>);
+
+     const mitigated = activeModes.filter((m: any) => (m.mitigations?.length || 0) > 0).length
+     const mitRatio = activeModes.length ? Math.round((mitigated / activeModes.length) * 100) : 0
+     const totalAssets = activeModes.reduce((acc: number, m: any) => acc + (m.affected_assets?.length || 0), 0)
+     const riskDensity = totalAssets ? (totalRPN / totalAssets).toFixed(1) : '0.0'
+     return { sri, mitRatio, riskDensity, avgRPN: Math.round(avgRPN), maturityDist }
+   }, [filteredModes])
+
+   const goldenWorkspace = useFARGoldenWorkspaceControls({
+     gridRef,
+     modes: lifecycleModes,
+     selectedIds: lifecycleScope === 'active' ? selectedIds : [],
+     readOnly: lifecycleScope === 'archived',
+     lifecycleScope,
+     restorationDossier,
+     onLifecycleScopeChange: restoreFarLifecycleScope,
+     fontSize,
+     setFontSize,
+     rowDensity,
+     setRowDensity,
+     hiddenColumns,
+     setHiddenColumns,
+     searchTerm,
+     setSearchTerm,
+     groupBy,
+     setGroupBy,
+     quickFilters,
+     setQuickFilters,
+     showFilterBar,
+     setShowFilterBar,
+     showInsights,
+     setShowInsights,
+     columnDefs,
+     onExport: handleExportCSV,
+     onRoundTripExport: handleExportRoundTrip,
+     onCopySelected: handleCopyToClipboard,
+     onImport: () => openFarOperatorSurface('import'),
+     onRetireSelected: (ids) => requestBulkPreview(ids?.length ? { action: 'archive', ids } : { action: 'archive' }),
+     onBulkScoreSelected: (field: FarBulkScoreField, value: number) => requestBulkPreview({
+       action: 'update',
+       payload: { [field]: value },
+     }),
+     onAdd: () => { setSelectedModeId(null); setShowWizard(true) },
+     onSettings: () => setShowConfig(true),
+     onRpnHelp: () => setShowRpnHelp(true),
+     onOpenDetailTab: (id, tab) => openFarDossier(id, tab),
+     onOpenIncidents: (rcas) => setIncidentListModal({ show: true, rcas }),
+     onEdit: (id) => { setSelectedModeId(id); setShowWizard(true) },
+   })
+
+   useEffect(() => {
+     if (!goldenWorkspace.workingStateReady || deepLinkResolution.kind !== 'resolved' || !gridRef.current?.api) return
+     const targetId = deepLinkResolution.targetId
+     requestAnimationFrame(() => {
+       gridRef.current?.api?.forEachNode?.((node: any) => {
+         if (Number(node?.data?.id) !== targetId) return
+         node.setSelected?.(true)
+         gridRef.current?.api?.ensureNodeVisible?.(node, 'middle')
+       })
+     })
+   }, [deepLinkResolution, goldenWorkspace.workingStateReady])
+
+   return (
+     <OperationalWorkspaceShell
+       archetype="analytical"
+       workspace="far"
+       floatingPanels={goldenWorkspace.floatingPanels}
+       header={{
+         eyebrow: 'Analysis',
+         title: (
+           <div className="flex items-center gap-3">
+             <Target size={22} className="text-rose-500" />
+             <span>Failure Matrix</span>
+           </div>
+         ),
+         subtitle: 'Reliability Knowledge Engine // FMEA Studio',
+         actions: (
+           <div className="flex items-center gap-2">
+             {modesError && (
+               <DataStatusPill
+                 status="error"
+                 errorDetail={farRegistryDiagnosticDetail}
+                 onClick={() => openFarOperatorSurface('diagnostics')}
+               />
+             )}
+             <HeaderScopeSwitch
+               label="Registry Scope"
+               summary={`${lifecycleCounts.active} active · ${lifecycleCounts.archived} archived`}
+               value={lifecycleScope}
+               onChange={(next) => transitionFarLifecycleScope(next as FarLifecycleScope)}
+               options={[
+                 { label: 'Active', value: 'active' },
+                 { label: 'Archived', value: 'archived' },
+               ]}
+             />
+           </div>
+         ),
+       }}
+       toolbarSearch={(
+         <ToolbarSearch value={searchTerm} onChange={(event) => setSearchTerm(event.target.value)} placeholder="Scan risk vectors..." />
+       )}
+       toolbarControls={(
+         <>
+           {goldenWorkspace.toolbarControls}
+           {lifecycleScope === 'archived' && selectedIds.length > 0 && (
+             <ToolbarGroup>
+               <ToolbarButton
+                 onClick={() => requestBulkPreview({ action: 'restore' })}
+                 title="Restore selected archived failure vectors"
+               >
+                 <Undo2 size={14} /> Restore ({selectedIds.length})
+               </ToolbarButton>
+             </ToolbarGroup>
+           )}
+           <ToolbarGroup>
+             <ToolbarButton
+               active={operatorIntelligence.isIntelligenceExpanded}
+               onClick={() => operatorIntelligence.setIsIntelligenceExpanded((current) => !current)}
+               title={operatorIntelligence.isIntelligenceExpanded ? 'Hide activity columns' : 'Show activity columns'}
+             >
+               <Activity size={14} /> Signals
+             </ToolbarButton>
+           </ToolbarGroup>
+         </>
+       )}
+       toolbarActions={(
+         goldenWorkspace.toolbarActions
+       )}
+       filterChips={goldenWorkspace.filterChips}
+       secondaryToolbar={showFilterBar ? (
+         <FARFilterBar
+           quickFilters={quickFilters}
+           setQuickFilters={setQuickFilters}
+           systems={availableSystems}
+           failureTypes={availableFailureTypes}
+           statuses={availableStatuses}
+         />
+       ) : null}
+     >
+       <AnimatePresence>
+         {showStyleLab && (
+           <motion.div initial={{ height: 0, opacity: 0 }} animate={{ height: 'auto', opacity: 1 }} exit={{ height: 0, opacity: 0 }} className="shrink-0 overflow-hidden">
+             <div className="bg-rose-600/10 border border-rose-500/20 rounded-lg p-4 flex items-center justify-between backdrop-blur-md">
+                <div className="flex items-center space-x-12">
+                   <div className="flex items-center space-x-3">
+                      <Activity size={16} className="text-rose-400" />
+                      <span className="text-[10px] font-bold uppercase tracking-widest text-rose-400">Display Density</span>
+                   </div>
+                   <div className="flex items-center space-x-6">
+                      <div className="flex items-center space-x-4"><span className="text-[9px] font-bold text-slate-500 uppercase">Font Size</span><div className="flex items-center space-x-2"><input type="range" min="8" max="14" step="1" value={fontSize} onChange={e => setFontSize(Number(e.target.value))} className="w-32 accent-rose-500 h-1.5 bg-slate-800 rounded-lg appearance-none cursor-pointer"/><span className="text-[10px] text-white w-4 font-bold">{fontSize}px</span></div></div>
+                      <div className="flex items-center space-x-4 border-l border-white/10 pl-6"><span className="text-[9px] font-bold text-slate-500 uppercase">Row Density</span><div className="flex items-center space-x-2"><input type="range" min="4" max="24" step="2" value={rowDensity} onChange={e => setRowDensity(Number(e.target.value))} className="w-32 accent-rose-500 h-1.5 bg-slate-800 rounded-lg appearance-none cursor-pointer"/><span className="text-[10px] text-white w-4 font-bold">{rowDensity}px</span></div></div>
+                   </div>
+                </div>
+                <button onClick={() => setShowStyleLab(false)} className="text-slate-500 hover:text-white transition-colors"><X size={16}/></button>
+             </div>
+           </motion.div>
+         )}
+       </AnimatePresence>
+
+       <AnimatePresence>
+         {showInsights && (
+           <motion.div initial={{ height: 0, opacity: 0 }} animate={{ height: 'auto', opacity: 1 }} exit={{ height: 0, opacity: 0 }} className="shrink-0 overflow-hidden">
+             <div className="glass-panel rounded-lg border border-white/5 bg-[#0a0c14]/40 p-4 space-y-4">
+               <div className="flex flex-wrap justify-center gap-4">
+                 <StatCard id="SRI" label="Reliability Index" value={metrics.sri} suffix="/100" color={metrics.sri > 70 ? "emerald" : "rose"} onHelp={() => setActiveMetricHelp("SRI")} />
+                 <StatCard id="RiskDensity" label="Risk Density" value={metrics.riskDensity} suffix="RPN/ASSET" color="amber" onHelp={() => setActiveMetricHelp("RiskDensity")} />
+                 <StatCard id="MitigationRatio" label="Mitigation Ratio" value={metrics.mitRatio} suffix="%" color="sky" onHelp={() => setActiveMetricHelp("MitigationRatio")} />
+                 <StatCard id="AvgSeverity" label="Avg Severity" value={metrics.avgRPN} suffix="AVG RPN" color="rose" onHelp={() => setActiveMetricHelp("AvgSeverity")} />
+               </div>
+               <div className="flex items-center justify-between rounded-lg border border-white/5 bg-white/[0.02] px-4 py-2">
+                 <div className="flex items-center gap-2">
+                   <ShieldAlert size={14} className="text-rose-500" />
+                   <h3 className="text-[10px] font-bold uppercase tracking-widest text-white">Failure Inventory Maturity Profile</h3>
+                 </div>
+                 <div className="flex items-center gap-3">
+                   <div className="flex items-end gap-1 h-8">
+                     {FAR_MATURITY_LEVELS.slice().reverse().map((ml: any) => {
+                       const count = (metrics as any).maturityDist[ml.lv] || 0
+                       const pct = filteredModes?.length ? (count / filteredModes.length) * 100 : 0
+                       return (
+                         <div key={ml.lv} className="w-4 h-full relative group cursor-help">
+                           <div className={`w-full rounded-lg transition-all ${ml.color} ${count === 0 ? 'opacity-5' : 'opacity-40 group-hover:opacity-100'}`} style={{ height: `${Math.max(10, pct)}%` }} />
+                           <div className="absolute -top-8 left-1/2 -translate-x-1/2 opacity-0 group-hover:opacity-100 transition-opacity pointer-events-none z-[100] whitespace-nowrap bg-black border border-white/10 px-2 py-1 rounded-lg text-[8px] font-bold uppercase tracking-widest">
+                             {ml.label}: {count}
+                           </div>
+                         </div>
+                       )
+                     })}
+                   </div>
+                   <div className="w-px h-4 bg-white/10 mx-2" />
+                   <button onClick={() => setShowMaturityHelp(true)} className="p-1 text-slate-500 hover:text-white transition-colors" title="Maturity Level Definitions"><HelpCircle size={14} /></button>
+                 </div>
+               </div>
+             </div>
+           </motion.div>
+         )}
+       </AnimatePresence>
+
+       {goldenWorkspace.activityPanel}
+       {goldenWorkspace.compareModal}
+
+       <div className="relative flex min-h-0 flex-1 flex-col">
+         <FAROperationalGridView
+           gridRef={gridRef}
+           rows={displayedModes}
+           groupBy={groupBy}
+           selectionScopeKey={selectionScopeKey}
+           selectedIds={selectedIds}
+           setSelectedIds={setSelectedIds}
+           columnDefs={columnDefs as any}
+           runtime={goldenWorkspace.gridRuntime}
+           rowInteractions={operatorIntelligence.rowInteractions}
+           contextMenu={lifecycleScope === 'active' ? goldenWorkspace.contextMenu : undefined}
+           gridContext={operatorIntelligence.gridContext}
+           getRowClass={operatorIntelligence.getRowClass}
+           fontSize={fontSize}
+           rowDensity={rowDensity}
+           loading={modesLoading || !goldenWorkspace.workingStateReady}
+           loadingIcon={<RefreshCcw size={28} className="animate-spin text-rose-400" />}
+           loadingLabel={<p className="text-[10px] font-semibold text-rose-300">Loading failure analysis registry...</p>}
+           dataState={getFarGridDataState({
+             modesError,
+             modesLoading,
+             filteredModeCount: filteredModes.length,
+             lifecycleScope,
+             deepLinkNotice,
+           })}
+         />
+         <AnimatePresence>
+           {showColumnPicker && (
+             <motion.div initial={{ opacity: 0, x: 20 }} animate={{ opacity: 1, x: 0 }} exit={{ opacity: 0, x: 20 }} className="absolute top-0 right-0 bottom-0 w-64 bg-slate-950/90 backdrop-blur-xl border-l border-white/10 z-[60] flex flex-col shadow-2xl">
+               <div className="p-6 border-b border-white/5 flex items-center justify-between"><h3 className="text-xs font-bold uppercase tracking-widest text-rose-400 flex items-center space-x-2"><Sliders size={14} /> <span>Columns</span></h3><button onClick={() => setShowColumnPicker(false)} className="text-slate-500 hover:text-white"><X size={18}/></button></div>
+               <div className="flex-1 overflow-y-auto custom-scrollbar p-4 space-y-1">
+                 {columnDefs.filter((c: any) => (c.field || c.colId) && !c.lockVisible).map((col: any) => (
+                   <label key={col.field || col.colId} className="flex items-center space-x-3 p-2 rounded-lg hover:bg-white/5 cursor-pointer group transition-all">
+                     <input type="checkbox" checked={!hiddenColumns.includes(col.field || col.colId)} onChange={() => setHiddenColumns(prev => prev.includes(col.field || col.colId) ? prev.filter(f => f !== (col.field || col.colId)) : [...prev, col.field || col.colId])} className="sr-only" />
+                     <div className={`w-4 h-4 rounded-lg border transition-all ${!hiddenColumns.includes(col.field || col.colId) ? 'bg-rose-600 border-rose-500 shadow-lg shadow-rose-500/20' : 'border-white/10 bg-black/40 group-hover:border-white/20'}`}>{!hiddenColumns.includes(col.field || col.colId) && <Check size={12} className="text-white mx-auto" />}</div>
+                     <span className={`text-[10px] font-bold uppercase tracking-widest ${!hiddenColumns.includes(col.field || col.colId) ? 'text-slate-200' : 'text-slate-500'}`}>{col.headerName || col.field || col.colId}</span>
+                   </label>
+                 ))}
+               </div>
+             </motion.div>
+           )}
+         </AnimatePresence>
+       </div>
+
+       <AnimatePresence>
+           {selectedModeId && selectedMode && (
+             <FailureDetailView
+               mode={selectedMode}
+               initialTab={selectedDetailTab}
+               onTabChange={(tab) => {
+                 setSelectedDetailTab(tab)
+                 syncFarDossierLink(Number(selectedMode.id), tab)
+               }}
+               onClose={() => closeFarDossier()}
+               onUpdate={(type: string) => {
+                 if (type === 'edit') {
+                   setShowWizard(true);
+                 } else {
+                   queryClient.invalidateQueries({ queryKey: ['far', 'modes'] });
+                 }
+               }}
+               onRestore={() => {
+                 closeFarDossier(true)
+                 requestBulkPreview({ action: 'restore', ids: [Number(selectedMode.id)] })
+               }}
+               setBkmGuidanceModal={setBkmGuidanceModal}
+               setResolutionManagerModal={setResolutionManagerModal}
+             />
+           )}
+       </AnimatePresence>
+
+       <AnimatePresence>
+         {incidentListModal.show && (
+           <div className="fixed inset-0 z-[300] flex items-center justify-center bg-black/80 backdrop-blur-md p-10">
+             <motion.div initial={{ scale: 0.9, opacity: 0 }} animate={{ scale: 1, opacity: 1 }} className="glass-panel w-full max-w-4xl p-8 rounded-lg border border-purple-500/30 space-y-6 flex flex-col max-h-[90vh]">
+               <div className="flex items-center justify-between border-b border-white/5 pb-4">
+                 <h2 className="text-xl font-bold uppercase tracking-tighter text-purple-400 flex items-center space-x-3">
+                    <ShieldAlert size={24}/> <span>Linked Incident Forensic Registry</span>
+                 </h2>
+                 <button onClick={() => setIncidentListModal({ show: false, rcas: [] })} className="text-slate-500 hover:text-white transition-colors"><X size={24}/></button>
+               </div>
+               
+               <div className="flex-1 overflow-y-auto custom-scrollbar">
+                 <table className="w-full text-left border-collapse">
+                    <thead className="sticky top-0 bg-slate-900 border-b border-white/10 z-10">
+                       <tr className="text-[10px] font-bold uppercase tracking-widest text-slate-500">
+                          <th className="py-3 px-4 w-12 text-center text-blue-400">#</th>
+                          <th className="py-3 px-4 w-16">ID</th>
+                          <th className="py-3 px-4">Incident Title</th>
+                          <th className="py-3 px-4 w-40">Occurrence Datetime</th>
+                          <th className="py-3 px-4 w-32">Lead Owner</th>
+                          <th className="py-3 px-4 w-24 text-center">Status</th>
+                       </tr>
+                    </thead>
+                    <tbody className="divide-y divide-white/5">
+                       {incidentListModal.rcas.map((r: any, idx: number) => (
+                         <tr 
+                           key={r.id}
+                           onClick={() => {
+                             setSelectedRcaDetail(r);
+                             setIncidentListModal({ show: false, rcas: [] });
+                           }}
+                           className="group cursor-pointer hover:bg-purple-500/5 transition-colors"
+                         >
+                           <td className="py-4 px-4 text-center text-[10px] font-bold text-slate-600 group-hover:text-blue-400">{idx + 1}</td>
+                           <td className="py-4 px-4 text-[10px] font-bold text-slate-500 uppercase tracking-tighter">RCA-{r.id}</td>
+                           <td className="py-4 px-4">
+                              <div className="text-[11px] font-bold text-slate-200 uppercase group-hover:text-white transition-colors leading-tight">{r.title}</div>
+                           </td>
+                           <td className="py-4 px-4 text-[10px] font-bold text-slate-400 uppercase tracking-tight">
+                              {r.occurrence_at ? formatAppDate(r.occurrence_at, {month:'short', day:'numeric', hour:'2-digit', minute:'2-digit'}) : 'N/A'}
+                           </td>
+                           <td className="py-4 px-4">
+                              <div className="text-[10px] font-bold text-blue-400/70 group-hover:text-blue-400 uppercase tracking-widest truncate max-w-[120px]">
+                                 {r.owners?.[0] || r.owner || 'N/A'}
+                              </div>
+                           </td>
+                           <td className="py-4 px-4">
+                              <div className="flex justify-center">
+                                 <span className={`text-[9px] font-bold uppercase px-2 py-0.5 rounded-lg border ${
+                                    r.status === 'RESOLVED' || r.status === 'CLOSED' ? 'text-emerald-400 border-emerald-500/30 bg-emerald-500/10' : 'text-purple-400 border-purple-500/30 bg-purple-500/10'
+                                 }`}>{r.status}</span>
+                              </div>
+                           </td>
+                         </tr>
+                       ))}
+                    </tbody>
+                 </table>
+               </div>
+               <button onClick={() => setIncidentListModal({ show: false, rcas: [] })} className="w-full py-3.5 bg-white/5 border border-white/10 text-slate-400 hover:text-white hover:bg-white/10 rounded-lg text-[10px] font-bold uppercase tracking-[0.2em] transition-all">Dismiss Registry View</button>
+             </motion.div>
+           </div>
+         )}
+       </AnimatePresence>
+
+       <AnimatePresence>
+         {selectedRcaDetail && (
+           <EnhancedRcaDetails 
+             item={selectedRcaDetail} 
+             devices={[]} // We can pass an empty array or fetch devices if needed
+             options={options}
+             failureModes={modes}
+             onClose={() => setSelectedRcaDetail(null)} 
+             onSave={() => {
+               setSelectedRcaDetail(null);
+               queryClient.invalidateQueries({ queryKey: ['far', 'modes'] });
+             }}
+             fontSize={fontSize}
+             rowDensity={rowDensity}
+           />
+         )}
+       </AnimatePresence>
+
+       <AnimatePresence>
+         {showMaturityHelp && (
+           <div className="fixed inset-0 z-[200] flex items-center justify-center bg-black/80 backdrop-blur-md p-10">
+              <motion.div initial={{ scale: 0.9, opacity: 0 }} animate={{ scale: 1, opacity: 1 }} className="glass-panel w-full max-w-2xl rounded-lg border border-white/10 bg-slate-900 overflow-hidden shadow-2xl">
+                 <div className="p-8 border-b border-white/5 flex items-center justify-between">
+                    <h2 className="text-xl font-bold uppercase tracking-widest text-white ">Maturity Matrix Glossary</h2>
+                    <button onClick={() => setShowMaturityHelp(false)} className="text-slate-500 hover:text-white transition-colors"><X size={24}/></button>
+                 </div>
+                 <div className="p-4 space-y-2 max-h-[70vh] overflow-y-auto custom-scrollbar">
+                    <table className="w-full text-xs">
+                       <thead className="bg-white/5 border-b border-white/5">
+                          <tr>
+                             <th className="px-4 py-2 text-center font-bold uppercase tracking-widest text-slate-500">Lv</th>
+                             <th className="px-4 py-2 text-left font-bold uppercase tracking-widest text-slate-500">Status Title</th>
+                             <th className="px-4 py-2 text-left font-bold uppercase tracking-widest text-slate-500">Architecture Definition</th>
+                          </tr>
+                       </thead>
+                       <tbody className="divide-y divide-white/5">
+                          {[...FAR_MATURITY_LEVELS].reverse().map(ml => (
+                            <tr key={ml.lv} className="hover:bg-white/5 transition-colors">
+                               <td className="px-4 py-3 text-center"><span className={`px-2 py-1 rounded-lg font-bold text-white shadow-lg ${ml.color}`}>{ml.lv}</span></td>
+                               <td className="px-4 py-3 font-bold text-white uppercase ">{ml.label}</td>
+                               <td className="px-4 py-3 text-slate-400 font-bold tracking-tight">{ml.tooltip}</td>
+                            </tr>
+                          ))}
+                       </tbody>
+                    </table>
+                 </div>
+              </motion.div>
+           </div>
+         )}
+
+         {showRpnHelp && (
+           <RpnDefinitionModal onClose={() => setShowRpnHelp(false)} />
+         )}
+       </AnimatePresence>
+
+       <MetricHelpModal metric={activeMetricHelp} onClose={() => setActiveMetricHelp(null)} />
+
+       <DataDiagnosticModal
+         isOpen={operatorLoopSession?.surface === 'diagnostics'}
+         onClose={() => closeFarOperatorSurface('diagnostics')}
+         errorDetail={farRegistryDiagnosticDetail}
+       />
+
+       <ConfigRegistryModal isOpen={showConfig} onClose={() => setShowConfig(false)} title="Reliability Matrix Registry" sections={[{ title: "Systems", category: "LogicalSystem", icon: LayoutGrid }, { title: "Risk Cats", category: "RiskCategory", icon: Target }, { title: "Teams", category: "BusinessUnit", icon: User }]} />
+       <OperationalImportModal
+         isOpen={operatorLoopSession?.surface === 'import'}
+         onClose={() => closeFarOperatorSurface('import')}
+         tableName={FAR_IMPORT_PROFILE}
+         displayName="Failure Modes & Risk Matrix"
+       />
+
+       <FARAuthoringModal
+         isOpen={showWizard}
+         initialData={selectedMode}
+         onClose={() => setShowWizard(false)}
+         onComplete={() => {
+           setShowWizard(false)
+           queryClient.invalidateQueries({ queryKey: ['far', 'modes'] })
+         }}
+       />
+
+       <OperationalBulkPreviewModal
+         isOpen={Boolean(bulkOperationPreview)}
+         workspaceLabel="FAR"
+         actionLabel={
+           bulkOperationPreview?.action === 'update'
+             ? bulkOperationPreview.actionLabel
+             : bulkOperationPreview?.action === 'restore'
+               ? 'Restore failure vectors'
+               : 'Retire failure vectors'
+         }
+         preview={bulkOperationPreview?.preview || null}
+         previewBasis="workspace-snapshot"
+         result={bulkOperationPreview?.result || null}
+         isExecuting={bulkMutation.isPending}
+         onClose={() => setBulkOperationPreview(null)}
+         onConfirm={() => bulkOperationPreview && bulkMutation.mutate({
+           action: bulkOperationPreview.action,
+           ids: bulkOperationPreview.ids,
+           payload: bulkOperationPreview.payload,
+         })}
+       />
+
+       <AnimatePresence>
+         {bkmGuidanceModal.show && bkmGuidanceModal.cause && (
+           <BkmGuidanceModal 
+             cause={bkmGuidanceModal.cause} 
+             onClose={() => setBkmGuidanceModal({ show: false, cause: null })} 
+           />
+         )}
+       </AnimatePresence>
+
+       <AnimatePresence>
+         {resolutionManagerModal.show && resolutionManagerModal.cause && (
+           <ResolutionManagerModal 
+             isOpen={resolutionManagerModal.show}
+             cause={resolutionManagerModal.cause}
+             modeId={selectedModeId}
+             modeVersion={selectedMode?.version}
+             onClose={() => setResolutionManagerModal({ show: false, cause: null })}
+             onSave={() => queryClient.invalidateQueries({ queryKey: ['far', 'modes'] })}
+           />
+         )}
+       </AnimatePresence>
+     </OperationalWorkspaceShell>
+   )
+ }
+
+ function BkmGuidanceModal({ cause, onClose }: { cause: any, onClose: () => void }) {
+   const navigate = useNavigate()
+   return (
+     <div className="fixed inset-0 z-[300] flex items-center justify-center bg-black/80 backdrop-blur-md p-6">
+       <motion.div initial={{ scale: 0.9, opacity: 0 }} animate={{ scale: 1, opacity: 1 }} className="glass-panel w-full max-w-4xl p-8 rounded-lg border border-emerald-500/30 space-y-6 flex flex-col max-h-[85vh] shadow-[0_0_50px_rgba(16,185,129,0.1)]">
+         <div className="flex items-center justify-between border-b border-white/5 pb-6">
+           <div className="flex items-center gap-4">
+              <div className="p-3 bg-emerald-500/10 rounded-lg border border-emerald-500/20 text-emerald-400">
+                 <ShieldCheck size={28}/>
+              </div>
+              <div>
+                 <h2 className="text-2xl font-black uppercase tracking-tighter text-emerald-400 flex items-center space-x-3">
+                    <span>Operational Guidance Registry</span>
+                 </h2>
+                 <p className="text-[10px] font-bold text-slate-500 uppercase tracking-[0.2em] mt-1">Forensic Lineage // {cause.cause_text}</p>
+              </div>
+           </div>
+           <button onClick={onClose} className="p-2 bg-white/5 hover:bg-white/10 rounded-lg text-slate-500 hover:text-white transition-all"><X size={24}/></button>
+         </div>
+         
+         <div className="flex-1 overflow-y-auto custom-scrollbar pr-2">
+           <div className="space-y-4">
+             {(cause.resolutions || []).map((res: any, idx: number) => (
+               <div key={res.id} className="bg-white/5 border border-white/5 rounded-lg overflow-hidden group hover:border-emerald-500/30 transition-all shadow-xl">
+                  <div className="px-6 py-4 bg-white/[0.02] border-b border-white/5 flex items-center justify-between">
+                     <div className="flex items-center gap-4">
+                        <span className="text-xl font-black text-slate-700">{idx + 1}</span>
+                        <div>
+                           <p className="text-[11px] font-black text-emerald-400 uppercase tracking-widest leading-none">
+                              {res.knowledge_bkm?.title || 'UNNAMED_BKM_ARTIFACT'}
+                           </p>
+                           <div className="flex items-center gap-3 mt-1.5">
+                              <div className="flex items-center gap-1.5">
+                                 <Clock size={10} className="text-slate-500" />
+                                 <span className="text-[9px] font-bold text-slate-500 uppercase tracking-tight">
+                                    Logged {formatAppDate(res.created_at)}
+                                 </span>
+                              </div>
+                              <div className="w-px h-2 bg-white/10" />
+                              <div className="flex items-center gap-1.5">
+                                 <User size={10} className="text-slate-500" />
+                                 <span className="text-[9px] font-bold text-slate-500 uppercase tracking-tight">
+                                    {res.responsible_team || 'SYSTEM_OPS'}
+                                 </span>
+                              </div>
+                           </div>
+                        </div>
+                     </div>
+                     <button 
+                       onClick={() => navigate(`/knowledge?id=${res.knowledge_id}`)}
+                       className="flex items-center gap-2 px-4 py-2 bg-emerald-600/10 border border-emerald-500/20 rounded-lg text-[10px] font-black text-emerald-400 uppercase tracking-widest hover:bg-emerald-600 hover:text-white transition-all shadow-lg group-hover:scale-105"
+                     >
+                        <Zap size={12} />
+                        Jump to BKM
+                     </button>
+                  </div>
+                  <div className="p-6 space-y-4">
+                     <div className="space-y-2">
+                        <p className="text-[9px] font-black text-slate-500 uppercase tracking-widest leading-none">Operational Context & Guidance</p>
+                        <div className="bg-black/40 border border-white/5 rounded-lg p-4 text-[13px] text-slate-300 font-bold uppercase leading-relaxed tracking-tight shadow-inner">
+                           {res.guidance_notes || res.preventive_follow_up || 'NO OPERATIONAL GUIDANCE PROVIDED FOR THIS RESOLUTION VECTOR.'}
+                        </div>
+                     </div>
+                  </div>
+               </div>
+             ))}
+             {(!cause.resolutions || cause.resolutions.length === 0) && (
+               <div className="py-20 flex flex-col items-center justify-center opacity-20 space-y-4">
+                  <Shield size={48} className="text-slate-500" />
+                  <WorkspaceEmptyState title="No guidance protocols found" description="No standard operating procedures are linked." />
+               </div>
+             )}
+           </div>
+         </div>
+
+         <div className="pt-4">
+            <button onClick={onClose} className="w-full py-4 bg-white/5 border border-white/10 text-slate-400 hover:text-white hover:bg-white/10 rounded-lg text-[10px] font-black uppercase tracking-[0.2em] transition-all">Dismiss Guidance Registry</button>
+         </div>
+       </motion.div>
+     </div>
+   )
+ }
+
+ function StatCard({ id, label, value, suffix, color, onHelp }: any) {
+   const bgColors: any = { emerald: 'bg-emerald-500/5', rose: 'bg-rose-500/5', amber: 'bg-amber-500/5', sky: 'bg-sky-500/5' }
+   const textColors: any = { emerald: 'text-emerald-400', rose: 'text-rose-400', amber: 'text-amber-400', sky: 'text-sky-400' }
+   return (
+     <div className={`glass-panel p-4 rounded-lg border-white/5 ${bgColors[color]} flex flex-col justify-between group overflow-hidden relative min-h-[90px] w-64`}>
+       <div className="flex items-center justify-between relative z-10">
+          <p className="text-xs font-bold uppercase tracking-widest text-slate-500">{label}</p>
+          <button onClick={onHelp} className="p-1 text-slate-600 hover:text-white transition-colors"><HelpCircle size={12}/></button>
+       </div>
+       <div className="flex items-baseline gap-1 relative z-10 leading-none mt-2">
+          <h4 className={`text-2xl font-bold tracking-tighter  ${textColors[color]}`}>{value}</h4>
+          <span className="text-[9px] font-bold text-slate-600 uppercase  tracking-tighter">{suffix}</span>
+       </div>
+     </div>
+   )
+ }
+
+ function FailureDetailView({ mode, initialTab, onTabChange, onClose, onUpdate, onRestore, setBkmGuidanceModal, setResolutionManagerModal }: { mode: any, initialTab: FarDossierTab, onTabChange: (tab: FarDossierTab) => void, onClose: () => void, onUpdate: (type: string) => void, onRestore: () => void, setBkmGuidanceModal: any, setResolutionManagerModal: any }) {
+   const [activeTab, setActiveTab] = useState<FarDossierTab>(initialTab)
+   const [showAllAssets, setShowAllAssets] = useState(false)
+   const queryClient = useQueryClient()
+
+   useEffect(() => {
+     setActiveTab(initialTab)
+   }, [initialTab, mode.id])
+   
+   const { data: allModes } = useQuery({ 
+     queryKey: ['far', 'modes'], 
+     queryFn: async () => (await apiFetch('/api/v1/far/modes?include_deleted=true')).json()
+   })
+
+   const systemRank = useMemo(() => {
+     if (!allModes) return 0;
+     const sameSystem = allModes
+       .filter((m: any) => m.system_name === mode.system_name && Boolean(m.is_deleted) === Boolean(mode.is_deleted))
+       .sort((a: any, b: any) => b.rpn - a.rpn);
+     return sameSystem.findIndex((m: any) => m.id === mode.id) + 1;
+   }, [allModes, mode.id, mode.system_name]);
+
+   const humanSummary = useMemo(() => {
+     if (mode.rpn > 150) return "This is a high-criticality risk with significant operational exposure. Immediate mitigation is prioritized.";
+     if (mode.rpn > 80) return "This failure mode represents a moderate operational risk. Standard monitoring is recommended.";
+     return "This is a low-impact failure mode with established containment vectors.";
+   }, [mode.rpn]);
+
+   return (
+     <FARDossierShell
+       mode={mode}
+       systemRank={systemRank}
+       humanSummary={humanSummary}
+       onClose={onClose}
+       onEdit={() => onUpdate('edit')}
+       onRestore={onRestore}
+     >
+          {/* HEADER SECTION */}
+          <div className="px-8 py-6 border-b border-white/5 bg-white/[0.02] flex flex-col shrink-0 relative overflow-hidden">
+             <div className="absolute top-0 right-0 w-96 h-96 bg-rose-600/5 blur-[100px] -translate-y-1/2 translate-x-1/2 pointer-events-none" />
+             
+             <div className="flex items-start justify-between relative z-10">
+               <div className="space-y-3 flex-1">
+                   <div className="flex items-center gap-3">
+                       <div className="px-2 py-0.5 rounded-lg bg-rose-600/10 border border-rose-500/20 text-[9px] font-bold text-rose-500  uppercase">VECTOR_{mode.id}</div>
+                       <div className="px-2 py-0.5 rounded-lg bg-white/5 border border-white/10 text-[9px] font-bold text-slate-400  uppercase tracking-widest">{mode.system_name}</div>
+                       <div className="px-2 py-0.5 rounded-lg bg-blue-600/10 border border-blue-500/20 text-[9px] font-bold text-blue-400  uppercase tracking-widest">RANK #{systemRank}</div>
+                       {mode.is_deleted && <div className="px-2 py-0.5 rounded-lg bg-slate-700/40 border border-white/10 text-[9px] font-bold text-slate-300 uppercase tracking-widest">Archived</div>}
+                   </div>
+                   <h2 className="text-3xl font-bold text-white  tracking-tighter leading-none uppercase">{mode.title}</h2>
+                   <p className="text-xs text-rose-400 italic font-medium lowercase tracking-normal mt-1">"{humanSummary}"</p>
+               </div>
+
+               <div className="flex items-center gap-4">
+                   <div className="flex gap-1.5 bg-black/40 p-1.5 rounded-lg border border-white/5 shadow-xl">
+                       <HeaderScore label="S" value={mode.severity} color="rose" />
+                       <HeaderScore label="O" value={mode.occurrence} color="amber" />
+                       <HeaderScore label="D" value={mode.detection} color="sky" />
+                   </div>
+                   
+                   <div className="text-right flex flex-col items-end">
+                       <p className="text-[8px] font-bold text-slate-500 uppercase tracking-widest mb-0.5 ">Risk Priority</p>
+                       <div className="flex items-baseline gap-1 leading-none">
+                          <p className={`text-4xl font-bold tracking-tighter ${mode.rpn > 150 ? 'text-rose-500 drop-shadow-[0_0_10px_rgba(244,63,94,0.3)]' : 'text-white'}`}>{mode.rpn}</p>
+                          <p className="text-[8px] font-bold text-slate-500  uppercase">RPN</p>
+                       </div>
+                   </div>
+               </div>
+             </div>
+
+             {/* EFFECT & IMPACTS ON OWN ROW */}
+             <div className="mt-4 flex flex-col space-y-3 relative z-10">
+                <div className="bg-rose-500/5 border border-rose-500/10 rounded-lg px-4 py-2 flex items-center gap-3">
+                   <p className="text-[9px] text-rose-500 font-bold uppercase tracking-widest shrink-0">Effect Forensics:</p>
+                   <p className="text-[11px] text-slate-200 font-bold uppercase  tracking-tight leading-none truncate">{mode.effect || 'NULL_EFFECT_STATEMENT'}</p>
+                </div>
+
+                <div className="flex flex-wrap items-center gap-2">
+                   <span className="text-[9px] text-slate-500 font-bold mr-2 uppercase tracking-widest">Affected Infrastructure:</span>
+                   {mode.affected_assets?.slice(0, showAllAssets ? undefined : 3).map((a: any) => (
+                     <div key={a.id} className="flex items-center gap-2 px-2 py-0.5 bg-white/5 border border-white/10 rounded-lg text-[9px] font-bold text-slate-400 ">
+                        <Server size={10} className="text-rose-500" /> {a.name}
+                     </div>
+                   ))}
+                   {mode.affected_assets?.length > 3 && (
+                     <button onClick={() => setShowAllAssets(!showAllAssets)} className="px-2 py-0.5 bg-rose-600/10 border border-rose-500/20 rounded-lg text-[9px] font-bold text-rose-500  hover:bg-rose-600/20 transition-all">
+                        {showAllAssets ? 'SHOW LESS' : `+ ${mode.affected_assets.length - 3} MORE ENTITIES`}
+                     </button>
+                   )}
+                   {(!mode.affected_assets || mode.affected_assets.length === 0) && <span className="text-[9px] text-slate-700  font-bold uppercase tracking-widest">No infrastructure mappings established</span>}
+                </div>
+             </div>
+
+             {/* TABS ON OWN ROW */}
+             <div className="mt-6 flex items-center relative z-10">
+                <div className="flex space-x-1 bg-black/60 p-0.5 rounded-lg border border-white/5">
+                  {([
+                    { id: 'causal', label: 'Causal Forensics', icon: Zap },
+                    { id: 'roadmap', label: 'Strategic Roadmap', icon: ShieldCheck },
+                    { id: 'versions', label: 'Version History', icon: Clock },
+                    { id: 'history', label: 'Research History', icon: Activity },
+                  ] as const).map((tab) => (
+                    <button key={tab.id} onClick={() => { setActiveTab(tab.id); onTabChange(tab.id) }} className={`px-6 py-1.5 rounded-lg text-[9px] font-bold uppercase tracking-widest transition-all flex items-center gap-2 ${activeTab === tab.id ? 'bg-rose-600 text-white shadow-lg' : 'text-slate-500 hover:text-slate-300'}`}><tab.icon size={12} /> {tab.label}</button>
+                  ))}
+                </div>
+             </div>
+          </div>
+
+          <div className="flex-1 overflow-hidden flex flex-col p-6">
+             <AnimatePresence mode="wait">
+                {activeTab === 'causal' && <CausalTab mode={mode} readOnly={Boolean(mode.is_deleted)} onUpdate={onUpdate} setBkmGuidanceModal={setBkmGuidanceModal} setResolutionManagerModal={setResolutionManagerModal} />}
+                {activeTab === 'roadmap' && <RoadmapTab mode={mode} readOnly={Boolean(mode.is_deleted)} onUpdate={onUpdate} />}
+                {activeTab === 'versions' && <FARVersionHistory mode={mode} onUpdate={onUpdate} />}
+                {activeTab === 'history' && <HistoryTab mode={mode} readOnly={Boolean(mode.is_deleted)} onUpdate={onUpdate} />}
+             </AnimatePresence>
+          </div>
+
+          <div className="px-8 py-2 bg-black/80 border-t border-white/5 flex items-center justify-between shrink-0">
+             <p className="text-[9px] text-slate-600 font-bold uppercase tracking-widest">System Integrity Vector Analysis // {mode.title}</p>
+             <div className="flex items-center gap-3 text-[9px] font-bold text-slate-500 uppercase tracking-widest">
+                <span>S: {mode.severity}</span>
+                <span className="w-1 h-1 rounded-full bg-slate-800" />
+                <span>O: {mode.occurrence}</span>
+                <span className="w-1 h-1 rounded-full bg-slate-800" />
+                <span>D: {mode.detection}</span>
+             </div>
+          </div>
+     </FARDossierShell>
+   )
+ }
+
+ function HeaderScore({ label, value, color }: any) {
+   const textColors: any = { rose: 'text-rose-500', amber: 'text-amber-500', sky: 'text-sky-400' }
+   const bgColors: any = { rose: 'bg-rose-500/10', amber: 'bg-amber-500/10', sky: 'bg-sky-500/10' }
+   const borderColors: any = { rose: 'border-rose-500/20', amber: 'border-amber-500/20', sky: 'border-sky-500/20' }
+   return (
+     <div className={`w-11 h-11 rounded-lg ${bgColors[color]} border ${borderColors[color]} flex flex-col items-center justify-center`}>
+        <p className="text-[9px] font-bold text-slate-500 uppercase tracking-widest leading-none mb-1">{label}</p>
+        <p className={`text-xl font-bold leading-none ${textColors[color]}`}>{value}</p>
+     </div>
+   )
+ }
+
+ export function GaugeSelector({ label, value, onChange, levels, color, accent }: any) {
+   const current = levels.find((l: any) => l.value === value)
+   return (
+     <div className="space-y-3">
+        <div className="flex items-center justify-between">
+           <label className="text-[11px] font-bold text-slate-400  tracking-widest uppercase">{label}</label>
+           <div className="flex items-center gap-2">
+              <span className={`text-2xl font-bold ${color}`}>{value}</span>
+              <span className="text-slate-700 text-[10px] font-bold">/ 10</span>
+           </div>
+        </div>
+        <div className="relative h-2 bg-black/40 rounded-lg border border-white/5">
+           <div className={`absolute left-0 top-0 h-full rounded-lg ${accent} transition-all duration-300`} style={{ width: `${(value / 10) * 100}%` }} />
+           <input 
+             type="range" min="1" max="10" step="1" 
+             value={value} 
+             onChange={e => onChange(Number(e.target.value))}
+             onClick={e => e.stopPropagation()}
+             className="absolute inset-0 w-full h-full opacity-0 cursor-pointer z-10"
+           />
+        </div>
+        <div className="bg-black/20 border border-white/5 rounded-lg p-3 min-h-[50px]">
+           <p className={`text-[11px] font-bold uppercase  ${color} leading-none mb-1.5`}>{current?.label}</p>
+           <p className="text-[10px] text-slate-500 font-bold leading-tight lowercase">{current?.desc}</p>
+        </div>
+     </div>
+   )
+ }
+
+ function FARAuthoringModal({ isOpen, initialData, onClose, onComplete }: any) {
+   const [activeTab, setActiveTab] = useState<FarAuthoringTab>('definition')
+   const [formErrors, setFormErrors] = useState<Record<string, string>>({})
+   const [generalError, setGeneralError] = useState('')
+   const [submitAttempted, setSubmitAttempted] = useState(false)
+   const [collapsedSections, setCollapsedSections] = useState<Record<string, boolean>>({
+     identity: false,
+     context: false,
+     risk: false,
+     assets: false,
+   })
+
+   const initialDraft = useMemo(() => buildFarAuthoringDraft(initialData), [initialData])
+   const {
+     value: formData,
+     isDirty,
+     updateValue: updateFormData,
+     resetDirty,
+     resolveIsDirty,
+   } = useOperationalFormDirty(initialDraft, sanitizeFarAuthoringPayload)
+
+   useEffect(() => {
+     if (!isOpen) return
+     setActiveTab('definition')
+     setFormErrors({})
+     setGeneralError('')
+     setSubmitAttempted(false)
+     setCollapsedSections({ identity: false, context: false, risk: false, assets: false })
+   }, [initialData?.id, isOpen])
+
+   useEffect(() => {
+     if (!submitAttempted) return
+     setFormErrors(buildFarAuthoringErrors(formData))
+   }, [formData, submitAttempted])
+
+   const { data: options } = useQuery({
+     queryKey: ['settings-options'],
+     enabled: isOpen,
+     queryFn: async () => (await apiFetch('/api/v1/settings/options')).json(),
+   })
+   const systems = options?.filter((option: any) => option.category === 'LogicalSystem') || []
+   const { data: devices } = useQuery({
+     queryKey: ['devices-far', formData.system_name],
+     enabled: isOpen && Boolean(formData.system_name),
+     queryFn: async () => (await apiFetch(`/api/v1/devices?system=${encodeURIComponent(formData.system_name)}`)).json(),
+   })
+
+   const isArchived = Boolean(initialData?.is_deleted)
+   const rpn = Number(formData.severity || 0) * Number(formData.occurrence || 0) * Number(formData.detection || 0)
+   const tabErrors = useMemo(() => getFarAuthoringTabErrorCounts(formErrors), [formErrors])
+   const totalErrors = Object.keys(formErrors).length
+   const tabs = useMemo(() => [
+     { id: 'definition', label: 'Definition', badgeCount: tabErrors.definition },
+     { id: 'risk', label: 'Risk', badgeCount: tabErrors.risk },
+     { id: 'impact', label: 'Impact', badgeCount: tabErrors.impact },
+   ], [tabErrors])
+
+   const patchFormData = (patch: Record<string, any>) => {
+     setGeneralError('')
+     updateFormData((current: any) => ({ ...current, ...patch }))
+   }
+
+   const mutation = useMutation({
+     mutationFn: async (data: any) => {
+       if (isArchived) throw new Error('Archived failure vectors are read-only. Restore the vector before editing it.')
+       const url = data.id ? `/api/v1/far/modes/${data.id}` : '/api/v1/far/modes'
+       const res = await apiFetch(url, {
+         method: data.id ? 'PUT' : 'POST',
+         body: JSON.stringify(sanitizeFarAuthoringPayload(data)),
+       })
+       if (!res.ok) throw new Error(await readFarMutationFailureMessage(res))
+       return res.json()
+     },
+     onSuccess: (data: any) => {
+       setGeneralError('')
+       resetDirty(buildFarAuthoringDraft(data ? { ...formData, ...data } : formData))
+       toast.success('Registry Synchronized')
+       onComplete()
+     },
+     onError: (error: any) => {
+       const parsed = parseOperationalApiValidationError(error)
+       const nextErrors = { ...buildFarAuthoringErrors(formData), ...parsed.fieldErrors }
+       setFormErrors(nextErrors)
+       setGeneralError(parsed.generalError || error?.message || 'Unable to save the failure vector.')
+       if (Object.keys(nextErrors).length) setActiveTab(getFarAuthoringFirstErrorTab(nextErrors))
+     },
+   })
+
+   const handleSubmit = () => {
+     if (mutation.isPending) return
+     setSubmitAttempted(true)
+     if (isArchived) {
+       setGeneralError('Archived failure vectors are read-only. Restore the vector before editing it.')
+       return
+     }
+     const errors = buildFarAuthoringErrors(formData)
+     setFormErrors(errors)
+     if (Object.keys(errors).length) {
+       setGeneralError(`Resolve ${Object.keys(errors).length} validation issue${Object.keys(errors).length === 1 ? '' : 's'} before committing.`)
+       setActiveTab(getFarAuthoringFirstErrorTab(errors))
+       return
+     }
+     setGeneralError('')
+     mutation.mutate(formData)
+   }
+
+   const toggleSection = (key: string) => {
+     setCollapsedSections((current) => ({ ...current, [key]: !current[key] }))
+   }
+
+   const handleClose = () => {
+     resetDirty(initialDraft)
+     setFormErrors({})
+     setGeneralError('')
+     setSubmitAttempted(false)
+     setActiveTab('definition')
+     onClose()
+   }
+
+   return (
+     <WorkspaceModal
+       isOpen={isOpen}
+       onClose={handleClose}
+       size="workspace"
+       title={initialData ? 'Edit Failure Mode' : 'New Failure Mode'}
+       subtitle="Reliability Engineering Risk Documentation Studio"
+       icon={<Target size={22} />}
+       status={isArchived
+         ? <WorkspaceSectionBadge tone="amber">Archived · read-only</WorkspaceSectionBadge>
+         : <WorkspaceSectionBadge tone={isDirty ? 'amber' : 'emerald'}>{isDirty ? 'Unsaved changes' : 'Draft synchronized'}</WorkspaceSectionBadge>}
+       forensicLineage={initialData ? { createdAt: initialData.created_at, updatedAt: initialData.updated_at } : undefined}
+       tabs={tabs}
+       activeTab={activeTab}
+       onTabChange={(tab) => setActiveTab(tab as FarAuthoringTab)}
+       isDirty={isDirty && !isArchived}
+       resolveIsDirty={resolveIsDirty}
+       dirtyConfirmTitle="Discard FAR changes?"
+       dirtyConfirmMessage="This failure vector has unsaved authoring changes. Close and discard them?"
+       dirtyConfirmText="Discard changes"
+       footerLeft={(
+         <div className="flex flex-wrap items-center gap-2 text-[9px] font-semibold text-slate-500">
+           <span>RPN {rpn}</span>
+           <span className="h-1 w-1 rounded-full bg-slate-700" />
+           <span>{isDirty ? 'Unsaved authoring state' : 'No pending changes'}</span>
+         </div>
+       )}
+       footerRight={(
+         <ToolbarButton
+           variant="primary"
+           onClick={handleSubmit}
+           disabled={mutation.isPending || isArchived}
+           className="min-w-32 justify-center"
+         >
+           {mutation.isPending ? <RefreshCcw size={14} className="animate-spin" /> : <Save size={14} />}
+           {mutation.isPending ? 'Committing…' : 'Commit'}
+         </ToolbarButton>
+       )}
+     >
+       <WorkspaceStickyIdentityBar>
+         <div className="flex flex-wrap items-center justify-between gap-4">
+           <div className="min-w-0">
+             <div className="flex flex-wrap items-center gap-2">
+               <WorkspaceSectionBadge tone="rose">{formData.id ? `VECTOR_${formData.id}` : 'NEW_VECTOR'}</WorkspaceSectionBadge>
+               <WorkspaceSectionBadge>{formData.system_name || 'Domain not selected'}</WorkspaceSectionBadge>
+               <WorkspaceSectionBadge>{formData.failure_type || 'Classification not selected'}</WorkspaceSectionBadge>
+             </div>
+             <p className="mt-2 truncate text-sm font-black text-white">{formData.title || 'Untitled failure vector'}</p>
+           </div>
+           <div className="text-right">
+             <p className="text-[8px] font-bold uppercase tracking-widest text-slate-600">Risk priority</p>
+             <p className={`text-2xl font-black ${rpn > 150 ? 'text-rose-400' : rpn >= 80 ? 'text-amber-400' : 'text-emerald-400'}`}>{rpn}</p>
+           </div>
+         </div>
+       </WorkspaceStickyIdentityBar>
+
+       <WorkspaceValidationBanner
+         message={generalError || (submitAttempted && totalErrors ? `Review ${totalErrors} highlighted validation issue${totalErrors === 1 ? '' : 's'}.` : undefined)}
+       />
+
+       {activeTab === 'definition' && (
+         <div id="far-authoring-definition" className="space-y-5">
+           <WorkspaceSectionCard>
+             <WorkspaceCollapsibleHeader
+               title="Failure identity"
+               subtitle="Define the operational domain, classification, and incidence signature."
+               badge={<WorkspaceSectionBadge tone={tabErrors.definition ? 'rose' : 'blue'}>{tabErrors.definition ? `${tabErrors.definition} issue${tabErrors.definition === 1 ? '' : 's'}` : 'Required identity'}</WorkspaceSectionBadge>}
+               collapsed={collapsedSections.identity}
+               onToggle={() => toggleSection('identity')}
+             />
+             {!collapsedSections.identity && (
+               <div className="mt-5 grid grid-cols-1 gap-5 lg:grid-cols-2">
+                 <WorkspaceSelectField
+                   label="Operational Domain"
+                   required
+                   searchable
+                   disabled={isArchived}
+                   value={formData.system_name}
+                   options={systems.map((system: any) => ({ value: system.value, label: system.label, description: system.description }))}
+                   placeholder="Select operational domain"
+                   error={formErrors.system_name}
+                   onChange={(next) => {
+                     setGeneralError('')
+                     updateFormData((current: any) => changeFarAuthoringSystem(current, String(next)))
+                   }}
+                 />
+                 <WorkspaceSelectField
+                   label="Root Classification"
+                   required
+                   disabled={isArchived}
+                   value={formData.failure_type}
+                   options={FAILURE_TYPES}
+                   placeholder="Select failure classification"
+                   error={formErrors.failure_type}
+                   onChange={(next) => patchFormData({ failure_type: String(next) })}
+                 />
+                 <div className="space-y-1.5 lg:col-span-2">
+                   <WorkspaceFieldLabel label="Incidence Signature" required />
+                   <input
+                     value={formData.title}
+                     disabled={isArchived}
+                     aria-invalid={Boolean(formErrors.title)}
+                     aria-describedby={formErrors.title ? 'far-title-error' : undefined}
+                     onChange={(event) => patchFormData({ title: event.target.value })}
+                     placeholder="E.G., DATABASE_CONNECTION_TIMEOUT"
+                     className={getWorkspaceInputClass(formErrors.title)}
+                   />
+                   <div id="far-title-error"><WorkspaceFieldError message={formErrors.title} /></div>
+                 </div>
+               </div>
+             )}
+           </WorkspaceSectionCard>
+
+           <WorkspaceSectionCard>
+             <WorkspaceCollapsibleHeader
+               title="Consequence context"
+               subtitle="Record the operator-visible effect without changing the FAR risk model."
+               badge={<WorkspaceSectionBadge>Optional context</WorkspaceSectionBadge>}
+               collapsed={collapsedSections.context}
+               onToggle={() => toggleSection('context')}
+             />
+             {!collapsedSections.context && (
+               <div className="mt-5 space-y-1.5">
+                 <WorkspaceFieldLabel label="Consequence Assessment (Effect)" />
+                 <textarea
+                   value={formData.effect}
+                   disabled={isArchived}
+                   onChange={(event) => patchFormData({ effect: event.target.value })}
+                   placeholder="Describe the systemic consequences..."
+                   className={`${getWorkspaceInputClass(formErrors.effect)} min-h-36 resize-y`}
+                 />
+                 <WorkspaceFieldError message={formErrors.effect} />
+               </div>
+             )}
+           </WorkspaceSectionCard>
+         </div>
+       )}
+
+       {activeTab === 'risk' && (
+         <div id="far-authoring-risk">
+           <WorkspaceSectionCard>
+             <WorkspaceCollapsibleHeader
+               title="Risk scoring"
+               subtitle="Apply the existing FAR severity × occurrence × detection model."
+               badge={<WorkspaceSectionBadge tone={tabErrors.risk ? 'rose' : 'amber'}>{tabErrors.risk ? `${tabErrors.risk} issue${tabErrors.risk === 1 ? '' : 's'}` : `RPN ${rpn}`}</WorkspaceSectionBadge>}
+               collapsed={collapsedSections.risk}
+               onToggle={() => toggleSection('risk')}
+             />
+             {!collapsedSections.risk && (
+               <div className="mt-5 grid grid-cols-1 gap-6 lg:grid-cols-3">
+                 <div>
+                   <GaugeSelector label="Severity" value={formData.severity} onChange={(value: number) => patchFormData({ severity: value })} levels={SEVERITY_LEVELS} color="text-rose-500" accent="bg-rose-500" />
+                   <WorkspaceFieldError message={formErrors.severity} />
+                 </div>
+                 <div>
+                   <GaugeSelector label="Occurrence" value={formData.occurrence} onChange={(value: number) => patchFormData({ occurrence: value })} levels={OCCURRENCE_LEVELS} color="text-amber-500" accent="bg-amber-500" />
+                   <WorkspaceFieldError message={formErrors.occurrence} />
+                 </div>
+                 <div>
+                   <GaugeSelector label="Detection" value={formData.detection} onChange={(value: number) => patchFormData({ detection: value })} levels={DETECTION_LEVELS} color="text-sky-400" accent="bg-sky-400" />
+                   <WorkspaceFieldError message={formErrors.detection} />
+                 </div>
+               </div>
+             )}
+           </WorkspaceSectionCard>
+         </div>
+       )}
+
+       {activeTab === 'impact' && (
+         <div id="far-authoring-impact">
+           <WorkspaceSectionCard>
+             <WorkspaceCollapsibleHeader
+               title="Blast radius"
+               subtitle="Search and map the infrastructure entities affected by this failure vector."
+               badge={<WorkspaceSectionBadge tone="blue">{formData.affected_assets.length} mapped</WorkspaceSectionBadge>}
+               collapsed={collapsedSections.assets}
+               onToggle={() => toggleSection('assets')}
+             />
+             {!collapsedSections.assets && (
+               <div className="mt-5">
+                 <WorkspaceSelectField
+                   label="Affected Infrastructure"
+                   searchable
+                   multi
+                   disabled={isArchived || !formData.system_name}
+                   value={formData.affected_assets.map((value: any) => String(value))}
+                   options={(devices || []).map((device: any) => ({ value: String(device.id), label: device.name, description: device.model }))}
+                   placeholder={formData.system_name ? 'Select affected infrastructure' : 'Select an operational domain first'}
+                   error={formErrors.affected_assets}
+                   onChange={(values) => patchFormData({
+                     affected_assets: (Array.isArray(values) ? values : [])
+                       .map((value: any) => Number(value))
+                       .filter((value: number) => Number.isFinite(value)),
+                   })}
+                 />
+                 {formData.system_name && !devices?.length ? (
+                   <p className="mt-3 text-[9px] font-semibold text-slate-500">No infrastructure entities are available for the selected operational domain.</p>
+                 ) : null}
+               </div>
+             )}
+           </WorkspaceSectionCard>
+         </div>
+       )}
+     </WorkspaceModal>
+   )
+ }
+
+ function CausalTab({ mode, readOnly, onUpdate, setBkmGuidanceModal, setResolutionManagerModal }: any) {
+   const [activeModal, setActiveModal] = useState<any>(null)
+   const queryClient = useQueryClient()
+   const deleteCauseMutation = useMutation({
+     mutationFn: async (causeId: number) => {
+       const res = await apiFetch(`/api/v1/far/causes/${causeId}`, {
+         method: 'DELETE',
+         body: JSON.stringify(buildFarContextMutationRequest(mode.id, mode.version)),
+       })
+       if (!res.ok) throw new Error(await readFarMutationFailureMessage(res))
+       return res.json()
+     },
+     onSuccess: () => {
+       toast.success('Root cause removed')
+       queryClient.invalidateQueries({ queryKey: ['far', 'modes'] })
+       onUpdate()
+     },
+     onError: (error: any) => toast.error(error.message || 'Failed to delete root cause')
+   })
+
+   return (
+     <motion.div initial={{ opacity: 0, y: 10 }} animate={{ opacity: 1, y: 0 }} exit={{ opacity: 0, y: 10 }} className="flex-1 flex flex-col space-y-6">
+        <div className="flex items-center justify-between">
+           <div className="flex items-center gap-4">
+              <h3 className="text-sm font-bold uppercase tracking-[0.2em] text-amber-500 ">Root Cause Attribution Matrix</h3>
+              {mode.linked_rcas?.length > 0 && (
+                 <div className="flex items-center gap-2 px-3 py-1 bg-purple-500/10 border border-purple-500/20 rounded-lg">
+                    <Activity size={12} className="text-purple-400" />
+                    <span className="text-[9px] font-black text-purple-400 uppercase tracking-widest">{mode.linked_rcas.length} Research Cases Linked</span>
+                 </div>
+              )}
+           </div>
+           <button onClick={() => setActiveModal({ isOpen: true, modeId: mode.id })} disabled={readOnly} className="px-6 py-2 bg-amber-600/20 border border-amber-500/30 text-amber-500 rounded-lg text-[10px] font-bold uppercase  hover:bg-amber-600 hover:text-white transition-all disabled:cursor-not-allowed disabled:opacity-30">+ Add Root Cause</button>
+        </div>
+        
+        <div className="flex-1 bg-black/40 border border-white/5 rounded-lg overflow-hidden flex flex-col shadow-2xl">
+           <table className="w-full text-left border-collapse">
+              <thead className="bg-white/[0.03] border-b border-white/10">
+                 <tr className="text-[10px] font-bold uppercase tracking-widest text-slate-500 ">
+                    <th className="px-8 py-4">Root Cause Description (Logical Origin)</th>
+                    <th className="px-8 py-4 text-center">Occur Lv</th>
+                    <th className="px-8 py-4">Responsible Unit</th>
+                    <th className="px-8 py-4">Linked Incidents</th>
+                    <th className="px-8 py-4 text-center">BKMs</th>
+                    <th className="px-8 py-4 text-right">Ops</th>
+                 </tr>
+              </thead>
+              <tbody className="divide-y divide-white/5 font-bold uppercase  text-[11px]">
+                 {mode.causes?.map((c: any) => (
+                   <tr key={c.id} className="hover:bg-white/[0.02] transition-colors group">
+                      <td className="px-8 py-5 text-white normal-case leading-relaxed">{c.cause_text}</td>
+                      <td className="px-8 py-5 text-center">
+                         <div className="flex items-center justify-center gap-2">
+                            <div className="w-12 h-1.5 bg-white/5 rounded-lg overflow-hidden border border-white/5">
+                               <div className="h-full bg-amber-500" style={{ width: `${c.occurrence_level * 10}%` }} />
+                            </div>
+                            <span className="text-amber-500 w-4 font-black">{c.occurrence_level}</span>
+                         </div>
+                      </td>
+                      <td className="px-8 py-5 text-slate-400 font-black">{c.responsible_team || 'UNASSIGNED'}</td>
+                      <td className="px-8 py-5">
+                         <div className="flex flex-col gap-1">
+                            {(mode.linked_rcas || []).map((r: any) => (
+                               <div key={r.id} className="flex items-center gap-1.5 text-[8px] text-purple-400">
+                                  <Activity size={8} />
+                                  <span className="truncate max-w-[120px]">{r.title}</span>
+                               </div>
+                            ))}
+                            {(!mode.linked_rcas || mode.linked_rcas.length === 0) && <span className="text-slate-700 text-[8px]">NONE</span>}
+                         </div>
+                      </td>
+                      <td className="px-8 py-5 text-center">
+                         <button 
+                           onClick={() => c.resolutions?.length > 0 && setBkmGuidanceModal({ show: true, cause: c })}
+                           className={`px-3 py-1 rounded-lg text-[9px] font-black transition-all ${
+                             c.resolutions?.length > 0 
+                               ? 'bg-emerald-500/20 text-emerald-400 border border-emerald-500/30 hover:bg-emerald-500/30 hover:scale-105 active:scale-95 cursor-pointer' 
+                               : 'bg-rose-500/10 text-rose-500 border border-rose-500/20 opacity-50 cursor-not-allowed'
+                           }`}
+                         >
+                            {c.resolutions?.length || 0} BKMS
+                         </button>
+                      </td>
+                      <td className="px-8 py-5 text-right opacity-0 group-hover:opacity-100 transition-opacity">
+                         <div className="flex items-center justify-end gap-2">
+                            <button 
+                              onClick={() => setResolutionManagerModal({ show: true, cause: c })}
+                              disabled={readOnly}
+                              className="p-1.5 text-emerald-400 hover:bg-emerald-500/10 rounded-lg transition-all disabled:cursor-not-allowed disabled:opacity-30"
+                              title="Manage BKM Guidance"
+                            >
+                               <Book size={14}/>
+                            </button>
+                            <button 
+                              onClick={() => setActiveModal({ isOpen: true, modeId: mode.id, initialData: c })}
+                              disabled={readOnly}
+                              className="p-1.5 text-blue-400 hover:bg-blue-500/10 rounded-lg transition-all disabled:cursor-not-allowed disabled:opacity-30"
+                              title="Edit Attribution"
+                            >
+                               <Edit2 size={14}/>
+                            </button>
+                            <button
+                              onClick={() => deleteCauseMutation.mutate(c.id)}
+                              disabled={readOnly || (deleteCauseMutation.isPending && deleteCauseMutation.variables === c.id)}
+                              className="p-1.5 text-slate-600 hover:text-rose-500 transition-all rounded-lg"
+                              title="Purge Attribution"
+                            >
+                              <Trash2 size={14}/>
+                            </button>
+                         </div>
+                      </td>
+                   </tr>
+                 ))}
+                 {(!mode.causes?.length) && (
+                   <tr><td colSpan={6} className="py-32 text-center opacity-20 font-bold uppercase tracking-[0.3em]">No attribution traces linked to this vector</td></tr>
+                 )}
+              </tbody>
+           </table>
+        </div>
+
+        <RootCauseFormModal 
+           isOpen={!readOnly && activeModal?.isOpen}
+           onClose={() => setActiveModal(null)}
+           modeId={activeModal?.modeId}
+           modeVersion={mode.version}
+           initialData={activeModal?.initialData}
+           onSave={onUpdate}
+        />
+     </motion.div>
+   )
+ }
+
+        function RpnDefinitionModal({ onClose }: { onClose: () => void }) {
+        return (
+        <div className="fixed inset-0 z-[10000] flex items-center justify-center bg-black/90 backdrop-blur-md p-10">
+        <motion.div initial={{ scale: 0.9, opacity: 0 }} animate={{ scale: 1, opacity: 1 }} className="glass-panel w-full max-w-4xl p-12 rounded-lg border border-amber-500/30 shadow-2xl relative">
+        <button onClick={onClose} className="absolute top-8 right-8 text-slate-500 hover:text-white transition-colors"><X size={32}/></button>
+
+        <div className="flex items-center gap-6 mb-12 border-b border-white/5 pb-8">
+          <div className="w-20 h-20 rounded-lg bg-amber-600 flex items-center justify-center text-white shadow-xl shadow-amber-600/20">
+             <Target size={40}/>
+          </div>
+          <div>
+             <h2 className="text-4xl font-black uppercase tracking-tighter text-white">Risk Priority Number</h2>
+             <p className="text-xs font-bold text-amber-500 uppercase tracking-[0.3em]">Criticality Scoring Matrix (S × O × D)</p>
+          </div>
+        </div>
+
+        <div className="grid grid-cols-3 gap-8">
+          <div className="space-y-4">
+             <div className="flex items-center gap-3 text-rose-500">
+                <Shield size={20}/>
+                <h3 className="text-sm font-black uppercase tracking-widest">Severity (S)</h3>
+             </div>
+             <p className="text-[11px] font-bold text-slate-400 uppercase leading-relaxed">Impact of the failure on the system or safety. (1 = No impact, 10 = Systemic destruction / Safety risk).</p>
+          </div>
+          <div className="space-y-4">
+             <div className="flex items-center gap-3 text-amber-500">
+                <Activity size={20}/>
+                <h3 className="text-sm font-black uppercase tracking-widest">Occurrence (O)</h3>
+             </div>
+             <p className="text-[11px] font-bold text-slate-400 uppercase leading-relaxed">Likelihood of the failure mode happening. (1 = Remote, 10 = Constant/Inevitable).</p>
+          </div>
+          <div className="space-y-4">
+             <div className="flex items-center gap-3 text-sky-500">
+                <Search size={20}/>
+                <h3 className="text-sm font-black uppercase tracking-widest">Detection (D)</h3>
+             </div>
+             <p className="text-[11px] font-bold text-slate-400 uppercase leading-relaxed">Ability to detect the failure before it impacts. (1 = Certain detection, 10 = Undetectable).</p>
+          </div>
+        </div>
+
+        <div className="mt-12 p-8 bg-black/40 rounded-lg border border-white/5">
+          <div className="flex items-center justify-between mb-6">
+             <span className="text-xs font-black uppercase tracking-widest text-slate-500">Threshold Logic</span>
+             <div className="flex gap-4">
+                <div className="flex items-center gap-2"><div className="w-2 h-2 rounded-full bg-emerald-500" /> <span className="text-[10px] font-bold text-emerald-500 uppercase">Nominal (&lt;80)</span></div>
+                <div className="flex items-center gap-2"><div className="w-2 h-2 rounded-full bg-amber-500" /> <span className="text-[10px] font-bold text-amber-500 uppercase">Moderate (80-150)</span></div>
+                <div className="flex items-center gap-2"><div className="w-2 h-2 rounded-full bg-rose-500" /> <span className="text-[10px] font-bold text-rose-500 uppercase">Critical (&gt;150)</span></div>
+             </div>
+          </div>
+          <div className="text-6xl font-black text-center text-white tracking-tighter">RPN = S <span className="text-slate-700">×</span> O <span className="text-slate-700">×</span> D</div>
+        </div>
+        </motion.div>
+        </div>
+        )
+        }
+
+        function MaturityDefinitionModal({ onClose }: { onClose: () => void }) {
+        return (
+        <div className="fixed inset-0 z-[10000] flex items-center justify-center bg-black/90 backdrop-blur-md p-10">
+        <motion.div initial={{ scale: 0.9, opacity: 0 }} animate={{ scale: 1, opacity: 1 }} className="glass-panel w-full max-w-4xl p-12 rounded-lg border border-blue-500/30 shadow-2xl relative">
+        <button onClick={onClose} className="absolute top-8 right-8 text-slate-500 hover:text-white transition-colors"><X size={32}/></button>
+
+        <div className="flex items-center gap-6 mb-12 border-b border-white/5 pb-8">
+          <div className="w-20 h-20 rounded-lg bg-blue-600 flex items-center justify-center text-white shadow-xl shadow-blue-600/20">
+             <Zap size={40}/>
+          </div>
+          <div>
+             <h2 className="text-4xl font-black uppercase tracking-tighter text-white">Maturity Spectrum</h2>
+             <p className="text-xs font-bold text-blue-400 uppercase tracking-[0.3em]">Risk Mitigation Lifecycle (Lv0 - Lv8)</p>
+          </div>
+        </div>
+
+        <div className="grid grid-cols-2 gap-x-12 gap-y-4">
+          {FAR_MATURITY_LEVELS.map((ml) => (
+             <div key={ml.lv} className="flex items-center gap-4 p-4 bg-white/5 rounded-lg border border-white/5">
+                <div className="w-12 h-12 rounded-lg bg-blue-600/20 flex items-center justify-center text-blue-400 font-black border border-blue-500/20 shadow-inner">Lv{ml.lv}</div>
+                <div>
+                   <h4 className="text-[11px] font-black uppercase text-white tracking-widest">{ml.label}</h4>
+                   <p className="text-[9px] font-bold text-slate-500 uppercase mt-1 leading-tight">{ml.desc}</p>
+                </div>
+             </div>
+          ))}
+        </div>
+        </motion.div>
+        </div>
+        )
+        }
+ function RoadmapTab({ mode, readOnly, onUpdate }: any) {
+   const [activeMitigationModal, setActiveMitigationModal] = useState<any>(null)
+   const [activePreventionModal, setActivePreventionModal] = useState<any>(null)
+   const [selectedCauseId, setSelectedCauseId] = useState<number | null>(null)
+   const [deletingMitigationId, setDeletingMitigationId] = useState<number | null>(null)
+   const deletingMitigationIdRef = React.useRef<number | null>(null)
+   
+   const queryClient = useQueryClient()
+   const { data: bkms } = useQuery({ queryKey: ['knowledge', 'bkms'], queryFn: async () => (await apiFetch('/api/v1/knowledge/?category=BKM')).json() })
+   const { data: monitoring } = useQuery({ queryKey: ['monitoring-items'], queryFn: async () => (await apiFetch('/api/v1/monitoring/')).json() })
+   const bkmById = useMemo(() => new Map((bkms || []).map((item: any) => [Number(item.id), item])), [bkms])
+   const monitoringById = useMemo(() => new Map((monitoring || []).map((item: any) => [Number(item.id), item])), [monitoring])
+   const deleteMitigationMutation = useMutation({
+     mutationFn: async (mitigationId: number) => {
+       const res = await apiFetch(`/api/v1/far/mitigations/${mitigationId}`, {
+         method: 'DELETE',
+         body: JSON.stringify(buildFarContextMutationRequest(mode.id, mode.version)),
+       })
+       if (!res.ok) throw new Error(await readFarMutationFailureMessage(res))
+       return res.json()
+     },
+     onSuccess: () => {
+       toast.success('Mitigation removed')
+       queryClient.invalidateQueries({ queryKey: ['far', 'modes'] })
+       onUpdate()
+     },
+     onError: (error: any) => {
+       setDeletingMitigationId(null)
+       toast.error(error.message || 'Failed to delete mitigation')
+     },
+     onSettled: () => {
+       deletingMitigationIdRef.current = null
+     }
+   })
+
+   const updatePreventionMutation = useMutation({
+     mutationFn: async ({ preventionId, status }: { preventionId: number, status: string }) => {
+       const res = await apiFetch(`/api/v1/far/prevention/${preventionId}`, {
+         method: 'PUT',
+         body: JSON.stringify(buildFarContextMutationRequest(mode.id, mode.version, { status })),
+       })
+       if (!res.ok) throw new Error(await readFarMutationFailureMessage(res))
+       return res.json()
+     },
+     onSuccess: () => {
+       toast.success('Prevention status synchronized')
+       queryClient.invalidateQueries({ queryKey: ['far', 'modes'] })
+       onUpdate()
+     },
+     onError: (error: any) => toast.error(error?.message || 'Failed to update prevention status'),
+   })
+
+   useEffect(() => {
+     if (!selectedCauseId && mode.causes?.length > 0) {
+       setSelectedCauseId(mode.causes[0].id)
+     }
+   }, [mode.causes, selectedCauseId])
+
+   useEffect(() => {
+     if (deletingMitigationId !== null && !mode.mitigations?.some((mitigation: any) => mitigation.id === deletingMitigationId)) {
+       setDeletingMitigationId(null)
+     }
+   }, [deletingMitigationId, mode.mitigations])
+
+   return (
+     <motion.div initial={{ opacity: 0, y: 10 }} animate={{ opacity: 1, y: 0 }} exit={{ opacity: 0, y: 10 }} className="flex-1 flex flex-col space-y-6">
+        <div className="flex items-center gap-4 shrink-0 overflow-x-auto pb-2 scrollbar-hide">
+           <span className="text-[9px] font-black text-slate-500 uppercase tracking-widest shrink-0">Select Root Cause:</span>
+           {(mode.causes || []).map((cause: any) => (
+              <button 
+                 key={cause.id}
+                 onClick={() => setSelectedCauseId(cause.id)}
+                 className={`px-4 py-1.5 rounded-lg text-[10px] font-black uppercase tracking-tight border transition-all whitespace-nowrap ${selectedCauseId === cause.id ? 'bg-rose-600/10 border-rose-500 text-rose-500' : 'bg-white/5 border-white/5 text-slate-500 hover:text-slate-300'}`}
+              >
+                 {cause.cause_text}
+              </button>
+           ))}
+           {mode.causes?.length === 0 && <span className="text-[10px] font-black text-slate-700 uppercase">No causes attributed to this vector</span>}
+        </div>
+
+        <div className="flex items-center justify-between">
+           <h3 className="text-sm font-bold uppercase tracking-[0.2em] text-sky-400 ">Strategic Mitigation Roadmap</h3>
+           <div className="flex flex-nowrap gap-2">
+              <button onClick={() => setActiveMitigationModal({ isOpen: true, type: 'WORKAROUND' })} disabled={readOnly || !selectedCauseId} className="px-6 py-2 whitespace-nowrap bg-amber-600/20 border border-amber-500/30 text-amber-500 rounded-lg text-[10px] font-bold uppercase  hover:bg-amber-600 hover:text-white transition-all disabled:opacity-20">+ Add Workaround</button>
+              <button onClick={() => setActiveMitigationModal({ isOpen: true, type: 'MONITORING' })} disabled={readOnly || !selectedCauseId} className="px-6 py-2 whitespace-nowrap bg-sky-600/20 border border-sky-500/30 text-sky-400 rounded-lg text-[10px] font-bold uppercase  hover:bg-sky-600 hover:text-white transition-all disabled:opacity-20">+ Add Monitoring</button>
+              <button onClick={() => setActivePreventionModal({ isOpen: true })} disabled={readOnly || !selectedCauseId} className="px-6 py-2 whitespace-nowrap bg-emerald-600/20 border border-emerald-500/30 text-emerald-400 rounded-lg text-[10px] font-bold uppercase  hover:bg-emerald-600 hover:text-white transition-all disabled:opacity-20">+ Add Prevention</button>
+           </div>
+        </div>
+
+        <div className="flex-1 overflow-y-auto custom-scrollbar pr-2 space-y-4">
+           <div className="bg-black/40 border border-white/5 rounded-lg overflow-hidden shadow-2xl">
+              <table className="w-full text-left border-collapse">
+                 <thead className="bg-white/[0.03] border-b border-white/10">
+                    <tr className="text-[10px] font-bold uppercase tracking-widest text-slate-500 ">
+                       <th className="px-8 py-4">Shield Type</th>
+                       <th className="px-8 py-4">Deployment Protocol / Plan</th>
+                       <th className="px-8 py-4 text-center">Cause Context</th>
+                       <th className="px-8 py-4 text-center">Status</th>
+                       <th className="px-8 py-4 text-right">Ops</th>
+                    </tr>
+                 </thead>
+                 <tbody className="divide-y divide-white/5 font-bold uppercase  text-[11px]">
+                    {mode.mitigations?.filter((m: any) => m.cause_id === selectedCauseId).map((m: any) => {
+                      const linkedBkm = bkmById.get(Number(m.knowledge_bkm_id)) as any
+                      const linkedMonitor = monitoringById.get(Number(m.monitoring_item_id)) as any
+                      const completed = m.status === 'Completed'
+                      return (
+                      <tr key={m.id} className="hover:bg-white/[0.02] transition-colors group">
+                         <td className="px-8 py-5">
+                            <span className={`px-3 py-1 rounded-lg text-[9px] font-black ${m.mitigation_type === 'Monitoring' ? 'bg-sky-500/20 text-sky-400 border border-sky-500/30' : m.mitigation_type === 'Process Change' ? 'bg-violet-500/20 text-violet-300 border border-violet-500/30' : 'bg-amber-500/20 text-amber-400 border border-amber-500/30'}`}>{m.mitigation_type}</span>
+                         </td>
+                         <td className="px-8 py-5 text-white max-w-xl">
+                            <div className="space-y-2">
+                               {m.mitigation_steps?.split('\n').map((line: string, i: number) => (
+                                 <div key={i} className="flex gap-3">
+                                    <span className="text-slate-600 text-[9px] font-black">{i + 1}.</span>
+                                    <span className="normal-case font-medium text-slate-300 uppercase">{line}</span>
+                                 </div>
+                               ))}
+                               {m.responsible_team && (
+                                 <div className="flex items-center gap-2 text-[9px] font-black uppercase tracking-wide text-slate-500">
+                                   <User size={12} className="text-slate-600" /> Owner: {m.responsible_team}
+                                 </div>
+                               )}
+                               {linkedBkm && (
+                                  <div className="flex items-center gap-3 p-3 bg-emerald-500/5 border border-emerald-500/20 rounded-lg mt-2">
+                                     <Book size={14} className="text-emerald-400" />
+                                     <span className="text-emerald-400 tracking-tight normal-case font-black uppercase">Linked BKM: {linkedBkm.title}</span>
+                                  </div>
+                               )}
+                               {m.external_bkm_url && (
+                                  <a
+                                    href={m.external_bkm_url}
+                                    target="_blank"
+                                    rel="noreferrer noopener"
+                                    className="flex items-center gap-3 p-3 bg-blue-500/5 border border-blue-500/20 rounded-lg mt-2 text-blue-400 hover:bg-blue-500/10 transition-all"
+                                  >
+                                     <ExternalLink size={14} />
+                                     <span className="tracking-tight normal-case font-black uppercase truncate">External BKM: {m.external_bkm_url}</span>
+                                  </a>
+                               )}
+                               {linkedMonitor && (
+                                  <div className="flex items-center gap-3 p-3 bg-sky-500/5 border border-sky-500/20 rounded-lg mt-2 group/item hover:bg-sky-500/10 transition-all">
+                                     <Monitor size={14} className="text-sky-400" />
+                                     <span className="text-sky-400 tracking-tight normal-case font-black uppercase">Linked Monitor: {linkedMonitor.title}</span>
+                                  </div>
+                               )}
+                            </div>
+                         </td>
+                         <td className="px-8 py-5 text-center">
+                            <div className="flex flex-col items-center gap-1">
+                               <span className="text-[9px] font-black text-rose-400/70 truncate max-w-[150px]">{mode.causes?.find((c:any)=>c.id === m.cause_id)?.cause_text || 'GLOBAL_VECTOR'}</span>
+                            </div>
+                         </td>
+                         <td className="px-8 py-5 text-center">
+                            <span className={`px-3 py-1 rounded-lg text-[9px] font-black border ${completed ? 'bg-emerald-500/10 text-emerald-400 border-emerald-500/20' : 'bg-slate-800 text-slate-400 border-white/10'}`}>
+                               {m.status?.toUpperCase() || 'NOT STARTED'}
+                            </span>
+                         </td>
+                         <td className="px-8 py-5 text-right opacity-0 group-hover:opacity-100 transition-opacity">
+                            <div className="flex items-center justify-end gap-1">
+                              <button
+                                onClick={() => {
+                                  setSelectedCauseId(Number(m.cause_id))
+                                  setActiveMitigationModal({ isOpen: true, type: m.mitigation_type, initialData: m })
+                                }}
+                                disabled={readOnly}
+                                className="p-2 text-slate-600 hover:text-blue-400 transition-colors disabled:cursor-not-allowed disabled:opacity-40"
+                                title="Edit mitigation"
+                              >
+                                <Edit2 size={16}/>
+                              </button>
+                              <button
+                                onClick={() => {
+                                  if (deletingMitigationIdRef.current !== null) return
+                                  deletingMitigationIdRef.current = m.id
+                                  setDeletingMitigationId(m.id)
+                                  deleteMitigationMutation.mutate(m.id)
+                                }}
+                                disabled={readOnly || completed || deletingMitigationId !== null}
+                                className="p-2 text-slate-600 hover:text-rose-500 transition-colors disabled:cursor-not-allowed disabled:opacity-40"
+                                title={completed ? 'Completed mitigations cannot be deleted' : 'Delete Mitigation'}
+                              >
+                                <Trash2 size={16}/>
+                              </button>
+                            </div>
+                         </td>
+                      </tr>
+                      )
+                    })}
+                    {mode.mitigations?.filter((m: any) => m.cause_id === selectedCauseId).length === 0 && (
+                       <tr><td colSpan={5} className="py-20 text-center opacity-20 font-bold uppercase tracking-[0.3em]">No mitigation shields active for this cause</td></tr>
+                    )}
+                 </tbody>
+              </table>
+           </div>
+
+           <div className="bg-black/40 border border-emerald-500/10 rounded-lg overflow-hidden shadow-2xl">
+              <div className="flex items-center justify-between border-b border-white/10 bg-emerald-500/[0.03] px-8 py-4">
+                 <div>
+                    <h4 className="text-[10px] font-black uppercase tracking-[0.2em] text-emerald-400">Prevention Execution</h4>
+                    <p className="mt-1 text-[9px] font-bold uppercase text-slate-600">Verified or completed prevention advances this failure vector to maturity Lv8.</p>
+                 </div>
+                 <span className="text-[9px] font-black uppercase tracking-widest text-slate-500">
+                   {(mode.prevention_actions || []).filter((p: any) => p.cause_id === selectedCauseId).length} linked
+                 </span>
+              </div>
+              <table className="w-full text-left border-collapse">
+                 <thead className="border-b border-white/10 bg-white/[0.02]">
+                    <tr className="text-[9px] font-bold uppercase tracking-widest text-slate-500">
+                       <th className="px-8 py-3">Prevention Action / Project Objective</th>
+                       <th className="px-8 py-3">Owner</th>
+                       <th className="px-8 py-3">Target</th>
+                       <th className="px-8 py-3 text-right">FAR Status</th>
+                    </tr>
+                 </thead>
+                 <tbody className="divide-y divide-white/5">
+                    {(mode.prevention_actions || []).filter((p: any) => p.cause_id === selectedCauseId).map((p: any) => (
+                      <tr key={p.id} className="hover:bg-emerald-500/[0.03] transition-colors">
+                         <td className="px-8 py-4 text-[11px] font-bold text-slate-200">{p.prevention_action}</td>
+                         <td className="px-8 py-4 text-[10px] font-bold uppercase text-slate-500">{p.responsible_team || 'UNASSIGNED'}</td>
+                         <td className="px-8 py-4 text-[10px] font-bold uppercase text-slate-500">{p.target_date ? formatAppDate(p.target_date) : 'NO TARGET'}</td>
+                         <td className="px-8 py-4 text-right">
+                            <select
+                              value={p.status || 'Open'}
+                              disabled={readOnly || updatePreventionMutation.isPending}
+                              onChange={(event) => updatePreventionMutation.mutate({ preventionId: Number(p.id), status: event.target.value })}
+                              className="rounded-lg border border-emerald-500/20 bg-slate-950 px-3 py-1.5 text-[9px] font-black uppercase text-emerald-400 outline-none disabled:opacity-40"
+                            >
+                              <option value="Open">Open</option>
+                              <option value="In Progress">In Progress</option>
+                              <option value="Verified">Verified</option>
+                              <option value="Completed">Completed</option>
+                            </select>
+                         </td>
+                      </tr>
+                    ))}
+                    {(mode.prevention_actions || []).filter((p: any) => p.cause_id === selectedCauseId).length === 0 && (
+                      <tr><td colSpan={4} className="py-12 text-center text-[9px] font-bold uppercase tracking-[0.25em] text-slate-700">No prevention execution linked to this cause</td></tr>
+                    )}
+                 </tbody>
+              </table>
+           </div>
+        </div>
+
+        <MitigationFormModal 
+           key={activeMitigationModal?.initialData?.id ? `edit-${activeMitigationModal.initialData.id}` : `new-${activeMitigationModal?.type || 'mitigation'}`}
+           isOpen={!readOnly && activeMitigationModal?.isOpen}
+           onClose={() => setActiveMitigationModal(null)}
+           modeId={mode.id}
+           modeVersion={mode.version}
+           causeId={activeMitigationModal?.initialData?.cause_id ?? selectedCauseId}
+           type={activeMitigationModal?.type}
+           initialData={activeMitigationModal?.initialData}
+           bkms={bkms}
+           monitoring={monitoring}
+           onSave={onUpdate}
+        />
+
+        <PreventionFormModal 
+           isOpen={!readOnly && activePreventionModal?.isOpen}
+           onClose={() => setActivePreventionModal(null)}
+           modeId={mode.id}
+           modeVersion={mode.version}
+           causeId={selectedCauseId}
+           onSave={onUpdate}
+        />
+     </motion.div>
+   )
+ }
+   function HistoryTab({ mode, readOnly, onUpdate }: any) {
+     const [isLinking, setIsLinking] = useState(false)
+     const [search, setSearch] = useState('')
+     const queryClient = useQueryClient()
+     const navigate = useNavigate()
+
+     const { data: research } = useQuery({ 
+       queryKey: ['research-items'], 
+       queryFn: async () => (await apiFetch('/api/v1/investigations')).json() 
+     })
+
+     const filteredResearch = useMemo(() => {
+       if (!research) return []
+       return research.filter((r: any) => 
+         !search || r.title.toLowerCase().includes(search.toLowerCase()) || r.summary?.toLowerCase().includes(search.toLowerCase())
+       )
+     }, [research, search])
+
+     const linkMutation = useMutation({
+       mutationFn: async (researchId: number) => {
+         const currentLinks = mode.metadata_json?.linked_research_ids || []
+         if (currentLinks.includes(researchId)) {
+           toast.error('Research artifact already linked')
+           return
+         }
+         const updatedMetadata = { ...mode.metadata_json, linked_research_ids: [...currentLinks, researchId] }
+         const res = await apiFetch(`/api/v1/far/modes/${mode.id}`, {
+           method: 'PUT',
+           body: JSON.stringify(withFarExpectedVersion(mode.version, { metadata_json: updatedMetadata }))
+         })
+         if (!res.ok) throw new Error(await readFarMutationFailureMessage(res))
+         return res.json()
+       },
+       onSuccess: () => {
+         toast.success('Research Artifact Linked to Vector')
+         setIsLinking(false)
+         onUpdate()
+         queryClient.invalidateQueries({ queryKey: ['far', 'modes'] })
+       },
+       onError: (err: any) => {
+         toast.error(`Linking Failed: ${err.message}`)
+       }
+     })
+     const unlinkMutation = useMutation({
+       mutationFn: async (researchId: number) => {
+         const currentLinks = mode.metadata_json?.linked_research_ids || []
+         const updatedMetadata = {
+           ...mode.metadata_json,
+           linked_research_ids: currentLinks.filter((id: number) => id !== researchId)
+         }
+         const res = await apiFetch(`/api/v1/far/modes/${mode.id}`, {
+           method: 'PUT',
+           body: JSON.stringify(withFarExpectedVersion(mode.version, { metadata_json: updatedMetadata }))
+         })
+         if (!res.ok) throw new Error(await readFarMutationFailureMessage(res))
+         return res.json()
+       },
+       onSuccess: () => {
+         toast.success('Research artifact unlinked')
+         onUpdate()
+         queryClient.invalidateQueries({ queryKey: ['far', 'modes'] })
+       },
+       onError: (err: any) => {
+         toast.error(`Unlink Failed: ${err.message}`)
+       }
+     })
+
+     const linkedResearch = useMemo(() => {
+       if (!research || !mode.metadata_json?.linked_research_ids) return []
+       return research.filter((r: any) => mode.metadata_json.linked_research_ids.includes(r.id))
+     }, [research, mode.metadata_json])
+     return (
+       <motion.div initial={{ opacity: 0, y: 10 }} animate={{ opacity: 1, y: 0 }} exit={{ opacity: 0, y: 10 }} className="flex-1 flex flex-col space-y-6">
+          <div className="flex items-center justify-between">
+             <h3 className="text-sm font-bold uppercase tracking-[0.2em] text-slate-500 ">Analytical Research History</h3>
+             <button onClick={() => setIsLinking(true)} disabled={readOnly} className="px-6 py-2 bg-slate-800/50 border border-white/10 text-slate-400 rounded-lg text-[10px] font-bold uppercase  hover:bg-slate-700 hover:text-white transition-all disabled:cursor-not-allowed disabled:opacity-30">+ Link Research Artifact</button>
+          </div>
+
+          <div className="flex-1 overflow-y-auto custom-scrollbar pr-2 space-y-4">
+             {linkedResearch.map((r: any) => (
+                <div key={r.id} className="bg-white/5 border border-white/5 rounded-lg p-6 flex items-center justify-between group hover:bg-white/10 transition-all">
+                   <div className="flex items-center gap-6">
+                      <div className="p-4 bg-blue-500/10 rounded-lg text-blue-400 border border-blue-500/20"><Activity size={24}/></div>
+                      <div>
+                         <h4 className="text-sm font-bold text-white uppercase tracking-tight">{r.title}</h4>
+                         <div className="flex items-center gap-3 mt-1">
+                            <span className="text-[9px] font-bold text-slate-500 uppercase">Status: {r.status}</span>
+                            <span className="text-[9px] font-bold text-slate-500 uppercase">ID: {r.id}</span>
+                         </div>
+                      </div>
+                   </div>
+                   <div className="flex gap-3">
+                      <button onClick={() => navigate(`/research?type=research&id=${r.id}`)} className="p-2.5 bg-white/5 rounded-lg text-slate-500 hover:text-blue-400 transition-all opacity-0 group-hover:opacity-100"><Eye size={18}/></button>
+                      <button onClick={() => unlinkMutation.mutate(r.id)} disabled={readOnly} className="p-2.5 bg-white/5 rounded-lg text-slate-500 hover:text-rose-500 transition-all opacity-0 group-hover:opacity-100 disabled:cursor-not-allowed disabled:opacity-20"><Trash2 size={18}/></button>
+                   </div>
+                </div>
+             ))}
+             {linkedResearch.length === 0 && (
+                <div className="flex-1 flex flex-col items-center justify-center py-20 space-y-4 opacity-20 ">
+                   <Activity size={48} className="text-slate-500" />
+                   <p className="text-[12px] font-bold uppercase tracking-[0.3em] text-center max-w-md">No historical research artifacts currently mapped to this failure vector</p>
+                   <button onClick={() => navigate('/research')} className="text-[10px] font-bold uppercase underline tracking-widest text-rose-500">Initiate New Research Case</button>
+                </div>
+             )}
+          </div>
+          <AnimatePresence>
+             {!readOnly && isLinking && (
+                <div className="fixed inset-0 z-[200] flex items-center justify-center bg-black/80 backdrop-blur-md p-6">
+                   <motion.div initial={{ scale: 0.9, opacity: 0 }} animate={{ scale: 1, opacity: 1 }} className="glass-panel w-full max-w-lg p-10 rounded-lg border border-white/10 space-y-6">
+                      <div className="flex items-center justify-between border-b border-white/5 pb-4">
+                         <h3 className="text-xl font-bold uppercase text-white tracking-tighter">Link Research</h3>
+                         <button onClick={() => setIsLinking(false)} className="text-slate-500 hover:text-white transition-colors"><X size={24}/></button>
+                      </div>
+                      <div className="relative">
+                         <Search size={14} className="absolute left-4 top-1/2 -translate-y-1/2 text-slate-600" />
+                         <input 
+                           value={search} 
+                           onChange={e => setSearch(e.target.value)} 
+                           placeholder="Search research artifacts..." 
+                           className="w-full bg-black/40 border border-white/10 rounded-lg pl-11 pr-4 py-3 text-xs font-bold text-white outline-none focus:border-rose-500" 
+                         />
+                      </div>
+                      <div className="max-h-[300px] overflow-y-auto custom-scrollbar pr-2 space-y-2">
+                         {filteredResearch?.map((r: any) => (
+                           <button 
+                             key={r.id} 
+                             onClick={() => linkMutation.mutate(r.id)}
+                             className="w-full text-left p-4 rounded-lg bg-white/5 border border-white/5 hover:border-rose-500/30 hover:bg-rose-500/5 transition-all group"
+                           >
+                              <p className="text-[11px] font-bold text-white uppercase">{r.title}</p>
+                              <p className="text-[9px] text-slate-500 font-bold uppercase mt-1">Status: {r.status}</p>
+                           </button>
+                         ))}
+                      </div>
+                   </motion.div>
+                </div>
+             )}
+          </AnimatePresence>
+       </motion.div>
+     )
+   }
+

 ❯ src/components/shared/FARResearchGoldenPresentationContract.test.ts:29:22
     27|       expect(source).toContain('const [showStyleLab, setShowStyleLab] …
     28|       expect(source).toContain('const [showInsights, setShowInsights] …
     29|       expect(source).toContain('<Sliders size={14} /> Display')
       |                      ^
     30|       expect(source).toContain('<Activity size={14} /> Insights')
     31|     }

⎯⎯⎯⎯⎯⎯⎯⎯⎯⎯⎯⎯⎯⎯⎯⎯⎯⎯⎯⎯⎯⎯[17/18]⎯

 FAIL  src/components/shared/OperationalBulkContract.test.ts > shared bulk workflow architecture > keeps FAR and Research tables on the Monitoring-derived golden grid contract
AssertionError: expected 'import React, { useState, useMemo, us…' to contain '<OperationalDataGrid'

- Expected
+ Received

- <OperationalDataGrid
+ import React, { useState, useMemo, useEffect } from 'react'
+ import {
+   WorkspaceCollapsibleHeader,
+   WorkspaceEmptyState,
+   WorkspaceFieldError,
+   WorkspaceFieldLabel,
+   WorkspaceSectionBadge,
+   WorkspaceSectionCard,
+   WorkspaceSelectField,
+   WorkspaceStickyIdentityBar,
+   WorkspaceValidationBanner,
+   getWorkspaceInputClass,
+ } from './shared/OperationalWorkspacePrimitives'
+ import { useNavigate, useSearchParams } from 'react-router-dom'
+ import { useQuery, useMutation, useQueryClient } from '@tanstack/react-query'
+ import { 
+   Plus, Search, Trash2, Edit2, Info, 
+   ShieldAlert, Zap, Save, X, PlusCircle, User,
+   RefreshCcw, AlertTriangle, Lightbulb, ShieldCheck, 
+   Activity, Server, FileText, Clipboard, ArrowRight, Shield, 
+   CheckCircle2, ChevronRight, LayoutGrid, List, Sliders, Eye,
+   Target, AlertCircle, Settings, Layers, Box, Link2, ExternalLink,
+   ChevronLeft, Book, Download, Copy, Terminal, Check, HelpCircle, EyeOff, MoreVertical, Monitor, Upload, Clock, Undo2
+ } from 'lucide-react'
+ import { motion, AnimatePresence } from 'framer-motion'
+ import { apiFetch } from '../api/apiClient'
+ import { toast } from 'react-hot-toast'
+ import { formatAppDate } from '../utils/dateUtils'
+ import { OperationalImportModal } from './shared/OperationalImportModal'
+ import { downloadOperationalImportFile } from './shared/OperationalImportExport'
+ import { StatusPill } from './shared/StatusPill'
+ import { ConfigRegistryModal } from './ConfigRegistry'
+ import { MonitoringForm } from './monitoring/MonitoringForm'
+ import { ProjectForm } from './Projects'
+ import { RootCauseFormModal, MitigationFormModal, PreventionFormModal, ResolutionManagerModal } from './shared/FARModals'
+ import { EnhancedRcaDetails } from './Research'
+ import { OperationalWorkspaceShell } from './shared/OperationalWorkspaceShells'
+ import { FARFilterBar, FAROperationalGridView } from './FARGoldenWorkspaceInteraction'
+ import {
+   buildFarDelimitedText,
+   createDefaultFarQuickFilters,
+   filterFarModes,
+   type FarGroupBy,
+   type FarQuickFilters,
+ } from './FAR.workspaceModel'
+ import { OperationalBulkPreviewModal } from './shared/OperationalBulkPreviewModal'
+ import { useOperationalBulkWorkflow } from './shared/useOperationalBulkWorkflow'
+ import { HeaderScopeSwitch, ToolbarButton, ToolbarGroup, ToolbarIconButton, ToolbarSearch } from './shared/LayoutPrimitives'
+ import { FARVersionHistory } from './FARVersionHistory'
+ import { useFARGoldenWorkspaceControls } from './FARGoldenWorkspaceControls'
+ import type { FarLifecycleScope } from './FAR.workspaceState'
+ import { buildFarLifecycleWorkspaceTransition } from './FAR.lifecycleWorkspace'
+ import type { FarRestorationDossierContext } from './FAR.restoration'
+ import { OPERATIONAL_GRID_WIDTHS } from './shared/OperationalGridContract'
+ import {
+   createOperationalActionColumnDefinition,
+   createOperationalUtilityColumns,
+   renderOperationalActionButtons,
+ } from './shared/OperationalGridStandard'
+ import {
+   createOperationalGoldenTextColumn,
+   createOperationalMetricBadgeColumn,
+   getOperationalContentAwareWidth,
+ } from './shared/OperationalGoldenColumns'
+ import { useFarOperatorIntelligence } from './FAR.operatorIntelligence'
+ import { WorkspaceModal } from './shared/WorkspaceModal'
+ import { useOperationalFormDirty } from './shared/OperationalFormContracts'
+ import { parseOperationalApiValidationError } from './shared/OperationalFieldValidation'
+ import {
+   buildFarAuthoringDraft,
+   buildFarAuthoringErrors,
+   changeFarAuthoringSystem,
+   getFarAuthoringFirstErrorTab,
+   getFarAuthoringTabErrorCounts,
+   sanitizeFarAuthoringPayload,
+   type FarAuthoringTab,
+ } from './FAR.authoringModel'
+ import { buildFarDossierSearchParams, getFarDeepLinkNotice, getFarGridDataState, parseFarDossierTab, resolveFarDeepLink } from './FAR.deepLink'
+ import DataStatusPill, { DataDiagnosticModal } from './shared/OperationalDataStatus'
+ import { buildFarRegistryDiagnosticDetail } from './FAR.diagnostics'
+ import {
+   buildFarOperatorLoopReceipt,
+   buildFarOperatorLoopSnapshot,
+   shouldDismissFarOperatorLoop,
+   startFarOperatorLoop,
+   type FarOperatorSurface,
+   type FarOperatorLoopSession,
+ } from './FAR.operatorLoop'
+ import { FARDossierShell } from './FAR.dossier'
+ import {
+   buildFarLifecycleRequest,
+   buildFarLifecycleRevertPayload,
+   getFarLifecycleEndpoint,
+   getFarLifecycleRevertAction,
+   isFarLifecycleAction,
+ } from './FAR.lifecycleVocabulary'
+ import {
+   buildFarBulkScorePreview,
+   buildFarBulkScoreRequest,
+   buildFarBulkScoreRevertPayload,
+   type FarBulkScoreField,
+ } from './FAR.bulkScore'
+ import {
+   FAR_MATURITY_LEVELS,
+   createFarAnalyticalColumns,
+   getFarMaturityLevel,
+ } from './FAR.gridColumns'
+ import {
+   FAR_CONTEXT_DETAIL_TABS,
+   type FarDossierTab,
+ } from './FAR.rowActions'
+ import {
+   readFarMutationFailureMessage,
+   withFarExpectedVersion,
+ } from './FAR.mutationIntegrity'
+ import { buildFarContextMutationRequest } from './FAR.causalIntegrity'
+
+ import 'ag-grid-community/styles/ag-grid.css'
+ import 'ag-grid-community/styles/ag-theme-alpine.css'
+
+ const FAR_IMPORT_PROFILE = 'far_records'
+ const FAR_IMPORT_SCHEMA_VERSION = '2026-08-far-v1'
+ const FAR_SNAPSHOT_FILENAME_PATTERN = /^SYSGRID_far_records_Snapshot\.csv$/
+
+ // --- Types ---
+ interface FailureMode {
+   id: number
+   system_name: string
+   failure_type: string
+   title: string
+   effect: string
+   severity: number
+   occurrence: number
+   detection: number
+   rpn: number
+   status: string
+   affected_assets: any[]
+   causes: any[]
+   mitigations: any[]
+   prevention_actions: any[]
+ }
+
+ const FAILURE_TYPES = [
+   { value: 'Design', label: 'Design' },
+   { value: 'Process', label: 'Process' },
+   { value: 'Hardware', label: 'Hardware' },
+   { value: 'Software', label: 'Software' },
+   { value: 'Network', label: 'Network' },
+   { value: 'Human', label: 'Human' },
+   { value: 'Environment', label: 'Environment' },
+ ]
+
+ // --- Constants for Guided Scoring ---
+ const SEVERITY_LEVELS = [
+   { value: 10, label: 'HAZARDOUS (NO WARNING)', desc: 'Safety issue or total compliance failure. Extreme risk to the enterprise.' },
+   { value: 9, label: 'HAZARDOUS (WITH WARNING)', desc: 'Potential safety issue or major compliance risk. High probability of legal impact.' },
+   { value: 8, label: 'VERY HIGH', desc: 'System total failure, major data loss, no workaround exists. Business critical.' },
+   { value: 7, label: 'HIGH', desc: 'System operational but major performance impact. High user dissatisfaction.' },
+   { value: 6, label: 'MODERATE', desc: 'Significant impact on primary function, but workaround exists. Noticeable degradation.' },
+   { value: 5, label: 'LOW', desc: 'Minor impact on performance or usability. Minimal business disruption.' },
+   { value: 4, label: 'VERY LOW', desc: 'Noticeable impact but system remains functional. Easily manageable.' },
+   { value: 3, label: 'MINOR', desc: 'Slight annoyance to users. No functional impairment.' },
+   { value: 2, label: 'VERY MINOR', desc: 'Hardly noticeable impact. Cosmetic or trace-level issue.' },
+   { value: 1, label: 'NONE', desc: 'No discernible effect on system or user experience.' },
+ ]
+
+ const OCCURRENCE_LEVELS = [
+   { value: 10, label: 'CERTAIN', desc: 'Inevitable. Occurs multiple times per day. Constant risk exposure.' },
+   { value: 9, label: 'VERY HIGH', desc: 'Likely to occur daily. High-frequency failure profile.' },
+   { value: 8, label: 'HIGH', desc: 'Likely to occur weekly. Recurring operational disruption.' },
+   { value: 7, label: 'MODERATELY HIGH', desc: 'Occurs once or twice per month. Periodic impact.' },
+   { value: 6, label: 'MODERATE', desc: 'Occurs once every few months. Occasional risk.' },
+   { value: 5, label: 'LOW', desc: 'Occurs once or twice per year. Infrequent failure mode.' },
+   { value: 4, label: 'VERY LOW', desc: 'Occurs once every few years. Rare occurrence.' },
+   { value: 3, label: 'REMOTE', desc: 'Unlikely but possible. Minimal historical evidence.' },
+   { value: 2, label: 'VERY REMOTE', desc: 'Extremely unlikely. Speculative failure mode.' },
+   { value: 1, label: 'NEARLY IMPOSSIBLE', desc: 'Never expected to occur. Theoretical risk only.' },
+ ]
+
+ const DETECTION_LEVELS = [
+   { value: 10, label: 'IMPOSSIBLE', desc: 'Zero monitoring. Discovered only via total system blackout or user report.' },
+   { value: 9, label: 'VERY REMOTE', desc: 'Visible only after catastrophic failure has completed. Post-mortem discovery.' },
+   { value: 8, label: 'REMOTE', desc: 'Requires manual log inspection or audit. High latency in visibility.' },
+   { value: 7, label: 'VERY LOW', desc: 'Alerts exist but are buried in noise. Easily missed by NOC/SOC.' },
+   { value: 6, label: 'LOW', desc: 'Standard monitoring, but delayed or inconsistent. Unreliable visibility.' },
+   { value: 5, label: 'MODERATE', desc: 'Reliable alerts exist but require human triage for verification.' },
+   { value: 4, label: 'MODERATELY HIGH', desc: 'Proactive alerts with clear root cause identification.' },
+   { value: 3, label: 'HIGH', desc: 'Real-time dashboarding and active, automated health checks.' },
+   { value: 2, label: 'VERY HIGH', desc: 'Automated self-healing or failsafe systems. Immediate notification.' },
+   { value: 1, label: 'ALMOST CERTAIN', desc: 'Predictive analytics prevents failure before it manifests.' },
+ ]
+
+ async function fetchFarList(path: string) {
+   const response = await apiFetch(path)
+   if (!response.ok) throw new Error(await response.text())
+   const payload = await response.json()
+   if (!Array.isArray(payload)) throw new Error(`Expected a list response from ${path}`)
+   return payload
+ }
+
+ const METRIC_DEFINITIONS: any = {
+   SRI: {
+     title: "System Reliability Index (SRI)",
+     formula: "SRI = 100 × [1 - (RPN_avg / 500)]",
+     description: "Represents the aggregate health of the infrastructure's risk profile. A score of 100 signifies zero documented risk exposure, while lower scores indicate high-criticality failure modes with frequent occurrence or visibility gaps."
+   },
+   RiskDensity: {
+     title: "Risk Density Profile",
+     formula: "D_risk = Σ RPN / Σ Assets_affected",
+     description: "Measures risk concentration across assets. High density indicates that a small number of physical or logical assets are bearing a disproportionate amount of system-wide failure risk."
+   },
+   MitigationRatio: {
+     title: "Global Mitigation Coverage",
+     formula: "M_cov = (N_mitigated / N_total) × 100",
+     description: "Evaluates the breadth of the defense-in-depth strategy. Measures the percentage of failure modes that have at least one verified Monitoring or temporary Workaround protocol established."
+   },
+   AvgSeverity: {
+     title: "Mean Failure Criticality",
+     formula: "RPN_avg = (1 / N) Σ RPN_i",
+     description: "The average Risk Priority Number across the entire registry. Used to monitor long-term trends in the inherent severity of documented risks, independent of the number of entries."
+   }
+ }
+
+ function MetricHelpModal({ metric, onClose }: { metric: string | null, onClose: () => void }) {
+   if (!metric || !METRIC_DEFINITIONS[metric]) return null;
+   const def = METRIC_DEFINITIONS[metric];
+   return (
+     <div className="fixed inset-0 z-[300] flex items-center justify-center bg-black/60 backdrop-blur-md p-10">
+       <motion.div initial={{ scale: 0.9, opacity: 0 }} animate={{ scale: 1, opacity: 1 }} className="glass-panel w-full max-w-md p-10 rounded-lg border border-blue-500/30 space-y-6">
+         <div className="flex items-center justify-between border-b border-white/5 pb-4">
+           <h2 className="text-xl font-bold uppercase tracking-tighter text-blue-400  flex items-center space-x-3">
+              <Info size={24}/> <span>{def.title}</span>
+           </h2>
+           <button onClick={onClose} className="text-slate-500 hover:text-white transition-colors"><X size={20}/></button>
+         </div>
+         <div className="space-y-4">
+           <div>
+             <p className="text-[9px] font-bold text-slate-500 uppercase tracking-widest mb-2 px-1">Mathematical Derivation</p>
+             <div className="bg-black/40 border border-white/5 rounded-lg p-6 font-serif text-lg text-blue-300 text-center shadow-inner">
+                {def.formula}
+             </div>
+           </div>
+           <div>
+             <p className="text-[9px] font-bold text-slate-500 uppercase tracking-widest mb-2 px-1">Functional Definition</p>
+             <p className="text-[13px] text-slate-300 leading-relaxed font-bold tracking-tight ">
+               {def.description}
+             </p>
+           </div>
+         </div>
+         <button onClick={onClose} className="w-full py-3 bg-blue-600 text-white rounded-lg text-[10px] font-bold uppercase tracking-widest active:scale-95 transition-all shadow-lg shadow-blue-500/20">Acknowledge</button>
+       </motion.div>
+     </div>
+   )
+ }
+
+ export default function FAR() {
+   const [operatorLoopSession, setOperatorLoopSession] = useState<FarOperatorLoopSession | null>(null)
+   const queryClient = useQueryClient()
+   const [searchParams, setSearchParams] = useSearchParams()
+   const gridRef = React.useRef<any>(null)
+   const lastDeepLinkedModeIdRef = React.useRef<number | null>(null)
+   
+   const idParam = searchParams.get('id')
+   const tabParam = searchParams.get('tab')
+   const requestedDossierTab = useMemo(() => parseFarDossierTab(tabParam), [tabParam])
+
+   const [showWizard, setShowWizard] = useState(false)
+   const [selectedModeId, setSelectedModeId] = useState<number | null>(null)
+   const [selectedDetailTab, setSelectedDetailTab] = useState<FarDossierTab>(FAR_CONTEXT_DETAIL_TABS.detail)
+   const [searchTerm, setSearchTerm] = useState('')
+   const [groupBy, setGroupBy] = useState<FarGroupBy>('raw')
+   const [quickFilters, setQuickFilters] = useState<FarQuickFilters>(() => createDefaultFarQuickFilters())
+   const [showMaturityHelp, setShowMaturityHelp] = useState(false)
+   const [showRpnHelp, setShowRpnHelp] = useState(false)
+   const [activeMetricHelp, setActiveMetricHelp] = useState<string | null>(null)
+
+   const [incidentListModal, setIncidentListModal] = useState<{show: boolean, rcas: any[]}>({ show: false, rcas: [] })
+   const [selectedRcaDetail, setSelectedRcaDetail] = useState<any>(null)
+   const [resolutionManagerModal, setResolutionManagerModal] = useState<{show: boolean, cause: any}>({ show: false, cause: null })
+
+   // Column Picker & Style Lab State (Mirrored from Assets)
+   const [fontSize, setFontSize] = useState(11)
+   const [rowDensity, setRowDensity] = useState(8)
+   const [showStyleLab, setShowStyleLab] = useState(false)
+   const [showFilterBar, setShowFilterBar] = useState(true)
+   const [showInsights, setShowInsights] = useState(false)
+   const [showColumnPicker, setShowColumnPicker] = useState(false)
+   const [hiddenColumns, setHiddenColumns] = useState<string[]>([])
+   const [showConfig, setShowConfig] = useState(false)
+   const [selectedIds, setSelectedIds] = useState<number[]>([])
+   const [lifecycleScope, setLifecycleScope] = useState<'active' | 'archived'>('active')
+   const operatorLoopSnapshotRef = React.useRef<ReturnType<typeof buildFarOperatorLoopSnapshot> | null>(null)
+   const lastOperatorLoopReceiptRef = React.useRef<ReturnType<typeof buildFarOperatorLoopReceipt> | null>(null)
+   
+   const [bkmGuidanceModal, setBkmGuidanceModal] = useState<{show: boolean, cause: any}>({ show: false, cause: null })
+
+   const operatorLoopSnapshot = useMemo(() => buildFarOperatorLoopSnapshot({
+     lifecycleScope,
+     groupBy,
+     searchTerm,
+     quickFilters,
+     selectedIds,
+     selectedModeId,
+     selectedDetailTab,
+     hiddenColumns,
+     fontSize,
+     rowDensity,
+     routeQuery: searchParams.toString(),
+   }), [
+     lifecycleScope,
+     groupBy,
+     searchTerm,
+     quickFilters,
+     selectedIds,
+     selectedModeId,
+     selectedDetailTab,
+     hiddenColumns,
+     fontSize,
+     rowDensity,
+     searchParams,
+   ])
+   operatorLoopSnapshotRef.current = operatorLoopSnapshot
+
+   const beginFarOperatorSurface = React.useCallback((surface: FarOperatorSurface) => {
+     const session = startFarOperatorLoop(surface, operatorLoopSnapshotRef.current || operatorLoopSnapshot)
+     setOperatorLoopSession(session)
+     return session
+   }, [operatorLoopSnapshot])
+
+   const openFarOperatorSurface = React.useCallback((surface: Exclude<FarOperatorSurface, 'round_trip_export'>) => {
+     beginFarOperatorSurface(surface)
+   }, [beginFarOperatorSurface])
+
+   const closeFarOperatorSurface = React.useCallback((surface: FarOperatorSurface) => {
+     setOperatorLoopSession((current) => {
+       if (!current || current.surface !== surface) return current
+       const latest = operatorLoopSnapshotRef.current || current.snapshot
+       lastOperatorLoopReceiptRef.current = buildFarOperatorLoopReceipt(current, latest)
+       return null
+     })
+   }, [])
+
+   useEffect(() => {
+     setOperatorLoopSession((current) => {
+       if (!current || !shouldDismissFarOperatorLoop(current, operatorLoopSnapshot)) return current
+       lastOperatorLoopReceiptRef.current = buildFarOperatorLoopReceipt(current, operatorLoopSnapshot)
+       return null
+     })
+   }, [operatorLoopSnapshot])
+
+   const syncFarDossierLink = React.useCallback((
+     targetId: number | null,
+     tab: FarDossierTab = FAR_CONTEXT_DETAIL_TABS.detail,
+     replace = false,
+   ) => {
+     setSearchParams(buildFarDossierSearchParams(searchParams, targetId, tab), { replace })
+   }, [searchParams, setSearchParams])
+
+   const openFarDossier = React.useCallback((
+     targetId: number,
+     tab: FarDossierTab = FAR_CONTEXT_DETAIL_TABS.detail,
+   ) => {
+     setSelectedDetailTab(tab)
+     setSelectedModeId(targetId)
+     syncFarDossierLink(targetId, tab)
+   }, [syncFarDossierLink])
+
+   const closeFarDossier = React.useCallback((replace = false) => {
+     lastDeepLinkedModeIdRef.current = null
+     setSelectedModeId(null)
+     setSelectedDetailTab(FAR_CONTEXT_DETAIL_TABS.detail)
+     syncFarDossierLink(null, FAR_CONTEXT_DETAIL_TABS.detail, replace)
+   }, [syncFarDossierLink])
+
+   const transitionFarLifecycleScope = React.useCallback((
+     nextScope: FarLifecycleScope,
+     preserveExplicitDossierLink = false,
+   ) => {
+     const transition = buildFarLifecycleWorkspaceTransition(nextScope, preserveExplicitDossierLink)
+     if (transition.applyLifecycleScope) setLifecycleScope(transition.lifecycleScope)
+     if (transition.clearSelection) {
+       setSelectedIds([])
+       gridRef.current?.api?.deselectAll?.()
+     }
+     if (transition.clearDossier) closeFarDossier(true)
+   }, [closeFarDossier])
+
+   const restoreFarLifecycleScope = React.useCallback((nextScope: FarLifecycleScope) => {
+     transitionFarLifecycleScope(nextScope, Boolean(idParam))
+   }, [idParam, transitionFarLifecycleScope])
+
+   // Queries
+   const { data: modes, isLoading: modesLoading, isError: modesError, error: modesQueryError } = useQuery({
+     queryKey: ['far', 'modes'], 
+     queryFn: () => fetchFarList('/api/v1/far/modes?include_deleted=true')
+   })
+   const activeModes = useMemo(
+     () => (modes || []).filter((mode: any) => !mode.is_deleted),
+     [modes],
+   )
+   const lifecycleModes = useMemo(
+     () => (modes || []).filter((mode: any) => lifecycleScope === 'archived' ? Boolean(mode.is_deleted) : !mode.is_deleted),
+     [lifecycleScope, modes],
+   )
+   const lifecycleCounts = useMemo(() => ({
+     active: (modes || []).filter((mode: any) => !mode.is_deleted).length,
+     archived: (modes || []).filter((mode: any) => Boolean(mode.is_deleted)).length,
+   }), [modes])
+   const deepLinkResolution = useMemo(() => resolveFarDeepLink(idParam, modes), [idParam, modes])
+   const deepLinkNotice = useMemo(() => getFarDeepLinkNotice(deepLinkResolution), [deepLinkResolution])
+   const restorationDossier = useMemo<FarRestorationDossierContext | null>(() => {
+     if (deepLinkResolution.kind !== 'resolved') return null
+     return {
+       targetId: deepLinkResolution.targetId,
+       lifecycleScope: deepLinkResolution.lifecycleScope,
+       title: String(deepLinkResolution.mode.title || ''),
+       tab: requestedDossierTab,
+     }
+   }, [deepLinkResolution, requestedDossierTab])
+   const farRegistryDiagnosticDetail = useMemo(
+     () => buildFarRegistryDiagnosticDetail(modesQueryError),
+     [modesQueryError],
+   )
+
+   useEffect(() => {
+     if (operatorLoopSession?.surface !== 'diagnostics' || modesError) return
+     closeFarOperatorSurface('diagnostics')
+   }, [closeFarOperatorSurface, modesError, operatorLoopSession?.surface])
+
+   useEffect(() => {
+     if (deepLinkResolution.kind !== 'resolved') {
+       if (deepLinkResolution.kind === 'invalid' || deepLinkResolution.kind === 'unavailable') {
+         lastDeepLinkedModeIdRef.current = null
+         setSelectedModeId(null)
+         setSelectedDetailTab(FAR_CONTEXT_DETAIL_TABS.detail)
+       } else if (deepLinkResolution.kind === 'absent' && lastDeepLinkedModeIdRef.current !== null) {
+         const previousDeepLinkId = lastDeepLinkedModeIdRef.current
+         lastDeepLinkedModeIdRef.current = null
+         setSelectedModeId((current) => current === previousDeepLinkId ? null : current)
+         setSelectedDetailTab(FAR_CONTEXT_DETAIL_TABS.detail)
+       }
+       return
+     }
+     const { targetId, lifecycleScope: targetLifecycleScope } = deepLinkResolution
+
+     lastDeepLinkedModeIdRef.current = targetId
+     setLifecycleScope(targetLifecycleScope)
+     setSelectedDetailTab(requestedDossierTab)
+     setSelectedModeId(targetId)
+   }, [deepLinkResolution, requestedDossierTab])
+
+   const { data: options } = useQuery({ queryKey: ['settings-options'], queryFn: async () => (await apiFetch('/api/v1/settings/options')).json() })
+   const availableSystems = useMemo(() => Array.from(new Set([
+     ...(options?.filter((o: any) => o.category === 'LogicalSystem').map((s: any) => String(s.value || '')).filter(Boolean) || []),
+     ...lifecycleModes.map((mode: any) => String(mode.system_name || '')).filter(Boolean),
+   ])).sort(), [lifecycleModes, options])
+   const availableFailureTypes = useMemo(() => Array.from(new Set([
+     ...FAILURE_TYPES.map((type) => type.value),
+     ...lifecycleModes.map((mode: any) => String(mode.failure_type || '')).filter(Boolean),
+   ])).sort(), [lifecycleModes])
+   const availableStatuses = useMemo(() => Array.from(new Set(
+     lifecycleModes.map((mode: any) => String(mode.status || '')).filter(Boolean)
+   )).sort(), [lifecycleModes])
+
+   const farDefaultWidthsRef = React.useRef<{
+     system_name: number
+     failure_type: number
+     title: number
+     created_by_user_id: number
+   } | null>(null)
+   if (!farDefaultWidthsRef.current && modes !== undefined) {
+     const loadedModes = activeModes
+     farDefaultWidthsRef.current = {
+       system_name: getOperationalContentAwareWidth({
+         headerName: 'System', values: loadedModes.map((mode: any) => mode.system_name), minWidth: 120, fallbackWidth: 132, maxDefaultWidth: 220,
+       }),
+       failure_type: getOperationalContentAwareWidth({
+         headerName: 'Type', values: loadedModes.map((mode: any) => mode.failure_type), minWidth: 96, fallbackWidth: 108, maxDefaultWidth: 160,
+       }),
+       title: getOperationalContentAwareWidth({
+         headerName: 'Failure Mode', values: loadedModes.map((mode: any) => mode.title), minWidth: 200, fallbackWidth: 260, maxDefaultWidth: 360,
+       }),
+       created_by_user_id: getOperationalContentAwareWidth({
+         headerName: 'Created By', values: loadedModes.map((mode: any) => mode.created_by_user_id || 'SYSTEM'), minWidth: 128, fallbackWidth: 136, maxDefaultWidth: 220,
+       }),
+     }
+   }
+   const farDefaultWidths = farDefaultWidthsRef.current || {
+     system_name: 132,
+     failure_type: 108,
+     title: 260,
+     created_by_user_id: 136,
+   }
+
+   const filteredModes = useMemo(
+     () => filterFarModes(lifecycleModes, searchTerm, quickFilters),
+     [lifecycleModes, quickFilters, searchTerm]
+   )
+   const operatorIntelligence = useFarOperatorIntelligence({
+     rows: filteredModes,
+     groupBy,
+     searchTerm,
+     quickFilters,
+     onOpenDetail: (mode) => {
+       if (!mode?.id) return
+       openFarDossier(Number(mode.id))
+     },
+     gridRef,
+   })
+   const displayedModes = operatorIntelligence.rows
+   const selectionScopeKey = operatorIntelligence.selectionScopeKey
+
+   const selectedMode = useMemo(() => modes?.find((m: any) => m.id === selectedModeId), [modes, selectedModeId])
+
+   const handleExportCSV = () => {
+     if (groupBy === 'raw' && gridRef.current?.api) {
+       gridRef.current.api.exportDataAsCsv({
+         fileName: `SysGrid_FAR_${new Date().toISOString().split('T')[0]}.csv`,
+         allColumns: false,
+         onlySelected: false,
+       })
+       return
+     }
+     const blob = new Blob([buildFarDelimitedText(filteredModes, ',')], { type: 'text/csv;charset=utf-8' })
+     const url = URL.createObjectURL(blob)
+     const link = document.createElement('a')
+     link.href = url
+     link.download = `SysGrid_FAR_${new Date().toISOString().split('T')[0]}.csv`
+     link.click()
+     URL.revokeObjectURL(url)
+   }
+
+   const handleExportRoundTrip = async () => {
+     const exportSession = beginFarOperatorSurface('round_trip_export')
+     try {
+       const result = await downloadOperationalImportFile({
+         tableName: FAR_IMPORT_PROFILE,
+         kind: 'snapshot',
+         expectedProfile: FAR_IMPORT_PROFILE,
+         requireSchemaHeaders: true,
+         fallbackFileName: 'SYSGRID_far_records_Snapshot.csv',
+         metadataContract: {
+           manifestEndpoint: `/api/v1/import/snapshot/${FAR_IMPORT_PROFILE}/manifest`,
+           expectedProfile: FAR_IMPORT_PROFILE,
+           expectedSchemaVersion: FAR_IMPORT_SCHEMA_VERSION,
+           expectedFilenamePattern: FAR_SNAPSHOT_FILENAME_PATTERN,
+           expectedContentType: 'text/csv',
+         },
+       })
+       toast.success(`FAR round-trip snapshot exported (${result.schemaVersion || FAR_IMPORT_SCHEMA_VERSION})`)
+     } catch (error) {
+       toast.error(error instanceof Error ? error.message : 'Unable to export FAR round-trip snapshot')
+     } finally {
+       const latest = operatorLoopSnapshotRef.current || exportSession.snapshot
+       lastOperatorLoopReceiptRef.current = buildFarOperatorLoopReceipt(exportSession, latest)
+       setOperatorLoopSession((current) => current === exportSession ? null : current)
+     }
+   }
+
+   const handleCopyToClipboard = () => {
+     let csvData = ''
+     if (groupBy === 'raw' && gridRef.current?.api) {
+       csvData = gridRef.current.api.getDataAsCsv?.({
+         allColumns: false,
+         onlySelected: true,
+         suppressQuotes: true,
+       }) || ''
+     } else {
+       const selected = new Set(selectedIds.map(Number))
+       csvData = buildFarDelimitedText(
+         (modes || []).filter((mode: any) => selected.has(Number(mode.id))),
+         '\t',
+       )
+     }
+     if (!csvData || selectedIds.length === 0) return
+     navigator.clipboard.writeText(csvData)
+       .then(() => toast.success('Selected failure vectors copied to clipboard'))
+       .catch(() => toast.error('Failed to copy selected failure vectors'))
+   }
+
+   const {
+     bulkMutation,
+     bulkOperationPreview,
+     requestBulkPreview,
+     setBulkOperationPreview,
+   } = useOperationalBulkWorkflow<any>({
+     selectedIds,
+     fieldLabels: {
+       severity: 'Severity',
+       occurrence: 'Occurrence',
+       detection: 'Detection',
+     },
+     selectionErrorMessage: 'Select at least one failure vector.',
+     previewErrorMessage: 'Unable to prepare the FAR bulk preview.',
+     executionErrorMessage: 'Unable to update the selected failure vectors.',
+     revertErrorMessage: 'Unable to revert the FAR bulk change.',
+     getSnapshots: (ids) => (modes || []).filter((mode: any) => ids.includes(Number(mode.id))),
+     previewRequest: async ({ action, ids, payload }) => {
+       if (action === 'update') {
+         return buildFarBulkScorePreview(ids, modes || [], payload)
+       }
+       if (!isFarLifecycleAction(action)) throw new Error('Unsupported FAR lifecycle action.')
+       const current = new Map((modes || []).map((mode: any) => [Number(mode.id), mode]))
+       const changedIds = ids.filter((id) => {
+         const mode = current.get(id)
+         if (!mode) return false
+         return action === 'restore' ? Boolean(mode.is_deleted) : !mode.is_deleted
+       })
+       const changed = new Set(changedIds)
+       const unchangedIds = ids.filter((id) => current.has(id) && !changed.has(id))
+       const missingIds = ids.filter((id) => !current.has(id))
+       return {
+         action,
+         selected_count: ids.length,
+         matched_count: changedIds.length + unchangedIds.length,
+         changed_count: changedIds.length,
+         unchanged_count: unchangedIds.length,
+         blocked_count: 0,
+         missing_count: missingIds.length,
+         changed_ids: changedIds,
+         unchanged_ids: unchangedIds,
+         missing_ids: missingIds,
+         blockers: [],
+         can_execute: changedIds.length > 0 && missingIds.length === 0,
+       }
+     },
+     executeRequest: async ({ action, ids, payload }) => {
+       operatorIntelligence.beginPending(ids)
+       try {
+         if (action === 'update') {
+           const request = buildFarBulkScoreRequest(ids, modes || [], payload)
+           const res = await apiFetch('/api/v1/far/modes/bulk-score', {
+             method: 'POST',
+             body: JSON.stringify(request),
+           })
+           if (!res.ok) throw new Error(await res.text())
+           const result = await res.json()
+           return {
+             ...result,
+             changed_count: Number(result?.changed_count || 0),
+             unchanged_count: Number(result?.unchanged_count || 0),
+             changed_ids: Array.isArray(result?.changed_ids) ? result.changed_ids.map(Number) : [],
+           }
+         }
+
+         if (!isFarLifecycleAction(action)) throw new Error('Unsupported FAR lifecycle action.')
+         const endpoint = getFarLifecycleEndpoint(action)
+         const request = buildFarLifecycleRequest(ids, modes || [], payload?.expected_versions)
+         const res = await apiFetch(endpoint, {
+           method: 'POST',
+           body: JSON.stringify(request),
+         })
+         if (!res.ok) throw new Error(await readFarMutationFailureMessage(res))
+         const result = await res.json()
+         const changedCount = Number(result?.changed_count ?? result?.count ?? 0)
+         return {
+           ...result,
+           changed_count: changedCount,
+           unchanged_count: Math.max(0, ids.length - changedCount),
+           changed_ids: Array.isArray(result?.changed_ids) ? result.changed_ids.map(Number) : [],
+         }
+       } finally {
+         operatorIntelligence.endPending(ids)
+       }
+     },
+     refresh: () => queryClient.invalidateQueries({ queryKey: ['far', 'modes'] }),
+     buildRevertRequest: ({ action, changedIds, changedSnapshots, payload, result }) => {
+       if (action === 'update') {
+         const revertPayload = buildFarBulkScoreRevertPayload(changedSnapshots, payload, result?.versions)
+         return revertPayload ? { action: 'update', ids: changedIds, payload: revertPayload } : null
+       }
+       if (action === 'archive' || action === 'restore') {
+         const revertPayload = buildFarLifecycleRevertPayload(changedIds, result?.versions)
+         return revertPayload
+           ? { action: getFarLifecycleRevertAction(action), ids: changedIds, payload: revertPayload }
+           : null
+       }
+       return null
+     },
+     onExecutionSuccess: () => {
+       setSelectedIds([])
+       gridRef.current?.api?.deselectAll?.()
+     },
+   })
+
+   // AgGrid Defs (High Density)
+   const columnDefs = useMemo(() => [
+     ...createOperationalUtilityColumns(operatorIntelligence.utilityColumnsConfig),
+     createOperationalGoldenTextColumn({
+       field: 'system_name',
+       headerName: 'System',
+       width: farDefaultWidths.system_name,
+       minWidth: 120,
+       filter: 'agTextColumnFilter',
+       tooltipField: 'system_name',
+       valueClassName: 'operational-grid-text font-bold text-rose-400 uppercase',
+       hide: hiddenColumns.includes('system_name'),
+     }),
+     createOperationalGoldenTextColumn({
+       field: 'failure_type',
+       headerName: 'Type',
+       width: farDefaultWidths.failure_type,
+       minWidth: 96,
+       filter: 'agTextColumnFilter',
+       tooltipField: 'failure_type',
+       valueClassName: 'operational-grid-text font-bold text-slate-400 uppercase',
+       hide: hiddenColumns.includes('failure_type'),
+     }),
+     createOperationalGoldenTextColumn({
+       field: 'title',
+       headerName: 'Failure Mode',
+       width: farDefaultWidths.title,
+       minWidth: 200,
+       filter: 'agTextColumnFilter',
+       tooltipField: 'title',
+       valueClassName: 'operational-grid-text font-bold uppercase text-white',
+       alignment: 'left',
+       hide: hiddenColumns.includes('title'),
+     }),
+     createOperationalMetricBadgeColumn({
+       field: 'severity', headerName: 'S', width: 72, minWidth: 68, fontSize,
+       resolveTone: (value) => value >= 8 ? 'critical' : value >= 5 ? 'warning' : 'healthy',
+       onActivate: () => setShowRpnHelp(true),
+       title: 'RPN Definition Matrix',
+       hide: hiddenColumns.includes('severity'),
+     }),
+     createOperationalMetricBadgeColumn({
+       field: 'occurrence', headerName: 'O', width: 72, minWidth: 68, fontSize,
+       resolveTone: (value) => value >= 7 ? 'critical' : value >= 4 ? 'warning' : 'healthy',
+       onActivate: () => setShowRpnHelp(true),
+       title: 'RPN Definition Matrix',
+       hide: hiddenColumns.includes('occurrence'),
+     }),
+     createOperationalMetricBadgeColumn({
+       field: 'detection', headerName: 'D', width: 72, minWidth: 68, fontSize,
+       resolveTone: (value) => value >= 7 ? 'critical' : value >= 4 ? 'warning' : 'healthy',
+       onActivate: () => setShowRpnHelp(true),
+       title: 'RPN Definition Matrix',
+       hide: hiddenColumns.includes('detection'),
+     }),
+     createOperationalMetricBadgeColumn({
+       field: 'rpn', headerName: 'RPN', width: 84, minWidth: 80, fontSize,
+       resolveTone: (value) => value >= 150 ? 'critical' : value >= 80 ? 'warning' : 'healthy',
+       onActivate: () => setShowRpnHelp(true),
+       title: 'RPN Definition Matrix',
+       hide: hiddenColumns.includes('rpn'),
+     }),
+     ...createFarAnalyticalColumns({
+       fontSize,
+       hiddenColumns,
+       onOpenMaturity: () => setShowMaturityHelp(true),
+       onOpenIncidents: (rcas) => setIncidentListModal({ show: true, rcas }),
+     }),
+     createOperationalGoldenTextColumn({
+       field: 'created_by_user_id',
+       headerName: 'Created By',
+       width: farDefaultWidths.created_by_user_id,
+       minWidth: 128,
+       filter: true,
+       emptyValue: 'SYSTEM',
+       tooltipValueGetter: (value) => String(value || 'SYSTEM'),
+       valueClassName: 'operational-grid-text font-bold text-blue-400 uppercase',
+       hide: hiddenColumns.includes('created_by_user_id'),
+     }),
+     createOperationalActionColumnDefinition({
+       width: OPERATIONAL_GRID_WIDTHS.standardAction,
+       renderActions: (row: any) => renderOperationalActionButtons([
+         <button key="detail" onClick={() => { if (!row?.id) return; openFarDossier(Number(row.id)) }} title="Matrix Detail" className="text-blue-400 hover:text-blue-200 transition-all"><Eye size={14}/></button>,
+         ...(row?.is_deleted ? [
+           <button
+             key="restore"
+             onClick={() => row?.id && requestBulkPreview({ action: 'restore', ids: [row.id] })}
+             title="Restore failure vector"
+             className="text-emerald-400 hover:text-emerald-200 transition-all"
+           ><Undo2 size={14}/></button>,
+         ] : [
+           <button
+             key="edit"
+             onClick={() => { if (!row?.id) return; setSelectedModeId(row.id); setShowWizard(true) }}
+             title="Edit Matrix"
+             className="text-amber-400 hover:text-amber-200 transition-all"
+           ><Edit2 size={14}/></button>,
+           <button
+             key="retire"
+             onClick={() => row?.id && requestBulkPreview({ action: 'archive', ids: [row.id] })}
+             title="Retire failure vector"
+             className="text-rose-400 hover:text-rose-200 transition-all"
+           ><Trash2 size={14}/></button>,
+         ]),
+       ]),
+     })
+   ], [farDefaultWidths, fontSize, hiddenColumns, openFarDossier, operatorIntelligence.utilityColumnsConfig, requestBulkPreview]) as any
+
+   // Advanced Metrics Calculation
+   const metrics = useMemo(() => {
+     const activeModes = filteredModes || []
+     const totalRPN = activeModes.reduce((acc: number, m: any) => acc + (m.rpn || 0), 0)
+     const avgRPN = activeModes.length ? totalRPN / activeModes.length : 0
+     const sri = Math.max(0, Math.round(100 * (1 - avgRPN / 500))) 
+     
+     const maturityDist = activeModes.reduce((acc: any, mode: any) => {
+       const lv = getFarMaturityLevel(mode);
+       acc[lv] = (acc[lv] || 0) + 1;
+       return acc;
+     }, {} as Record<number, number>);
+
+     const mitigated = activeModes.filter((m: any) => (m.mitigations?.length || 0) > 0).length
+     const mitRatio = activeModes.length ? Math.round((mitigated / activeModes.length) * 100) : 0
+     const totalAssets = activeModes.reduce((acc: number, m: any) => acc + (m.affected_assets?.length || 0), 0)
+     const riskDensity = totalAssets ? (totalRPN / totalAssets).toFixed(1) : '0.0'
+     return { sri, mitRatio, riskDensity, avgRPN: Math.round(avgRPN), maturityDist }
+   }, [filteredModes])
+
+   const goldenWorkspace = useFARGoldenWorkspaceControls({
+     gridRef,
+     modes: lifecycleModes,
+     selectedIds: lifecycleScope === 'active' ? selectedIds : [],
+     readOnly: lifecycleScope === 'archived',
+     lifecycleScope,
+     restorationDossier,
+     onLifecycleScopeChange: restoreFarLifecycleScope,
+     fontSize,
+     setFontSize,
+     rowDensity,
+     setRowDensity,
+     hiddenColumns,
+     setHiddenColumns,
+     searchTerm,
+     setSearchTerm,
+     groupBy,
+     setGroupBy,
+     quickFilters,
+     setQuickFilters,
+     showFilterBar,
+     setShowFilterBar,
+     showInsights,
+     setShowInsights,
+     columnDefs,
+     onExport: handleExportCSV,
+     onRoundTripExport: handleExportRoundTrip,
+     onCopySelected: handleCopyToClipboard,
+     onImport: () => openFarOperatorSurface('import'),
+     onRetireSelected: (ids) => requestBulkPreview(ids?.length ? { action: 'archive', ids } : { action: 'archive' }),
+     onBulkScoreSelected: (field: FarBulkScoreField, value: number) => requestBulkPreview({
+       action: 'update',
+       payload: { [field]: value },
+     }),
+     onAdd: () => { setSelectedModeId(null); setShowWizard(true) },
+     onSettings: () => setShowConfig(true),
+     onRpnHelp: () => setShowRpnHelp(true),
+     onOpenDetailTab: (id, tab) => openFarDossier(id, tab),
+     onOpenIncidents: (rcas) => setIncidentListModal({ show: true, rcas }),
+     onEdit: (id) => { setSelectedModeId(id); setShowWizard(true) },
+   })
+
+   useEffect(() => {
+     if (!goldenWorkspace.workingStateReady || deepLinkResolution.kind !== 'resolved' || !gridRef.current?.api) return
+     const targetId = deepLinkResolution.targetId
+     requestAnimationFrame(() => {
+       gridRef.current?.api?.forEachNode?.((node: any) => {
+         if (Number(node?.data?.id) !== targetId) return
+         node.setSelected?.(true)
+         gridRef.current?.api?.ensureNodeVisible?.(node, 'middle')
+       })
+     })
+   }, [deepLinkResolution, goldenWorkspace.workingStateReady])
+
+   return (
+     <OperationalWorkspaceShell
+       archetype="analytical"
+       workspace="far"
+       floatingPanels={goldenWorkspace.floatingPanels}
+       header={{
+         eyebrow: 'Analysis',
+         title: (
+           <div className="flex items-center gap-3">
+             <Target size={22} className="text-rose-500" />
+             <span>Failure Matrix</span>
+           </div>
+         ),
+         subtitle: 'Reliability Knowledge Engine // FMEA Studio',
+         actions: (
+           <div className="flex items-center gap-2">
+             {modesError && (
+               <DataStatusPill
+                 status="error"
+                 errorDetail={farRegistryDiagnosticDetail}
+                 onClick={() => openFarOperatorSurface('diagnostics')}
+               />
+             )}
+             <HeaderScopeSwitch
+               label="Registry Scope"
+               summary={`${lifecycleCounts.active} active · ${lifecycleCounts.archived} archived`}
+               value={lifecycleScope}
+               onChange={(next) => transitionFarLifecycleScope(next as FarLifecycleScope)}
+               options={[
+                 { label: 'Active', value: 'active' },
+                 { label: 'Archived', value: 'archived' },
+               ]}
+             />
+           </div>
+         ),
+       }}
+       toolbarSearch={(
+         <ToolbarSearch value={searchTerm} onChange={(event) => setSearchTerm(event.target.value)} placeholder="Scan risk vectors..." />
+       )}
+       toolbarControls={(
+         <>
+           {goldenWorkspace.toolbarControls}
+           {lifecycleScope === 'archived' && selectedIds.length > 0 && (
+             <ToolbarGroup>
+               <ToolbarButton
+                 onClick={() => requestBulkPreview({ action: 'restore' })}
+                 title="Restore selected archived failure vectors"
+               >
+                 <Undo2 size={14} /> Restore ({selectedIds.length})
+               </ToolbarButton>
+             </ToolbarGroup>
+           )}
+           <ToolbarGroup>
+             <ToolbarButton
+               active={operatorIntelligence.isIntelligenceExpanded}
+               onClick={() => operatorIntelligence.setIsIntelligenceExpanded((current) => !current)}
+               title={operatorIntelligence.isIntelligenceExpanded ? 'Hide activity columns' : 'Show activity columns'}
+             >
+               <Activity size={14} /> Signals
+             </ToolbarButton>
+           </ToolbarGroup>
+         </>
+       )}
+       toolbarActions={(
+         goldenWorkspace.toolbarActions
+       )}
+       filterChips={goldenWorkspace.filterChips}
+       secondaryToolbar={showFilterBar ? (
+         <FARFilterBar
+           quickFilters={quickFilters}
+           setQuickFilters={setQuickFilters}
+           systems={availableSystems}
+           failureTypes={availableFailureTypes}
+           statuses={availableStatuses}
+         />
+       ) : null}
+     >
+       <AnimatePresence>
+         {showStyleLab && (
+           <motion.div initial={{ height: 0, opacity: 0 }} animate={{ height: 'auto', opacity: 1 }} exit={{ height: 0, opacity: 0 }} className="shrink-0 overflow-hidden">
+             <div className="bg-rose-600/10 border border-rose-500/20 rounded-lg p-4 flex items-center justify-between backdrop-blur-md">
+                <div className="flex items-center space-x-12">
+                   <div className="flex items-center space-x-3">
+                      <Activity size={16} className="text-rose-400" />
+                      <span className="text-[10px] font-bold uppercase tracking-widest text-rose-400">Display Density</span>
+                   </div>
+                   <div className="flex items-center space-x-6">
+                      <div className="flex items-center space-x-4"><span className="text-[9px] font-bold text-slate-500 uppercase">Font Size</span><div className="flex items-center space-x-2"><input type="range" min="8" max="14" step="1" value={fontSize} onChange={e => setFontSize(Number(e.target.value))} className="w-32 accent-rose-500 h-1.5 bg-slate-800 rounded-lg appearance-none cursor-pointer"/><span className="text-[10px] text-white w-4 font-bold">{fontSize}px</span></div></div>
+                      <div className="flex items-center space-x-4 border-l border-white/10 pl-6"><span className="text-[9px] font-bold text-slate-500 uppercase">Row Density</span><div className="flex items-center space-x-2"><input type="range" min="4" max="24" step="2" value={rowDensity} onChange={e => setRowDensity(Number(e.target.value))} className="w-32 accent-rose-500 h-1.5 bg-slate-800 rounded-lg appearance-none cursor-pointer"/><span className="text-[10px] text-white w-4 font-bold">{rowDensity}px</span></div></div>
+                   </div>
+                </div>
+                <button onClick={() => setShowStyleLab(false)} className="text-slate-500 hover:text-white transition-colors"><X size={16}/></button>
+             </div>
+           </motion.div>
+         )}
+       </AnimatePresence>
+
+       <AnimatePresence>
+         {showInsights && (
+           <motion.div initial={{ height: 0, opacity: 0 }} animate={{ height: 'auto', opacity: 1 }} exit={{ height: 0, opacity: 0 }} className="shrink-0 overflow-hidden">
+             <div className="glass-panel rounded-lg border border-white/5 bg-[#0a0c14]/40 p-4 space-y-4">
+               <div className="flex flex-wrap justify-center gap-4">
+                 <StatCard id="SRI" label="Reliability Index" value={metrics.sri} suffix="/100" color={metrics.sri > 70 ? "emerald" : "rose"} onHelp={() => setActiveMetricHelp("SRI")} />
+                 <StatCard id="RiskDensity" label="Risk Density" value={metrics.riskDensity} suffix="RPN/ASSET" color="amber" onHelp={() => setActiveMetricHelp("RiskDensity")} />
+                 <StatCard id="MitigationRatio" label="Mitigation Ratio" value={metrics.mitRatio} suffix="%" color="sky" onHelp={() => setActiveMetricHelp("MitigationRatio")} />
+                 <StatCard id="AvgSeverity" label="Avg Severity" value={metrics.avgRPN} suffix="AVG RPN" color="rose" onHelp={() => setActiveMetricHelp("AvgSeverity")} />
+               </div>
+               <div className="flex items-center justify-between rounded-lg border border-white/5 bg-white/[0.02] px-4 py-2">
+                 <div className="flex items-center gap-2">
+                   <ShieldAlert size={14} className="text-rose-500" />
+                   <h3 className="text-[10px] font-bold uppercase tracking-widest text-white">Failure Inventory Maturity Profile</h3>
+                 </div>
+                 <div className="flex items-center gap-3">
+                   <div className="flex items-end gap-1 h-8">
+                     {FAR_MATURITY_LEVELS.slice().reverse().map((ml: any) => {
+                       const count = (metrics as any).maturityDist[ml.lv] || 0
+                       const pct = filteredModes?.length ? (count / filteredModes.length) * 100 : 0
+                       return (
+                         <div key={ml.lv} className="w-4 h-full relative group cursor-help">
+                           <div className={`w-full rounded-lg transition-all ${ml.color} ${count === 0 ? 'opacity-5' : 'opacity-40 group-hover:opacity-100'}`} style={{ height: `${Math.max(10, pct)}%` }} />
+                           <div className="absolute -top-8 left-1/2 -translate-x-1/2 opacity-0 group-hover:opacity-100 transition-opacity pointer-events-none z-[100] whitespace-nowrap bg-black border border-white/10 px-2 py-1 rounded-lg text-[8px] font-bold uppercase tracking-widest">
+                             {ml.label}: {count}
+                           </div>
+                         </div>
+                       )
+                     })}
+                   </div>
+                   <div className="w-px h-4 bg-white/10 mx-2" />
+                   <button onClick={() => setShowMaturityHelp(true)} className="p-1 text-slate-500 hover:text-white transition-colors" title="Maturity Level Definitions"><HelpCircle size={14} /></button>
+                 </div>
+               </div>
+             </div>
+           </motion.div>
+         )}
+       </AnimatePresence>
+
+       {goldenWorkspace.activityPanel}
+       {goldenWorkspace.compareModal}
+
+       <div className="relative flex min-h-0 flex-1 flex-col">
+         <FAROperationalGridView
+           gridRef={gridRef}
+           rows={displayedModes}
+           groupBy={groupBy}
+           selectionScopeKey={selectionScopeKey}
+           selectedIds={selectedIds}
+           setSelectedIds={setSelectedIds}
+           columnDefs={columnDefs as any}
+           runtime={goldenWorkspace.gridRuntime}
+           rowInteractions={operatorIntelligence.rowInteractions}
+           contextMenu={lifecycleScope === 'active' ? goldenWorkspace.contextMenu : undefined}
+           gridContext={operatorIntelligence.gridContext}
+           getRowClass={operatorIntelligence.getRowClass}
+           fontSize={fontSize}
+           rowDensity={rowDensity}
+           loading={modesLoading || !goldenWorkspace.workingStateReady}
+           loadingIcon={<RefreshCcw size={28} className="animate-spin text-rose-400" />}
+           loadingLabel={<p className="text-[10px] font-semibold text-rose-300">Loading failure analysis registry...</p>}
+           dataState={getFarGridDataState({
+             modesError,
+             modesLoading,
+             filteredModeCount: filteredModes.length,
+             lifecycleScope,
+             deepLinkNotice,
+           })}
+         />
+         <AnimatePresence>
+           {showColumnPicker && (
+             <motion.div initial={{ opacity: 0, x: 20 }} animate={{ opacity: 1, x: 0 }} exit={{ opacity: 0, x: 20 }} className="absolute top-0 right-0 bottom-0 w-64 bg-slate-950/90 backdrop-blur-xl border-l border-white/10 z-[60] flex flex-col shadow-2xl">
+               <div className="p-6 border-b border-white/5 flex items-center justify-between"><h3 className="text-xs font-bold uppercase tracking-widest text-rose-400 flex items-center space-x-2"><Sliders size={14} /> <span>Columns</span></h3><button onClick={() => setShowColumnPicker(false)} className="text-slate-500 hover:text-white"><X size={18}/></button></div>
+               <div className="flex-1 overflow-y-auto custom-scrollbar p-4 space-y-1">
+                 {columnDefs.filter((c: any) => (c.field || c.colId) && !c.lockVisible).map((col: any) => (
+                   <label key={col.field || col.colId} className="flex items-center space-x-3 p-2 rounded-lg hover:bg-white/5 cursor-pointer group transition-all">
+                     <input type="checkbox" checked={!hiddenColumns.includes(col.field || col.colId)} onChange={() => setHiddenColumns(prev => prev.includes(col.field || col.colId) ? prev.filter(f => f !== (col.field || col.colId)) : [...prev, col.field || col.colId])} className="sr-only" />
+                     <div className={`w-4 h-4 rounded-lg border transition-all ${!hiddenColumns.includes(col.field || col.colId) ? 'bg-rose-600 border-rose-500 shadow-lg shadow-rose-500/20' : 'border-white/10 bg-black/40 group-hover:border-white/20'}`}>{!hiddenColumns.includes(col.field || col.colId) && <Check size={12} className="text-white mx-auto" />}</div>
+                     <span className={`text-[10px] font-bold uppercase tracking-widest ${!hiddenColumns.includes(col.field || col.colId) ? 'text-slate-200' : 'text-slate-500'}`}>{col.headerName || col.field || col.colId}</span>
+                   </label>
+                 ))}
+               </div>
+             </motion.div>
+           )}
+         </AnimatePresence>
+       </div>
+
+       <AnimatePresence>
+           {selectedModeId && selectedMode && (
+             <FailureDetailView
+               mode={selectedMode}
+               initialTab={selectedDetailTab}
+               onTabChange={(tab) => {
+                 setSelectedDetailTab(tab)
+                 syncFarDossierLink(Number(selectedMode.id), tab)
+               }}
+               onClose={() => closeFarDossier()}
+               onUpdate={(type: string) => {
+                 if (type === 'edit') {
+                   setShowWizard(true);
+                 } else {
+                   queryClient.invalidateQueries({ queryKey: ['far', 'modes'] });
+                 }
+               }}
+               onRestore={() => {
+                 closeFarDossier(true)
+                 requestBulkPreview({ action: 'restore', ids: [Number(selectedMode.id)] })
+               }}
+               setBkmGuidanceModal={setBkmGuidanceModal}
+               setResolutionManagerModal={setResolutionManagerModal}
+             />
+           )}
+       </AnimatePresence>
+
+       <AnimatePresence>
+         {incidentListModal.show && (
+           <div className="fixed inset-0 z-[300] flex items-center justify-center bg-black/80 backdrop-blur-md p-10">
+             <motion.div initial={{ scale: 0.9, opacity: 0 }} animate={{ scale: 1, opacity: 1 }} className="glass-panel w-full max-w-4xl p-8 rounded-lg border border-purple-500/30 space-y-6 flex flex-col max-h-[90vh]">
+               <div className="flex items-center justify-between border-b border-white/5 pb-4">
+                 <h2 className="text-xl font-bold uppercase tracking-tighter text-purple-400 flex items-center space-x-3">
+                    <ShieldAlert size={24}/> <span>Linked Incident Forensic Registry</span>
+                 </h2>
+                 <button onClick={() => setIncidentListModal({ show: false, rcas: [] })} className="text-slate-500 hover:text-white transition-colors"><X size={24}/></button>
+               </div>
+               
+               <div className="flex-1 overflow-y-auto custom-scrollbar">
+                 <table className="w-full text-left border-collapse">
+                    <thead className="sticky top-0 bg-slate-900 border-b border-white/10 z-10">
+                       <tr className="text-[10px] font-bold uppercase tracking-widest text-slate-500">
+                          <th className="py-3 px-4 w-12 text-center text-blue-400">#</th>
+                          <th className="py-3 px-4 w-16">ID</th>
+                          <th className="py-3 px-4">Incident Title</th>
+                          <th className="py-3 px-4 w-40">Occurrence Datetime</th>
+                          <th className="py-3 px-4 w-32">Lead Owner</th>
+                          <th className="py-3 px-4 w-24 text-center">Status</th>
+                       </tr>
+                    </thead>
+                    <tbody className="divide-y divide-white/5">
+                       {incidentListModal.rcas.map((r: any, idx: number) => (
+                         <tr 
+                           key={r.id}
+                           onClick={() => {
+                             setSelectedRcaDetail(r);
+                             setIncidentListModal({ show: false, rcas: [] });
+                           }}
+                           className="group cursor-pointer hover:bg-purple-500/5 transition-colors"
+                         >
+                           <td className="py-4 px-4 text-center text-[10px] font-bold text-slate-600 group-hover:text-blue-400">{idx + 1}</td>
+                           <td className="py-4 px-4 text-[10px] font-bold text-slate-500 uppercase tracking-tighter">RCA-{r.id}</td>
+                           <td className="py-4 px-4">
+                              <div className="text-[11px] font-bold text-slate-200 uppercase group-hover:text-white transition-colors leading-tight">{r.title}</div>
+                           </td>
+                           <td className="py-4 px-4 text-[10px] font-bold text-slate-400 uppercase tracking-tight">
+                              {r.occurrence_at ? formatAppDate(r.occurrence_at, {month:'short', day:'numeric', hour:'2-digit', minute:'2-digit'}) : 'N/A'}
+                           </td>
+                           <td className="py-4 px-4">
+                              <div className="text-[10px] font-bold text-blue-400/70 group-hover:text-blue-400 uppercase tracking-widest truncate max-w-[120px]">
+                                 {r.owners?.[0] || r.owner || 'N/A'}
+                              </div>
+                           </td>
+                           <td className="py-4 px-4">
+                              <div className="flex justify-center">
+                                 <span className={`text-[9px] font-bold uppercase px-2 py-0.5 rounded-lg border ${
+                                    r.status === 'RESOLVED' || r.status === 'CLOSED' ? 'text-emerald-400 border-emerald-500/30 bg-emerald-500/10' : 'text-purple-400 border-purple-500/30 bg-purple-500/10'
+                                 }`}>{r.status}</span>
+                              </div>
+                           </td>
+                         </tr>
+                       ))}
+                    </tbody>
+                 </table>
+               </div>
+               <button onClick={() => setIncidentListModal({ show: false, rcas: [] })} className="w-full py-3.5 bg-white/5 border border-white/10 text-slate-400 hover:text-white hover:bg-white/10 rounded-lg text-[10px] font-bold uppercase tracking-[0.2em] transition-all">Dismiss Registry View</button>
+             </motion.div>
+           </div>
+         )}
+       </AnimatePresence>
+
+       <AnimatePresence>
+         {selectedRcaDetail && (
+           <EnhancedRcaDetails 
+             item={selectedRcaDetail} 
+             devices={[]} // We can pass an empty array or fetch devices if needed
+             options={options}
+             failureModes={modes}
+             onClose={() => setSelectedRcaDetail(null)} 
+             onSave={() => {
+               setSelectedRcaDetail(null);
+               queryClient.invalidateQueries({ queryKey: ['far', 'modes'] });
+             }}
+             fontSize={fontSize}
+             rowDensity={rowDensity}
+           />
+         )}
+       </AnimatePresence>
+
+       <AnimatePresence>
+         {showMaturityHelp && (
+           <div className="fixed inset-0 z-[200] flex items-center justify-center bg-black/80 backdrop-blur-md p-10">
+              <motion.div initial={{ scale: 0.9, opacity: 0 }} animate={{ scale: 1, opacity: 1 }} className="glass-panel w-full max-w-2xl rounded-lg border border-white/10 bg-slate-900 overflow-hidden shadow-2xl">
+                 <div className="p-8 border-b border-white/5 flex items-center justify-between">
+                    <h2 className="text-xl font-bold uppercase tracking-widest text-white ">Maturity Matrix Glossary</h2>
+                    <button onClick={() => setShowMaturityHelp(false)} className="text-slate-500 hover:text-white transition-colors"><X size={24}/></button>
+                 </div>
+                 <div className="p-4 space-y-2 max-h-[70vh] overflow-y-auto custom-scrollbar">
+                    <table className="w-full text-xs">
+                       <thead className="bg-white/5 border-b border-white/5">
+                          <tr>
+                             <th className="px-4 py-2 text-center font-bold uppercase tracking-widest text-slate-500">Lv</th>
+                             <th className="px-4 py-2 text-left font-bold uppercase tracking-widest text-slate-500">Status Title</th>
+                             <th className="px-4 py-2 text-left font-bold uppercase tracking-widest text-slate-500">Architecture Definition</th>
+                          </tr>
+                       </thead>
+                       <tbody className="divide-y divide-white/5">
+                          {[...FAR_MATURITY_LEVELS].reverse().map(ml => (
+                            <tr key={ml.lv} className="hover:bg-white/5 transition-colors">
+                               <td className="px-4 py-3 text-center"><span className={`px-2 py-1 rounded-lg font-bold text-white shadow-lg ${ml.color}`}>{ml.lv}</span></td>
+                               <td className="px-4 py-3 font-bold text-white uppercase ">{ml.label}</td>
+                               <td className="px-4 py-3 text-slate-400 font-bold tracking-tight">{ml.tooltip}</td>
+                            </tr>
+                          ))}
+                       </tbody>
+                    </table>
+                 </div>
+              </motion.div>
+           </div>
+         )}
+
+         {showRpnHelp && (
+           <RpnDefinitionModal onClose={() => setShowRpnHelp(false)} />
+         )}
+       </AnimatePresence>
+
+       <MetricHelpModal metric={activeMetricHelp} onClose={() => setActiveMetricHelp(null)} />
+
+       <DataDiagnosticModal
+         isOpen={operatorLoopSession?.surface === 'diagnostics'}
+         onClose={() => closeFarOperatorSurface('diagnostics')}
+         errorDetail={farRegistryDiagnosticDetail}
+       />
+
+       <ConfigRegistryModal isOpen={showConfig} onClose={() => setShowConfig(false)} title="Reliability Matrix Registry" sections={[{ title: "Systems", category: "LogicalSystem", icon: LayoutGrid }, { title: "Risk Cats", category: "RiskCategory", icon: Target }, { title: "Teams", category: "BusinessUnit", icon: User }]} />
+       <OperationalImportModal
+         isOpen={operatorLoopSession?.surface === 'import'}
+         onClose={() => closeFarOperatorSurface('import')}
+         tableName={FAR_IMPORT_PROFILE}
+         displayName="Failure Modes & Risk Matrix"
+       />
+
+       <FARAuthoringModal
+         isOpen={showWizard}
+         initialData={selectedMode}
+         onClose={() => setShowWizard(false)}
+         onComplete={() => {
+           setShowWizard(false)
+           queryClient.invalidateQueries({ queryKey: ['far', 'modes'] })
+         }}
+       />
+
+       <OperationalBulkPreviewModal
+         isOpen={Boolean(bulkOperationPreview)}
+         workspaceLabel="FAR"
+         actionLabel={
+           bulkOperationPreview?.action === 'update'
+             ? bulkOperationPreview.actionLabel
+             : bulkOperationPreview?.action === 'restore'
+               ? 'Restore failure vectors'
+               : 'Retire failure vectors'
+         }
+         preview={bulkOperationPreview?.preview || null}
+         previewBasis="workspace-snapshot"
+         result={bulkOperationPreview?.result || null}
+         isExecuting={bulkMutation.isPending}
+         onClose={() => setBulkOperationPreview(null)}
+         onConfirm={() => bulkOperationPreview && bulkMutation.mutate({
+           action: bulkOperationPreview.action,
+           ids: bulkOperationPreview.ids,
+           payload: bulkOperationPreview.payload,
+         })}
+       />
+
+       <AnimatePresence>
+         {bkmGuidanceModal.show && bkmGuidanceModal.cause && (
+           <BkmGuidanceModal 
+             cause={bkmGuidanceModal.cause} 
+             onClose={() => setBkmGuidanceModal({ show: false, cause: null })} 
+           />
+         )}
+       </AnimatePresence>
+
+       <AnimatePresence>
+         {resolutionManagerModal.show && resolutionManagerModal.cause && (
+           <ResolutionManagerModal 
+             isOpen={resolutionManagerModal.show}
+             cause={resolutionManagerModal.cause}
+             modeId={selectedModeId}
+             modeVersion={selectedMode?.version}
+             onClose={() => setResolutionManagerModal({ show: false, cause: null })}
+             onSave={() => queryClient.invalidateQueries({ queryKey: ['far', 'modes'] })}
+           />
+         )}
+       </AnimatePresence>
+     </OperationalWorkspaceShell>
+   )
+ }
+
+ function BkmGuidanceModal({ cause, onClose }: { cause: any, onClose: () => void }) {
+   const navigate = useNavigate()
+   return (
+     <div className="fixed inset-0 z-[300] flex items-center justify-center bg-black/80 backdrop-blur-md p-6">
+       <motion.div initial={{ scale: 0.9, opacity: 0 }} animate={{ scale: 1, opacity: 1 }} className="glass-panel w-full max-w-4xl p-8 rounded-lg border border-emerald-500/30 space-y-6 flex flex-col max-h-[85vh] shadow-[0_0_50px_rgba(16,185,129,0.1)]">
+         <div className="flex items-center justify-between border-b border-white/5 pb-6">
+           <div className="flex items-center gap-4">
+              <div className="p-3 bg-emerald-500/10 rounded-lg border border-emerald-500/20 text-emerald-400">
+                 <ShieldCheck size={28}/>
+              </div>
+              <div>
+                 <h2 className="text-2xl font-black uppercase tracking-tighter text-emerald-400 flex items-center space-x-3">
+                    <span>Operational Guidance Registry</span>
+                 </h2>
+                 <p className="text-[10px] font-bold text-slate-500 uppercase tracking-[0.2em] mt-1">Forensic Lineage // {cause.cause_text}</p>
+              </div>
+           </div>
+           <button onClick={onClose} className="p-2 bg-white/5 hover:bg-white/10 rounded-lg text-slate-500 hover:text-white transition-all"><X size={24}/></button>
+         </div>
+         
+         <div className="flex-1 overflow-y-auto custom-scrollbar pr-2">
+           <div className="space-y-4">
+             {(cause.resolutions || []).map((res: any, idx: number) => (
+               <div key={res.id} className="bg-white/5 border border-white/5 rounded-lg overflow-hidden group hover:border-emerald-500/30 transition-all shadow-xl">
+                  <div className="px-6 py-4 bg-white/[0.02] border-b border-white/5 flex items-center justify-between">
+                     <div className="flex items-center gap-4">
+                        <span className="text-xl font-black text-slate-700">{idx + 1}</span>
+                        <div>
+                           <p className="text-[11px] font-black text-emerald-400 uppercase tracking-widest leading-none">
+                              {res.knowledge_bkm?.title || 'UNNAMED_BKM_ARTIFACT'}
+                           </p>
+                           <div className="flex items-center gap-3 mt-1.5">
+                              <div className="flex items-center gap-1.5">
+                                 <Clock size={10} className="text-slate-500" />
+                                 <span className="text-[9px] font-bold text-slate-500 uppercase tracking-tight">
+                                    Logged {formatAppDate(res.created_at)}
+                                 </span>
+                              </div>
+                              <div className="w-px h-2 bg-white/10" />
+                              <div className="flex items-center gap-1.5">
+                                 <User size={10} className="text-slate-500" />
+                                 <span className="text-[9px] font-bold text-slate-500 uppercase tracking-tight">
+                                    {res.responsible_team || 'SYSTEM_OPS'}
+                                 </span>
+                              </div>
+                           </div>
+                        </div>
+                     </div>
+                     <button 
+                       onClick={() => navigate(`/knowledge?id=${res.knowledge_id}`)}
+                       className="flex items-center gap-2 px-4 py-2 bg-emerald-600/10 border border-emerald-500/20 rounded-lg text-[10px] font-black text-emerald-400 uppercase tracking-widest hover:bg-emerald-600 hover:text-white transition-all shadow-lg group-hover:scale-105"
+                     >
+                        <Zap size={12} />
+                        Jump to BKM
+                     </button>
+                  </div>
+                  <div className="p-6 space-y-4">
+                     <div className="space-y-2">
+                        <p className="text-[9px] font-black text-slate-500 uppercase tracking-widest leading-none">Operational Context & Guidance</p>
+                        <div className="bg-black/40 border border-white/5 rounded-lg p-4 text-[13px] text-slate-300 font-bold uppercase leading-relaxed tracking-tight shadow-inner">
+                           {res.guidance_notes || res.preventive_follow_up || 'NO OPERATIONAL GUIDANCE PROVIDED FOR THIS RESOLUTION VECTOR.'}
+                        </div>
+                     </div>
+                  </div>
+               </div>
+             ))}
+             {(!cause.resolutions || cause.resolutions.length === 0) && (
+               <div className="py-20 flex flex-col items-center justify-center opacity-20 space-y-4">
+                  <Shield size={48} className="text-slate-500" />
+                  <WorkspaceEmptyState title="No guidance protocols found" description="No standard operating procedures are linked." />
+               </div>
+             )}
+           </div>
+         </div>
+
+         <div className="pt-4">
+            <button onClick={onClose} className="w-full py-4 bg-white/5 border border-white/10 text-slate-400 hover:text-white hover:bg-white/10 rounded-lg text-[10px] font-black uppercase tracking-[0.2em] transition-all">Dismiss Guidance Registry</button>
+         </div>
+       </motion.div>
+     </div>
+   )
+ }
+
+ function StatCard({ id, label, value, suffix, color, onHelp }: any) {
+   const bgColors: any = { emerald: 'bg-emerald-500/5', rose: 'bg-rose-500/5', amber: 'bg-amber-500/5', sky: 'bg-sky-500/5' }
+   const textColors: any = { emerald: 'text-emerald-400', rose: 'text-rose-400', amber: 'text-amber-400', sky: 'text-sky-400' }
+   return (
+     <div className={`glass-panel p-4 rounded-lg border-white/5 ${bgColors[color]} flex flex-col justify-between group overflow-hidden relative min-h-[90px] w-64`}>
+       <div className="flex items-center justify-between relative z-10">
+          <p className="text-xs font-bold uppercase tracking-widest text-slate-500">{label}</p>
+          <button onClick={onHelp} className="p-1 text-slate-600 hover:text-white transition-colors"><HelpCircle size={12}/></button>
+       </div>
+       <div className="flex items-baseline gap-1 relative z-10 leading-none mt-2">
+          <h4 className={`text-2xl font-bold tracking-tighter  ${textColors[color]}`}>{value}</h4>
+          <span className="text-[9px] font-bold text-slate-600 uppercase  tracking-tighter">{suffix}</span>
+       </div>
+     </div>
+   )
+ }
+
+ function FailureDetailView({ mode, initialTab, onTabChange, onClose, onUpdate, onRestore, setBkmGuidanceModal, setResolutionManagerModal }: { mode: any, initialTab: FarDossierTab, onTabChange: (tab: FarDossierTab) => void, onClose: () => void, onUpdate: (type: string) => void, onRestore: () => void, setBkmGuidanceModal: any, setResolutionManagerModal: any }) {
+   const [activeTab, setActiveTab] = useState<FarDossierTab>(initialTab)
+   const [showAllAssets, setShowAllAssets] = useState(false)
+   const queryClient = useQueryClient()
+
+   useEffect(() => {
+     setActiveTab(initialTab)
+   }, [initialTab, mode.id])
+   
+   const { data: allModes } = useQuery({ 
+     queryKey: ['far', 'modes'], 
+     queryFn: async () => (await apiFetch('/api/v1/far/modes?include_deleted=true')).json()
+   })
+
+   const systemRank = useMemo(() => {
+     if (!allModes) return 0;
+     const sameSystem = allModes
+       .filter((m: any) => m.system_name === mode.system_name && Boolean(m.is_deleted) === Boolean(mode.is_deleted))
+       .sort((a: any, b: any) => b.rpn - a.rpn);
+     return sameSystem.findIndex((m: any) => m.id === mode.id) + 1;
+   }, [allModes, mode.id, mode.system_name]);
+
+   const humanSummary = useMemo(() => {
+     if (mode.rpn > 150) return "This is a high-criticality risk with significant operational exposure. Immediate mitigation is prioritized.";
+     if (mode.rpn > 80) return "This failure mode represents a moderate operational risk. Standard monitoring is recommended.";
+     return "This is a low-impact failure mode with established containment vectors.";
+   }, [mode.rpn]);
+
+   return (
+     <FARDossierShell
+       mode={mode}
+       systemRank={systemRank}
+       humanSummary={humanSummary}
+       onClose={onClose}
+       onEdit={() => onUpdate('edit')}
+       onRestore={onRestore}
+     >
+          {/* HEADER SECTION */}
+          <div className="px-8 py-6 border-b border-white/5 bg-white/[0.02] flex flex-col shrink-0 relative overflow-hidden">
+             <div className="absolute top-0 right-0 w-96 h-96 bg-rose-600/5 blur-[100px] -translate-y-1/2 translate-x-1/2 pointer-events-none" />
+             
+             <div className="flex items-start justify-between relative z-10">
+               <div className="space-y-3 flex-1">
+                   <div className="flex items-center gap-3">
+                       <div className="px-2 py-0.5 rounded-lg bg-rose-600/10 border border-rose-500/20 text-[9px] font-bold text-rose-500  uppercase">VECTOR_{mode.id}</div>
+                       <div className="px-2 py-0.5 rounded-lg bg-white/5 border border-white/10 text-[9px] font-bold text-slate-400  uppercase tracking-widest">{mode.system_name}</div>
+                       <div className="px-2 py-0.5 rounded-lg bg-blue-600/10 border border-blue-500/20 text-[9px] font-bold text-blue-400  uppercase tracking-widest">RANK #{systemRank}</div>
+                       {mode.is_deleted && <div className="px-2 py-0.5 rounded-lg bg-slate-700/40 border border-white/10 text-[9px] font-bold text-slate-300 uppercase tracking-widest">Archived</div>}
+                   </div>
+                   <h2 className="text-3xl font-bold text-white  tracking-tighter leading-none uppercase">{mode.title}</h2>
+                   <p className="text-xs text-rose-400 italic font-medium lowercase tracking-normal mt-1">"{humanSummary}"</p>
+               </div>
+
+               <div className="flex items-center gap-4">
+                   <div className="flex gap-1.5 bg-black/40 p-1.5 rounded-lg border border-white/5 shadow-xl">
+                       <HeaderScore label="S" value={mode.severity} color="rose" />
+                       <HeaderScore label="O" value={mode.occurrence} color="amber" />
+                       <HeaderScore label="D" value={mode.detection} color="sky" />
+                   </div>
+                   
+                   <div className="text-right flex flex-col items-end">
+                       <p className="text-[8px] font-bold text-slate-500 uppercase tracking-widest mb-0.5 ">Risk Priority</p>
+                       <div className="flex items-baseline gap-1 leading-none">
+                          <p className={`text-4xl font-bold tracking-tighter ${mode.rpn > 150 ? 'text-rose-500 drop-shadow-[0_0_10px_rgba(244,63,94,0.3)]' : 'text-white'}`}>{mode.rpn}</p>
+                          <p className="text-[8px] font-bold text-slate-500  uppercase">RPN</p>
+                       </div>
+                   </div>
+               </div>
+             </div>
+
+             {/* EFFECT & IMPACTS ON OWN ROW */}
+             <div className="mt-4 flex flex-col space-y-3 relative z-10">
+                <div className="bg-rose-500/5 border border-rose-500/10 rounded-lg px-4 py-2 flex items-center gap-3">
+                   <p className="text-[9px] text-rose-500 font-bold uppercase tracking-widest shrink-0">Effect Forensics:</p>
+                   <p className="text-[11px] text-slate-200 font-bold uppercase  tracking-tight leading-none truncate">{mode.effect || 'NULL_EFFECT_STATEMENT'}</p>
+                </div>
+
+                <div className="flex flex-wrap items-center gap-2">
+                   <span className="text-[9px] text-slate-500 font-bold mr-2 uppercase tracking-widest">Affected Infrastructure:</span>
+                   {mode.affected_assets?.slice(0, showAllAssets ? undefined : 3).map((a: any) => (
+                     <div key={a.id} className="flex items-center gap-2 px-2 py-0.5 bg-white/5 border border-white/10 rounded-lg text-[9px] font-bold text-slate-400 ">
+                        <Server size={10} className="text-rose-500" /> {a.name}
+                     </div>
+                   ))}
+                   {mode.affected_assets?.length > 3 && (
+                     <button onClick={() => setShowAllAssets(!showAllAssets)} className="px-2 py-0.5 bg-rose-600/10 border border-rose-500/20 rounded-lg text-[9px] font-bold text-rose-500  hover:bg-rose-600/20 transition-all">
+                        {showAllAssets ? 'SHOW LESS' : `+ ${mode.affected_assets.length - 3} MORE ENTITIES`}
+                     </button>
+                   )}
+                   {(!mode.affected_assets || mode.affected_assets.length === 0) && <span className="text-[9px] text-slate-700  font-bold uppercase tracking-widest">No infrastructure mappings established</span>}
+                </div>
+             </div>
+
+             {/* TABS ON OWN ROW */}
+             <div className="mt-6 flex items-center relative z-10">
+                <div className="flex space-x-1 bg-black/60 p-0.5 rounded-lg border border-white/5">
+                  {([
+                    { id: 'causal', label: 'Causal Forensics', icon: Zap },
+                    { id: 'roadmap', label: 'Strategic Roadmap', icon: ShieldCheck },
+                    { id: 'versions', label: 'Version History', icon: Clock },
+                    { id: 'history', label: 'Research History', icon: Activity },
+                  ] as const).map((tab) => (
+                    <button key={tab.id} onClick={() => { setActiveTab(tab.id); onTabChange(tab.id) }} className={`px-6 py-1.5 rounded-lg text-[9px] font-bold uppercase tracking-widest transition-all flex items-center gap-2 ${activeTab === tab.id ? 'bg-rose-600 text-white shadow-lg' : 'text-slate-500 hover:text-slate-300'}`}><tab.icon size={12} /> {tab.label}</button>
+                  ))}
+                </div>
+             </div>
+          </div>
+
+          <div className="flex-1 overflow-hidden flex flex-col p-6">
+             <AnimatePresence mode="wait">
+                {activeTab === 'causal' && <CausalTab mode={mode} readOnly={Boolean(mode.is_deleted)} onUpdate={onUpdate} setBkmGuidanceModal={setBkmGuidanceModal} setResolutionManagerModal={setResolutionManagerModal} />}
+                {activeTab === 'roadmap' && <RoadmapTab mode={mode} readOnly={Boolean(mode.is_deleted)} onUpdate={onUpdate} />}
+                {activeTab === 'versions' && <FARVersionHistory mode={mode} onUpdate={onUpdate} />}
+                {activeTab === 'history' && <HistoryTab mode={mode} readOnly={Boolean(mode.is_deleted)} onUpdate={onUpdate} />}
+             </AnimatePresence>
+          </div>
+
+          <div className="px-8 py-2 bg-black/80 border-t border-white/5 flex items-center justify-between shrink-0">
+             <p className="text-[9px] text-slate-600 font-bold uppercase tracking-widest">System Integrity Vector Analysis // {mode.title}</p>
+             <div className="flex items-center gap-3 text-[9px] font-bold text-slate-500 uppercase tracking-widest">
+                <span>S: {mode.severity}</span>
+                <span className="w-1 h-1 rounded-full bg-slate-800" />
+                <span>O: {mode.occurrence}</span>
+                <span className="w-1 h-1 rounded-full bg-slate-800" />
+                <span>D: {mode.detection}</span>
+             </div>
+          </div>
+     </FARDossierShell>
+   )
+ }
+
+ function HeaderScore({ label, value, color }: any) {
+   const textColors: any = { rose: 'text-rose-500', amber: 'text-amber-500', sky: 'text-sky-400' }
+   const bgColors: any = { rose: 'bg-rose-500/10', amber: 'bg-amber-500/10', sky: 'bg-sky-500/10' }
+   const borderColors: any = { rose: 'border-rose-500/20', amber: 'border-amber-500/20', sky: 'border-sky-500/20' }
+   return (
+     <div className={`w-11 h-11 rounded-lg ${bgColors[color]} border ${borderColors[color]} flex flex-col items-center justify-center`}>
+        <p className="text-[9px] font-bold text-slate-500 uppercase tracking-widest leading-none mb-1">{label}</p>
+        <p className={`text-xl font-bold leading-none ${textColors[color]}`}>{value}</p>
+     </div>
+   )
+ }
+
+ export function GaugeSelector({ label, value, onChange, levels, color, accent }: any) {
+   const current = levels.find((l: any) => l.value === value)
+   return (
+     <div className="space-y-3">
+        <div className="flex items-center justify-between">
+           <label className="text-[11px] font-bold text-slate-400  tracking-widest uppercase">{label}</label>
+           <div className="flex items-center gap-2">
+              <span className={`text-2xl font-bold ${color}`}>{value}</span>
+              <span className="text-slate-700 text-[10px] font-bold">/ 10</span>
+           </div>
+        </div>
+        <div className="relative h-2 bg-black/40 rounded-lg border border-white/5">
+           <div className={`absolute left-0 top-0 h-full rounded-lg ${accent} transition-all duration-300`} style={{ width: `${(value / 10) * 100}%` }} />
+           <input 
+             type="range" min="1" max="10" step="1" 
+             value={value} 
+             onChange={e => onChange(Number(e.target.value))}
+             onClick={e => e.stopPropagation()}
+             className="absolute inset-0 w-full h-full opacity-0 cursor-pointer z-10"
+           />
+        </div>
+        <div className="bg-black/20 border border-white/5 rounded-lg p-3 min-h-[50px]">
+           <p className={`text-[11px] font-bold uppercase  ${color} leading-none mb-1.5`}>{current?.label}</p>
+           <p className="text-[10px] text-slate-500 font-bold leading-tight lowercase">{current?.desc}</p>
+        </div>
+     </div>
+   )
+ }
+
+ function FARAuthoringModal({ isOpen, initialData, onClose, onComplete }: any) {
+   const [activeTab, setActiveTab] = useState<FarAuthoringTab>('definition')
+   const [formErrors, setFormErrors] = useState<Record<string, string>>({})
+   const [generalError, setGeneralError] = useState('')
+   const [submitAttempted, setSubmitAttempted] = useState(false)
+   const [collapsedSections, setCollapsedSections] = useState<Record<string, boolean>>({
+     identity: false,
+     context: false,
+     risk: false,
+     assets: false,
+   })
+
+   const initialDraft = useMemo(() => buildFarAuthoringDraft(initialData), [initialData])
+   const {
+     value: formData,
+     isDirty,
+     updateValue: updateFormData,
+     resetDirty,
+     resolveIsDirty,
+   } = useOperationalFormDirty(initialDraft, sanitizeFarAuthoringPayload)
+
+   useEffect(() => {
+     if (!isOpen) return
+     setActiveTab('definition')
+     setFormErrors({})
+     setGeneralError('')
+     setSubmitAttempted(false)
+     setCollapsedSections({ identity: false, context: false, risk: false, assets: false })
+   }, [initialData?.id, isOpen])
+
+   useEffect(() => {
+     if (!submitAttempted) return
+     setFormErrors(buildFarAuthoringErrors(formData))
+   }, [formData, submitAttempted])
+
+   const { data: options } = useQuery({
+     queryKey: ['settings-options'],
+     enabled: isOpen,
+     queryFn: async () => (await apiFetch('/api/v1/settings/options')).json(),
+   })
+   const systems = options?.filter((option: any) => option.category === 'LogicalSystem') || []
+   const { data: devices } = useQuery({
+     queryKey: ['devices-far', formData.system_name],
+     enabled: isOpen && Boolean(formData.system_name),
+     queryFn: async () => (await apiFetch(`/api/v1/devices?system=${encodeURIComponent(formData.system_name)}`)).json(),
+   })
+
+   const isArchived = Boolean(initialData?.is_deleted)
+   const rpn = Number(formData.severity || 0) * Number(formData.occurrence || 0) * Number(formData.detection || 0)
+   const tabErrors = useMemo(() => getFarAuthoringTabErrorCounts(formErrors), [formErrors])
+   const totalErrors = Object.keys(formErrors).length
+   const tabs = useMemo(() => [
+     { id: 'definition', label: 'Definition', badgeCount: tabErrors.definition },
+     { id: 'risk', label: 'Risk', badgeCount: tabErrors.risk },
+     { id: 'impact', label: 'Impact', badgeCount: tabErrors.impact },
+   ], [tabErrors])
+
+   const patchFormData = (patch: Record<string, any>) => {
+     setGeneralError('')
+     updateFormData((current: any) => ({ ...current, ...patch }))
+   }
+
+   const mutation = useMutation({
+     mutationFn: async (data: any) => {
+       if (isArchived) throw new Error('Archived failure vectors are read-only. Restore the vector before editing it.')
+       const url = data.id ? `/api/v1/far/modes/${data.id}` : '/api/v1/far/modes'
+       const res = await apiFetch(url, {
+         method: data.id ? 'PUT' : 'POST',
+         body: JSON.stringify(sanitizeFarAuthoringPayload(data)),
+       })
+       if (!res.ok) throw new Error(await readFarMutationFailureMessage(res))
+       return res.json()
+     },
+     onSuccess: (data: any) => {
+       setGeneralError('')
+       resetDirty(buildFarAuthoringDraft(data ? { ...formData, ...data } : formData))
+       toast.success('Registry Synchronized')
+       onComplete()
+     },
+     onError: (error: any) => {
+       const parsed = parseOperationalApiValidationError(error)
+       const nextErrors = { ...buildFarAuthoringErrors(formData), ...parsed.fieldErrors }
+       setFormErrors(nextErrors)
+       setGeneralError(parsed.generalError || error?.message || 'Unable to save the failure vector.')
+       if (Object.keys(nextErrors).length) setActiveTab(getFarAuthoringFirstErrorTab(nextErrors))
+     },
+   })
+
+   const handleSubmit = () => {
+     if (mutation.isPending) return
+     setSubmitAttempted(true)
+     if (isArchived) {
+       setGeneralError('Archived failure vectors are read-only. Restore the vector before editing it.')
+       return
+     }
+     const errors = buildFarAuthoringErrors(formData)
+     setFormErrors(errors)
+     if (Object.keys(errors).length) {
+       setGeneralError(`Resolve ${Object.keys(errors).length} validation issue${Object.keys(errors).length === 1 ? '' : 's'} before committing.`)
+       setActiveTab(getFarAuthoringFirstErrorTab(errors))
+       return
+     }
+     setGeneralError('')
+     mutation.mutate(formData)
+   }
+
+   const toggleSection = (key: string) => {
+     setCollapsedSections((current) => ({ ...current, [key]: !current[key] }))
+   }
+
+   const handleClose = () => {
+     resetDirty(initialDraft)
+     setFormErrors({})
+     setGeneralError('')
+     setSubmitAttempted(false)
+     setActiveTab('definition')
+     onClose()
+   }
+
+   return (
+     <WorkspaceModal
+       isOpen={isOpen}
+       onClose={handleClose}
+       size="workspace"
+       title={initialData ? 'Edit Failure Mode' : 'New Failure Mode'}
+       subtitle="Reliability Engineering Risk Documentation Studio"
+       icon={<Target size={22} />}
+       status={isArchived
+         ? <WorkspaceSectionBadge tone="amber">Archived · read-only</WorkspaceSectionBadge>
+         : <WorkspaceSectionBadge tone={isDirty ? 'amber' : 'emerald'}>{isDirty ? 'Unsaved changes' : 'Draft synchronized'}</WorkspaceSectionBadge>}
+       forensicLineage={initialData ? { createdAt: initialData.created_at, updatedAt: initialData.updated_at } : undefined}
+       tabs={tabs}
+       activeTab={activeTab}
+       onTabChange={(tab) => setActiveTab(tab as FarAuthoringTab)}
+       isDirty={isDirty && !isArchived}
+       resolveIsDirty={resolveIsDirty}
+       dirtyConfirmTitle="Discard FAR changes?"
+       dirtyConfirmMessage="This failure vector has unsaved authoring changes. Close and discard them?"
+       dirtyConfirmText="Discard changes"
+       footerLeft={(
+         <div className="flex flex-wrap items-center gap-2 text-[9px] font-semibold text-slate-500">
+           <span>RPN {rpn}</span>
+           <span className="h-1 w-1 rounded-full bg-slate-700" />
+           <span>{isDirty ? 'Unsaved authoring state' : 'No pending changes'}</span>
+         </div>
+       )}
+       footerRight={(
+         <ToolbarButton
+           variant="primary"
+           onClick={handleSubmit}
+           disabled={mutation.isPending || isArchived}
+           className="min-w-32 justify-center"
+         >
+           {mutation.isPending ? <RefreshCcw size={14} className="animate-spin" /> : <Save size={14} />}
+           {mutation.isPending ? 'Committing…' : 'Commit'}
+         </ToolbarButton>
+       )}
+     >
+       <WorkspaceStickyIdentityBar>
+         <div className="flex flex-wrap items-center justify-between gap-4">
+           <div className="min-w-0">
+             <div className="flex flex-wrap items-center gap-2">
+               <WorkspaceSectionBadge tone="rose">{formData.id ? `VECTOR_${formData.id}` : 'NEW_VECTOR'}</WorkspaceSectionBadge>
+               <WorkspaceSectionBadge>{formData.system_name || 'Domain not selected'}</WorkspaceSectionBadge>
+               <WorkspaceSectionBadge>{formData.failure_type || 'Classification not selected'}</WorkspaceSectionBadge>
+             </div>
+             <p className="mt-2 truncate text-sm font-black text-white">{formData.title || 'Untitled failure vector'}</p>
+           </div>
+           <div className="text-right">
+             <p className="text-[8px] font-bold uppercase tracking-widest text-slate-600">Risk priority</p>
+             <p className={`text-2xl font-black ${rpn > 150 ? 'text-rose-400' : rpn >= 80 ? 'text-amber-400' : 'text-emerald-400'}`}>{rpn}</p>
+           </div>
+         </div>
+       </WorkspaceStickyIdentityBar>
+
+       <WorkspaceValidationBanner
+         message={generalError || (submitAttempted && totalErrors ? `Review ${totalErrors} highlighted validation issue${totalErrors === 1 ? '' : 's'}.` : undefined)}
+       />
+
+       {activeTab === 'definition' && (
+         <div id="far-authoring-definition" className="space-y-5">
+           <WorkspaceSectionCard>
+             <WorkspaceCollapsibleHeader
+               title="Failure identity"
+               subtitle="Define the operational domain, classification, and incidence signature."
+               badge={<WorkspaceSectionBadge tone={tabErrors.definition ? 'rose' : 'blue'}>{tabErrors.definition ? `${tabErrors.definition} issue${tabErrors.definition === 1 ? '' : 's'}` : 'Required identity'}</WorkspaceSectionBadge>}
+               collapsed={collapsedSections.identity}
+               onToggle={() => toggleSection('identity')}
+             />
+             {!collapsedSections.identity && (
+               <div className="mt-5 grid grid-cols-1 gap-5 lg:grid-cols-2">
+                 <WorkspaceSelectField
+                   label="Operational Domain"
+                   required
+                   searchable
+                   disabled={isArchived}
+                   value={formData.system_name}
+                   options={systems.map((system: any) => ({ value: system.value, label: system.label, description: system.description }))}
+                   placeholder="Select operational domain"
+                   error={formErrors.system_name}
+                   onChange={(next) => {
+                     setGeneralError('')
+                     updateFormData((current: any) => changeFarAuthoringSystem(current, String(next)))
+                   }}
+                 />
+                 <WorkspaceSelectField
+                   label="Root Classification"
+                   required
+                   disabled={isArchived}
+                   value={formData.failure_type}
+                   options={FAILURE_TYPES}
+                   placeholder="Select failure classification"
+                   error={formErrors.failure_type}
+                   onChange={(next) => patchFormData({ failure_type: String(next) })}
+                 />
+                 <div className="space-y-1.5 lg:col-span-2">
+                   <WorkspaceFieldLabel label="Incidence Signature" required />
+                   <input
+                     value={formData.title}
+                     disabled={isArchived}
+                     aria-invalid={Boolean(formErrors.title)}
+                     aria-describedby={formErrors.title ? 'far-title-error' : undefined}
+                     onChange={(event) => patchFormData({ title: event.target.value })}
+                     placeholder="E.G., DATABASE_CONNECTION_TIMEOUT"
+                     className={getWorkspaceInputClass(formErrors.title)}
+                   />
+                   <div id="far-title-error"><WorkspaceFieldError message={formErrors.title} /></div>
+                 </div>
+               </div>
+             )}
+           </WorkspaceSectionCard>
+
+           <WorkspaceSectionCard>
+             <WorkspaceCollapsibleHeader
+               title="Consequence context"
+               subtitle="Record the operator-visible effect without changing the FAR risk model."
+               badge={<WorkspaceSectionBadge>Optional context</WorkspaceSectionBadge>}
+               collapsed={collapsedSections.context}
+               onToggle={() => toggleSection('context')}
+             />
+             {!collapsedSections.context && (
+               <div className="mt-5 space-y-1.5">
+                 <WorkspaceFieldLabel label="Consequence Assessment (Effect)" />
+                 <textarea
+                   value={formData.effect}
+                   disabled={isArchived}
+                   onChange={(event) => patchFormData({ effect: event.target.value })}
+                   placeholder="Describe the systemic consequences..."
+                   className={`${getWorkspaceInputClass(formErrors.effect)} min-h-36 resize-y`}
+                 />
+                 <WorkspaceFieldError message={formErrors.effect} />
+               </div>
+             )}
+           </WorkspaceSectionCard>
+         </div>
+       )}
+
+       {activeTab === 'risk' && (
+         <div id="far-authoring-risk">
+           <WorkspaceSectionCard>
+             <WorkspaceCollapsibleHeader
+               title="Risk scoring"
+               subtitle="Apply the existing FAR severity × occurrence × detection model."
+               badge={<WorkspaceSectionBadge tone={tabErrors.risk ? 'rose' : 'amber'}>{tabErrors.risk ? `${tabErrors.risk} issue${tabErrors.risk === 1 ? '' : 's'}` : `RPN ${rpn}`}</WorkspaceSectionBadge>}
+               collapsed={collapsedSections.risk}
+               onToggle={() => toggleSection('risk')}
+             />
+             {!collapsedSections.risk && (
+               <div className="mt-5 grid grid-cols-1 gap-6 lg:grid-cols-3">
+                 <div>
+                   <GaugeSelector label="Severity" value={formData.severity} onChange={(value: number) => patchFormData({ severity: value })} levels={SEVERITY_LEVELS} color="text-rose-500" accent="bg-rose-500" />
+                   <WorkspaceFieldError message={formErrors.severity} />
+                 </div>
+                 <div>
+                   <GaugeSelector label="Occurrence" value={formData.occurrence} onChange={(value: number) => patchFormData({ occurrence: value })} levels={OCCURRENCE_LEVELS} color="text-amber-500" accent="bg-amber-500" />
+                   <WorkspaceFieldError message={formErrors.occurrence} />
+                 </div>
+                 <div>
+                   <GaugeSelector label="Detection" value={formData.detection} onChange={(value: number) => patchFormData({ detection: value })} levels={DETECTION_LEVELS} color="text-sky-400" accent="bg-sky-400" />
+                   <WorkspaceFieldError message={formErrors.detection} />
+                 </div>
+               </div>
+             )}
+           </WorkspaceSectionCard>
+         </div>
+       )}
+
+       {activeTab === 'impact' && (
+         <div id="far-authoring-impact">
+           <WorkspaceSectionCard>
+             <WorkspaceCollapsibleHeader
+               title="Blast radius"
+               subtitle="Search and map the infrastructure entities affected by this failure vector."
+               badge={<WorkspaceSectionBadge tone="blue">{formData.affected_assets.length} mapped</WorkspaceSectionBadge>}
+               collapsed={collapsedSections.assets}
+               onToggle={() => toggleSection('assets')}
+             />
+             {!collapsedSections.assets && (
+               <div className="mt-5">
+                 <WorkspaceSelectField
+                   label="Affected Infrastructure"
+                   searchable
+                   multi
+                   disabled={isArchived || !formData.system_name}
+                   value={formData.affected_assets.map((value: any) => String(value))}
+                   options={(devices || []).map((device: any) => ({ value: String(device.id), label: device.name, description: device.model }))}
+                   placeholder={formData.system_name ? 'Select affected infrastructure' : 'Select an operational domain first'}
+                   error={formErrors.affected_assets}
+                   onChange={(values) => patchFormData({
+                     affected_assets: (Array.isArray(values) ? values : [])
+                       .map((value: any) => Number(value))
+                       .filter((value: number) => Number.isFinite(value)),
+                   })}
+                 />
+                 {formData.system_name && !devices?.length ? (
+                   <p className="mt-3 text-[9px] font-semibold text-slate-500">No infrastructure entities are available for the selected operational domain.</p>
+                 ) : null}
+               </div>
+             )}
+           </WorkspaceSectionCard>
+         </div>
+       )}
+     </WorkspaceModal>
+   )
+ }
+
+ function CausalTab({ mode, readOnly, onUpdate, setBkmGuidanceModal, setResolutionManagerModal }: any) {
+   const [activeModal, setActiveModal] = useState<any>(null)
+   const queryClient = useQueryClient()
+   const deleteCauseMutation = useMutation({
+     mutationFn: async (causeId: number) => {
+       const res = await apiFetch(`/api/v1/far/causes/${causeId}`, {
+         method: 'DELETE',
+         body: JSON.stringify(buildFarContextMutationRequest(mode.id, mode.version)),
+       })
+       if (!res.ok) throw new Error(await readFarMutationFailureMessage(res))
+       return res.json()
+     },
+     onSuccess: () => {
+       toast.success('Root cause removed')
+       queryClient.invalidateQueries({ queryKey: ['far', 'modes'] })
+       onUpdate()
+     },
+     onError: (error: any) => toast.error(error.message || 'Failed to delete root cause')
+   })
+
+   return (
+     <motion.div initial={{ opacity: 0, y: 10 }} animate={{ opacity: 1, y: 0 }} exit={{ opacity: 0, y: 10 }} className="flex-1 flex flex-col space-y-6">
+        <div className="flex items-center justify-between">
+           <div className="flex items-center gap-4">
+              <h3 className="text-sm font-bold uppercase tracking-[0.2em] text-amber-500 ">Root Cause Attribution Matrix</h3>
+              {mode.linked_rcas?.length > 0 && (
+                 <div className="flex items-center gap-2 px-3 py-1 bg-purple-500/10 border border-purple-500/20 rounded-lg">
+                    <Activity size={12} className="text-purple-400" />
+                    <span className="text-[9px] font-black text-purple-400 uppercase tracking-widest">{mode.linked_rcas.length} Research Cases Linked</span>
+                 </div>
+              )}
+           </div>
+           <button onClick={() => setActiveModal({ isOpen: true, modeId: mode.id })} disabled={readOnly} className="px-6 py-2 bg-amber-600/20 border border-amber-500/30 text-amber-500 rounded-lg text-[10px] font-bold uppercase  hover:bg-amber-600 hover:text-white transition-all disabled:cursor-not-allowed disabled:opacity-30">+ Add Root Cause</button>
+        </div>
+        
+        <div className="flex-1 bg-black/40 border border-white/5 rounded-lg overflow-hidden flex flex-col shadow-2xl">
+           <table className="w-full text-left border-collapse">
+              <thead className="bg-white/[0.03] border-b border-white/10">
+                 <tr className="text-[10px] font-bold uppercase tracking-widest text-slate-500 ">
+                    <th className="px-8 py-4">Root Cause Description (Logical Origin)</th>
+                    <th className="px-8 py-4 text-center">Occur Lv</th>
+                    <th className="px-8 py-4">Responsible Unit</th>
+                    <th className="px-8 py-4">Linked Incidents</th>
+                    <th className="px-8 py-4 text-center">BKMs</th>
+                    <th className="px-8 py-4 text-right">Ops</th>
+                 </tr>
+              </thead>
+              <tbody className="divide-y divide-white/5 font-bold uppercase  text-[11px]">
+                 {mode.causes?.map((c: any) => (
+                   <tr key={c.id} className="hover:bg-white/[0.02] transition-colors group">
+                      <td className="px-8 py-5 text-white normal-case leading-relaxed">{c.cause_text}</td>
+                      <td className="px-8 py-5 text-center">
+                         <div className="flex items-center justify-center gap-2">
+                            <div className="w-12 h-1.5 bg-white/5 rounded-lg overflow-hidden border border-white/5">
+                               <div className="h-full bg-amber-500" style={{ width: `${c.occurrence_level * 10}%` }} />
+                            </div>
+                            <span className="text-amber-500 w-4 font-black">{c.occurrence_level}</span>
+                         </div>
+                      </td>
+                      <td className="px-8 py-5 text-slate-400 font-black">{c.responsible_team || 'UNASSIGNED'}</td>
+                      <td className="px-8 py-5">
+                         <div className="flex flex-col gap-1">
+                            {(mode.linked_rcas || []).map((r: any) => (
+                               <div key={r.id} className="flex items-center gap-1.5 text-[8px] text-purple-400">
+                                  <Activity size={8} />
+                                  <span className="truncate max-w-[120px]">{r.title}</span>
+                               </div>
+                            ))}
+                            {(!mode.linked_rcas || mode.linked_rcas.length === 0) && <span className="text-slate-700 text-[8px]">NONE</span>}
+                         </div>
+                      </td>
+                      <td className="px-8 py-5 text-center">
+                         <button 
+                           onClick={() => c.resolutions?.length > 0 && setBkmGuidanceModal({ show: true, cause: c })}
+                           className={`px-3 py-1 rounded-lg text-[9px] font-black transition-all ${
+                             c.resolutions?.length > 0 
+                               ? 'bg-emerald-500/20 text-emerald-400 border border-emerald-500/30 hover:bg-emerald-500/30 hover:scale-105 active:scale-95 cursor-pointer' 
+                               : 'bg-rose-500/10 text-rose-500 border border-rose-500/20 opacity-50 cursor-not-allowed'
+                           }`}
+                         >
+                            {c.resolutions?.length || 0} BKMS
+                         </button>
+                      </td>
+                      <td className="px-8 py-5 text-right opacity-0 group-hover:opacity-100 transition-opacity">
+                         <div className="flex items-center justify-end gap-2">
+                            <button 
+                              onClick={() => setResolutionManagerModal({ show: true, cause: c })}
+                              disabled={readOnly}
+                              className="p-1.5 text-emerald-400 hover:bg-emerald-500/10 rounded-lg transition-all disabled:cursor-not-allowed disabled:opacity-30"
+                              title="Manage BKM Guidance"
+                            >
+                               <Book size={14}/>
+                            </button>
+                            <button 
+                              onClick={() => setActiveModal({ isOpen: true, modeId: mode.id, initialData: c })}
+                              disabled={readOnly}
+                              className="p-1.5 text-blue-400 hover:bg-blue-500/10 rounded-lg transition-all disabled:cursor-not-allowed disabled:opacity-30"
+                              title="Edit Attribution"
+                            >
+                               <Edit2 size={14}/>
+                            </button>
+                            <button
+                              onClick={() => deleteCauseMutation.mutate(c.id)}
+                              disabled={readOnly || (deleteCauseMutation.isPending && deleteCauseMutation.variables === c.id)}
+                              className="p-1.5 text-slate-600 hover:text-rose-500 transition-all rounded-lg"
+                              title="Purge Attribution"
+                            >
+                              <Trash2 size={14}/>
+                            </button>
+                         </div>
+                      </td>
+                   </tr>
+                 ))}
+                 {(!mode.causes?.length) && (
+                   <tr><td colSpan={6} className="py-32 text-center opacity-20 font-bold uppercase tracking-[0.3em]">No attribution traces linked to this vector</td></tr>
+                 )}
+              </tbody>
+           </table>
+        </div>
+
+        <RootCauseFormModal 
+           isOpen={!readOnly && activeModal?.isOpen}
+           onClose={() => setActiveModal(null)}
+           modeId={activeModal?.modeId}
+           modeVersion={mode.version}
+           initialData={activeModal?.initialData}
+           onSave={onUpdate}
+        />
+     </motion.div>
+   )
+ }
+
+        function RpnDefinitionModal({ onClose }: { onClose: () => void }) {
+        return (
+        <div className="fixed inset-0 z-[10000] flex items-center justify-center bg-black/90 backdrop-blur-md p-10">
+        <motion.div initial={{ scale: 0.9, opacity: 0 }} animate={{ scale: 1, opacity: 1 }} className="glass-panel w-full max-w-4xl p-12 rounded-lg border border-amber-500/30 shadow-2xl relative">
+        <button onClick={onClose} className="absolute top-8 right-8 text-slate-500 hover:text-white transition-colors"><X size={32}/></button>
+
+        <div className="flex items-center gap-6 mb-12 border-b border-white/5 pb-8">
+          <div className="w-20 h-20 rounded-lg bg-amber-600 flex items-center justify-center text-white shadow-xl shadow-amber-600/20">
+             <Target size={40}/>
+          </div>
+          <div>
+             <h2 className="text-4xl font-black uppercase tracking-tighter text-white">Risk Priority Number</h2>
+             <p className="text-xs font-bold text-amber-500 uppercase tracking-[0.3em]">Criticality Scoring Matrix (S × O × D)</p>
+          </div>
+        </div>
+
+        <div className="grid grid-cols-3 gap-8">
+          <div className="space-y-4">
+             <div className="flex items-center gap-3 text-rose-500">
+                <Shield size={20}/>
+                <h3 className="text-sm font-black uppercase tracking-widest">Severity (S)</h3>
+             </div>
+             <p className="text-[11px] font-bold text-slate-400 uppercase leading-relaxed">Impact of the failure on the system or safety. (1 = No impact, 10 = Systemic destruction / Safety risk).</p>
+          </div>
+          <div className="space-y-4">
+             <div className="flex items-center gap-3 text-amber-500">
+                <Activity size={20}/>
+                <h3 className="text-sm font-black uppercase tracking-widest">Occurrence (O)</h3>
+             </div>
+             <p className="text-[11px] font-bold text-slate-400 uppercase leading-relaxed">Likelihood of the failure mode happening. (1 = Remote, 10 = Constant/Inevitable).</p>
+          </div>
+          <div className="space-y-4">
+             <div className="flex items-center gap-3 text-sky-500">
+                <Search size={20}/>
+                <h3 className="text-sm font-black uppercase tracking-widest">Detection (D)</h3>
+             </div>
+             <p className="text-[11px] font-bold text-slate-400 uppercase leading-relaxed">Ability to detect the failure before it impacts. (1 = Certain detection, 10 = Undetectable).</p>
+          </div>
+        </div>
+
+        <div className="mt-12 p-8 bg-black/40 rounded-lg border border-white/5">
+          <div className="flex items-center justify-between mb-6">
+             <span className="text-xs font-black uppercase tracking-widest text-slate-500">Threshold Logic</span>
+             <div className="flex gap-4">
+                <div className="flex items-center gap-2"><div className="w-2 h-2 rounded-full bg-emerald-500" /> <span className="text-[10px] font-bold text-emerald-500 uppercase">Nominal (&lt;80)</span></div>
+                <div className="flex items-center gap-2"><div className="w-2 h-2 rounded-full bg-amber-500" /> <span className="text-[10px] font-bold text-amber-500 uppercase">Moderate (80-150)</span></div>
+                <div className="flex items-center gap-2"><div className="w-2 h-2 rounded-full bg-rose-500" /> <span className="text-[10px] font-bold text-rose-500 uppercase">Critical (&gt;150)</span></div>
+             </div>
+          </div>
+          <div className="text-6xl font-black text-center text-white tracking-tighter">RPN = S <span className="text-slate-700">×</span> O <span className="text-slate-700">×</span> D</div>
+        </div>
+        </motion.div>
+        </div>
+        )
+        }
+
+        function MaturityDefinitionModal({ onClose }: { onClose: () => void }) {
+        return (
+        <div className="fixed inset-0 z-[10000] flex items-center justify-center bg-black/90 backdrop-blur-md p-10">
+        <motion.div initial={{ scale: 0.9, opacity: 0 }} animate={{ scale: 1, opacity: 1 }} className="glass-panel w-full max-w-4xl p-12 rounded-lg border border-blue-500/30 shadow-2xl relative">
+        <button onClick={onClose} className="absolute top-8 right-8 text-slate-500 hover:text-white transition-colors"><X size={32}/></button>
+
+        <div className="flex items-center gap-6 mb-12 border-b border-white/5 pb-8">
+          <div className="w-20 h-20 rounded-lg bg-blue-600 flex items-center justify-center text-white shadow-xl shadow-blue-600/20">
+             <Zap size={40}/>
+          </div>
+          <div>
+             <h2 className="text-4xl font-black uppercase tracking-tighter text-white">Maturity Spectrum</h2>
+             <p className="text-xs font-bold text-blue-400 uppercase tracking-[0.3em]">Risk Mitigation Lifecycle (Lv0 - Lv8)</p>
+          </div>
+        </div>
+
+        <div className="grid grid-cols-2 gap-x-12 gap-y-4">
+          {FAR_MATURITY_LEVELS.map((ml) => (
+             <div key={ml.lv} className="flex items-center gap-4 p-4 bg-white/5 rounded-lg border border-white/5">
+                <div className="w-12 h-12 rounded-lg bg-blue-600/20 flex items-center justify-center text-blue-400 font-black border border-blue-500/20 shadow-inner">Lv{ml.lv}</div>
+                <div>
+                   <h4 className="text-[11px] font-black uppercase text-white tracking-widest">{ml.label}</h4>
+                   <p className="text-[9px] font-bold text-slate-500 uppercase mt-1 leading-tight">{ml.desc}</p>
+                </div>
+             </div>
+          ))}
+        </div>
+        </motion.div>
+        </div>
+        )
+        }
+ function RoadmapTab({ mode, readOnly, onUpdate }: any) {
+   const [activeMitigationModal, setActiveMitigationModal] = useState<any>(null)
+   const [activePreventionModal, setActivePreventionModal] = useState<any>(null)
+   const [selectedCauseId, setSelectedCauseId] = useState<number | null>(null)
+   const [deletingMitigationId, setDeletingMitigationId] = useState<number | null>(null)
+   const deletingMitigationIdRef = React.useRef<number | null>(null)
+   
+   const queryClient = useQueryClient()
+   const { data: bkms } = useQuery({ queryKey: ['knowledge', 'bkms'], queryFn: async () => (await apiFetch('/api/v1/knowledge/?category=BKM')).json() })
+   const { data: monitoring } = useQuery({ queryKey: ['monitoring-items'], queryFn: async () => (await apiFetch('/api/v1/monitoring/')).json() })
+   const bkmById = useMemo(() => new Map((bkms || []).map((item: any) => [Number(item.id), item])), [bkms])
+   const monitoringById = useMemo(() => new Map((monitoring || []).map((item: any) => [Number(item.id), item])), [monitoring])
+   const deleteMitigationMutation = useMutation({
+     mutationFn: async (mitigationId: number) => {
+       const res = await apiFetch(`/api/v1/far/mitigations/${mitigationId}`, {
+         method: 'DELETE',
+         body: JSON.stringify(buildFarContextMutationRequest(mode.id, mode.version)),
+       })
+       if (!res.ok) throw new Error(await readFarMutationFailureMessage(res))
+       return res.json()
+     },
+     onSuccess: () => {
+       toast.success('Mitigation removed')
+       queryClient.invalidateQueries({ queryKey: ['far', 'modes'] })
+       onUpdate()
+     },
+     onError: (error: any) => {
+       setDeletingMitigationId(null)
+       toast.error(error.message || 'Failed to delete mitigation')
+     },
+     onSettled: () => {
+       deletingMitigationIdRef.current = null
+     }
+   })
+
+   const updatePreventionMutation = useMutation({
+     mutationFn: async ({ preventionId, status }: { preventionId: number, status: string }) => {
+       const res = await apiFetch(`/api/v1/far/prevention/${preventionId}`, {
+         method: 'PUT',
+         body: JSON.stringify(buildFarContextMutationRequest(mode.id, mode.version, { status })),
+       })
+       if (!res.ok) throw new Error(await readFarMutationFailureMessage(res))
+       return res.json()
+     },
+     onSuccess: () => {
+       toast.success('Prevention status synchronized')
+       queryClient.invalidateQueries({ queryKey: ['far', 'modes'] })
+       onUpdate()
+     },
+     onError: (error: any) => toast.error(error?.message || 'Failed to update prevention status'),
+   })
+
+   useEffect(() => {
+     if (!selectedCauseId && mode.causes?.length > 0) {
+       setSelectedCauseId(mode.causes[0].id)
+     }
+   }, [mode.causes, selectedCauseId])
+
+   useEffect(() => {
+     if (deletingMitigationId !== null && !mode.mitigations?.some((mitigation: any) => mitigation.id === deletingMitigationId)) {
+       setDeletingMitigationId(null)
+     }
+   }, [deletingMitigationId, mode.mitigations])
+
+   return (
+     <motion.div initial={{ opacity: 0, y: 10 }} animate={{ opacity: 1, y: 0 }} exit={{ opacity: 0, y: 10 }} className="flex-1 flex flex-col space-y-6">
+        <div className="flex items-center gap-4 shrink-0 overflow-x-auto pb-2 scrollbar-hide">
+           <span className="text-[9px] font-black text-slate-500 uppercase tracking-widest shrink-0">Select Root Cause:</span>
+           {(mode.causes || []).map((cause: any) => (
+              <button 
+                 key={cause.id}
+                 onClick={() => setSelectedCauseId(cause.id)}
+                 className={`px-4 py-1.5 rounded-lg text-[10px] font-black uppercase tracking-tight border transition-all whitespace-nowrap ${selectedCauseId === cause.id ? 'bg-rose-600/10 border-rose-500 text-rose-500' : 'bg-white/5 border-white/5 text-slate-500 hover:text-slate-300'}`}
+              >
+                 {cause.cause_text}
+              </button>
+           ))}
+           {mode.causes?.length === 0 && <span className="text-[10px] font-black text-slate-700 uppercase">No causes attributed to this vector</span>}
+        </div>
+
+        <div className="flex items-center justify-between">
+           <h3 className="text-sm font-bold uppercase tracking-[0.2em] text-sky-400 ">Strategic Mitigation Roadmap</h3>
+           <div className="flex flex-nowrap gap-2">
+              <button onClick={() => setActiveMitigationModal({ isOpen: true, type: 'WORKAROUND' })} disabled={readOnly || !selectedCauseId} className="px-6 py-2 whitespace-nowrap bg-amber-600/20 border border-amber-500/30 text-amber-500 rounded-lg text-[10px] font-bold uppercase  hover:bg-amber-600 hover:text-white transition-all disabled:opacity-20">+ Add Workaround</button>
+              <button onClick={() => setActiveMitigationModal({ isOpen: true, type: 'MONITORING' })} disabled={readOnly || !selectedCauseId} className="px-6 py-2 whitespace-nowrap bg-sky-600/20 border border-sky-500/30 text-sky-400 rounded-lg text-[10px] font-bold uppercase  hover:bg-sky-600 hover:text-white transition-all disabled:opacity-20">+ Add Monitoring</button>
+              <button onClick={() => setActivePreventionModal({ isOpen: true })} disabled={readOnly || !selectedCauseId} className="px-6 py-2 whitespace-nowrap bg-emerald-600/20 border border-emerald-500/30 text-emerald-400 rounded-lg text-[10px] font-bold uppercase  hover:bg-emerald-600 hover:text-white transition-all disabled:opacity-20">+ Add Prevention</button>
+           </div>
+        </div>
+
+        <div className="flex-1 overflow-y-auto custom-scrollbar pr-2 space-y-4">
+           <div className="bg-black/40 border border-white/5 rounded-lg overflow-hidden shadow-2xl">
+              <table className="w-full text-left border-collapse">
+                 <thead className="bg-white/[0.03] border-b border-white/10">
+                    <tr className="text-[10px] font-bold uppercase tracking-widest text-slate-500 ">
+                       <th className="px-8 py-4">Shield Type</th>
+                       <th className="px-8 py-4">Deployment Protocol / Plan</th>
+                       <th className="px-8 py-4 text-center">Cause Context</th>
+                       <th className="px-8 py-4 text-center">Status</th>
+                       <th className="px-8 py-4 text-right">Ops</th>
+                    </tr>
+                 </thead>
+                 <tbody className="divide-y divide-white/5 font-bold uppercase  text-[11px]">
+                    {mode.mitigations?.filter((m: any) => m.cause_id === selectedCauseId).map((m: any) => {
+                      const linkedBkm = bkmById.get(Number(m.knowledge_bkm_id)) as any
+                      const linkedMonitor = monitoringById.get(Number(m.monitoring_item_id)) as any
+                      const completed = m.status === 'Completed'
+                      return (
+                      <tr key={m.id} className="hover:bg-white/[0.02] transition-colors group">
+                         <td className="px-8 py-5">
+                            <span className={`px-3 py-1 rounded-lg text-[9px] font-black ${m.mitigation_type === 'Monitoring' ? 'bg-sky-500/20 text-sky-400 border border-sky-500/30' : m.mitigation_type === 'Process Change' ? 'bg-violet-500/20 text-violet-300 border border-violet-500/30' : 'bg-amber-500/20 text-amber-400 border border-amber-500/30'}`}>{m.mitigation_type}</span>
+                         </td>
+                         <td className="px-8 py-5 text-white max-w-xl">
+                            <div className="space-y-2">
+                               {m.mitigation_steps?.split('\n').map((line: string, i: number) => (
+                                 <div key={i} className="flex gap-3">
+                                    <span className="text-slate-600 text-[9px] font-black">{i + 1}.</span>
+                                    <span className="normal-case font-medium text-slate-300 uppercase">{line}</span>
+                                 </div>
+                               ))}
+                               {m.responsible_team && (
+                                 <div className="flex items-center gap-2 text-[9px] font-black uppercase tracking-wide text-slate-500">
+                                   <User size={12} className="text-slate-600" /> Owner: {m.responsible_team}
+                                 </div>
+                               )}
+                               {linkedBkm && (
+                                  <div className="flex items-center gap-3 p-3 bg-emerald-500/5 border border-emerald-500/20 rounded-lg mt-2">
+                                     <Book size={14} className="text-emerald-400" />
+                                     <span className="text-emerald-400 tracking-tight normal-case font-black uppercase">Linked BKM: {linkedBkm.title}</span>
+                                  </div>
+                               )}
+                               {m.external_bkm_url && (
+                                  <a
+                                    href={m.external_bkm_url}
+                                    target="_blank"
+                                    rel="noreferrer noopener"
+                                    className="flex items-center gap-3 p-3 bg-blue-500/5 border border-blue-500/20 rounded-lg mt-2 text-blue-400 hover:bg-blue-500/10 transition-all"
+                                  >
+                                     <ExternalLink size={14} />
+                                     <span className="tracking-tight normal-case font-black uppercase truncate">External BKM: {m.external_bkm_url}</span>
+                                  </a>
+                               )}
+                               {linkedMonitor && (
+                                  <div className="flex items-center gap-3 p-3 bg-sky-500/5 border border-sky-500/20 rounded-lg mt-2 group/item hover:bg-sky-500/10 transition-all">
+                                     <Monitor size={14} className="text-sky-400" />
+                                     <span className="text-sky-400 tracking-tight normal-case font-black uppercase">Linked Monitor: {linkedMonitor.title}</span>
+                                  </div>
+                               )}
+                            </div>
+                         </td>
+                         <td className="px-8 py-5 text-center">
+                            <div className="flex flex-col items-center gap-1">
+                               <span className="text-[9px] font-black text-rose-400/70 truncate max-w-[150px]">{mode.causes?.find((c:any)=>c.id === m.cause_id)?.cause_text || 'GLOBAL_VECTOR'}</span>
+                            </div>
+                         </td>
+                         <td className="px-8 py-5 text-center">
+                            <span className={`px-3 py-1 rounded-lg text-[9px] font-black border ${completed ? 'bg-emerald-500/10 text-emerald-400 border-emerald-500/20' : 'bg-slate-800 text-slate-400 border-white/10'}`}>
+                               {m.status?.toUpperCase() || 'NOT STARTED'}
+                            </span>
+                         </td>
+                         <td className="px-8 py-5 text-right opacity-0 group-hover:opacity-100 transition-opacity">
+                            <div className="flex items-center justify-end gap-1">
+                              <button
+                                onClick={() => {
+                                  setSelectedCauseId(Number(m.cause_id))
+                                  setActiveMitigationModal({ isOpen: true, type: m.mitigation_type, initialData: m })
+                                }}
+                                disabled={readOnly}
+                                className="p-2 text-slate-600 hover:text-blue-400 transition-colors disabled:cursor-not-allowed disabled:opacity-40"
+                                title="Edit mitigation"
+                              >
+                                <Edit2 size={16}/>
+                              </button>
+                              <button
+                                onClick={() => {
+                                  if (deletingMitigationIdRef.current !== null) return
+                                  deletingMitigationIdRef.current = m.id
+                                  setDeletingMitigationId(m.id)
+                                  deleteMitigationMutation.mutate(m.id)
+                                }}
+                                disabled={readOnly || completed || deletingMitigationId !== null}
+                                className="p-2 text-slate-600 hover:text-rose-500 transition-colors disabled:cursor-not-allowed disabled:opacity-40"
+                                title={completed ? 'Completed mitigations cannot be deleted' : 'Delete Mitigation'}
+                              >
+                                <Trash2 size={16}/>
+                              </button>
+                            </div>
+                         </td>
+                      </tr>
+                      )
+                    })}
+                    {mode.mitigations?.filter((m: any) => m.cause_id === selectedCauseId).length === 0 && (
+                       <tr><td colSpan={5} className="py-20 text-center opacity-20 font-bold uppercase tracking-[0.3em]">No mitigation shields active for this cause</td></tr>
+                    )}
+                 </tbody>
+              </table>
+           </div>
+
+           <div className="bg-black/40 border border-emerald-500/10 rounded-lg overflow-hidden shadow-2xl">
+              <div className="flex items-center justify-between border-b border-white/10 bg-emerald-500/[0.03] px-8 py-4">
+                 <div>
+                    <h4 className="text-[10px] font-black uppercase tracking-[0.2em] text-emerald-400">Prevention Execution</h4>
+                    <p className="mt-1 text-[9px] font-bold uppercase text-slate-600">Verified or completed prevention advances this failure vector to maturity Lv8.</p>
+                 </div>
+                 <span className="text-[9px] font-black uppercase tracking-widest text-slate-500">
+                   {(mode.prevention_actions || []).filter((p: any) => p.cause_id === selectedCauseId).length} linked
+                 </span>
+              </div>
+              <table className="w-full text-left border-collapse">
+                 <thead className="border-b border-white/10 bg-white/[0.02]">
+                    <tr className="text-[9px] font-bold uppercase tracking-widest text-slate-500">
+                       <th className="px-8 py-3">Prevention Action / Project Objective</th>
+                       <th className="px-8 py-3">Owner</th>
+                       <th className="px-8 py-3">Target</th>
+                       <th className="px-8 py-3 text-right">FAR Status</th>
+                    </tr>
+                 </thead>
+                 <tbody className="divide-y divide-white/5">
+                    {(mode.prevention_actions || []).filter((p: any) => p.cause_id === selectedCauseId).map((p: any) => (
+                      <tr key={p.id} className="hover:bg-emerald-500/[0.03] transition-colors">
+                         <td className="px-8 py-4 text-[11px] font-bold text-slate-200">{p.prevention_action}</td>
+                         <td className="px-8 py-4 text-[10px] font-bold uppercase text-slate-500">{p.responsible_team || 'UNASSIGNED'}</td>
+                         <td className="px-8 py-4 text-[10px] font-bold uppercase text-slate-500">{p.target_date ? formatAppDate(p.target_date) : 'NO TARGET'}</td>
+                         <td className="px-8 py-4 text-right">
+                            <select
+                              value={p.status || 'Open'}
+                              disabled={readOnly || updatePreventionMutation.isPending}
+                              onChange={(event) => updatePreventionMutation.mutate({ preventionId: Number(p.id), status: event.target.value })}
+                              className="rounded-lg border border-emerald-500/20 bg-slate-950 px-3 py-1.5 text-[9px] font-black uppercase text-emerald-400 outline-none disabled:opacity-40"
+                            >
+                              <option value="Open">Open</option>
+                              <option value="In Progress">In Progress</option>
+                              <option value="Verified">Verified</option>
+                              <option value="Completed">Completed</option>
+                            </select>
+                         </td>
+                      </tr>
+                    ))}
+                    {(mode.prevention_actions || []).filter((p: any) => p.cause_id === selectedCauseId).length === 0 && (
+                      <tr><td colSpan={4} className="py-12 text-center text-[9px] font-bold uppercase tracking-[0.25em] text-slate-700">No prevention execution linked to this cause</td></tr>
+                    )}
+                 </tbody>
+              </table>
+           </div>
+        </div>
+
+        <MitigationFormModal 
+           key={activeMitigationModal?.initialData?.id ? `edit-${activeMitigationModal.initialData.id}` : `new-${activeMitigationModal?.type || 'mitigation'}`}
+           isOpen={!readOnly && activeMitigationModal?.isOpen}
+           onClose={() => setActiveMitigationModal(null)}
+           modeId={mode.id}
+           modeVersion={mode.version}
+           causeId={activeMitigationModal?.initialData?.cause_id ?? selectedCauseId}
+           type={activeMitigationModal?.type}
+           initialData={activeMitigationModal?.initialData}
+           bkms={bkms}
+           monitoring={monitoring}
+           onSave={onUpdate}
+        />
+
+        <PreventionFormModal 
+           isOpen={!readOnly && activePreventionModal?.isOpen}
+           onClose={() => setActivePreventionModal(null)}
+           modeId={mode.id}
+           modeVersion={mode.version}
+           causeId={selectedCauseId}
+           onSave={onUpdate}
+        />
+     </motion.div>
+   )
+ }
+   function HistoryTab({ mode, readOnly, onUpdate }: any) {
+     const [isLinking, setIsLinking] = useState(false)
+     const [search, setSearch] = useState('')
+     const queryClient = useQueryClient()
+     const navigate = useNavigate()
+
+     const { data: research } = useQuery({ 
+       queryKey: ['research-items'], 
+       queryFn: async () => (await apiFetch('/api/v1/investigations')).json() 
+     })
+
+     const filteredResearch = useMemo(() => {
+       if (!research) return []
+       return research.filter((r: any) => 
+         !search || r.title.toLowerCase().includes(search.toLowerCase()) || r.summary?.toLowerCase().includes(search.toLowerCase())
+       )
+     }, [research, search])
+
+     const linkMutation = useMutation({
+       mutationFn: async (researchId: number) => {
+         const currentLinks = mode.metadata_json?.linked_research_ids || []
+         if (currentLinks.includes(researchId)) {
+           toast.error('Research artifact already linked')
+           return
+         }
+         const updatedMetadata = { ...mode.metadata_json, linked_research_ids: [...currentLinks, researchId] }
+         const res = await apiFetch(`/api/v1/far/modes/${mode.id}`, {
+           method: 'PUT',
+           body: JSON.stringify(withFarExpectedVersion(mode.version, { metadata_json: updatedMetadata }))
+         })
+         if (!res.ok) throw new Error(await readFarMutationFailureMessage(res))
+         return res.json()
+       },
+       onSuccess: () => {
+         toast.success('Research Artifact Linked to Vector')
+         setIsLinking(false)
+         onUpdate()
+         queryClient.invalidateQueries({ queryKey: ['far', 'modes'] })
+       },
+       onError: (err: any) => {
+         toast.error(`Linking Failed: ${err.message}`)
+       }
+     })
+     const unlinkMutation = useMutation({
+       mutationFn: async (researchId: number) => {
+         const currentLinks = mode.metadata_json?.linked_research_ids || []
+         const updatedMetadata = {
+           ...mode.metadata_json,
+           linked_research_ids: currentLinks.filter((id: number) => id !== researchId)
+         }
+         const res = await apiFetch(`/api/v1/far/modes/${mode.id}`, {
+           method: 'PUT',
+           body: JSON.stringify(withFarExpectedVersion(mode.version, { metadata_json: updatedMetadata }))
+         })
+         if (!res.ok) throw new Error(await readFarMutationFailureMessage(res))
+         return res.json()
+       },
+       onSuccess: () => {
+         toast.success('Research artifact unlinked')
+         onUpdate()
+         queryClient.invalidateQueries({ queryKey: ['far', 'modes'] })
+       },
+       onError: (err: any) => {
+         toast.error(`Unlink Failed: ${err.message}`)
+       }
+     })
+
+     const linkedResearch = useMemo(() => {
+       if (!research || !mode.metadata_json?.linked_research_ids) return []
+       return research.filter((r: any) => mode.metadata_json.linked_research_ids.includes(r.id))
+     }, [research, mode.metadata_json])
+     return (
+       <motion.div initial={{ opacity: 0, y: 10 }} animate={{ opacity: 1, y: 0 }} exit={{ opacity: 0, y: 10 }} className="flex-1 flex flex-col space-y-6">
+          <div className="flex items-center justify-between">
+             <h3 className="text-sm font-bold uppercase tracking-[0.2em] text-slate-500 ">Analytical Research History</h3>
+             <button onClick={() => setIsLinking(true)} disabled={readOnly} className="px-6 py-2 bg-slate-800/50 border border-white/10 text-slate-400 rounded-lg text-[10px] font-bold uppercase  hover:bg-slate-700 hover:text-white transition-all disabled:cursor-not-allowed disabled:opacity-30">+ Link Research Artifact</button>
+          </div>
+
+          <div className="flex-1 overflow-y-auto custom-scrollbar pr-2 space-y-4">
+             {linkedResearch.map((r: any) => (
+                <div key={r.id} className="bg-white/5 border border-white/5 rounded-lg p-6 flex items-center justify-between group hover:bg-white/10 transition-all">
+                   <div className="flex items-center gap-6">
+                      <div className="p-4 bg-blue-500/10 rounded-lg text-blue-400 border border-blue-500/20"><Activity size={24}/></div>
+                      <div>
+                         <h4 className="text-sm font-bold text-white uppercase tracking-tight">{r.title}</h4>
+                         <div className="flex items-center gap-3 mt-1">
+                            <span className="text-[9px] font-bold text-slate-500 uppercase">Status: {r.status}</span>
+                            <span className="text-[9px] font-bold text-slate-500 uppercase">ID: {r.id}</span>
+                         </div>
+                      </div>
+                   </div>
+                   <div className="flex gap-3">
+                      <button onClick={() => navigate(`/research?type=research&id=${r.id}`)} className="p-2.5 bg-white/5 rounded-lg text-slate-500 hover:text-blue-400 transition-all opacity-0 group-hover:opacity-100"><Eye size={18}/></button>
+                      <button onClick={() => unlinkMutation.mutate(r.id)} disabled={readOnly} className="p-2.5 bg-white/5 rounded-lg text-slate-500 hover:text-rose-500 transition-all opacity-0 group-hover:opacity-100 disabled:cursor-not-allowed disabled:opacity-20"><Trash2 size={18}/></button>
+                   </div>
+                </div>
+             ))}
+             {linkedResearch.length === 0 && (
+                <div className="flex-1 flex flex-col items-center justify-center py-20 space-y-4 opacity-20 ">
+                   <Activity size={48} className="text-slate-500" />
+                   <p className="text-[12px] font-bold uppercase tracking-[0.3em] text-center max-w-md">No historical research artifacts currently mapped to this failure vector</p>
+                   <button onClick={() => navigate('/research')} className="text-[10px] font-bold uppercase underline tracking-widest text-rose-500">Initiate New Research Case</button>
+                </div>
+             )}
+          </div>
+          <AnimatePresence>
+             {!readOnly && isLinking && (
+                <div className="fixed inset-0 z-[200] flex items-center justify-center bg-black/80 backdrop-blur-md p-6">
+                   <motion.div initial={{ scale: 0.9, opacity: 0 }} animate={{ scale: 1, opacity: 1 }} className="glass-panel w-full max-w-lg p-10 rounded-lg border border-white/10 space-y-6">
+                      <div className="flex items-center justify-between border-b border-white/5 pb-4">
+                         <h3 className="text-xl font-bold uppercase text-white tracking-tighter">Link Research</h3>
+                         <button onClick={() => setIsLinking(false)} className="text-slate-500 hover:text-white transition-colors"><X size={24}/></button>
+                      </div>
+                      <div className="relative">
+                         <Search size={14} className="absolute left-4 top-1/2 -translate-y-1/2 text-slate-600" />
+                         <input 
+                           value={search} 
+                           onChange={e => setSearch(e.target.value)} 
+                           placeholder="Search research artifacts..." 
+                           className="w-full bg-black/40 border border-white/10 rounded-lg pl-11 pr-4 py-3 text-xs font-bold text-white outline-none focus:border-rose-500" 
+                         />
+                      </div>
+                      <div className="max-h-[300px] overflow-y-auto custom-scrollbar pr-2 space-y-2">
+                         {filteredResearch?.map((r: any) => (
+                           <button 
+                             key={r.id} 
+                             onClick={() => linkMutation.mutate(r.id)}
+                             className="w-full text-left p-4 rounded-lg bg-white/5 border border-white/5 hover:border-rose-500/30 hover:bg-rose-500/5 transition-all group"
+                           >
+                              <p className="text-[11px] font-bold text-white uppercase">{r.title}</p>
+                              <p className="text-[9px] text-slate-500 font-bold uppercase mt-1">Status: {r.status}</p>
+                           </button>
+                         ))}
+                      </div>
+                   </motion.div>
+                </div>
+             )}
+          </AnimatePresence>
+       </motion.div>
+     )
+   }
+

 ❯ src/components/shared/OperationalBulkContract.test.ts:237:23
    235|     const researchSource = readSource('Research.tsx')
    236|
    237|     expect(farSource).toContain('<OperationalDataGrid')
       |                       ^
    238|     expect(researchSource).toContain('<OperationalDataGrid')
    239|     expect(farSource).not.toContain('surfaceVariant="attached-panel"')

⎯⎯⎯⎯⎯⎯⎯⎯⎯⎯⎯⎯⎯⎯⎯⎯⎯⎯⎯⎯⎯⎯[18/18]⎯


 Test Files  7 failed | 119 passed (126)
      Tests  18 failed | 662 passed (680)
   Start at  13:55:50
   Duration  18.16s (transform 9.74s, setup 10.92s, import 32.84s, tests 11.75s, environment 115.66s)

