
> system-grid-frontend@1.2.4 test:e2e
> playwright test


Running 208 tests using 1 worker

(node:80440) Warning: The 'NO_COLOR' env is ignored due to the 'FORCE_COLOR' env being set.
(Use `node --trace-warnings ...` to show where the warning was created)
Failed to clear backend settings: apiRequestContext.post: connect ECONNREFUSED 127.0.0.1:8000
Call log:
  - → POST http://127.0.0.1:8000/api/v1/settings/user/settings
    - user-agent: Mozilla/5.0 (Macintosh; Intel Mac OS X 10_15_7) AppleWebKit/537.36 (KHTML, like Gecko) HeadlessChrome/153.0.8010.12 Safari/537.36
    - accept: */*
    - accept-encoding: gzip,deflate,br
    - X-User-Id: haewon.kim
    - X-Tenant-Id: 1
    - content-type: application/json
    - content-length: 1880

    at resetBrowserState (/Users/haewonkim/.codex-fabric/worktrees/CF-636cebcd88631ae64e47fa3c/frontend/tests/helpers/sysgrid.ts:126:24)
    at /Users/haewonkim/.codex-fabric/worktrees/CF-636cebcd88631ae64e47fa3c/frontend/tests/architecture-workflows.spec.ts:10:11 {
  log: [
    '  - → POST http://127.0.0.1:8000/api/v1/settings/user/settings',
    '    - user-agent: Mozilla/5.0 (Macintosh; Intel Mac OS X 10_15_7) AppleWebKit/537.36 (KHTML, like Gecko) HeadlessChrome/153.0.8010.12 Safari/537.36',
    '    - accept: */*',
    '    - accept-encoding: gzip,deflate,br',
    '    - X-User-Id: haewon.kim',
    '    - X-Tenant-Id: 1',
    '    - content-type: application/json',
    '    - content-length: 1880'
  ],
  name: 'Error',
  [Symbol(step)]: {
    location: {
      file: '/Users/haewonkim/.codex-fabric/worktrees/CF-636cebcd88631ae64e47fa3c/frontend/tests/helpers/sysgrid.ts',
      line: 126,
      column: 24,
      function: 'resetBrowserState'
    },
    category: 'pw:api',
    title: 'POST',
    subtitle: '127.0.0.1:8000/api/v1/settings/user/settings',
    params: {
      url: 'http://127.0.0.1:8000/api/v1/settings/user/settings',
      method: 'POST'
    },
    group: undefined,
    stepId: 'pw:api@44',
    boxedStack: undefined,
    steps: [],
    attachmentIndices: [],
    info: TestStepInfoImpl {
      annotations: [],
      _testInfo: [TestInfoImpl],
      _stepId: 'pw:api@44',
      _title: 'POST',
      _parentStep: undefined,
      skip: [Function (anonymous)]
    },
    complete: [Function: complete],
    endWallTime: 1789758673553,
    error: {
      message: 'Error: apiRequestContext.post: connect ECONNREFUSED 127.0.0.1:8000\n' +
        'Call log:\n' +
        '\x1B[2m  - → POST http://127.0.0.1:8000/api/v1/settings/user/settings\x1B[22m\n' +
        '\x1B[2m    - user-agent: Mozilla/5.0 (Macintosh; Intel Mac OS X 10_15_7) AppleWebKit/537.36 (KHTML, like Gecko) HeadlessChrome/153.0.8010.12 Safari/537.36\x1B[22m\n' +
        '\x1B[2m    - accept: */*\x1B[22m\n' +
        '\x1B[2m    - accept-encoding: gzip,deflate,br\x1B[22m\n' +
        '\x1B[2m    - X-User-Id: haewon.kim\x1B[22m\n' +
        '\x1B[2m    - X-Tenant-Id: 1\x1B[22m\n' +
        '\x1B[2m    - content-type: application/json\x1B[22m\n' +
        '\x1B[2m    - content-length: 1880\x1B[22m\n',
      stack: 'Error: apiRequestContext.post: connect ECONNREFUSED 127.0.0.1:8000\n' +
        'Call log:\n' +
        '\x1B[2m  - → POST http://127.0.0.1:8000/api/v1/settings/user/settings\x1B[22m\n' +
        '\x1B[2m    - user-agent: Mozilla/5.0 (Macintosh; Intel Mac OS X 10_15_7) AppleWebKit/537.36 (KHTML, like Gecko) HeadlessChrome/153.0.8010.12 Safari/537.36\x1B[22m\n' +
        '\x1B[2m    - accept: */*\x1B[22m\n' +
        '\x1B[2m    - accept-encoding: gzip,deflate,br\x1B[22m\n' +
        '\x1B[2m    - X-User-Id: haewon.kim\x1B[22m\n' +
        '\x1B[2m    - X-Tenant-Id: 1\x1B[22m\n' +
        '\x1B[2m    - content-type: application/json\x1B[22m\n' +
        '\x1B[2m    - content-length: 1880\x1B[22m\n' +
        '\n' +
        '    at resetBrowserState (/Users/haewonkim/.codex-fabric/worktrees/CF-636cebcd88631ae64e47fa3c/frontend/tests/helpers/sysgrid.ts:126:24)\n' +
        '    at /Users/haewonkim/.codex-fabric/worktrees/CF-636cebcd88631ae64e47fa3c/frontend/tests/architecture-workflows.spec.ts:10:11',
      cause: undefined
    }
  }
}
  ✘    1 tests/architecture-workflows.spec.ts:9:3 › Architecture workflows › creates an architecture, adds internal and external inventory, and persists the manifest (330ms)
(node:80451) Warning: The 'NO_COLOR' env is ignored due to the 'FORCE_COLOR' env being set.
(Use `node --trace-warnings ...` to show where the warning was created)
Failed to clear backend settings: apiRequestContext.post: connect ECONNREFUSED 127.0.0.1:8000
Call log:
  - → POST http://127.0.0.1:8000/api/v1/settings/user/settings
    - user-agent: Mozilla/5.0 (Macintosh; Intel Mac OS X 10_15_7) AppleWebKit/537.36 (KHTML, like Gecko) HeadlessChrome/153.0.8010.12 Safari/537.36
    - accept: */*
    - accept-encoding: gzip,deflate,br
    - X-User-Id: haewon.kim
    - X-Tenant-Id: 1
    - content-type: application/json
    - content-length: 1880

    at resetBrowserState (/Users/haewonkim/.codex-fabric/worktrees/CF-636cebcd88631ae64e47fa3c/frontend/tests/helpers/sysgrid.ts:126:24)
    at /Users/haewonkim/.codex-fabric/worktrees/CF-636cebcd88631ae64e47fa3c/frontend/tests/architecture-workflows.spec.ts:149:11 {
  log: [
    '  - → POST http://127.0.0.1:8000/api/v1/settings/user/settings',
    '    - user-agent: Mozilla/5.0 (Macintosh; Intel Mac OS X 10_15_7) AppleWebKit/537.36 (KHTML, like Gecko) HeadlessChrome/153.0.8010.12 Safari/537.36',
    '    - accept: */*',
    '    - accept-encoding: gzip,deflate,br',
    '    - X-User-Id: haewon.kim',
    '    - X-Tenant-Id: 1',
    '    - content-type: application/json',
    '    - content-length: 1880'
  ],
  name: 'Error',
  [Symbol(step)]: {
    location: {
      file: '/Users/haewonkim/.codex-fabric/worktrees/CF-636cebcd88631ae64e47fa3c/frontend/tests/helpers/sysgrid.ts',
      line: 126,
      column: 24,
      function: 'resetBrowserState'
    },
    category: 'pw:api',
    title: 'POST',
    subtitle: '127.0.0.1:8000/api/v1/settings/user/settings',
    params: {
      url: 'http://127.0.0.1:8000/api/v1/settings/user/settings',
      method: 'POST'
    },
    group: undefined,
    stepId: 'pw:api@44',
    boxedStack: undefined,
    steps: [],
    attachmentIndices: [],
    info: TestStepInfoImpl {
      annotations: [],
      _testInfo: [TestInfoImpl],
      _stepId: 'pw:api@44',
      _title: 'POST',
      _parentStep: undefined,
      skip: [Function (anonymous)]
    },
    complete: [Function: complete],
    endWallTime: 1789758674038,
    error: {
      message: 'Error: apiRequestContext.post: connect ECONNREFUSED 127.0.0.1:8000\n' +
        'Call log:\n' +
        '\x1B[2m  - → POST http://127.0.0.1:8000/api/v1/settings/user/settings\x1B[22m\n' +
        '\x1B[2m    - user-agent: Mozilla/5.0 (Macintosh; Intel Mac OS X 10_15_7) AppleWebKit/537.36 (KHTML, like Gecko) HeadlessChrome/153.0.8010.12 Safari/537.36\x1B[22m\n' +
        '\x1B[2m    - accept: */*\x1B[22m\n' +
        '\x1B[2m    - accept-encoding: gzip,deflate,br\x1B[22m\n' +
        '\x1B[2m    - X-User-Id: haewon.kim\x1B[22m\n' +
        '\x1B[2m    - X-Tenant-Id: 1\x1B[22m\n' +
        '\x1B[2m    - content-type: application/json\x1B[22m\n' +
        '\x1B[2m    - content-length: 1880\x1B[22m\n',
      stack: 'Error: apiRequestContext.post: connect ECONNREFUSED 127.0.0.1:8000\n' +
        'Call log:\n' +
        '\x1B[2m  - → POST http://127.0.0.1:8000/api/v1/settings/user/settings\x1B[22m\n' +
        '\x1B[2m    - user-agent: Mozilla/5.0 (Macintosh; Intel Mac OS X 10_15_7) AppleWebKit/537.36 (KHTML, like Gecko) HeadlessChrome/153.0.8010.12 Safari/537.36\x1B[22m\n' +
        '\x1B[2m    - accept: */*\x1B[22m\n' +
        '\x1B[2m    - accept-encoding: gzip,deflate,br\x1B[22m\n' +
        '\x1B[2m    - X-User-Id: haewon.kim\x1B[22m\n' +
        '\x1B[2m    - X-Tenant-Id: 1\x1B[22m\n' +
        '\x1B[2m    - content-type: application/json\x1B[22m\n' +
        '\x1B[2m    - content-length: 1880\x1B[22m\n' +
        '\n' +
        '    at resetBrowserState (/Users/haewonkim/.codex-fabric/worktrees/CF-636cebcd88631ae64e47fa3c/frontend/tests/helpers/sysgrid.ts:126:24)\n' +
        '    at /Users/haewonkim/.codex-fabric/worktrees/CF-636cebcd88631ae64e47fa3c/frontend/tests/architecture-workflows.spec.ts:149:11',
      cause: undefined
    }
  }
}
  ✘    2 tests/architecture-workflows.spec.ts:148:3 › Architecture workflows › persists service-level swimlane workflows and protects against accidental exit (177ms)
(node:80461) Warning: The 'NO_COLOR' env is ignored due to the 'FORCE_COLOR' env being set.
(Use `node --trace-warnings ...` to show where the warning was created)
Failed to clear backend settings: apiRequestContext.post: connect ECONNREFUSED 127.0.0.1:8000
Call log:
  - → POST http://127.0.0.1:8000/api/v1/settings/user/settings
    - user-agent: Mozilla/5.0 (Macintosh; Intel Mac OS X 10_15_7) AppleWebKit/537.36 (KHTML, like Gecko) HeadlessChrome/153.0.8010.12 Safari/537.36
    - accept: */*
    - accept-encoding: gzip,deflate,br
    - X-User-Id: haewon.kim
    - X-Tenant-Id: 1
    - content-type: application/json
    - content-length: 1880

    at resetBrowserState (/Users/haewonkim/.codex-fabric/worktrees/CF-636cebcd88631ae64e47fa3c/frontend/tests/helpers/sysgrid.ts:126:24)
    at /Users/haewonkim/.codex-fabric/worktrees/CF-636cebcd88631ae64e47fa3c/frontend/tests/assets-golden-evidence.spec.ts:695:11 {
  log: [
    '  - → POST http://127.0.0.1:8000/api/v1/settings/user/settings',
    '    - user-agent: Mozilla/5.0 (Macintosh; Intel Mac OS X 10_15_7) AppleWebKit/537.36 (KHTML, like Gecko) HeadlessChrome/153.0.8010.12 Safari/537.36',
    '    - accept: */*',
    '    - accept-encoding: gzip,deflate,br',
    '    - X-User-Id: haewon.kim',
    '    - X-Tenant-Id: 1',
    '    - content-type: application/json',
    '    - content-length: 1880'
  ],
  name: 'Error',
  [Symbol(step)]: {
    location: {
      file: '/Users/haewonkim/.codex-fabric/worktrees/CF-636cebcd88631ae64e47fa3c/frontend/tests/helpers/sysgrid.ts',
      line: 126,
      column: 24,
      function: 'resetBrowserState'
    },
    category: 'pw:api',
    title: 'POST',
    subtitle: '127.0.0.1:8000/api/v1/settings/user/settings',
    params: {
      url: 'http://127.0.0.1:8000/api/v1/settings/user/settings',
      method: 'POST'
    },
    group: undefined,
    stepId: 'pw:api@44',
    boxedStack: undefined,
    steps: [],
    attachmentIndices: [],
    info: TestStepInfoImpl {
      annotations: [],
      _testInfo: [TestInfoImpl],
      _stepId: 'pw:api@44',
      _title: 'POST',
      _parentStep: undefined,
      skip: [Function (anonymous)]
    },
    complete: [Function: complete],
    endWallTime: 1789758674498,
    error: {
      message: 'Error: apiRequestContext.post: connect ECONNREFUSED 127.0.0.1:8000\n' +
        'Call log:\n' +
        '\x1B[2m  - → POST http://127.0.0.1:8000/api/v1/settings/user/settings\x1B[22m\n' +
        '\x1B[2m    - user-agent: Mozilla/5.0 (Macintosh; Intel Mac OS X 10_15_7) AppleWebKit/537.36 (KHTML, like Gecko) HeadlessChrome/153.0.8010.12 Safari/537.36\x1B[22m\n' +
        '\x1B[2m    - accept: */*\x1B[22m\n' +
        '\x1B[2m    - accept-encoding: gzip,deflate,br\x1B[22m\n' +
        '\x1B[2m    - X-User-Id: haewon.kim\x1B[22m\n' +
        '\x1B[2m    - X-Tenant-Id: 1\x1B[22m\n' +
        '\x1B[2m    - content-type: application/json\x1B[22m\n' +
        '\x1B[2m    - content-length: 1880\x1B[22m\n',
      stack: 'Error: apiRequestContext.post: connect ECONNREFUSED 127.0.0.1:8000\n' +
        'Call log:\n' +
        '\x1B[2m  - → POST http://127.0.0.1:8000/api/v1/settings/user/settings\x1B[22m\n' +
        '\x1B[2m    - user-agent: Mozilla/5.0 (Macintosh; Intel Mac OS X 10_15_7) AppleWebKit/537.36 (KHTML, like Gecko) HeadlessChrome/153.0.8010.12 Safari/537.36\x1B[22m\n' +
        '\x1B[2m    - accept: */*\x1B[22m\n' +
        '\x1B[2m    - accept-encoding: gzip,deflate,br\x1B[22m\n' +
        '\x1B[2m    - X-User-Id: haewon.kim\x1B[22m\n' +
        '\x1B[2m    - X-Tenant-Id: 1\x1B[22m\n' +
        '\x1B[2m    - content-type: application/json\x1B[22m\n' +
        '\x1B[2m    - content-length: 1880\x1B[22m\n' +
        '\n' +
        '    at resetBrowserState (/Users/haewonkim/.codex-fabric/worktrees/CF-636cebcd88631ae64e47fa3c/frontend/tests/helpers/sysgrid.ts:126:24)\n' +
        '    at /Users/haewonkim/.codex-fabric/worktrees/CF-636cebcd88631ae64e47fa3c/frontend/tests/assets-golden-evidence.spec.ts:695:11',
      cause: undefined
    }
  }
}
  ✘    3 tests/assets-golden-evidence.spec.ts:690:3 › Assets golden evidence capture › captures stage31 workspace evidence (166ms)
(node:80472) Warning: The 'NO_COLOR' env is ignored due to the 'FORCE_COLOR' env being set.
(Use `node --trace-warnings ...` to show where the warning was created)
Failed to clear backend settings: apiRequestContext.post: connect ECONNREFUSED 127.0.0.1:8000
Call log:
  - → POST http://127.0.0.1:8000/api/v1/settings/user/settings
    - user-agent: Mozilla/5.0 (Macintosh; Intel Mac OS X 10_15_7) AppleWebKit/537.36 (KHTML, like Gecko) HeadlessChrome/153.0.8010.12 Safari/537.36
    - accept: */*
    - accept-encoding: gzip,deflate,br
    - X-User-Id: haewon.kim
    - X-Tenant-Id: 1
    - content-type: application/json
    - content-length: 1880

    at resetBrowserState (/Users/haewonkim/.codex-fabric/worktrees/CF-636cebcd88631ae64e47fa3c/frontend/tests/helpers/sysgrid.ts:126:24)
    at /Users/haewonkim/.codex-fabric/worktrees/CF-636cebcd88631ae64e47fa3c/frontend/tests/assets-revert.spec.ts:7:11 {
  log: [
    '  - → POST http://127.0.0.1:8000/api/v1/settings/user/settings',
    '    - user-agent: Mozilla/5.0 (Macintosh; Intel Mac OS X 10_15_7) AppleWebKit/537.36 (KHTML, like Gecko) HeadlessChrome/153.0.8010.12 Safari/537.36',
    '    - accept: */*',
    '    - accept-encoding: gzip,deflate,br',
    '    - X-User-Id: haewon.kim',
    '    - X-Tenant-Id: 1',
    '    - content-type: application/json',
    '    - content-length: 1880'
  ],
  name: 'Error',
  [Symbol(step)]: {
    location: {
      file: '/Users/haewonkim/.codex-fabric/worktrees/CF-636cebcd88631ae64e47fa3c/frontend/tests/helpers/sysgrid.ts',
      line: 126,
      column: 24,
      function: 'resetBrowserState'
    },
    category: 'pw:api',
    title: 'POST',
    subtitle: '127.0.0.1:8000/api/v1/settings/user/settings',
    params: {
      url: 'http://127.0.0.1:8000/api/v1/settings/user/settings',
      method: 'POST'
    },
    group: undefined,
    stepId: 'pw:api@44',
    boxedStack: undefined,
    steps: [],
    attachmentIndices: [],
    info: TestStepInfoImpl {
      annotations: [],
      _testInfo: [TestInfoImpl],
      _stepId: 'pw:api@44',
      _title: 'POST',
      _parentStep: undefined,
      skip: [Function (anonymous)]
    },
    complete: [Function: complete],
    endWallTime: 1789758674945,
    error: {
      message: 'Error: apiRequestContext.post: connect ECONNREFUSED 127.0.0.1:8000\n' +
        'Call log:\n' +
        '\x1B[2m  - → POST http://127.0.0.1:8000/api/v1/settings/user/settings\x1B[22m\n' +
        '\x1B[2m    - user-agent: Mozilla/5.0 (Macintosh; Intel Mac OS X 10_15_7) AppleWebKit/537.36 (KHTML, like Gecko) HeadlessChrome/153.0.8010.12 Safari/537.36\x1B[22m\n' +
        '\x1B[2m    - accept: */*\x1B[22m\n' +
        '\x1B[2m    - accept-encoding: gzip,deflate,br\x1B[22m\n' +
        '\x1B[2m    - X-User-Id: haewon.kim\x1B[22m\n' +
        '\x1B[2m    - X-Tenant-Id: 1\x1B[22m\n' +
        '\x1B[2m    - content-type: application/json\x1B[22m\n' +
        '\x1B[2m    - content-length: 1880\x1B[22m\n',
      stack: 'Error: apiRequestContext.post: connect ECONNREFUSED 127.0.0.1:8000\n' +
        'Call log:\n' +
        '\x1B[2m  - → POST http://127.0.0.1:8000/api/v1/settings/user/settings\x1B[22m\n' +
        '\x1B[2m    - user-agent: Mozilla/5.0 (Macintosh; Intel Mac OS X 10_15_7) AppleWebKit/537.36 (KHTML, like Gecko) HeadlessChrome/153.0.8010.12 Safari/537.36\x1B[22m\n' +
        '\x1B[2m    - accept: */*\x1B[22m\n' +
        '\x1B[2m    - accept-encoding: gzip,deflate,br\x1B[22m\n' +
        '\x1B[2m    - X-User-Id: haewon.kim\x1B[22m\n' +
        '\x1B[2m    - X-Tenant-Id: 1\x1B[22m\n' +
        '\x1B[2m    - content-type: application/json\x1B[22m\n' +
        '\x1B[2m    - content-length: 1880\x1B[22m\n' +
        '\n' +
        '    at resetBrowserState (/Users/haewonkim/.codex-fabric/worktrees/CF-636cebcd88631ae64e47fa3c/frontend/tests/helpers/sysgrid.ts:126:24)\n' +
        '    at /Users/haewonkim/.codex-fabric/worktrees/CF-636cebcd88631ae64e47fa3c/frontend/tests/assets-revert.spec.ts:7:11',
      cause: undefined
    }
  }
}
  ✘    4 tests/assets-revert.spec.ts:6:3 › Assets Revert lifecycle › reverts the immutable completed row operation after selection changes (172ms)
(node:80485) Warning: The 'NO_COLOR' env is ignored due to the 'FORCE_COLOR' env being set.
(Use `node --trace-warnings ...` to show where the warning was created)
Failed to clear backend settings: apiRequestContext.post: connect ECONNREFUSED 127.0.0.1:8000
Call log:
  - → POST http://127.0.0.1:8000/api/v1/settings/user/settings
    - user-agent: Mozilla/5.0 (Macintosh; Intel Mac OS X 10_15_7) AppleWebKit/537.36 (KHTML, like Gecko) HeadlessChrome/153.0.8010.12 Safari/537.36
    - accept: */*
    - accept-encoding: gzip,deflate,br
    - X-User-Id: haewon.kim
    - X-Tenant-Id: 1
    - content-type: application/json
    - content-length: 1880

    at resetBrowserState (/Users/haewonkim/.codex-fabric/worktrees/CF-636cebcd88631ae64e47fa3c/frontend/tests/helpers/sysgrid.ts:126:24)
    at /Users/haewonkim/.codex-fabric/worktrees/CF-636cebcd88631ae64e47fa3c/frontend/tests/assets-stage33-evidence.spec.ts:699:11 {
  log: [
    '  - → POST http://127.0.0.1:8000/api/v1/settings/user/settings',
    '    - user-agent: Mozilla/5.0 (Macintosh; Intel Mac OS X 10_15_7) AppleWebKit/537.36 (KHTML, like Gecko) HeadlessChrome/153.0.8010.12 Safari/537.36',
    '    - accept: */*',
    '    - accept-encoding: gzip,deflate,br',
    '    - X-User-Id: haewon.kim',
    '    - X-Tenant-Id: 1',
    '    - content-type: application/json',
    '    - content-length: 1880'
  ],
  name: 'Error',
  [Symbol(step)]: {
    location: {
      file: '/Users/haewonkim/.codex-fabric/worktrees/CF-636cebcd88631ae64e47fa3c/frontend/tests/helpers/sysgrid.ts',
      line: 126,
      column: 24,
      function: 'resetBrowserState'
    },
    category: 'pw:api',
    title: 'POST',
    subtitle: '127.0.0.1:8000/api/v1/settings/user/settings',
    params: {
      url: 'http://127.0.0.1:8000/api/v1/settings/user/settings',
      method: 'POST'
    },
    group: undefined,
    stepId: 'pw:api@44',
    boxedStack: undefined,
    steps: [],
    attachmentIndices: [],
    info: TestStepInfoImpl {
      annotations: [],
      _testInfo: [TestInfoImpl],
      _stepId: 'pw:api@44',
      _title: 'POST',
      _parentStep: undefined,
      skip: [Function (anonymous)]
    },
    complete: [Function: complete],
    endWallTime: 1789758675393,
    error: {
      message: 'Error: apiRequestContext.post: connect ECONNREFUSED 127.0.0.1:8000\n' +
        'Call log:\n' +
        '\x1B[2m  - → POST http://127.0.0.1:8000/api/v1/settings/user/settings\x1B[22m\n' +
        '\x1B[2m    - user-agent: Mozilla/5.0 (Macintosh; Intel Mac OS X 10_15_7) AppleWebKit/537.36 (KHTML, like Gecko) HeadlessChrome/153.0.8010.12 Safari/537.36\x1B[22m\n' +
        '\x1B[2m    - accept: */*\x1B[22m\n' +
        '\x1B[2m    - accept-encoding: gzip,deflate,br\x1B[22m\n' +
        '\x1B[2m    - X-User-Id: haewon.kim\x1B[22m\n' +
        '\x1B[2m    - X-Tenant-Id: 1\x1B[22m\n' +
        '\x1B[2m    - content-type: application/json\x1B[22m\n' +
        '\x1B[2m    - content-length: 1880\x1B[22m\n',
      stack: 'Error: apiRequestContext.post: connect ECONNREFUSED 127.0.0.1:8000\n' +
        'Call log:\n' +
        '\x1B[2m  - → POST http://127.0.0.1:8000/api/v1/settings/user/settings\x1B[22m\n' +
        '\x1B[2m    - user-agent: Mozilla/5.0 (Macintosh; Intel Mac OS X 10_15_7) AppleWebKit/537.36 (KHTML, like Gecko) HeadlessChrome/153.0.8010.12 Safari/537.36\x1B[22m\n' +
        '\x1B[2m    - accept: */*\x1B[22m\n' +
        '\x1B[2m    - accept-encoding: gzip,deflate,br\x1B[22m\n' +
        '\x1B[2m    - X-User-Id: haewon.kim\x1B[22m\n' +
        '\x1B[2m    - X-Tenant-Id: 1\x1B[22m\n' +
        '\x1B[2m    - content-type: application/json\x1B[22m\n' +
        '\x1B[2m    - content-length: 1880\x1B[22m\n' +
        '\n' +
        '    at resetBrowserState (/Users/haewonkim/.codex-fabric/worktrees/CF-636cebcd88631ae64e47fa3c/frontend/tests/helpers/sysgrid.ts:126:24)\n' +
        '    at /Users/haewonkim/.codex-fabric/worktrees/CF-636cebcd88631ae64e47fa3c/frontend/tests/assets-stage33-evidence.spec.ts:699:11',
      cause: undefined
    }
  }
}
  ✘    5 tests/assets-stage33-evidence.spec.ts:694:3 › Assets Stage 33 evidence capture › captures stage33 lock-proof evidence (175ms)
(node:80500) Warning: The 'NO_COLOR' env is ignored due to the 'FORCE_COLOR' env being set.
(Use `node --trace-warnings ...` to show where the warning was created)
[Harness] Cleaning existing and initializing stage34-evidence directory
Failed to clear backend settings: apiRequestContext.post: connect ECONNREFUSED 127.0.0.1:8000
Call log:
  - → POST http://127.0.0.1:8000/api/v1/settings/user/settings
    - user-agent: Mozilla/5.0 (Macintosh; Intel Mac OS X 10_15_7) AppleWebKit/537.36 (KHTML, like Gecko) HeadlessChrome/153.0.8010.12 Safari/537.36
    - accept: */*
    - accept-encoding: gzip,deflate,br
    - X-User-Id: haewon.kim
    - X-Tenant-Id: 1
    - content-type: application/json
    - content-length: 1880

    at resetBrowserState (/Users/haewonkim/.codex-fabric/worktrees/CF-636cebcd88631ae64e47fa3c/frontend/tests/helpers/sysgrid.ts:126:24)
    at /Users/haewonkim/.codex-fabric/worktrees/CF-636cebcd88631ae64e47fa3c/frontend/tests/assets-stage34-evidence.spec.ts:716:11 {
  log: [
    '  - → POST http://127.0.0.1:8000/api/v1/settings/user/settings',
    '    - user-agent: Mozilla/5.0 (Macintosh; Intel Mac OS X 10_15_7) AppleWebKit/537.36 (KHTML, like Gecko) HeadlessChrome/153.0.8010.12 Safari/537.36',
    '    - accept: */*',
    '    - accept-encoding: gzip,deflate,br',
    '    - X-User-Id: haewon.kim',
    '    - X-Tenant-Id: 1',
    '    - content-type: application/json',
    '    - content-length: 1880'
  ],
  name: 'Error',
  [Symbol(step)]: {
    location: {
      file: '/Users/haewonkim/.codex-fabric/worktrees/CF-636cebcd88631ae64e47fa3c/frontend/tests/helpers/sysgrid.ts',
      line: 126,
      column: 24,
      function: 'resetBrowserState'
    },
    category: 'pw:api',
    title: 'POST',
    subtitle: '127.0.0.1:8000/api/v1/settings/user/settings',
    params: {
      url: 'http://127.0.0.1:8000/api/v1/settings/user/settings',
      method: 'POST'
    },
    group: undefined,
    stepId: 'pw:api@44',
    boxedStack: undefined,
    steps: [],
    attachmentIndices: [],
    info: TestStepInfoImpl {
      annotations: [],
      _testInfo: [TestInfoImpl],
      _stepId: 'pw:api@44',
      _title: 'POST',
      _parentStep: undefined,
      skip: [Function (anonymous)]
    },
    complete: [Function: complete],
    endWallTime: 1789758675866,
    error: {
      message: 'Error: apiRequestContext.post: connect ECONNREFUSED 127.0.0.1:8000\n' +
        'Call log:\n' +
        '\x1B[2m  - → POST http://127.0.0.1:8000/api/v1/settings/user/settings\x1B[22m\n' +
        '\x1B[2m    - user-agent: Mozilla/5.0 (Macintosh; Intel Mac OS X 10_15_7) AppleWebKit/537.36 (KHTML, like Gecko) HeadlessChrome/153.0.8010.12 Safari/537.36\x1B[22m\n' +
        '\x1B[2m    - accept: */*\x1B[22m\n' +
        '\x1B[2m    - accept-encoding: gzip,deflate,br\x1B[22m\n' +
        '\x1B[2m    - X-User-Id: haewon.kim\x1B[22m\n' +
        '\x1B[2m    - X-Tenant-Id: 1\x1B[22m\n' +
        '\x1B[2m    - content-type: application/json\x1B[22m\n' +
        '\x1B[2m    - content-length: 1880\x1B[22m\n',
      stack: 'Error: apiRequestContext.post: connect ECONNREFUSED 127.0.0.1:8000\n' +
        'Call log:\n' +
        '\x1B[2m  - → POST http://127.0.0.1:8000/api/v1/settings/user/settings\x1B[22m\n' +
        '\x1B[2m    - user-agent: Mozilla/5.0 (Macintosh; Intel Mac OS X 10_15_7) AppleWebKit/537.36 (KHTML, like Gecko) HeadlessChrome/153.0.8010.12 Safari/537.36\x1B[22m\n' +
        '\x1B[2m    - accept: */*\x1B[22m\n' +
        '\x1B[2m    - accept-encoding: gzip,deflate,br\x1B[22m\n' +
        '\x1B[2m    - X-User-Id: haewon.kim\x1B[22m\n' +
        '\x1B[2m    - X-Tenant-Id: 1\x1B[22m\n' +
        '\x1B[2m    - content-type: application/json\x1B[22m\n' +
        '\x1B[2m    - content-length: 1880\x1B[22m\n' +
        '\n' +
        '    at resetBrowserState (/Users/haewonkim/.codex-fabric/worktrees/CF-636cebcd88631ae64e47fa3c/frontend/tests/helpers/sysgrid.ts:126:24)\n' +
        '    at /Users/haewonkim/.codex-fabric/worktrees/CF-636cebcd88631ae64e47fa3c/frontend/tests/assets-stage34-evidence.spec.ts:716:11',
      cause: undefined
    }
  }
}
[Harness] Seeding operational scenario...
  ✘    6 tests/assets-stage34-evidence.spec.ts:710:3 › Assets Stage 34 evidence capture › captures stage34 lock-proof evidence (168ms)
(node:80522) Warning: The 'NO_COLOR' env is ignored due to the 'FORCE_COLOR' env being set.
(Use `node --trace-warnings ...` to show where the warning was created)
[Harness] Cleaning existing and initializing stage35-evidence directory
Failed to clear backend settings: apiRequestContext.post: connect ECONNREFUSED 127.0.0.1:8000
Call log:
  - → POST http://127.0.0.1:8000/api/v1/settings/user/settings
    - user-agent: Mozilla/5.0 (Macintosh; Intel Mac OS X 10_15_7) AppleWebKit/537.36 (KHTML, like Gecko) HeadlessChrome/153.0.8010.12 Safari/537.36
    - accept: */*
    - accept-encoding: gzip,deflate,br
    - X-User-Id: haewon.kim
    - X-Tenant-Id: 1
    - content-type: application/json
    - content-length: 1880

    at resetBrowserState (/Users/haewonkim/.codex-fabric/worktrees/CF-636cebcd88631ae64e47fa3c/frontend/tests/helpers/sysgrid.ts:126:24)
    at /Users/haewonkim/.codex-fabric/worktrees/CF-636cebcd88631ae64e47fa3c/frontend/tests/assets-stage35-evidence.spec.ts:715:11 {
  log: [
    '  - → POST http://127.0.0.1:8000/api/v1/settings/user/settings',
    '    - user-agent: Mozilla/5.0 (Macintosh; Intel Mac OS X 10_15_7) AppleWebKit/537.36 (KHTML, like Gecko) HeadlessChrome/153.0.8010.12 Safari/537.36',
    '    - accept: */*',
    '    - accept-encoding: gzip,deflate,br',
    '    - X-User-Id: haewon.kim',
    '    - X-Tenant-Id: 1',
    '    - content-type: application/json',
    '    - content-length: 1880'
  ],
  name: 'Error',
  [Symbol(step)]: {
    location: {
      file: '/Users/haewonkim/.codex-fabric/worktrees/CF-636cebcd88631ae64e47fa3c/frontend/tests/helpers/sysgrid.ts',
      line: 126,
      column: 24,
      function: 'resetBrowserState'
    },
    category: 'pw:api',
    title: 'POST',
    subtitle: '127.0.0.1:8000/api/v1/settings/user/settings',
    params: {
      url: 'http://127.0.0.1:8000/api/v1/settings/user/settings',
      method: 'POST'
    },
    group: undefined,
    stepId: 'pw:api@44',
    boxedStack: undefined,
    steps: [],
    attachmentIndices: [],
    info: TestStepInfoImpl {
      annotations: [],
      _testInfo: [TestInfoImpl],
      _stepId: 'pw:api@44',
      _title: 'POST',
      _parentStep: undefined,
      skip: [Function (anonymous)]
    },
    complete: [Function: complete],
    endWallTime: 1789758676315,
    error: {
      message: 'Error: apiRequestContext.post: connect ECONNREFUSED 127.0.0.1:8000\n' +
        'Call log:\n' +
        '\x1B[2m  - → POST http://127.0.0.1:8000/api/v1/settings/user/settings\x1B[22m\n' +
        '\x1B[2m    - user-agent: Mozilla/5.0 (Macintosh; Intel Mac OS X 10_15_7) AppleWebKit/537.36 (KHTML, like Gecko) HeadlessChrome/153.0.8010.12 Safari/537.36\x1B[22m\n' +
        '\x1B[2m    - accept: */*\x1B[22m\n' +
        '\x1B[2m    - accept-encoding: gzip,deflate,br\x1B[22m\n' +
        '\x1B[2m    - X-User-Id: haewon.kim\x1B[22m\n' +
        '\x1B[2m    - X-Tenant-Id: 1\x1B[22m\n' +
        '\x1B[2m    - content-type: application/json\x1B[22m\n' +
        '\x1B[2m    - content-length: 1880\x1B[22m\n',
      stack: 'Error: apiRequestContext.post: connect ECONNREFUSED 127.0.0.1:8000\n' +
        'Call log:\n' +
        '\x1B[2m  - → POST http://127.0.0.1:8000/api/v1/settings/user/settings\x1B[22m\n' +
        '\x1B[2m    - user-agent: Mozilla/5.0 (Macintosh; Intel Mac OS X 10_15_7) AppleWebKit/537.36 (KHTML, like Gecko) HeadlessChrome/153.0.8010.12 Safari/537.36\x1B[22m\n' +
        '\x1B[2m    - accept: */*\x1B[22m\n' +
        '\x1B[2m    - accept-encoding: gzip,deflate,br\x1B[22m\n' +
        '\x1B[2m    - X-User-Id: haewon.kim\x1B[22m\n' +
        '\x1B[2m    - X-Tenant-Id: 1\x1B[22m\n' +
        '\x1B[2m    - content-type: application/json\x1B[22m\n' +
        '\x1B[2m    - content-length: 1880\x1B[22m\n' +
        '\n' +
        '    at resetBrowserState (/Users/haewonkim/.codex-fabric/worktrees/CF-636cebcd88631ae64e47fa3c/frontend/tests/helpers/sysgrid.ts:126:24)\n' +
        '    at /Users/haewonkim/.codex-fabric/worktrees/CF-636cebcd88631ae64e47fa3c/frontend/tests/assets-stage35-evidence.spec.ts:715:11',
      cause: undefined
    }
  }
}
[Harness] Seeding operational scenario...
  ✘    7 tests/assets-stage35-evidence.spec.ts:709:3 › Assets Stage 35 evidence capture › captures stage35 lock-proof evidence (170ms)
(node:80532) Warning: The 'NO_COLOR' env is ignored due to the 'FORCE_COLOR' env being set.
(Use `node --trace-warnings ...` to show where the warning was created)
[Harness] Cleaning existing and initializing stage36-evidence directory
Failed to clear backend settings: apiRequestContext.post: connect ECONNREFUSED 127.0.0.1:8000
Call log:
  - → POST http://127.0.0.1:8000/api/v1/settings/user/settings
    - user-agent: Mozilla/5.0 (Macintosh; Intel Mac OS X 10_15_7) AppleWebKit/537.36 (KHTML, like Gecko) HeadlessChrome/153.0.8010.12 Safari/537.36
    - accept: */*
    - accept-encoding: gzip,deflate,br
    - X-User-Id: haewon.kim
    - X-Tenant-Id: 1
    - content-type: application/json
    - content-length: 1880

    at resetBrowserState (/Users/haewonkim/.codex-fabric/worktrees/CF-636cebcd88631ae64e47fa3c/frontend/tests/helpers/sysgrid.ts:126:24)
    at /Users/haewonkim/.codex-fabric/worktrees/CF-636cebcd88631ae64e47fa3c/frontend/tests/assets-stage36-evidence.spec.ts:626:11 {
  log: [
    '  - → POST http://127.0.0.1:8000/api/v1/settings/user/settings',
    '    - user-agent: Mozilla/5.0 (Macintosh; Intel Mac OS X 10_15_7) AppleWebKit/537.36 (KHTML, like Gecko) HeadlessChrome/153.0.8010.12 Safari/537.36',
    '    - accept: */*',
    '    - accept-encoding: gzip,deflate,br',
    '    - X-User-Id: haewon.kim',
    '    - X-Tenant-Id: 1',
    '    - content-type: application/json',
    '    - content-length: 1880'
  ],
  name: 'Error',
  [Symbol(step)]: {
    location: {
      file: '/Users/haewonkim/.codex-fabric/worktrees/CF-636cebcd88631ae64e47fa3c/frontend/tests/helpers/sysgrid.ts',
      line: 126,
      column: 24,
      function: 'resetBrowserState'
    },
    category: 'pw:api',
    title: 'POST',
    subtitle: '127.0.0.1:8000/api/v1/settings/user/settings',
    params: {
      url: 'http://127.0.0.1:8000/api/v1/settings/user/settings',
      method: 'POST'
    },
    group: undefined,
    stepId: 'pw:api@44',
    boxedStack: undefined,
    steps: [],
    attachmentIndices: [],
    info: TestStepInfoImpl {
      annotations: [],
      _testInfo: [TestInfoImpl],
      _stepId: 'pw:api@44',
      _title: 'POST',
      _parentStep: undefined,
      skip: [Function (anonymous)]
    },
    complete: [Function: complete],
    endWallTime: 1789758676765,
    error: {
      message: 'Error: apiRequestContext.post: connect ECONNREFUSED 127.0.0.1:8000\n' +
        'Call log:\n' +
        '\x1B[2m  - → POST http://127.0.0.1:8000/api/v1/settings/user/settings\x1B[22m\n' +
        '\x1B[2m    - user-agent: Mozilla/5.0 (Macintosh; Intel Mac OS X 10_15_7) AppleWebKit/537.36 (KHTML, like Gecko) HeadlessChrome/153.0.8010.12 Safari/537.36\x1B[22m\n' +
        '\x1B[2m    - accept: */*\x1B[22m\n' +
        '\x1B[2m    - accept-encoding: gzip,deflate,br\x1B[22m\n' +
        '\x1B[2m    - X-User-Id: haewon.kim\x1B[22m\n' +
        '\x1B[2m    - X-Tenant-Id: 1\x1B[22m\n' +
        '\x1B[2m    - content-type: application/json\x1B[22m\n' +
        '\x1B[2m    - content-length: 1880\x1B[22m\n',
      stack: 'Error: apiRequestContext.post: connect ECONNREFUSED 127.0.0.1:8000\n' +
        'Call log:\n' +
        '\x1B[2m  - → POST http://127.0.0.1:8000/api/v1/settings/user/settings\x1B[22m\n' +
        '\x1B[2m    - user-agent: Mozilla/5.0 (Macintosh; Intel Mac OS X 10_15_7) AppleWebKit/537.36 (KHTML, like Gecko) HeadlessChrome/153.0.8010.12 Safari/537.36\x1B[22m\n' +
        '\x1B[2m    - accept: */*\x1B[22m\n' +
        '\x1B[2m    - accept-encoding: gzip,deflate,br\x1B[22m\n' +
        '\x1B[2m    - X-User-Id: haewon.kim\x1B[22m\n' +
        '\x1B[2m    - X-Tenant-Id: 1\x1B[22m\n' +
        '\x1B[2m    - content-type: application/json\x1B[22m\n' +
        '\x1B[2m    - content-length: 1880\x1B[22m\n' +
        '\n' +
        '    at resetBrowserState (/Users/haewonkim/.codex-fabric/worktrees/CF-636cebcd88631ae64e47fa3c/frontend/tests/helpers/sysgrid.ts:126:24)\n' +
        '    at /Users/haewonkim/.codex-fabric/worktrees/CF-636cebcd88631ae64e47fa3c/frontend/tests/assets-stage36-evidence.spec.ts:626:11',
      cause: undefined
    }
  }
}
[Harness] Seeding operational scenario...
  ✘    8 tests/assets-stage36-evidence.spec.ts:620:3 › Assets Stage 36 targeted acceptance cleanup › captures stage36 lock-proof evidence (176ms)
(node:80542) Warning: The 'NO_COLOR' env is ignored due to the 'FORCE_COLOR' env being set.
(Use `node --trace-warnings ...` to show where the warning was created)
Failed to clear backend settings: apiRequestContext.post: connect ECONNREFUSED 127.0.0.1:8000
Call log:
  - → POST http://127.0.0.1:8000/api/v1/settings/user/settings
    - user-agent: Mozilla/5.0 (Macintosh; Intel Mac OS X 10_15_7) AppleWebKit/537.36 (KHTML, like Gecko) HeadlessChrome/153.0.8010.12 Safari/537.36
    - accept: */*
    - accept-encoding: gzip,deflate,br
    - X-User-Id: haewon.kim
    - X-Tenant-Id: 1
    - content-type: application/json
    - content-length: 1880

    at resetBrowserState (/Users/haewonkim/.codex-fabric/worktrees/CF-636cebcd88631ae64e47fa3c/frontend/tests/helpers/sysgrid.ts:126:24)
    at /Users/haewonkim/.codex-fabric/worktrees/CF-636cebcd88631ae64e47fa3c/frontend/tests/assets-vendors-bulk-preview.spec.ts:32:11 {
  log: [
    '  - → POST http://127.0.0.1:8000/api/v1/settings/user/settings',
    '    - user-agent: Mozilla/5.0 (Macintosh; Intel Mac OS X 10_15_7) AppleWebKit/537.36 (KHTML, like Gecko) HeadlessChrome/153.0.8010.12 Safari/537.36',
    '    - accept: */*',
    '    - accept-encoding: gzip,deflate,br',
    '    - X-User-Id: haewon.kim',
    '    - X-Tenant-Id: 1',
    '    - content-type: application/json',
    '    - content-length: 1880'
  ],
  name: 'Error',
  [Symbol(step)]: {
    location: {
      file: '/Users/haewonkim/.codex-fabric/worktrees/CF-636cebcd88631ae64e47fa3c/frontend/tests/helpers/sysgrid.ts',
      line: 126,
      column: 24,
      function: 'resetBrowserState'
    },
    category: 'pw:api',
    title: 'POST',
    subtitle: '127.0.0.1:8000/api/v1/settings/user/settings',
    params: {
      url: 'http://127.0.0.1:8000/api/v1/settings/user/settings',
      method: 'POST'
    },
    group: undefined,
    stepId: 'pw:api@44',
    boxedStack: undefined,
    steps: [],
    attachmentIndices: [],
    info: TestStepInfoImpl {
      annotations: [],
      _testInfo: [TestInfoImpl],
      _stepId: 'pw:api@44',
      _title: 'POST',
      _parentStep: undefined,
      skip: [Function (anonymous)]
    },
    complete: [Function: complete],
    endWallTime: 1789758677218,
    error: {
      message: 'Error: apiRequestContext.post: connect ECONNREFUSED 127.0.0.1:8000\n' +
        'Call log:\n' +
        '\x1B[2m  - → POST http://127.0.0.1:8000/api/v1/settings/user/settings\x1B[22m\n' +
        '\x1B[2m    - user-agent: Mozilla/5.0 (Macintosh; Intel Mac OS X 10_15_7) AppleWebKit/537.36 (KHTML, like Gecko) HeadlessChrome/153.0.8010.12 Safari/537.36\x1B[22m\n' +
        '\x1B[2m    - accept: */*\x1B[22m\n' +
        '\x1B[2m    - accept-encoding: gzip,deflate,br\x1B[22m\n' +
        '\x1B[2m    - X-User-Id: haewon.kim\x1B[22m\n' +
        '\x1B[2m    - X-Tenant-Id: 1\x1B[22m\n' +
        '\x1B[2m    - content-type: application/json\x1B[22m\n' +
        '\x1B[2m    - content-length: 1880\x1B[22m\n',
      stack: 'Error: apiRequestContext.post: connect ECONNREFUSED 127.0.0.1:8000\n' +
        'Call log:\n' +
        '\x1B[2m  - → POST http://127.0.0.1:8000/api/v1/settings/user/settings\x1B[22m\n' +
        '\x1B[2m    - user-agent: Mozilla/5.0 (Macintosh; Intel Mac OS X 10_15_7) AppleWebKit/537.36 (KHTML, like Gecko) HeadlessChrome/153.0.8010.12 Safari/537.36\x1B[22m\n' +
        '\x1B[2m    - accept: */*\x1B[22m\n' +
        '\x1B[2m    - accept-encoding: gzip,deflate,br\x1B[22m\n' +
        '\x1B[2m    - X-User-Id: haewon.kim\x1B[22m\n' +
        '\x1B[2m    - X-Tenant-Id: 1\x1B[22m\n' +
        '\x1B[2m    - content-type: application/json\x1B[22m\n' +
        '\x1B[2m    - content-length: 1880\x1B[22m\n' +
        '\n' +
        '    at resetBrowserState (/Users/haewonkim/.codex-fabric/worktrees/CF-636cebcd88631ae64e47fa3c/frontend/tests/helpers/sysgrid.ts:126:24)\n' +
        '    at /Users/haewonkim/.codex-fabric/worktrees/CF-636cebcd88631ae64e47fa3c/frontend/tests/assets-vendors-bulk-preview.spec.ts:32:11',
      cause: undefined
    }
  }
}
  ✘    9 tests/assets-vendors-bulk-preview.spec.ts:31:3 › Assets and Vendors authoritative bulk completion › previews, confirms, receipts, and undoes exact shared changes (174ms)
(node:80553) Warning: The 'NO_COLOR' env is ignored due to the 'FORCE_COLOR' env being set.
(Use `node --trace-warnings ...` to show where the warning was created)
Failed to clear backend settings: apiRequestContext.post: connect ECONNREFUSED 127.0.0.1:8000
Call log:
  - → POST http://127.0.0.1:8000/api/v1/settings/user/settings
    - user-agent: Mozilla/5.0 (Macintosh; Intel Mac OS X 10_15_7) AppleWebKit/537.36 (KHTML, like Gecko) HeadlessChrome/153.0.8010.12 Safari/537.36
    - accept: */*
    - accept-encoding: gzip,deflate,br
    - X-User-Id: haewon.kim
    - X-Tenant-Id: 1
    - content-type: application/json
    - content-length: 1880

    at resetBrowserState (/Users/haewonkim/.codex-fabric/worktrees/CF-636cebcd88631ae64e47fa3c/frontend/tests/helpers/sysgrid.ts:126:24)
    at /Users/haewonkim/.codex-fabric/worktrees/CF-636cebcd88631ae64e47fa3c/frontend/tests/assets-workflows.spec.ts:10:11 {
  log: [
    '  - → POST http://127.0.0.1:8000/api/v1/settings/user/settings',
    '    - user-agent: Mozilla/5.0 (Macintosh; Intel Mac OS X 10_15_7) AppleWebKit/537.36 (KHTML, like Gecko) HeadlessChrome/153.0.8010.12 Safari/537.36',
    '    - accept: */*',
    '    - accept-encoding: gzip,deflate,br',
    '    - X-User-Id: haewon.kim',
    '    - X-Tenant-Id: 1',
    '    - content-type: application/json',
    '    - content-length: 1880'
  ],
  name: 'Error',
  [Symbol(step)]: {
    location: {
      file: '/Users/haewonkim/.codex-fabric/worktrees/CF-636cebcd88631ae64e47fa3c/frontend/tests/helpers/sysgrid.ts',
      line: 126,
      column: 24,
      function: 'resetBrowserState'
    },
    category: 'pw:api',
    title: 'POST',
    subtitle: '127.0.0.1:8000/api/v1/settings/user/settings',
    params: {
      url: 'http://127.0.0.1:8000/api/v1/settings/user/settings',
      method: 'POST'
    },
    group: undefined,
    stepId: 'pw:api@43',
    boxedStack: undefined,
    steps: [],
    attachmentIndices: [],
    info: TestStepInfoImpl {
      annotations: [],
      _testInfo: [TestInfoImpl],
      _stepId: 'pw:api@43',
      _title: 'POST',
      _parentStep: undefined,
      skip: [Function (anonymous)]
    },
    complete: [Function: complete],
    endWallTime: 1789758677669,
    error: {
      message: 'Error: apiRequestContext.post: connect ECONNREFUSED 127.0.0.1:8000\n' +
        'Call log:\n' +
        '\x1B[2m  - → POST http://127.0.0.1:8000/api/v1/settings/user/settings\x1B[22m\n' +
        '\x1B[2m    - user-agent: Mozilla/5.0 (Macintosh; Intel Mac OS X 10_15_7) AppleWebKit/537.36 (KHTML, like Gecko) HeadlessChrome/153.0.8010.12 Safari/537.36\x1B[22m\n' +
        '\x1B[2m    - accept: */*\x1B[22m\n' +
        '\x1B[2m    - accept-encoding: gzip,deflate,br\x1B[22m\n' +
        '\x1B[2m    - X-User-Id: haewon.kim\x1B[22m\n' +
        '\x1B[2m    - X-Tenant-Id: 1\x1B[22m\n' +
        '\x1B[2m    - content-type: application/json\x1B[22m\n' +
        '\x1B[2m    - content-length: 1880\x1B[22m\n',
      stack: 'Error: apiRequestContext.post: connect ECONNREFUSED 127.0.0.1:8000\n' +
        'Call log:\n' +
        '\x1B[2m  - → POST http://127.0.0.1:8000/api/v1/settings/user/settings\x1B[22m\n' +
        '\x1B[2m    - user-agent: Mozilla/5.0 (Macintosh; Intel Mac OS X 10_15_7) AppleWebKit/537.36 (KHTML, like Gecko) HeadlessChrome/153.0.8010.12 Safari/537.36\x1B[22m\n' +
        '\x1B[2m    - accept: */*\x1B[22m\n' +
        '\x1B[2m    - accept-encoding: gzip,deflate,br\x1B[22m\n' +
        '\x1B[2m    - X-User-Id: haewon.kim\x1B[22m\n' +
        '\x1B[2m    - X-Tenant-Id: 1\x1B[22m\n' +
        '\x1B[2m    - content-type: application/json\x1B[22m\n' +
        '\x1B[2m    - content-length: 1880\x1B[22m\n' +
        '\n' +
        '    at resetBrowserState (/Users/haewonkim/.codex-fabric/worktrees/CF-636cebcd88631ae64e47fa3c/frontend/tests/helpers/sysgrid.ts:126:24)\n' +
        '    at /Users/haewonkim/.codex-fabric/worktrees/CF-636cebcd88631ae64e47fa3c/frontend/tests/assets-workflows.spec.ts:10:11',
      cause: undefined
    }
  }
}
  ✘   10 tests/assets-workflows.spec.ts:9:3 › Assets workflows › simulates the changed Assets workflows end-to-end (174ms)
(node:80568) Warning: The 'NO_COLOR' env is ignored due to the 'FORCE_COLOR' env being set.
(Use `node --trace-warnings ...` to show where the warning was created)
Failed to clear backend settings: apiRequestContext.post: connect ECONNREFUSED 127.0.0.1:8000
Call log:
  - → POST http://127.0.0.1:8000/api/v1/settings/user/settings
    - user-agent: Mozilla/5.0 (Macintosh; Intel Mac OS X 10_15_7) AppleWebKit/537.36 (KHTML, like Gecko) HeadlessChrome/153.0.8010.12 Safari/537.36
    - accept: */*
    - accept-encoding: gzip,deflate,br
    - X-User-Id: haewon.kim
    - X-Tenant-Id: 1
    - content-type: application/json
    - content-length: 1880

    at resetBrowserState (/Users/haewonkim/.codex-fabric/worktrees/CF-636cebcd88631ae64e47fa3c/frontend/tests/helpers/sysgrid.ts:126:24)
    at /Users/haewonkim/.codex-fabric/worktrees/CF-636cebcd88631ae64e47fa3c/frontend/tests/audit-logs-workflows.spec.ts:7:11 {
  log: [
    '  - → POST http://127.0.0.1:8000/api/v1/settings/user/settings',
    '    - user-agent: Mozilla/5.0 (Macintosh; Intel Mac OS X 10_15_7) AppleWebKit/537.36 (KHTML, like Gecko) HeadlessChrome/153.0.8010.12 Safari/537.36',
    '    - accept: */*',
    '    - accept-encoding: gzip,deflate,br',
    '    - X-User-Id: haewon.kim',
    '    - X-Tenant-Id: 1',
    '    - content-type: application/json',
    '    - content-length: 1880'
  ],
  name: 'Error',
  [Symbol(step)]: {
    location: {
      file: '/Users/haewonkim/.codex-fabric/worktrees/CF-636cebcd88631ae64e47fa3c/frontend/tests/helpers/sysgrid.ts',
      line: 126,
      column: 24,
      function: 'resetBrowserState'
    },
    category: 'pw:api',
    title: 'POST',
    subtitle: '127.0.0.1:8000/api/v1/settings/user/settings',
    params: {
      url: 'http://127.0.0.1:8000/api/v1/settings/user/settings',
      method: 'POST'
    },
    group: undefined,
    stepId: 'pw:api@42',
    boxedStack: undefined,
    steps: [],
    attachmentIndices: [],
    info: TestStepInfoImpl {
      annotations: [],
      _testInfo: [TestInfoImpl],
      _stepId: 'pw:api@42',
      _title: 'POST',
      _parentStep: [TestStepInfoImpl],
      skip: [Function (anonymous)]
    },
    complete: [Function: complete],
    endWallTime: 1789758678109,
    error: {
      message: 'Error: apiRequestContext.post: connect ECONNREFUSED 127.0.0.1:8000\n' +
        'Call log:\n' +
        '\x1B[2m  - → POST http://127.0.0.1:8000/api/v1/settings/user/settings\x1B[22m\n' +
        '\x1B[2m    - user-agent: Mozilla/5.0 (Macintosh; Intel Mac OS X 10_15_7) AppleWebKit/537.36 (KHTML, like Gecko) HeadlessChrome/153.0.8010.12 Safari/537.36\x1B[22m\n' +
        '\x1B[2m    - accept: */*\x1B[22m\n' +
        '\x1B[2m    - accept-encoding: gzip,deflate,br\x1B[22m\n' +
        '\x1B[2m    - X-User-Id: haewon.kim\x1B[22m\n' +
        '\x1B[2m    - X-Tenant-Id: 1\x1B[22m\n' +
        '\x1B[2m    - content-type: application/json\x1B[22m\n' +
        '\x1B[2m    - content-length: 1880\x1B[22m\n',
      stack: 'Error: apiRequestContext.post: connect ECONNREFUSED 127.0.0.1:8000\n' +
        'Call log:\n' +
        '\x1B[2m  - → POST http://127.0.0.1:8000/api/v1/settings/user/settings\x1B[22m\n' +
        '\x1B[2m    - user-agent: Mozilla/5.0 (Macintosh; Intel Mac OS X 10_15_7) AppleWebKit/537.36 (KHTML, like Gecko) HeadlessChrome/153.0.8010.12 Safari/537.36\x1B[22m\n' +
        '\x1B[2m    - accept: */*\x1B[22m\n' +
        '\x1B[2m    - accept-encoding: gzip,deflate,br\x1B[22m\n' +
        '\x1B[2m    - X-User-Id: haewon.kim\x1B[22m\n' +
        '\x1B[2m    - X-Tenant-Id: 1\x1B[22m\n' +
        '\x1B[2m    - content-type: application/json\x1B[22m\n' +
        '\x1B[2m    - content-length: 1880\x1B[22m\n' +
        '\n' +
        '    at resetBrowserState (/Users/haewonkim/.codex-fabric/worktrees/CF-636cebcd88631ae64e47fa3c/frontend/tests/helpers/sysgrid.ts:126:24)\n' +
        '    at /Users/haewonkim/.codex-fabric/worktrees/CF-636cebcd88631ae64e47fa3c/frontend/tests/audit-logs-workflows.spec.ts:7:11',
      cause: undefined
    }
  }
}
  ✘   11 tests/audit-logs-workflows.spec.ts:10:3 › Audit Logs Workflows › AuditLogs view loads and is compliant (170ms)
(node:80582) Warning: The 'NO_COLOR' env is ignored due to the 'FORCE_COLOR' env being set.
(Use `node --trace-warnings ...` to show where the warning was created)
  ✘   12 tests/blank-slate-audit.spec.ts:6:5 › Blank Slate Crash Audit › Navigates all views in a pristine, unseeded tenant to guarantee zero fatal React crashes (142ms)
(node:80591) Warning: The 'NO_COLOR' env is ignored due to the 'FORCE_COLOR' env being set.
(Use `node --trace-warnings ...` to show where the warning was created)
  ✘   13 tests/crud-api-contracts.spec.ts:18:3 › CRUD API contracts › keeps assets, services, and monitoring CRUD free of write-time ORM errors (35ms)
(node:80593) Warning: The 'NO_COLOR' env is ignored due to the 'FORCE_COLOR' env being set.
(Use `node --trace-warnings ...` to show where the warning was created)
  ✘   14 tests/crud-api-contracts.spec.ts:89:3 › CRUD API contracts › keeps knowledge, research, and projects CRUD durable through read-update-delete cycles (28ms)
(node:80595) Warning: The 'NO_COLOR' env is ignored due to the 'FORCE_COLOR' env being set.
(Use `node --trace-warnings ...` to show where the warning was created)
  ✘   15 tests/crud-api-contracts.spec.ts:161:3 › CRUD API contracts › keeps network, external, and FAR CRUD flows stable with realistic payloads (34ms)
(node:80598) Warning: The 'NO_COLOR' env is ignored due to the 'FORCE_COLOR' env being set.
(Use `node --trace-warnings ...` to show where the warning was created)
Failed to clear backend settings: apiRequestContext.post: connect ECONNREFUSED 127.0.0.1:8000
Call log:
  - → POST http://127.0.0.1:8000/api/v1/settings/user/settings
    - user-agent: Mozilla/5.0 (Macintosh; Intel Mac OS X 10_15_7) AppleWebKit/537.36 (KHTML, like Gecko) HeadlessChrome/153.0.8010.12 Safari/537.36
    - accept: */*
    - accept-encoding: gzip,deflate,br
    - X-User-Id: haewon.kim
    - X-Tenant-Id: 1
    - content-type: application/json
    - content-length: 1880

    at resetBrowserState (/Users/haewonkim/.codex-fabric/worktrees/CF-636cebcd88631ae64e47fa3c/frontend/tests/helpers/sysgrid.ts:126:24)
    at /Users/haewonkim/.codex-fabric/worktrees/CF-636cebcd88631ae64e47fa3c/frontend/tests/dashboard-workflows.spec.ts:7:11 {
  log: [
    '  - → POST http://127.0.0.1:8000/api/v1/settings/user/settings',
    '    - user-agent: Mozilla/5.0 (Macintosh; Intel Mac OS X 10_15_7) AppleWebKit/537.36 (KHTML, like Gecko) HeadlessChrome/153.0.8010.12 Safari/537.36',
    '    - accept: */*',
    '    - accept-encoding: gzip,deflate,br',
    '    - X-User-Id: haewon.kim',
    '    - X-Tenant-Id: 1',
    '    - content-type: application/json',
    '    - content-length: 1880'
  ],
  name: 'Error',
  [Symbol(step)]: {
    location: {
      file: '/Users/haewonkim/.codex-fabric/worktrees/CF-636cebcd88631ae64e47fa3c/frontend/tests/helpers/sysgrid.ts',
      line: 126,
      column: 24,
      function: 'resetBrowserState'
    },
    category: 'pw:api',
    title: 'POST',
    subtitle: '127.0.0.1:8000/api/v1/settings/user/settings',
    params: {
      url: 'http://127.0.0.1:8000/api/v1/settings/user/settings',
      method: 'POST'
    },
    group: undefined,
    stepId: 'pw:api@42',
    boxedStack: undefined,
    steps: [],
    attachmentIndices: [],
    info: TestStepInfoImpl {
      annotations: [],
      _testInfo: [TestInfoImpl],
      _stepId: 'pw:api@42',
      _title: 'POST',
      _parentStep: [TestStepInfoImpl],
      skip: [Function (anonymous)]
    },
    complete: [Function: complete],
    endWallTime: 1789758679679,
    error: {
      message: 'Error: apiRequestContext.post: connect ECONNREFUSED 127.0.0.1:8000\n' +
        'Call log:\n' +
        '\x1B[2m  - → POST http://127.0.0.1:8000/api/v1/settings/user/settings\x1B[22m\n' +
        '\x1B[2m    - user-agent: Mozilla/5.0 (Macintosh; Intel Mac OS X 10_15_7) AppleWebKit/537.36 (KHTML, like Gecko) HeadlessChrome/153.0.8010.12 Safari/537.36\x1B[22m\n' +
        '\x1B[2m    - accept: */*\x1B[22m\n' +
        '\x1B[2m    - accept-encoding: gzip,deflate,br\x1B[22m\n' +
        '\x1B[2m    - X-User-Id: haewon.kim\x1B[22m\n' +
        '\x1B[2m    - X-Tenant-Id: 1\x1B[22m\n' +
        '\x1B[2m    - content-type: application/json\x1B[22m\n' +
        '\x1B[2m    - content-length: 1880\x1B[22m\n',
      stack: 'Error: apiRequestContext.post: connect ECONNREFUSED 127.0.0.1:8000\n' +
        'Call log:\n' +
        '\x1B[2m  - → POST http://127.0.0.1:8000/api/v1/settings/user/settings\x1B[22m\n' +
        '\x1B[2m    - user-agent: Mozilla/5.0 (Macintosh; Intel Mac OS X 10_15_7) AppleWebKit/537.36 (KHTML, like Gecko) HeadlessChrome/153.0.8010.12 Safari/537.36\x1B[22m\n' +
        '\x1B[2m    - accept: */*\x1B[22m\n' +
        '\x1B[2m    - accept-encoding: gzip,deflate,br\x1B[22m\n' +
        '\x1B[2m    - X-User-Id: haewon.kim\x1B[22m\n' +
        '\x1B[2m    - X-Tenant-Id: 1\x1B[22m\n' +
        '\x1B[2m    - content-type: application/json\x1B[22m\n' +
        '\x1B[2m    - content-length: 1880\x1B[22m\n' +
        '\n' +
        '    at resetBrowserState (/Users/haewonkim/.codex-fabric/worktrees/CF-636cebcd88631ae64e47fa3c/frontend/tests/helpers/sysgrid.ts:126:24)\n' +
        '    at /Users/haewonkim/.codex-fabric/worktrees/CF-636cebcd88631ae64e47fa3c/frontend/tests/dashboard-workflows.spec.ts:7:11',
      cause: undefined
    }
  }
}
  ✘   16 tests/dashboard-workflows.spec.ts:10:3 › Dashboard Workflows › navigates to tabs and syncs URL parameter (166ms)
(node:80609) Warning: The 'NO_COLOR' env is ignored due to the 'FORCE_COLOR' env being set.
(Use `node --trace-warnings ...` to show where the warning was created)
  ✘   17 tests/debug.spec.ts:5:1 › debug settings reload (142ms)
(node:80619) Warning: The 'NO_COLOR' env is ignored due to the 'FORCE_COLOR' env being set.
(Use `node --trace-warnings ...` to show where the warning was created)
Failed to clear backend settings: apiRequestContext.post: connect ECONNREFUSED 127.0.0.1:8000
Call log:
  - → POST http://127.0.0.1:8000/api/v1/settings/user/settings
    - user-agent: Mozilla/5.0 (Macintosh; Intel Mac OS X 10_15_7) AppleWebKit/537.36 (KHTML, like Gecko) HeadlessChrome/153.0.8010.12 Safari/537.36
    - accept: */*
    - accept-encoding: gzip,deflate,br
    - X-User-Id: haewon.kim
    - X-Tenant-Id: 1
    - content-type: application/json
    - content-length: 1880

    at resetBrowserState (/Users/haewonkim/.codex-fabric/worktrees/CF-636cebcd88631ae64e47fa3c/frontend/tests/helpers/sysgrid.ts:126:24)
    at /Users/haewonkim/.codex-fabric/worktrees/CF-636cebcd88631ae64e47fa3c/frontend/tests/external-services-bulk-preview.spec.ts:38:11 {
  log: [
    '  - → POST http://127.0.0.1:8000/api/v1/settings/user/settings',
    '    - user-agent: Mozilla/5.0 (Macintosh; Intel Mac OS X 10_15_7) AppleWebKit/537.36 (KHTML, like Gecko) HeadlessChrome/153.0.8010.12 Safari/537.36',
    '    - accept: */*',
    '    - accept-encoding: gzip,deflate,br',
    '    - X-User-Id: haewon.kim',
    '    - X-Tenant-Id: 1',
    '    - content-type: application/json',
    '    - content-length: 1880'
  ],
  name: 'Error',
  [Symbol(step)]: {
    location: {
      file: '/Users/haewonkim/.codex-fabric/worktrees/CF-636cebcd88631ae64e47fa3c/frontend/tests/helpers/sysgrid.ts',
      line: 126,
      column: 24,
      function: 'resetBrowserState'
    },
    category: 'pw:api',
    title: 'POST',
    subtitle: '127.0.0.1:8000/api/v1/settings/user/settings',
    params: {
      url: 'http://127.0.0.1:8000/api/v1/settings/user/settings',
      method: 'POST'
    },
    group: undefined,
    stepId: 'pw:api@44',
    boxedStack: undefined,
    steps: [],
    attachmentIndices: [],
    info: TestStepInfoImpl {
      annotations: [],
      _testInfo: [TestInfoImpl],
      _stepId: 'pw:api@44',
      _title: 'POST',
      _parentStep: undefined,
      skip: [Function (anonymous)]
    },
    complete: [Function: complete],
    endWallTime: 1789758680550,
    error: {
      message: 'Error: apiRequestContext.post: connect ECONNREFUSED 127.0.0.1:8000\n' +
        'Call log:\n' +
        '\x1B[2m  - → POST http://127.0.0.1:8000/api/v1/settings/user/settings\x1B[22m\n' +
        '\x1B[2m    - user-agent: Mozilla/5.0 (Macintosh; Intel Mac OS X 10_15_7) AppleWebKit/537.36 (KHTML, like Gecko) HeadlessChrome/153.0.8010.12 Safari/537.36\x1B[22m\n' +
        '\x1B[2m    - accept: */*\x1B[22m\n' +
        '\x1B[2m    - accept-encoding: gzip,deflate,br\x1B[22m\n' +
        '\x1B[2m    - X-User-Id: haewon.kim\x1B[22m\n' +
        '\x1B[2m    - X-Tenant-Id: 1\x1B[22m\n' +
        '\x1B[2m    - content-type: application/json\x1B[22m\n' +
        '\x1B[2m    - content-length: 1880\x1B[22m\n',
      stack: 'Error: apiRequestContext.post: connect ECONNREFUSED 127.0.0.1:8000\n' +
        'Call log:\n' +
        '\x1B[2m  - → POST http://127.0.0.1:8000/api/v1/settings/user/settings\x1B[22m\n' +
        '\x1B[2m    - user-agent: Mozilla/5.0 (Macintosh; Intel Mac OS X 10_15_7) AppleWebKit/537.36 (KHTML, like Gecko) HeadlessChrome/153.0.8010.12 Safari/537.36\x1B[22m\n' +
        '\x1B[2m    - accept: */*\x1B[22m\n' +
        '\x1B[2m    - accept-encoding: gzip,deflate,br\x1B[22m\n' +
        '\x1B[2m    - X-User-Id: haewon.kim\x1B[22m\n' +
        '\x1B[2m    - X-Tenant-Id: 1\x1B[22m\n' +
        '\x1B[2m    - content-type: application/json\x1B[22m\n' +
        '\x1B[2m    - content-length: 1880\x1B[22m\n' +
        '\n' +
        '    at resetBrowserState (/Users/haewonkim/.codex-fabric/worktrees/CF-636cebcd88631ae64e47fa3c/frontend/tests/helpers/sysgrid.ts:126:24)\n' +
        '    at /Users/haewonkim/.codex-fabric/worktrees/CF-636cebcd88631ae64e47fa3c/frontend/tests/external-services-bulk-preview.spec.ts:38:11',
      cause: undefined
    }
  }
}
  ✘   18 tests/external-services-bulk-preview.spec.ts:37:3 › External and Services authoritative bulk preview › previews and confirms exact environment changes in both goldenized workspaces (177ms)
(node:80630) Warning: The 'NO_COLOR' env is ignored due to the 'FORCE_COLOR' env being set.
(Use `node --trace-warnings ...` to show where the warning was created)
Failed to clear backend settings: apiRequestContext.post: connect ECONNREFUSED 127.0.0.1:8000
Call log:
  - → POST http://127.0.0.1:8000/api/v1/settings/user/settings
    - user-agent: Mozilla/5.0 (Macintosh; Intel Mac OS X 10_15_7) AppleWebKit/537.36 (KHTML, like Gecko) HeadlessChrome/153.0.8010.12 Safari/537.36
    - accept: */*
    - accept-encoding: gzip,deflate,br
    - X-User-Id: haewon.kim
    - X-Tenant-Id: 1
    - content-type: application/json
    - content-length: 1880

    at resetBrowserState (/Users/haewonkim/.codex-fabric/worktrees/CF-636cebcd88631ae64e47fa3c/frontend/tests/helpers/sysgrid.ts:126:24)
    at /Users/haewonkim/.codex-fabric/worktrees/CF-636cebcd88631ae64e47fa3c/frontend/tests/external-workflows.spec.ts:8:11 {
  log: [
    '  - → POST http://127.0.0.1:8000/api/v1/settings/user/settings',
    '    - user-agent: Mozilla/5.0 (Macintosh; Intel Mac OS X 10_15_7) AppleWebKit/537.36 (KHTML, like Gecko) HeadlessChrome/153.0.8010.12 Safari/537.36',
    '    - accept: */*',
    '    - accept-encoding: gzip,deflate,br',
    '    - X-User-Id: haewon.kim',
    '    - X-Tenant-Id: 1',
    '    - content-type: application/json',
    '    - content-length: 1880'
  ],
  name: 'Error',
  [Symbol(step)]: {
    location: {
      file: '/Users/haewonkim/.codex-fabric/worktrees/CF-636cebcd88631ae64e47fa3c/frontend/tests/helpers/sysgrid.ts',
      line: 126,
      column: 24,
      function: 'resetBrowserState'
    },
    category: 'pw:api',
    title: 'POST',
    subtitle: '127.0.0.1:8000/api/v1/settings/user/settings',
    params: {
      url: 'http://127.0.0.1:8000/api/v1/settings/user/settings',
      method: 'POST'
    },
    group: undefined,
    stepId: 'pw:api@44',
    boxedStack: undefined,
    steps: [],
    attachmentIndices: [],
    info: TestStepInfoImpl {
      annotations: [],
      _testInfo: [TestInfoImpl],
      _stepId: 'pw:api@44',
      _title: 'POST',
      _parentStep: undefined,
      skip: [Function (anonymous)]
    },
    complete: [Function: complete],
    endWallTime: 1789758681008,
    error: {
      message: 'Error: apiRequestContext.post: connect ECONNREFUSED 127.0.0.1:8000\n' +
        'Call log:\n' +
        '\x1B[2m  - → POST http://127.0.0.1:8000/api/v1/settings/user/settings\x1B[22m\n' +
        '\x1B[2m    - user-agent: Mozilla/5.0 (Macintosh; Intel Mac OS X 10_15_7) AppleWebKit/537.36 (KHTML, like Gecko) HeadlessChrome/153.0.8010.12 Safari/537.36\x1B[22m\n' +
        '\x1B[2m    - accept: */*\x1B[22m\n' +
        '\x1B[2m    - accept-encoding: gzip,deflate,br\x1B[22m\n' +
        '\x1B[2m    - X-User-Id: haewon.kim\x1B[22m\n' +
        '\x1B[2m    - X-Tenant-Id: 1\x1B[22m\n' +
        '\x1B[2m    - content-type: application/json\x1B[22m\n' +
        '\x1B[2m    - content-length: 1880\x1B[22m\n',
      stack: 'Error: apiRequestContext.post: connect ECONNREFUSED 127.0.0.1:8000\n' +
        'Call log:\n' +
        '\x1B[2m  - → POST http://127.0.0.1:8000/api/v1/settings/user/settings\x1B[22m\n' +
        '\x1B[2m    - user-agent: Mozilla/5.0 (Macintosh; Intel Mac OS X 10_15_7) AppleWebKit/537.36 (KHTML, like Gecko) HeadlessChrome/153.0.8010.12 Safari/537.36\x1B[22m\n' +
        '\x1B[2m    - accept: */*\x1B[22m\n' +
        '\x1B[2m    - accept-encoding: gzip,deflate,br\x1B[22m\n' +
        '\x1B[2m    - X-User-Id: haewon.kim\x1B[22m\n' +
        '\x1B[2m    - X-Tenant-Id: 1\x1B[22m\n' +
        '\x1B[2m    - content-type: application/json\x1B[22m\n' +
        '\x1B[2m    - content-length: 1880\x1B[22m\n' +
        '\n' +
        '    at resetBrowserState (/Users/haewonkim/.codex-fabric/worktrees/CF-636cebcd88631ae64e47fa3c/frontend/tests/helpers/sysgrid.ts:126:24)\n' +
        '    at /Users/haewonkim/.codex-fabric/worktrees/CF-636cebcd88631ae64e47fa3c/frontend/tests/external-workflows.spec.ts:8:11',
      cause: undefined
    }
  }
}
  ✘   19 tests/external-workflows.spec.ts:7:3 › External workflows › matches the workspace shell contract and opens the shared import modal (169ms)
(node:80639) Warning: The 'NO_COLOR' env is ignored due to the 'FORCE_COLOR' env being set.
(Use `node --trace-warnings ...` to show where the warning was created)
Failed to clear backend settings: apiRequestContext.post: connect ECONNREFUSED 127.0.0.1:8000
Call log:
  - → POST http://127.0.0.1:8000/api/v1/settings/user/settings
    - user-agent: Mozilla/5.0 (Macintosh; Intel Mac OS X 10_15_7) AppleWebKit/537.36 (KHTML, like Gecko) HeadlessChrome/153.0.8010.12 Safari/537.36
    - accept: */*
    - accept-encoding: gzip,deflate,br
    - X-User-Id: haewon.kim
    - X-Tenant-Id: 1
    - content-type: application/json
    - content-length: 1880

    at resetBrowserState (/Users/haewonkim/.codex-fabric/worktrees/CF-636cebcd88631ae64e47fa3c/frontend/tests/helpers/sysgrid.ts:126:24)
    at /Users/haewonkim/.codex-fabric/worktrees/CF-636cebcd88631ae64e47fa3c/frontend/tests/external-workflows.spec.ts:52:11 {
  log: [
    '  - → POST http://127.0.0.1:8000/api/v1/settings/user/settings',
    '    - user-agent: Mozilla/5.0 (Macintosh; Intel Mac OS X 10_15_7) AppleWebKit/537.36 (KHTML, like Gecko) HeadlessChrome/153.0.8010.12 Safari/537.36',
    '    - accept: */*',
    '    - accept-encoding: gzip,deflate,br',
    '    - X-User-Id: haewon.kim',
    '    - X-Tenant-Id: 1',
    '    - content-type: application/json',
    '    - content-length: 1880'
  ],
  name: 'Error',
  [Symbol(step)]: {
    location: {
      file: '/Users/haewonkim/.codex-fabric/worktrees/CF-636cebcd88631ae64e47fa3c/frontend/tests/helpers/sysgrid.ts',
      line: 126,
      column: 24,
      function: 'resetBrowserState'
    },
    category: 'pw:api',
    title: 'POST',
    subtitle: '127.0.0.1:8000/api/v1/settings/user/settings',
    params: {
      url: 'http://127.0.0.1:8000/api/v1/settings/user/settings',
      method: 'POST'
    },
    group: undefined,
    stepId: 'pw:api@44',
    boxedStack: undefined,
    steps: [],
    attachmentIndices: [],
    info: TestStepInfoImpl {
      annotations: [],
      _testInfo: [TestInfoImpl],
      _stepId: 'pw:api@44',
      _title: 'POST',
      _parentStep: undefined,
      skip: [Function (anonymous)]
    },
    complete: [Function: complete],
    endWallTime: 1789758681449,
    error: {
      message: 'Error: apiRequestContext.post: connect ECONNREFUSED 127.0.0.1:8000\n' +
        'Call log:\n' +
        '\x1B[2m  - → POST http://127.0.0.1:8000/api/v1/settings/user/settings\x1B[22m\n' +
        '\x1B[2m    - user-agent: Mozilla/5.0 (Macintosh; Intel Mac OS X 10_15_7) AppleWebKit/537.36 (KHTML, like Gecko) HeadlessChrome/153.0.8010.12 Safari/537.36\x1B[22m\n' +
        '\x1B[2m    - accept: */*\x1B[22m\n' +
        '\x1B[2m    - accept-encoding: gzip,deflate,br\x1B[22m\n' +
        '\x1B[2m    - X-User-Id: haewon.kim\x1B[22m\n' +
        '\x1B[2m    - X-Tenant-Id: 1\x1B[22m\n' +
        '\x1B[2m    - content-type: application/json\x1B[22m\n' +
        '\x1B[2m    - content-length: 1880\x1B[22m\n',
      stack: 'Error: apiRequestContext.post: connect ECONNREFUSED 127.0.0.1:8000\n' +
        'Call log:\n' +
        '\x1B[2m  - → POST http://127.0.0.1:8000/api/v1/settings/user/settings\x1B[22m\n' +
        '\x1B[2m    - user-agent: Mozilla/5.0 (Macintosh; Intel Mac OS X 10_15_7) AppleWebKit/537.36 (KHTML, like Gecko) HeadlessChrome/153.0.8010.12 Safari/537.36\x1B[22m\n' +
        '\x1B[2m    - accept: */*\x1B[22m\n' +
        '\x1B[2m    - accept-encoding: gzip,deflate,br\x1B[22m\n' +
        '\x1B[2m    - X-User-Id: haewon.kim\x1B[22m\n' +
        '\x1B[2m    - X-Tenant-Id: 1\x1B[22m\n' +
        '\x1B[2m    - content-type: application/json\x1B[22m\n' +
        '\x1B[2m    - content-length: 1880\x1B[22m\n' +
        '\n' +
        '    at resetBrowserState (/Users/haewonkim/.codex-fabric/worktrees/CF-636cebcd88631ae64e47fa3c/frontend/tests/helpers/sysgrid.ts:126:24)\n' +
        '    at /Users/haewonkim/.codex-fabric/worktrees/CF-636cebcd88631ae64e47fa3c/frontend/tests/external-workflows.spec.ts:52:11',
      cause: undefined
    }
  }
}
  ✘   20 tests/external-workflows.spec.ts:51:3 › External workflows › preserves metadata, supports credentials, and surfaces link failures clearly (172ms)
(node:80649) Warning: The 'NO_COLOR' env is ignored due to the 'FORCE_COLOR' env being set.
(Use `node --trace-warnings ...` to show where the warning was created)
Failed to clear backend settings: apiRequestContext.post: connect ECONNREFUSED 127.0.0.1:8000
Call log:
  - → POST http://127.0.0.1:8000/api/v1/settings/user/settings
    - user-agent: Mozilla/5.0 (Macintosh; Intel Mac OS X 10_15_7) AppleWebKit/537.36 (KHTML, like Gecko) HeadlessChrome/153.0.8010.12 Safari/537.36
    - accept: */*
    - accept-encoding: gzip,deflate,br
    - X-User-Id: haewon.kim
    - X-Tenant-Id: 1
    - content-type: application/json
    - content-length: 1880

    at resetBrowserState (/Users/haewonkim/.codex-fabric/worktrees/CF-636cebcd88631ae64e47fa3c/frontend/tests/helpers/sysgrid.ts:126:24)
    at /Users/haewonkim/.codex-fabric/worktrees/CF-636cebcd88631ae64e47fa3c/frontend/tests/far-golden-controls.spec.ts:7:11 {
  log: [
    '  - → POST http://127.0.0.1:8000/api/v1/settings/user/settings',
    '    - user-agent: Mozilla/5.0 (Macintosh; Intel Mac OS X 10_15_7) AppleWebKit/537.36 (KHTML, like Gecko) HeadlessChrome/153.0.8010.12 Safari/537.36',
    '    - accept: */*',
    '    - accept-encoding: gzip,deflate,br',
    '    - X-User-Id: haewon.kim',
    '    - X-Tenant-Id: 1',
    '    - content-type: application/json',
    '    - content-length: 1880'
  ],
  name: 'Error',
  [Symbol(step)]: {
    location: {
      file: '/Users/haewonkim/.codex-fabric/worktrees/CF-636cebcd88631ae64e47fa3c/frontend/tests/helpers/sysgrid.ts',
      line: 126,
      column: 24,
      function: 'resetBrowserState'
    },
    category: 'pw:api',
    title: 'POST',
    subtitle: '127.0.0.1:8000/api/v1/settings/user/settings',
    params: {
      url: 'http://127.0.0.1:8000/api/v1/settings/user/settings',
      method: 'POST'
    },
    group: undefined,
    stepId: 'pw:api@44',
    boxedStack: undefined,
    steps: [],
    attachmentIndices: [],
    info: TestStepInfoImpl {
      annotations: [],
      _testInfo: [TestInfoImpl],
      _stepId: 'pw:api@44',
      _title: 'POST',
      _parentStep: undefined,
      skip: [Function (anonymous)]
    },
    complete: [Function: complete],
    endWallTime: 1789758681912,
    error: {
      message: 'Error: apiRequestContext.post: connect ECONNREFUSED 127.0.0.1:8000\n' +
        'Call log:\n' +
        '\x1B[2m  - → POST http://127.0.0.1:8000/api/v1/settings/user/settings\x1B[22m\n' +
        '\x1B[2m    - user-agent: Mozilla/5.0 (Macintosh; Intel Mac OS X 10_15_7) AppleWebKit/537.36 (KHTML, like Gecko) HeadlessChrome/153.0.8010.12 Safari/537.36\x1B[22m\n' +
        '\x1B[2m    - accept: */*\x1B[22m\n' +
        '\x1B[2m    - accept-encoding: gzip,deflate,br\x1B[22m\n' +
        '\x1B[2m    - X-User-Id: haewon.kim\x1B[22m\n' +
        '\x1B[2m    - X-Tenant-Id: 1\x1B[22m\n' +
        '\x1B[2m    - content-type: application/json\x1B[22m\n' +
        '\x1B[2m    - content-length: 1880\x1B[22m\n',
      stack: 'Error: apiRequestContext.post: connect ECONNREFUSED 127.0.0.1:8000\n' +
        'Call log:\n' +
        '\x1B[2m  - → POST http://127.0.0.1:8000/api/v1/settings/user/settings\x1B[22m\n' +
        '\x1B[2m    - user-agent: Mozilla/5.0 (Macintosh; Intel Mac OS X 10_15_7) AppleWebKit/537.36 (KHTML, like Gecko) HeadlessChrome/153.0.8010.12 Safari/537.36\x1B[22m\n' +
        '\x1B[2m    - accept: */*\x1B[22m\n' +
        '\x1B[2m    - accept-encoding: gzip,deflate,br\x1B[22m\n' +
        '\x1B[2m    - X-User-Id: haewon.kim\x1B[22m\n' +
        '\x1B[2m    - X-Tenant-Id: 1\x1B[22m\n' +
        '\x1B[2m    - content-type: application/json\x1B[22m\n' +
        '\x1B[2m    - content-length: 1880\x1B[22m\n' +
        '\n' +
        '    at resetBrowserState (/Users/haewonkim/.codex-fabric/worktrees/CF-636cebcd88631ae64e47fa3c/frontend/tests/helpers/sysgrid.ts:126:24)\n' +
        '    at /Users/haewonkim/.codex-fabric/worktrees/CF-636cebcd88631ae64e47fa3c/frontend/tests/far-golden-controls.spec.ts:7:11',
      cause: undefined
    }
  }
}
  ✘   21 tests/far-golden-controls.spec.ts:6:3 › FAR Monitoring-golden controls › keeps FAR domain depth while exposing the golden command and interaction surfaces (173ms)
(node:80659) Warning: The 'NO_COLOR' env is ignored due to the 'FORCE_COLOR' env being set.
(Use `node --trace-warnings ...` to show where the warning was created)
  ✘   22 tests/far-visible-grid.spec.ts:6:3 › FAR visible grid contract › repairs persisted collapse and paints analytical cells in the operator viewport (158ms)
(node:80682) Warning: The 'NO_COLOR' env is ignored due to the 'FORCE_COLOR' env being set.
(Use `node --trace-warnings ...` to show where the warning was created)
Failed to clear backend settings: apiRequestContext.post: connect ECONNREFUSED 127.0.0.1:8000
Call log:
  - → POST http://127.0.0.1:8000/api/v1/settings/user/settings
    - user-agent: Mozilla/5.0 (Macintosh; Intel Mac OS X 10_15_7) AppleWebKit/537.36 (KHTML, like Gecko) HeadlessChrome/153.0.8010.12 Safari/537.36
    - accept: */*
    - accept-encoding: gzip,deflate,br
    - X-User-Id: haewon.kim
    - X-Tenant-Id: 1
    - content-type: application/json
    - content-length: 1880

    at resetBrowserState (/Users/haewonkim/.codex-fabric/worktrees/CF-636cebcd88631ae64e47fa3c/frontend/tests/helpers/sysgrid.ts:126:24)
    at /Users/haewonkim/.codex-fabric/worktrees/CF-636cebcd88631ae64e47fa3c/frontend/tests/far-workflows.spec.ts:32:11 {
  log: [
    '  - → POST http://127.0.0.1:8000/api/v1/settings/user/settings',
    '    - user-agent: Mozilla/5.0 (Macintosh; Intel Mac OS X 10_15_7) AppleWebKit/537.36 (KHTML, like Gecko) HeadlessChrome/153.0.8010.12 Safari/537.36',
    '    - accept: */*',
    '    - accept-encoding: gzip,deflate,br',
    '    - X-User-Id: haewon.kim',
    '    - X-Tenant-Id: 1',
    '    - content-type: application/json',
    '    - content-length: 1880'
  ],
  name: 'Error',
  [Symbol(step)]: {
    location: {
      file: '/Users/haewonkim/.codex-fabric/worktrees/CF-636cebcd88631ae64e47fa3c/frontend/tests/helpers/sysgrid.ts',
      line: 126,
      column: 24,
      function: 'resetBrowserState'
    },
    category: 'pw:api',
    title: 'POST',
    subtitle: '127.0.0.1:8000/api/v1/settings/user/settings',
    params: {
      url: 'http://127.0.0.1:8000/api/v1/settings/user/settings',
      method: 'POST'
    },
    group: undefined,
    stepId: 'pw:api@44',
    boxedStack: undefined,
    steps: [],
    attachmentIndices: [],
    info: TestStepInfoImpl {
      annotations: [],
      _testInfo: [TestInfoImpl],
      _stepId: 'pw:api@44',
      _title: 'POST',
      _parentStep: undefined,
      skip: [Function (anonymous)]
    },
    complete: [Function: complete],
    endWallTime: 1789758682821,
    error: {
      message: 'Error: apiRequestContext.post: connect ECONNREFUSED 127.0.0.1:8000\n' +
        'Call log:\n' +
        '\x1B[2m  - → POST http://127.0.0.1:8000/api/v1/settings/user/settings\x1B[22m\n' +
        '\x1B[2m    - user-agent: Mozilla/5.0 (Macintosh; Intel Mac OS X 10_15_7) AppleWebKit/537.36 (KHTML, like Gecko) HeadlessChrome/153.0.8010.12 Safari/537.36\x1B[22m\n' +
        '\x1B[2m    - accept: */*\x1B[22m\n' +
        '\x1B[2m    - accept-encoding: gzip,deflate,br\x1B[22m\n' +
        '\x1B[2m    - X-User-Id: haewon.kim\x1B[22m\n' +
        '\x1B[2m    - X-Tenant-Id: 1\x1B[22m\n' +
        '\x1B[2m    - content-type: application/json\x1B[22m\n' +
        '\x1B[2m    - content-length: 1880\x1B[22m\n',
      stack: 'Error: apiRequestContext.post: connect ECONNREFUSED 127.0.0.1:8000\n' +
        'Call log:\n' +
        '\x1B[2m  - → POST http://127.0.0.1:8000/api/v1/settings/user/settings\x1B[22m\n' +
        '\x1B[2m    - user-agent: Mozilla/5.0 (Macintosh; Intel Mac OS X 10_15_7) AppleWebKit/537.36 (KHTML, like Gecko) HeadlessChrome/153.0.8010.12 Safari/537.36\x1B[22m\n' +
        '\x1B[2m    - accept: */*\x1B[22m\n' +
        '\x1B[2m    - accept-encoding: gzip,deflate,br\x1B[22m\n' +
        '\x1B[2m    - X-User-Id: haewon.kim\x1B[22m\n' +
        '\x1B[2m    - X-Tenant-Id: 1\x1B[22m\n' +
        '\x1B[2m    - content-type: application/json\x1B[22m\n' +
        '\x1B[2m    - content-length: 1880\x1B[22m\n' +
        '\n' +
        '    at resetBrowserState (/Users/haewonkim/.codex-fabric/worktrees/CF-636cebcd88631ae64e47fa3c/frontend/tests/helpers/sysgrid.ts:126:24)\n' +
        '    at /Users/haewonkim/.codex-fabric/worktrees/CF-636cebcd88631ae64e47fa3c/frontend/tests/far-workflows.spec.ts:32:11',
      cause: undefined
    }
  }
}
  ✘   23 tests/far-workflows.spec.ts:31:3 › FAR workflows › opens deep links and refreshes the wizard when the selected mode changes (177ms)
(node:80720) Warning: The 'NO_COLOR' env is ignored due to the 'FORCE_COLOR' env being set.
(Use `node --trace-warnings ...` to show where the warning was created)
Failed to clear backend settings: apiRequestContext.post: connect ECONNREFUSED 127.0.0.1:8000
Call log:
  - → POST http://127.0.0.1:8000/api/v1/settings/user/settings
    - user-agent: Mozilla/5.0 (Macintosh; Intel Mac OS X 10_15_7) AppleWebKit/537.36 (KHTML, like Gecko) HeadlessChrome/153.0.8010.12 Safari/537.36
    - accept: */*
    - accept-encoding: gzip,deflate,br
    - X-User-Id: haewon.kim
    - X-Tenant-Id: 1
    - content-type: application/json
    - content-length: 1880

    at resetBrowserState (/Users/haewonkim/.codex-fabric/worktrees/CF-636cebcd88631ae64e47fa3c/frontend/tests/helpers/sysgrid.ts:126:24)
    at /Users/haewonkim/.codex-fabric/worktrees/CF-636cebcd88631ae64e47fa3c/frontend/tests/far-workflows.spec.ts:62:11 {
  log: [
    '  - → POST http://127.0.0.1:8000/api/v1/settings/user/settings',
    '    - user-agent: Mozilla/5.0 (Macintosh; Intel Mac OS X 10_15_7) AppleWebKit/537.36 (KHTML, like Gecko) HeadlessChrome/153.0.8010.12 Safari/537.36',
    '    - accept: */*',
    '    - accept-encoding: gzip,deflate,br',
    '    - X-User-Id: haewon.kim',
    '    - X-Tenant-Id: 1',
    '    - content-type: application/json',
    '    - content-length: 1880'
  ],
  name: 'Error',
  [Symbol(step)]: {
    location: {
      file: '/Users/haewonkim/.codex-fabric/worktrees/CF-636cebcd88631ae64e47fa3c/frontend/tests/helpers/sysgrid.ts',
      line: 126,
      column: 24,
      function: 'resetBrowserState'
    },
    category: 'pw:api',
    title: 'POST',
    subtitle: '127.0.0.1:8000/api/v1/settings/user/settings',
    params: {
      url: 'http://127.0.0.1:8000/api/v1/settings/user/settings',
      method: 'POST'
    },
    group: undefined,
    stepId: 'pw:api@44',
    boxedStack: undefined,
    steps: [],
    attachmentIndices: [],
    info: TestStepInfoImpl {
      annotations: [],
      _testInfo: [TestInfoImpl],
      _stepId: 'pw:api@44',
      _title: 'POST',
      _parentStep: undefined,
      skip: [Function (anonymous)]
    },
    complete: [Function: complete],
    endWallTime: 1789758683282,
    error: {
      message: 'Error: apiRequestContext.post: connect ECONNREFUSED 127.0.0.1:8000\n' +
        'Call log:\n' +
        '\x1B[2m  - → POST http://127.0.0.1:8000/api/v1/settings/user/settings\x1B[22m\n' +
        '\x1B[2m    - user-agent: Mozilla/5.0 (Macintosh; Intel Mac OS X 10_15_7) AppleWebKit/537.36 (KHTML, like Gecko) HeadlessChrome/153.0.8010.12 Safari/537.36\x1B[22m\n' +
        '\x1B[2m    - accept: */*\x1B[22m\n' +
        '\x1B[2m    - accept-encoding: gzip,deflate,br\x1B[22m\n' +
        '\x1B[2m    - X-User-Id: haewon.kim\x1B[22m\n' +
        '\x1B[2m    - X-Tenant-Id: 1\x1B[22m\n' +
        '\x1B[2m    - content-type: application/json\x1B[22m\n' +
        '\x1B[2m    - content-length: 1880\x1B[22m\n',
      stack: 'Error: apiRequestContext.post: connect ECONNREFUSED 127.0.0.1:8000\n' +
        'Call log:\n' +
        '\x1B[2m  - → POST http://127.0.0.1:8000/api/v1/settings/user/settings\x1B[22m\n' +
        '\x1B[2m    - user-agent: Mozilla/5.0 (Macintosh; Intel Mac OS X 10_15_7) AppleWebKit/537.36 (KHTML, like Gecko) HeadlessChrome/153.0.8010.12 Safari/537.36\x1B[22m\n' +
        '\x1B[2m    - accept: */*\x1B[22m\n' +
        '\x1B[2m    - accept-encoding: gzip,deflate,br\x1B[22m\n' +
        '\x1B[2m    - X-User-Id: haewon.kim\x1B[22m\n' +
        '\x1B[2m    - X-Tenant-Id: 1\x1B[22m\n' +
        '\x1B[2m    - content-type: application/json\x1B[22m\n' +
        '\x1B[2m    - content-length: 1880\x1B[22m\n' +
        '\n' +
        '    at resetBrowserState (/Users/haewonkim/.codex-fabric/worktrees/CF-636cebcd88631ae64e47fa3c/frontend/tests/helpers/sysgrid.ts:126:24)\n' +
        '    at /Users/haewonkim/.codex-fabric/worktrees/CF-636cebcd88631ae64e47fa3c/frontend/tests/far-workflows.spec.ts:62:11',
      cause: undefined
    }
  }
}
  ✘   24 tests/far-workflows.spec.ts:61:3 › FAR workflows › uses the golden grid and previews failure-vector retirement without changing data (183ms)
(node:80776) Warning: The 'NO_COLOR' env is ignored due to the 'FORCE_COLOR' env being set.
(Use `node --trace-warnings ...` to show where the warning was created)
Failed to clear backend settings: apiRequestContext.post: connect ECONNREFUSED 127.0.0.1:8000
Call log:
  - → POST http://127.0.0.1:8000/api/v1/settings/user/settings
    - user-agent: Mozilla/5.0 (Macintosh; Intel Mac OS X 10_15_7) AppleWebKit/537.36 (KHTML, like Gecko) HeadlessChrome/153.0.8010.12 Safari/537.36
    - accept: */*
    - accept-encoding: gzip,deflate,br
    - X-User-Id: haewon.kim
    - X-Tenant-Id: 1
    - content-type: application/json
    - content-length: 1880

    at resetBrowserState (/Users/haewonkim/.codex-fabric/worktrees/CF-636cebcd88631ae64e47fa3c/frontend/tests/helpers/sysgrid.ts:126:24)
    at /Users/haewonkim/.codex-fabric/worktrees/CF-636cebcd88631ae64e47fa3c/frontend/tests/far-workflows.spec.ts:95:11 {
  log: [
    '  - → POST http://127.0.0.1:8000/api/v1/settings/user/settings',
    '    - user-agent: Mozilla/5.0 (Macintosh; Intel Mac OS X 10_15_7) AppleWebKit/537.36 (KHTML, like Gecko) HeadlessChrome/153.0.8010.12 Safari/537.36',
    '    - accept: */*',
    '    - accept-encoding: gzip,deflate,br',
    '    - X-User-Id: haewon.kim',
    '    - X-Tenant-Id: 1',
    '    - content-type: application/json',
    '    - content-length: 1880'
  ],
  name: 'Error',
  [Symbol(step)]: {
    location: {
      file: '/Users/haewonkim/.codex-fabric/worktrees/CF-636cebcd88631ae64e47fa3c/frontend/tests/helpers/sysgrid.ts',
      line: 126,
      column: 24,
      function: 'resetBrowserState'
    },
    category: 'pw:api',
    title: 'POST',
    subtitle: '127.0.0.1:8000/api/v1/settings/user/settings',
    params: {
      url: 'http://127.0.0.1:8000/api/v1/settings/user/settings',
      method: 'POST'
    },
    group: undefined,
    stepId: 'pw:api@44',
    boxedStack: undefined,
    steps: [],
    attachmentIndices: [],
    info: TestStepInfoImpl {
      annotations: [],
      _testInfo: [TestInfoImpl],
      _stepId: 'pw:api@44',
      _title: 'POST',
      _parentStep: undefined,
      skip: [Function (anonymous)]
    },
    complete: [Function: complete],
    endWallTime: 1789758683775,
    error: {
      message: 'Error: apiRequestContext.post: connect ECONNREFUSED 127.0.0.1:8000\n' +
        'Call log:\n' +
        '\x1B[2m  - → POST http://127.0.0.1:8000/api/v1/settings/user/settings\x1B[22m\n' +
        '\x1B[2m    - user-agent: Mozilla/5.0 (Macintosh; Intel Mac OS X 10_15_7) AppleWebKit/537.36 (KHTML, like Gecko) HeadlessChrome/153.0.8010.12 Safari/537.36\x1B[22m\n' +
        '\x1B[2m    - accept: */*\x1B[22m\n' +
        '\x1B[2m    - accept-encoding: gzip,deflate,br\x1B[22m\n' +
        '\x1B[2m    - X-User-Id: haewon.kim\x1B[22m\n' +
        '\x1B[2m    - X-Tenant-Id: 1\x1B[22m\n' +
        '\x1B[2m    - content-type: application/json\x1B[22m\n' +
        '\x1B[2m    - content-length: 1880\x1B[22m\n',
      stack: 'Error: apiRequestContext.post: connect ECONNREFUSED 127.0.0.1:8000\n' +
        'Call log:\n' +
        '\x1B[2m  - → POST http://127.0.0.1:8000/api/v1/settings/user/settings\x1B[22m\n' +
        '\x1B[2m    - user-agent: Mozilla/5.0 (Macintosh; Intel Mac OS X 10_15_7) AppleWebKit/537.36 (KHTML, like Gecko) HeadlessChrome/153.0.8010.12 Safari/537.36\x1B[22m\n' +
        '\x1B[2m    - accept: */*\x1B[22m\n' +
        '\x1B[2m    - accept-encoding: gzip,deflate,br\x1B[22m\n' +
        '\x1B[2m    - X-User-Id: haewon.kim\x1B[22m\n' +
        '\x1B[2m    - X-Tenant-Id: 1\x1B[22m\n' +
        '\x1B[2m    - content-type: application/json\x1B[22m\n' +
        '\x1B[2m    - content-length: 1880\x1B[22m\n' +
        '\n' +
        '    at resetBrowserState (/Users/haewonkim/.codex-fabric/worktrees/CF-636cebcd88631ae64e47fa3c/frontend/tests/helpers/sysgrid.ts:126:24)\n' +
        '    at /Users/haewonkim/.codex-fabric/worktrees/CF-636cebcd88631ae64e47fa3c/frontend/tests/far-workflows.spec.ts:95:11',
      cause: undefined
    }
  }
}
  ✘   25 tests/far-workflows.spec.ts:94:3 › FAR workflows › edits mitigation provenance and preserves FAR version history invariants (193ms)
(node:80881) Warning: The 'NO_COLOR' env is ignored due to the 'FORCE_COLOR' env being set.
(Use `node --trace-warnings ...` to show where the warning was created)
Failed to clear backend settings: apiRequestContext.post: connect ECONNREFUSED 127.0.0.1:8000
Call log:
  - → POST http://127.0.0.1:8000/api/v1/settings/user/settings
    - user-agent: Mozilla/5.0 (Macintosh; Intel Mac OS X 10_15_7) AppleWebKit/537.36 (KHTML, like Gecko) HeadlessChrome/153.0.8010.12 Safari/537.36
    - accept: */*
    - accept-encoding: gzip,deflate,br
    - X-User-Id: haewon.kim
    - X-Tenant-Id: 1
    - content-type: application/json
    - content-length: 1880

    at resetBrowserState (/Users/haewonkim/.codex-fabric/worktrees/CF-636cebcd88631ae64e47fa3c/frontend/tests/helpers/sysgrid.ts:126:24)
    at /Users/haewonkim/.codex-fabric/worktrees/CF-636cebcd88631ae64e47fa3c/frontend/tests/far-workflows.spec.ts:268:11 {
  log: [
    '  - → POST http://127.0.0.1:8000/api/v1/settings/user/settings',
    '    - user-agent: Mozilla/5.0 (Macintosh; Intel Mac OS X 10_15_7) AppleWebKit/537.36 (KHTML, like Gecko) HeadlessChrome/153.0.8010.12 Safari/537.36',
    '    - accept: */*',
    '    - accept-encoding: gzip,deflate,br',
    '    - X-User-Id: haewon.kim',
    '    - X-Tenant-Id: 1',
    '    - content-type: application/json',
    '    - content-length: 1880'
  ],
  name: 'Error',
  [Symbol(step)]: {
    location: {
      file: '/Users/haewonkim/.codex-fabric/worktrees/CF-636cebcd88631ae64e47fa3c/frontend/tests/helpers/sysgrid.ts',
      line: 126,
      column: 24,
      function: 'resetBrowserState'
    },
    category: 'pw:api',
    title: 'POST',
    subtitle: '127.0.0.1:8000/api/v1/settings/user/settings',
    params: {
      url: 'http://127.0.0.1:8000/api/v1/settings/user/settings',
      method: 'POST'
    },
    group: undefined,
    stepId: 'pw:api@44',
    boxedStack: undefined,
    steps: [],
    attachmentIndices: [],
    info: TestStepInfoImpl {
      annotations: [],
      _testInfo: [TestInfoImpl],
      _stepId: 'pw:api@44',
      _title: 'POST',
      _parentStep: undefined,
      skip: [Function (anonymous)]
    },
    complete: [Function: complete],
    endWallTime: 1789758684265,
    error: {
      message: 'Error: apiRequestContext.post: connect ECONNREFUSED 127.0.0.1:8000\n' +
        'Call log:\n' +
        '\x1B[2m  - → POST http://127.0.0.1:8000/api/v1/settings/user/settings\x1B[22m\n' +
        '\x1B[2m    - user-agent: Mozilla/5.0 (Macintosh; Intel Mac OS X 10_15_7) AppleWebKit/537.36 (KHTML, like Gecko) HeadlessChrome/153.0.8010.12 Safari/537.36\x1B[22m\n' +
        '\x1B[2m    - accept: */*\x1B[22m\n' +
        '\x1B[2m    - accept-encoding: gzip,deflate,br\x1B[22m\n' +
        '\x1B[2m    - X-User-Id: haewon.kim\x1B[22m\n' +
        '\x1B[2m    - X-Tenant-Id: 1\x1B[22m\n' +
        '\x1B[2m    - content-type: application/json\x1B[22m\n' +
        '\x1B[2m    - content-length: 1880\x1B[22m\n',
      stack: 'Error: apiRequestContext.post: connect ECONNREFUSED 127.0.0.1:8000\n' +
        'Call log:\n' +
        '\x1B[2m  - → POST http://127.0.0.1:8000/api/v1/settings/user/settings\x1B[22m\n' +
        '\x1B[2m    - user-agent: Mozilla/5.0 (Macintosh; Intel Mac OS X 10_15_7) AppleWebKit/537.36 (KHTML, like Gecko) HeadlessChrome/153.0.8010.12 Safari/537.36\x1B[22m\n' +
        '\x1B[2m    - accept: */*\x1B[22m\n' +
        '\x1B[2m    - accept-encoding: gzip,deflate,br\x1B[22m\n' +
        '\x1B[2m    - X-User-Id: haewon.kim\x1B[22m\n' +
        '\x1B[2m    - X-Tenant-Id: 1\x1B[22m\n' +
        '\x1B[2m    - content-type: application/json\x1B[22m\n' +
        '\x1B[2m    - content-length: 1880\x1B[22m\n' +
        '\n' +
        '    at resetBrowserState (/Users/haewonkim/.codex-fabric/worktrees/CF-636cebcd88631ae64e47fa3c/frontend/tests/helpers/sysgrid.ts:126:24)\n' +
        '    at /Users/haewonkim/.codex-fabric/worktrees/CF-636cebcd88631ae64e47fa3c/frontend/tests/far-workflows.spec.ts:268:11',
      cause: undefined
    }
  }
}
  ✘   26 tests/far-workflows.spec.ts:267:3 › FAR workflows › navigates to Research and can unlink linked research artifacts (173ms)
(node:80951) Warning: The 'NO_COLOR' env is ignored due to the 'FORCE_COLOR' env being set.
(Use `node --trace-warnings ...` to show where the warning was created)
Failed to clear backend settings: apiRequestContext.post: connect ECONNREFUSED 127.0.0.1:8000
Call log:
  - → POST http://127.0.0.1:8000/api/v1/settings/user/settings
    - user-agent: Mozilla/5.0 (Macintosh; Intel Mac OS X 10_15_7) AppleWebKit/537.36 (KHTML, like Gecko) HeadlessChrome/153.0.8010.12 Safari/537.36
    - accept: */*
    - accept-encoding: gzip,deflate,br
    - X-User-Id: haewon.kim
    - X-Tenant-Id: 1
    - content-type: application/json
    - content-length: 1880

    at resetBrowserState (/Users/haewonkim/.codex-fabric/worktrees/CF-636cebcd88631ae64e47fa3c/frontend/tests/helpers/sysgrid.ts:126:24)
    at /Users/haewonkim/.codex-fabric/worktrees/CF-636cebcd88631ae64e47fa3c/frontend/tests/golden-eight-seeded-visual-matrix.spec.ts:29:11 {
  log: [
    '  - → POST http://127.0.0.1:8000/api/v1/settings/user/settings',
    '    - user-agent: Mozilla/5.0 (Macintosh; Intel Mac OS X 10_15_7) AppleWebKit/537.36 (KHTML, like Gecko) HeadlessChrome/153.0.8010.12 Safari/537.36',
    '    - accept: */*',
    '    - accept-encoding: gzip,deflate,br',
    '    - X-User-Id: haewon.kim',
    '    - X-Tenant-Id: 1',
    '    - content-type: application/json',
    '    - content-length: 1880'
  ],
  name: 'Error',
  [Symbol(step)]: {
    location: {
      file: '/Users/haewonkim/.codex-fabric/worktrees/CF-636cebcd88631ae64e47fa3c/frontend/tests/helpers/sysgrid.ts',
      line: 126,
      column: 24,
      function: 'resetBrowserState'
    },
    category: 'pw:api',
    title: 'POST',
    subtitle: '127.0.0.1:8000/api/v1/settings/user/settings',
    params: {
      url: 'http://127.0.0.1:8000/api/v1/settings/user/settings',
      method: 'POST'
    },
    group: undefined,
    stepId: 'pw:api@44',
    boxedStack: undefined,
    steps: [],
    attachmentIndices: [],
    info: TestStepInfoImpl {
      annotations: [],
      _testInfo: [TestInfoImpl],
      _stepId: 'pw:api@44',
      _title: 'POST',
      _parentStep: undefined,
      skip: [Function (anonymous)]
    },
    complete: [Function: complete],
    endWallTime: 1789758684745,
    error: {
      message: 'Error: apiRequestContext.post: connect ECONNREFUSED 127.0.0.1:8000\n' +
        'Call log:\n' +
        '\x1B[2m  - → POST http://127.0.0.1:8000/api/v1/settings/user/settings\x1B[22m\n' +
        '\x1B[2m    - user-agent: Mozilla/5.0 (Macintosh; Intel Mac OS X 10_15_7) AppleWebKit/537.36 (KHTML, like Gecko) HeadlessChrome/153.0.8010.12 Safari/537.36\x1B[22m\n' +
        '\x1B[2m    - accept: */*\x1B[22m\n' +
        '\x1B[2m    - accept-encoding: gzip,deflate,br\x1B[22m\n' +
        '\x1B[2m    - X-User-Id: haewon.kim\x1B[22m\n' +
        '\x1B[2m    - X-Tenant-Id: 1\x1B[22m\n' +
        '\x1B[2m    - content-type: application/json\x1B[22m\n' +
        '\x1B[2m    - content-length: 1880\x1B[22m\n',
      stack: 'Error: apiRequestContext.post: connect ECONNREFUSED 127.0.0.1:8000\n' +
        'Call log:\n' +
        '\x1B[2m  - → POST http://127.0.0.1:8000/api/v1/settings/user/settings\x1B[22m\n' +
        '\x1B[2m    - user-agent: Mozilla/5.0 (Macintosh; Intel Mac OS X 10_15_7) AppleWebKit/537.36 (KHTML, like Gecko) HeadlessChrome/153.0.8010.12 Safari/537.36\x1B[22m\n' +
        '\x1B[2m    - accept: */*\x1B[22m\n' +
        '\x1B[2m    - accept-encoding: gzip,deflate,br\x1B[22m\n' +
        '\x1B[2m    - X-User-Id: haewon.kim\x1B[22m\n' +
        '\x1B[2m    - X-Tenant-Id: 1\x1B[22m\n' +
        '\x1B[2m    - content-type: application/json\x1B[22m\n' +
        '\x1B[2m    - content-length: 1880\x1B[22m\n' +
        '\n' +
        '    at resetBrowserState (/Users/haewonkim/.codex-fabric/worktrees/CF-636cebcd88631ae64e47fa3c/frontend/tests/helpers/sysgrid.ts:126:24)\n' +
        '    at /Users/haewonkim/.codex-fabric/worktrees/CF-636cebcd88631ae64e47fa3c/frontend/tests/golden-eight-seeded-visual-matrix.spec.ts:29:11',
      cause: undefined
    }
  }
}
  ✘   27 tests/golden-eight-seeded-visual-matrix.spec.ts:28:3 › Golden Eight deterministic populated visual matrix › renders representative populated desktop states for every completed target view (185ms)
(node:81015) Warning: The 'NO_COLOR' env is ignored due to the 'FORCE_COLOR' env being set.
(Use `node --trace-warnings ...` to show where the warning was created)
Failed to clear backend settings: apiRequestContext.post: connect ECONNREFUSED 127.0.0.1:8000
Call log:
  - → POST http://127.0.0.1:8000/api/v1/settings/user/settings
    - user-agent: Mozilla/5.0 (Macintosh; Intel Mac OS X 10_15_7) AppleWebKit/537.36 (KHTML, like Gecko) HeadlessChrome/153.0.8010.12 Safari/537.36
    - accept: */*
    - accept-encoding: gzip,deflate,br
    - X-User-Id: haewon.kim
    - X-Tenant-Id: 1
    - content-type: application/json
    - content-length: 1880

    at resetBrowserState (/Users/haewonkim/.codex-fabric/worktrees/CF-636cebcd88631ae64e47fa3c/frontend/tests/helpers/sysgrid.ts:126:24)
    at /Users/haewonkim/.codex-fabric/worktrees/CF-636cebcd88631ae64e47fa3c/frontend/tests/knowledge-workflows.spec.ts:10:11 {
  log: [
    '  - → POST http://127.0.0.1:8000/api/v1/settings/user/settings',
    '    - user-agent: Mozilla/5.0 (Macintosh; Intel Mac OS X 10_15_7) AppleWebKit/537.36 (KHTML, like Gecko) HeadlessChrome/153.0.8010.12 Safari/537.36',
    '    - accept: */*',
    '    - accept-encoding: gzip,deflate,br',
    '    - X-User-Id: haewon.kim',
    '    - X-Tenant-Id: 1',
    '    - content-type: application/json',
    '    - content-length: 1880'
  ],
  name: 'Error',
  [Symbol(step)]: {
    location: {
      file: '/Users/haewonkim/.codex-fabric/worktrees/CF-636cebcd88631ae64e47fa3c/frontend/tests/helpers/sysgrid.ts',
      line: 126,
      column: 24,
      function: 'resetBrowserState'
    },
    category: 'pw:api',
    title: 'POST',
    subtitle: '127.0.0.1:8000/api/v1/settings/user/settings',
    params: {
      url: 'http://127.0.0.1:8000/api/v1/settings/user/settings',
      method: 'POST'
    },
    group: undefined,
    stepId: 'pw:api@44',
    boxedStack: undefined,
    steps: [],
    attachmentIndices: [],
    info: TestStepInfoImpl {
      annotations: [],
      _testInfo: [TestInfoImpl],
      _stepId: 'pw:api@44',
      _title: 'POST',
      _parentStep: undefined,
      skip: [Function (anonymous)]
    },
    complete: [Function: complete],
    endWallTime: 1789758685237,
    error: {
      message: 'Error: apiRequestContext.post: connect ECONNREFUSED 127.0.0.1:8000\n' +
        'Call log:\n' +
        '\x1B[2m  - → POST http://127.0.0.1:8000/api/v1/settings/user/settings\x1B[22m\n' +
        '\x1B[2m    - user-agent: Mozilla/5.0 (Macintosh; Intel Mac OS X 10_15_7) AppleWebKit/537.36 (KHTML, like Gecko) HeadlessChrome/153.0.8010.12 Safari/537.36\x1B[22m\n' +
        '\x1B[2m    - accept: */*\x1B[22m\n' +
        '\x1B[2m    - accept-encoding: gzip,deflate,br\x1B[22m\n' +
        '\x1B[2m    - X-User-Id: haewon.kim\x1B[22m\n' +
        '\x1B[2m    - X-Tenant-Id: 1\x1B[22m\n' +
        '\x1B[2m    - content-type: application/json\x1B[22m\n' +
        '\x1B[2m    - content-length: 1880\x1B[22m\n',
      stack: 'Error: apiRequestContext.post: connect ECONNREFUSED 127.0.0.1:8000\n' +
        'Call log:\n' +
        '\x1B[2m  - → POST http://127.0.0.1:8000/api/v1/settings/user/settings\x1B[22m\n' +
        '\x1B[2m    - user-agent: Mozilla/5.0 (Macintosh; Intel Mac OS X 10_15_7) AppleWebKit/537.36 (KHTML, like Gecko) HeadlessChrome/153.0.8010.12 Safari/537.36\x1B[22m\n' +
        '\x1B[2m    - accept: */*\x1B[22m\n' +
        '\x1B[2m    - accept-encoding: gzip,deflate,br\x1B[22m\n' +
        '\x1B[2m    - X-User-Id: haewon.kim\x1B[22m\n' +
        '\x1B[2m    - X-Tenant-Id: 1\x1B[22m\n' +
        '\x1B[2m    - content-type: application/json\x1B[22m\n' +
        '\x1B[2m    - content-length: 1880\x1B[22m\n' +
        '\n' +
        '    at resetBrowserState (/Users/haewonkim/.codex-fabric/worktrees/CF-636cebcd88631ae64e47fa3c/frontend/tests/helpers/sysgrid.ts:126:24)\n' +
        '    at /Users/haewonkim/.codex-fabric/worktrees/CF-636cebcd88631ae64e47fa3c/frontend/tests/knowledge-workflows.spec.ts:10:11',
      cause: undefined
    }
  }
}
  ✘   28 tests/knowledge-workflows.spec.ts:9:3 › Knowledge workflows › supports command-center summaries, architecture linkage, export, and operational actions (185ms)
(node:81105) Warning: The 'NO_COLOR' env is ignored due to the 'FORCE_COLOR' env being set.
(Use `node --trace-warnings ...` to show where the warning was created)
Failed to clear backend settings: apiRequestContext.post: connect ECONNREFUSED 127.0.0.1:8000
Call log:
  - → POST http://127.0.0.1:8000/api/v1/settings/user/settings
    - user-agent: Mozilla/5.0 (Macintosh; Intel Mac OS X 10_15_7) AppleWebKit/537.36 (KHTML, like Gecko) HeadlessChrome/153.0.8010.12 Safari/537.36
    - accept: */*
    - accept-encoding: gzip,deflate,br
    - X-User-Id: haewon.kim
    - X-Tenant-Id: 1
    - content-type: application/json
    - content-length: 1880

    at resetBrowserState (/Users/haewonkim/.codex-fabric/worktrees/CF-636cebcd88631ae64e47fa3c/frontend/tests/helpers/sysgrid.ts:126:24)
    at /Users/haewonkim/.codex-fabric/worktrees/CF-636cebcd88631ae64e47fa3c/frontend/tests/knowledge-workflows.spec.ts:115:11 {
  log: [
    '  - → POST http://127.0.0.1:8000/api/v1/settings/user/settings',
    '    - user-agent: Mozilla/5.0 (Macintosh; Intel Mac OS X 10_15_7) AppleWebKit/537.36 (KHTML, like Gecko) HeadlessChrome/153.0.8010.12 Safari/537.36',
    '    - accept: */*',
    '    - accept-encoding: gzip,deflate,br',
    '    - X-User-Id: haewon.kim',
    '    - X-Tenant-Id: 1',
    '    - content-type: application/json',
    '    - content-length: 1880'
  ],
  name: 'Error',
  [Symbol(step)]: {
    location: {
      file: '/Users/haewonkim/.codex-fabric/worktrees/CF-636cebcd88631ae64e47fa3c/frontend/tests/helpers/sysgrid.ts',
      line: 126,
      column: 24,
      function: 'resetBrowserState'
    },
    category: 'pw:api',
    title: 'POST',
    subtitle: '127.0.0.1:8000/api/v1/settings/user/settings',
    params: {
      url: 'http://127.0.0.1:8000/api/v1/settings/user/settings',
      method: 'POST'
    },
    group: undefined,
    stepId: 'pw:api@44',
    boxedStack: undefined,
    steps: [],
    attachmentIndices: [],
    info: TestStepInfoImpl {
      annotations: [],
      _testInfo: [TestInfoImpl],
      _stepId: 'pw:api@44',
      _title: 'POST',
      _parentStep: undefined,
      skip: [Function (anonymous)]
    },
    complete: [Function: complete],
    endWallTime: 1789758685727,
    error: {
      message: 'Error: apiRequestContext.post: connect ECONNREFUSED 127.0.0.1:8000\n' +
        'Call log:\n' +
        '\x1B[2m  - → POST http://127.0.0.1:8000/api/v1/settings/user/settings\x1B[22m\n' +
        '\x1B[2m    - user-agent: Mozilla/5.0 (Macintosh; Intel Mac OS X 10_15_7) AppleWebKit/537.36 (KHTML, like Gecko) HeadlessChrome/153.0.8010.12 Safari/537.36\x1B[22m\n' +
        '\x1B[2m    - accept: */*\x1B[22m\n' +
        '\x1B[2m    - accept-encoding: gzip,deflate,br\x1B[22m\n' +
        '\x1B[2m    - X-User-Id: haewon.kim\x1B[22m\n' +
        '\x1B[2m    - X-Tenant-Id: 1\x1B[22m\n' +
        '\x1B[2m    - content-type: application/json\x1B[22m\n' +
        '\x1B[2m    - content-length: 1880\x1B[22m\n',
      stack: 'Error: apiRequestContext.post: connect ECONNREFUSED 127.0.0.1:8000\n' +
        'Call log:\n' +
        '\x1B[2m  - → POST http://127.0.0.1:8000/api/v1/settings/user/settings\x1B[22m\n' +
        '\x1B[2m    - user-agent: Mozilla/5.0 (Macintosh; Intel Mac OS X 10_15_7) AppleWebKit/537.36 (KHTML, like Gecko) HeadlessChrome/153.0.8010.12 Safari/537.36\x1B[22m\n' +
        '\x1B[2m    - accept: */*\x1B[22m\n' +
        '\x1B[2m    - accept-encoding: gzip,deflate,br\x1B[22m\n' +
        '\x1B[2m    - X-User-Id: haewon.kim\x1B[22m\n' +
        '\x1B[2m    - X-Tenant-Id: 1\x1B[22m\n' +
        '\x1B[2m    - content-type: application/json\x1B[22m\n' +
        '\x1B[2m    - content-length: 1880\x1B[22m\n' +
        '\n' +
        '    at resetBrowserState (/Users/haewonkim/.codex-fabric/worktrees/CF-636cebcd88631ae64e47fa3c/frontend/tests/helpers/sysgrid.ts:126:24)\n' +
        '    at /Users/haewonkim/.codex-fabric/worktrees/CF-636cebcd88631ae64e47fa3c/frontend/tests/knowledge-workflows.spec.ts:115:11',
      cause: undefined
    }
  }
}
  ✘   29 tests/knowledge-workflows.spec.ts:114:3 › Knowledge workflows › supports richer Q&A collaboration and answer verification (187ms)
(node:81199) Warning: The 'NO_COLOR' env is ignored due to the 'FORCE_COLOR' env being set.
(Use `node --trace-warnings ...` to show where the warning was created)
Failed to clear backend settings: apiRequestContext.post: connect ECONNREFUSED 127.0.0.1:8000
Call log:
  - → POST http://127.0.0.1:8000/api/v1/settings/user/settings
    - user-agent: Mozilla/5.0 (Macintosh; Intel Mac OS X 10_15_7) AppleWebKit/537.36 (KHTML, like Gecko) HeadlessChrome/153.0.8010.12 Safari/537.36
    - accept: */*
    - accept-encoding: gzip,deflate,br
    - X-User-Id: haewon.kim
    - X-Tenant-Id: 1
    - content-type: application/json
    - content-length: 1880

    at resetBrowserState (/Users/haewonkim/.codex-fabric/worktrees/CF-636cebcd88631ae64e47fa3c/frontend/tests/helpers/sysgrid.ts:126:24)
    at /Users/haewonkim/.codex-fabric/worktrees/CF-636cebcd88631ae64e47fa3c/frontend/tests/monitoring-comprehensive.spec.ts:21:11 {
  log: [
    '  - → POST http://127.0.0.1:8000/api/v1/settings/user/settings',
    '    - user-agent: Mozilla/5.0 (Macintosh; Intel Mac OS X 10_15_7) AppleWebKit/537.36 (KHTML, like Gecko) HeadlessChrome/153.0.8010.12 Safari/537.36',
    '    - accept: */*',
    '    - accept-encoding: gzip,deflate,br',
    '    - X-User-Id: haewon.kim',
    '    - X-Tenant-Id: 1',
    '    - content-type: application/json',
    '    - content-length: 1880'
  ],
  name: 'Error',
  [Symbol(step)]: {
    location: {
      file: '/Users/haewonkim/.codex-fabric/worktrees/CF-636cebcd88631ae64e47fa3c/frontend/tests/helpers/sysgrid.ts',
      line: 126,
      column: 24,
      function: 'resetBrowserState'
    },
    category: 'pw:api',
    title: 'POST',
    subtitle: '127.0.0.1:8000/api/v1/settings/user/settings',
    params: {
      url: 'http://127.0.0.1:8000/api/v1/settings/user/settings',
      method: 'POST'
    },
    group: undefined,
    stepId: 'pw:api@42',
    boxedStack: undefined,
    steps: [],
    attachmentIndices: [],
    info: TestStepInfoImpl {
      annotations: [],
      _testInfo: [TestInfoImpl],
      _stepId: 'pw:api@42',
      _title: 'POST',
      _parentStep: [TestStepInfoImpl],
      skip: [Function (anonymous)]
    },
    complete: [Function: complete],
    endWallTime: 1789758686207,
    error: {
      message: 'Error: apiRequestContext.post: connect ECONNREFUSED 127.0.0.1:8000\n' +
        'Call log:\n' +
        '\x1B[2m  - → POST http://127.0.0.1:8000/api/v1/settings/user/settings\x1B[22m\n' +
        '\x1B[2m    - user-agent: Mozilla/5.0 (Macintosh; Intel Mac OS X 10_15_7) AppleWebKit/537.36 (KHTML, like Gecko) HeadlessChrome/153.0.8010.12 Safari/537.36\x1B[22m\n' +
        '\x1B[2m    - accept: */*\x1B[22m\n' +
        '\x1B[2m    - accept-encoding: gzip,deflate,br\x1B[22m\n' +
        '\x1B[2m    - X-User-Id: haewon.kim\x1B[22m\n' +
        '\x1B[2m    - X-Tenant-Id: 1\x1B[22m\n' +
        '\x1B[2m    - content-type: application/json\x1B[22m\n' +
        '\x1B[2m    - content-length: 1880\x1B[22m\n',
      stack: 'Error: apiRequestContext.post: connect ECONNREFUSED 127.0.0.1:8000\n' +
        'Call log:\n' +
        '\x1B[2m  - → POST http://127.0.0.1:8000/api/v1/settings/user/settings\x1B[22m\n' +
        '\x1B[2m    - user-agent: Mozilla/5.0 (Macintosh; Intel Mac OS X 10_15_7) AppleWebKit/537.36 (KHTML, like Gecko) HeadlessChrome/153.0.8010.12 Safari/537.36\x1B[22m\n' +
        '\x1B[2m    - accept: */*\x1B[22m\n' +
        '\x1B[2m    - accept-encoding: gzip,deflate,br\x1B[22m\n' +
        '\x1B[2m    - X-User-Id: haewon.kim\x1B[22m\n' +
        '\x1B[2m    - X-Tenant-Id: 1\x1B[22m\n' +
        '\x1B[2m    - content-type: application/json\x1B[22m\n' +
        '\x1B[2m    - content-length: 1880\x1B[22m\n' +
        '\n' +
        '    at resetBrowserState (/Users/haewonkim/.codex-fabric/worktrees/CF-636cebcd88631ae64e47fa3c/frontend/tests/helpers/sysgrid.ts:126:24)\n' +
        '    at /Users/haewonkim/.codex-fabric/worktrees/CF-636cebcd88631ae64e47fa3c/frontend/tests/monitoring-comprehensive.spec.ts:21:11',
      cause: undefined
    }
  }
}
  ✘   30 tests/monitoring-comprehensive.spec.ts:32:3 › Monitoring Comprehensive Functional Coverage › Add Monitor: Validate field sanitization and success (158ms)
(node:81285) Warning: The 'NO_COLOR' env is ignored due to the 'FORCE_COLOR' env being set.
(Use `node --trace-warnings ...` to show where the warning was created)
Failed to clear backend settings: apiRequestContext.post: connect ECONNREFUSED 127.0.0.1:8000
Call log:
  - → POST http://127.0.0.1:8000/api/v1/settings/user/settings
    - user-agent: Mozilla/5.0 (Macintosh; Intel Mac OS X 10_15_7) AppleWebKit/537.36 (KHTML, like Gecko) HeadlessChrome/153.0.8010.12 Safari/537.36
    - accept: */*
    - accept-encoding: gzip,deflate,br
    - X-User-Id: haewon.kim
    - X-Tenant-Id: 1
    - content-type: application/json
    - content-length: 1880

    at resetBrowserState (/Users/haewonkim/.codex-fabric/worktrees/CF-636cebcd88631ae64e47fa3c/frontend/tests/helpers/sysgrid.ts:126:24)
    at /Users/haewonkim/.codex-fabric/worktrees/CF-636cebcd88631ae64e47fa3c/frontend/tests/monitoring-comprehensive.spec.ts:21:11 {
  log: [
    '  - → POST http://127.0.0.1:8000/api/v1/settings/user/settings',
    '    - user-agent: Mozilla/5.0 (Macintosh; Intel Mac OS X 10_15_7) AppleWebKit/537.36 (KHTML, like Gecko) HeadlessChrome/153.0.8010.12 Safari/537.36',
    '    - accept: */*',
    '    - accept-encoding: gzip,deflate,br',
    '    - X-User-Id: haewon.kim',
    '    - X-Tenant-Id: 1',
    '    - content-type: application/json',
    '    - content-length: 1880'
  ],
  name: 'Error',
  [Symbol(step)]: {
    location: {
      file: '/Users/haewonkim/.codex-fabric/worktrees/CF-636cebcd88631ae64e47fa3c/frontend/tests/helpers/sysgrid.ts',
      line: 126,
      column: 24,
      function: 'resetBrowserState'
    },
    category: 'pw:api',
    title: 'POST',
    subtitle: '127.0.0.1:8000/api/v1/settings/user/settings',
    params: {
      url: 'http://127.0.0.1:8000/api/v1/settings/user/settings',
      method: 'POST'
    },
    group: undefined,
    stepId: 'pw:api@42',
    boxedStack: undefined,
    steps: [],
    attachmentIndices: [],
    info: TestStepInfoImpl {
      annotations: [],
      _testInfo: [TestInfoImpl],
      _stepId: 'pw:api@42',
      _title: 'POST',
      _parentStep: [TestStepInfoImpl],
      skip: [Function (anonymous)]
    },
    complete: [Function: complete],
    endWallTime: 1789758686659,
    error: {
      message: 'Error: apiRequestContext.post: connect ECONNREFUSED 127.0.0.1:8000\n' +
        'Call log:\n' +
        '\x1B[2m  - → POST http://127.0.0.1:8000/api/v1/settings/user/settings\x1B[22m\n' +
        '\x1B[2m    - user-agent: Mozilla/5.0 (Macintosh; Intel Mac OS X 10_15_7) AppleWebKit/537.36 (KHTML, like Gecko) HeadlessChrome/153.0.8010.12 Safari/537.36\x1B[22m\n' +
        '\x1B[2m    - accept: */*\x1B[22m\n' +
        '\x1B[2m    - accept-encoding: gzip,deflate,br\x1B[22m\n' +
        '\x1B[2m    - X-User-Id: haewon.kim\x1B[22m\n' +
        '\x1B[2m    - X-Tenant-Id: 1\x1B[22m\n' +
        '\x1B[2m    - content-type: application/json\x1B[22m\n' +
        '\x1B[2m    - content-length: 1880\x1B[22m\n',
      stack: 'Error: apiRequestContext.post: connect ECONNREFUSED 127.0.0.1:8000\n' +
        'Call log:\n' +
        '\x1B[2m  - → POST http://127.0.0.1:8000/api/v1/settings/user/settings\x1B[22m\n' +
        '\x1B[2m    - user-agent: Mozilla/5.0 (Macintosh; Intel Mac OS X 10_15_7) AppleWebKit/537.36 (KHTML, like Gecko) HeadlessChrome/153.0.8010.12 Safari/537.36\x1B[22m\n' +
        '\x1B[2m    - accept: */*\x1B[22m\n' +
        '\x1B[2m    - accept-encoding: gzip,deflate,br\x1B[22m\n' +
        '\x1B[2m    - X-User-Id: haewon.kim\x1B[22m\n' +
        '\x1B[2m    - X-Tenant-Id: 1\x1B[22m\n' +
        '\x1B[2m    - content-type: application/json\x1B[22m\n' +
        '\x1B[2m    - content-length: 1880\x1B[22m\n' +
        '\n' +
        '    at resetBrowserState (/Users/haewonkim/.codex-fabric/worktrees/CF-636cebcd88631ae64e47fa3c/frontend/tests/helpers/sysgrid.ts:126:24)\n' +
        '    at /Users/haewonkim/.codex-fabric/worktrees/CF-636cebcd88631ae64e47fa3c/frontend/tests/monitoring-comprehensive.spec.ts:21:11',
      cause: undefined
    }
  }
}
  ✘   31 tests/monitoring-comprehensive.spec.ts:44:3 › Monitoring Comprehensive Functional Coverage › Edit Monitor: Validate state propagation and save (161ms)
(node:81365) Warning: The 'NO_COLOR' env is ignored due to the 'FORCE_COLOR' env being set.
(Use `node --trace-warnings ...` to show where the warning was created)
Failed to clear backend settings: apiRequestContext.post: connect ECONNREFUSED 127.0.0.1:8000
Call log:
  - → POST http://127.0.0.1:8000/api/v1/settings/user/settings
    - user-agent: Mozilla/5.0 (Macintosh; Intel Mac OS X 10_15_7) AppleWebKit/537.36 (KHTML, like Gecko) HeadlessChrome/153.0.8010.12 Safari/537.36
    - accept: */*
    - accept-encoding: gzip,deflate,br
    - X-User-Id: haewon.kim
    - X-Tenant-Id: 1
    - content-type: application/json
    - content-length: 1880

    at resetBrowserState (/Users/haewonkim/.codex-fabric/worktrees/CF-636cebcd88631ae64e47fa3c/frontend/tests/helpers/sysgrid.ts:126:24)
    at /Users/haewonkim/.codex-fabric/worktrees/CF-636cebcd88631ae64e47fa3c/frontend/tests/monitoring-comprehensive.spec.ts:21:11 {
  log: [
    '  - → POST http://127.0.0.1:8000/api/v1/settings/user/settings',
    '    - user-agent: Mozilla/5.0 (Macintosh; Intel Mac OS X 10_15_7) AppleWebKit/537.36 (KHTML, like Gecko) HeadlessChrome/153.0.8010.12 Safari/537.36',
    '    - accept: */*',
    '    - accept-encoding: gzip,deflate,br',
    '    - X-User-Id: haewon.kim',
    '    - X-Tenant-Id: 1',
    '    - content-type: application/json',
    '    - content-length: 1880'
  ],
  name: 'Error',
  [Symbol(step)]: {
    location: {
      file: '/Users/haewonkim/.codex-fabric/worktrees/CF-636cebcd88631ae64e47fa3c/frontend/tests/helpers/sysgrid.ts',
      line: 126,
      column: 24,
      function: 'resetBrowserState'
    },
    category: 'pw:api',
    title: 'POST',
    subtitle: '127.0.0.1:8000/api/v1/settings/user/settings',
    params: {
      url: 'http://127.0.0.1:8000/api/v1/settings/user/settings',
      method: 'POST'
    },
    group: undefined,
    stepId: 'pw:api@42',
    boxedStack: undefined,
    steps: [],
    attachmentIndices: [],
    info: TestStepInfoImpl {
      annotations: [],
      _testInfo: [TestInfoImpl],
      _stepId: 'pw:api@42',
      _title: 'POST',
      _parentStep: [TestStepInfoImpl],
      skip: [Function (anonymous)]
    },
    complete: [Function: complete],
    endWallTime: 1789758687122,
    error: {
      message: 'Error: apiRequestContext.post: connect ECONNREFUSED 127.0.0.1:8000\n' +
        'Call log:\n' +
        '\x1B[2m  - → POST http://127.0.0.1:8000/api/v1/settings/user/settings\x1B[22m\n' +
        '\x1B[2m    - user-agent: Mozilla/5.0 (Macintosh; Intel Mac OS X 10_15_7) AppleWebKit/537.36 (KHTML, like Gecko) HeadlessChrome/153.0.8010.12 Safari/537.36\x1B[22m\n' +
        '\x1B[2m    - accept: */*\x1B[22m\n' +
        '\x1B[2m    - accept-encoding: gzip,deflate,br\x1B[22m\n' +
        '\x1B[2m    - X-User-Id: haewon.kim\x1B[22m\n' +
        '\x1B[2m    - X-Tenant-Id: 1\x1B[22m\n' +
        '\x1B[2m    - content-type: application/json\x1B[22m\n' +
        '\x1B[2m    - content-length: 1880\x1B[22m\n',
      stack: 'Error: apiRequestContext.post: connect ECONNREFUSED 127.0.0.1:8000\n' +
        'Call log:\n' +
        '\x1B[2m  - → POST http://127.0.0.1:8000/api/v1/settings/user/settings\x1B[22m\n' +
        '\x1B[2m    - user-agent: Mozilla/5.0 (Macintosh; Intel Mac OS X 10_15_7) AppleWebKit/537.36 (KHTML, like Gecko) HeadlessChrome/153.0.8010.12 Safari/537.36\x1B[22m\n' +
        '\x1B[2m    - accept: */*\x1B[22m\n' +
        '\x1B[2m    - accept-encoding: gzip,deflate,br\x1B[22m\n' +
        '\x1B[2m    - X-User-Id: haewon.kim\x1B[22m\n' +
        '\x1B[2m    - X-Tenant-Id: 1\x1B[22m\n' +
        '\x1B[2m    - content-type: application/json\x1B[22m\n' +
        '\x1B[2m    - content-length: 1880\x1B[22m\n' +
        '\n' +
        '    at resetBrowserState (/Users/haewonkim/.codex-fabric/worktrees/CF-636cebcd88631ae64e47fa3c/frontend/tests/helpers/sysgrid.ts:126:24)\n' +
        '    at /Users/haewonkim/.codex-fabric/worktrees/CF-636cebcd88631ae64e47fa3c/frontend/tests/monitoring-comprehensive.spec.ts:21:11',
      cause: undefined
    }
  }
}
  ✘   32 tests/monitoring-comprehensive.spec.ts:72:3 › Monitoring Comprehensive Functional Coverage › Validation: Triggers error on empty title (159ms)
(node:81464) Warning: The 'NO_COLOR' env is ignored due to the 'FORCE_COLOR' env being set.
(Use `node --trace-warnings ...` to show where the warning was created)
Failed to clear backend settings: apiRequestContext.post: connect ECONNREFUSED 127.0.0.1:8000
Call log:
  - → POST http://127.0.0.1:8000/api/v1/settings/user/settings
    - user-agent: Mozilla/5.0 (Macintosh; Intel Mac OS X 10_15_7) AppleWebKit/537.36 (KHTML, like Gecko) HeadlessChrome/153.0.8010.12 Safari/537.36
    - accept: */*
    - accept-encoding: gzip,deflate,br
    - X-User-Id: haewon.kim
    - X-Tenant-Id: 1
    - content-type: application/json
    - content-length: 1880

    at resetBrowserState (/Users/haewonkim/.codex-fabric/worktrees/CF-636cebcd88631ae64e47fa3c/frontend/tests/helpers/sysgrid.ts:126:24)
    at /Users/haewonkim/.codex-fabric/worktrees/CF-636cebcd88631ae64e47fa3c/frontend/tests/monitoring-workflows.spec.ts:59:11 {
  log: [
    '  - → POST http://127.0.0.1:8000/api/v1/settings/user/settings',
    '    - user-agent: Mozilla/5.0 (Macintosh; Intel Mac OS X 10_15_7) AppleWebKit/537.36 (KHTML, like Gecko) HeadlessChrome/153.0.8010.12 Safari/537.36',
    '    - accept: */*',
    '    - accept-encoding: gzip,deflate,br',
    '    - X-User-Id: haewon.kim',
    '    - X-Tenant-Id: 1',
    '    - content-type: application/json',
    '    - content-length: 1880'
  ],
  name: 'Error',
  [Symbol(step)]: {
    location: {
      file: '/Users/haewonkim/.codex-fabric/worktrees/CF-636cebcd88631ae64e47fa3c/frontend/tests/helpers/sysgrid.ts',
      line: 126,
      column: 24,
      function: 'resetBrowserState'
    },
    category: 'pw:api',
    title: 'POST',
    subtitle: '127.0.0.1:8000/api/v1/settings/user/settings',
    params: {
      url: 'http://127.0.0.1:8000/api/v1/settings/user/settings',
      method: 'POST'
    },
    group: undefined,
    stepId: 'pw:api@43',
    boxedStack: undefined,
    steps: [],
    attachmentIndices: [],
    info: TestStepInfoImpl {
      annotations: [],
      _testInfo: [TestInfoImpl],
      _stepId: 'pw:api@43',
      _title: 'POST',
      _parentStep: undefined,
      skip: [Function (anonymous)]
    },
    complete: [Function: complete],
    endWallTime: 1789758687606,
    error: {
      message: 'Error: apiRequestContext.post: connect ECONNREFUSED 127.0.0.1:8000\n' +
        'Call log:\n' +
        '\x1B[2m  - → POST http://127.0.0.1:8000/api/v1/settings/user/settings\x1B[22m\n' +
        '\x1B[2m    - user-agent: Mozilla/5.0 (Macintosh; Intel Mac OS X 10_15_7) AppleWebKit/537.36 (KHTML, like Gecko) HeadlessChrome/153.0.8010.12 Safari/537.36\x1B[22m\n' +
        '\x1B[2m    - accept: */*\x1B[22m\n' +
        '\x1B[2m    - accept-encoding: gzip,deflate,br\x1B[22m\n' +
        '\x1B[2m    - X-User-Id: haewon.kim\x1B[22m\n' +
        '\x1B[2m    - X-Tenant-Id: 1\x1B[22m\n' +
        '\x1B[2m    - content-type: application/json\x1B[22m\n' +
        '\x1B[2m    - content-length: 1880\x1B[22m\n',
      stack: 'Error: apiRequestContext.post: connect ECONNREFUSED 127.0.0.1:8000\n' +
        'Call log:\n' +
        '\x1B[2m  - → POST http://127.0.0.1:8000/api/v1/settings/user/settings\x1B[22m\n' +
        '\x1B[2m    - user-agent: Mozilla/5.0 (Macintosh; Intel Mac OS X 10_15_7) AppleWebKit/537.36 (KHTML, like Gecko) HeadlessChrome/153.0.8010.12 Safari/537.36\x1B[22m\n' +
        '\x1B[2m    - accept: */*\x1B[22m\n' +
        '\x1B[2m    - accept-encoding: gzip,deflate,br\x1B[22m\n' +
        '\x1B[2m    - X-User-Id: haewon.kim\x1B[22m\n' +
        '\x1B[2m    - X-Tenant-Id: 1\x1B[22m\n' +
        '\x1B[2m    - content-type: application/json\x1B[22m\n' +
        '\x1B[2m    - content-length: 1880\x1B[22m\n' +
        '\n' +
        '    at resetBrowserState (/Users/haewonkim/.codex-fabric/worktrees/CF-636cebcd88631ae64e47fa3c/frontend/tests/helpers/sysgrid.ts:126:24)\n' +
        '    at /Users/haewonkim/.codex-fabric/worktrees/CF-636cebcd88631ae64e47fa3c/frontend/tests/monitoring-workflows.spec.ts:59:11',
      cause: undefined
    }
  }
}
  ✘   33 tests/monitoring-workflows.spec.ts:58:3 › Monitoring workflows › preserves lifecycle status, recovery linking, and knowledge jump paths (183ms)
(node:81541) Warning: The 'NO_COLOR' env is ignored due to the 'FORCE_COLOR' env being set.
(Use `node --trace-warnings ...` to show where the warning was created)
Failed to clear backend settings: apiRequestContext.post: connect ECONNREFUSED 127.0.0.1:8000
Call log:
  - → POST http://127.0.0.1:8000/api/v1/settings/user/settings
    - user-agent: Mozilla/5.0 (Macintosh; Intel Mac OS X 10_15_7) AppleWebKit/537.36 (KHTML, like Gecko) HeadlessChrome/153.0.8010.12 Safari/537.36
    - accept: */*
    - accept-encoding: gzip,deflate,br
    - X-User-Id: haewon.kim
    - X-Tenant-Id: 1
    - content-type: application/json
    - content-length: 1880

    at resetBrowserState (/Users/haewonkim/.codex-fabric/worktrees/CF-636cebcd88631ae64e47fa3c/frontend/tests/helpers/sysgrid.ts:126:24)
    at /Users/haewonkim/.codex-fabric/worktrees/CF-636cebcd88631ae64e47fa3c/frontend/tests/monitoring-workflows.spec.ts:105:11 {
  log: [
    '  - → POST http://127.0.0.1:8000/api/v1/settings/user/settings',
    '    - user-agent: Mozilla/5.0 (Macintosh; Intel Mac OS X 10_15_7) AppleWebKit/537.36 (KHTML, like Gecko) HeadlessChrome/153.0.8010.12 Safari/537.36',
    '    - accept: */*',
    '    - accept-encoding: gzip,deflate,br',
    '    - X-User-Id: haewon.kim',
    '    - X-Tenant-Id: 1',
    '    - content-type: application/json',
    '    - content-length: 1880'
  ],
  name: 'Error',
  [Symbol(step)]: {
    location: {
      file: '/Users/haewonkim/.codex-fabric/worktrees/CF-636cebcd88631ae64e47fa3c/frontend/tests/helpers/sysgrid.ts',
      line: 126,
      column: 24,
      function: 'resetBrowserState'
    },
    category: 'pw:api',
    title: 'POST',
    subtitle: '127.0.0.1:8000/api/v1/settings/user/settings',
    params: {
      url: 'http://127.0.0.1:8000/api/v1/settings/user/settings',
      method: 'POST'
    },
    group: undefined,
    stepId: 'pw:api@43',
    boxedStack: undefined,
    steps: [],
    attachmentIndices: [],
    info: TestStepInfoImpl {
      annotations: [],
      _testInfo: [TestInfoImpl],
      _stepId: 'pw:api@43',
      _title: 'POST',
      _parentStep: undefined,
      skip: [Function (anonymous)]
    },
    complete: [Function: complete],
    endWallTime: 1789758688102,
    error: {
      message: 'Error: apiRequestContext.post: connect ECONNREFUSED 127.0.0.1:8000\n' +
        'Call log:\n' +
        '\x1B[2m  - → POST http://127.0.0.1:8000/api/v1/settings/user/settings\x1B[22m\n' +
        '\x1B[2m    - user-agent: Mozilla/5.0 (Macintosh; Intel Mac OS X 10_15_7) AppleWebKit/537.36 (KHTML, like Gecko) HeadlessChrome/153.0.8010.12 Safari/537.36\x1B[22m\n' +
        '\x1B[2m    - accept: */*\x1B[22m\n' +
        '\x1B[2m    - accept-encoding: gzip,deflate,br\x1B[22m\n' +
        '\x1B[2m    - X-User-Id: haewon.kim\x1B[22m\n' +
        '\x1B[2m    - X-Tenant-Id: 1\x1B[22m\n' +
        '\x1B[2m    - content-type: application/json\x1B[22m\n' +
        '\x1B[2m    - content-length: 1880\x1B[22m\n',
      stack: 'Error: apiRequestContext.post: connect ECONNREFUSED 127.0.0.1:8000\n' +
        'Call log:\n' +
        '\x1B[2m  - → POST http://127.0.0.1:8000/api/v1/settings/user/settings\x1B[22m\n' +
        '\x1B[2m    - user-agent: Mozilla/5.0 (Macintosh; Intel Mac OS X 10_15_7) AppleWebKit/537.36 (KHTML, like Gecko) HeadlessChrome/153.0.8010.12 Safari/537.36\x1B[22m\n' +
        '\x1B[2m    - accept: */*\x1B[22m\n' +
        '\x1B[2m    - accept-encoding: gzip,deflate,br\x1B[22m\n' +
        '\x1B[2m    - X-User-Id: haewon.kim\x1B[22m\n' +
        '\x1B[2m    - X-Tenant-Id: 1\x1B[22m\n' +
        '\x1B[2m    - content-type: application/json\x1B[22m\n' +
        '\x1B[2m    - content-length: 1880\x1B[22m\n' +
        '\n' +
        '    at resetBrowserState (/Users/haewonkim/.codex-fabric/worktrees/CF-636cebcd88631ae64e47fa3c/frontend/tests/helpers/sysgrid.ts:126:24)\n' +
        '    at /Users/haewonkim/.codex-fabric/worktrees/CF-636cebcd88631ae64e47fa3c/frontend/tests/monitoring-workflows.spec.ts:105:11',
      cause: undefined
    }
  }
}
  ✘   34 tests/monitoring-workflows.spec.ts:104:3 › Monitoring workflows › supports bulk undo, compare, and persisted display state (187ms)
(node:81642) Warning: The 'NO_COLOR' env is ignored due to the 'FORCE_COLOR' env being set.
(Use `node --trace-warnings ...` to show where the warning was created)
Failed to clear backend settings: apiRequestContext.post: connect ECONNREFUSED 127.0.0.1:8000
Call log:
  - → POST http://127.0.0.1:8000/api/v1/settings/user/settings
    - user-agent: Mozilla/5.0 (Macintosh; Intel Mac OS X 10_15_7) AppleWebKit/537.36 (KHTML, like Gecko) HeadlessChrome/153.0.8010.12 Safari/537.36
    - accept: */*
    - accept-encoding: gzip,deflate,br
    - X-User-Id: haewon.kim
    - X-Tenant-Id: 1
    - content-type: application/json
    - content-length: 1880

    at resetBrowserState (/Users/haewonkim/.codex-fabric/worktrees/CF-636cebcd88631ae64e47fa3c/frontend/tests/helpers/sysgrid.ts:126:24)
    at /Users/haewonkim/.codex-fabric/worktrees/CF-636cebcd88631ae64e47fa3c/frontend/tests/monitoring-workflows.spec.ts:172:11 {
  log: [
    '  - → POST http://127.0.0.1:8000/api/v1/settings/user/settings',
    '    - user-agent: Mozilla/5.0 (Macintosh; Intel Mac OS X 10_15_7) AppleWebKit/537.36 (KHTML, like Gecko) HeadlessChrome/153.0.8010.12 Safari/537.36',
    '    - accept: */*',
    '    - accept-encoding: gzip,deflate,br',
    '    - X-User-Id: haewon.kim',
    '    - X-Tenant-Id: 1',
    '    - content-type: application/json',
    '    - content-length: 1880'
  ],
  name: 'Error',
  [Symbol(step)]: {
    location: {
      file: '/Users/haewonkim/.codex-fabric/worktrees/CF-636cebcd88631ae64e47fa3c/frontend/tests/helpers/sysgrid.ts',
      line: 126,
      column: 24,
      function: 'resetBrowserState'
    },
    category: 'pw:api',
    title: 'POST',
    subtitle: '127.0.0.1:8000/api/v1/settings/user/settings',
    params: {
      url: 'http://127.0.0.1:8000/api/v1/settings/user/settings',
      method: 'POST'
    },
    group: undefined,
    stepId: 'pw:api@43',
    boxedStack: undefined,
    steps: [],
    attachmentIndices: [],
    info: TestStepInfoImpl {
      annotations: [],
      _testInfo: [TestInfoImpl],
      _stepId: 'pw:api@43',
      _title: 'POST',
      _parentStep: undefined,
      skip: [Function (anonymous)]
    },
    complete: [Function: complete],
    endWallTime: 1789758688593,
    error: {
      message: 'Error: apiRequestContext.post: connect ECONNREFUSED 127.0.0.1:8000\n' +
        'Call log:\n' +
        '\x1B[2m  - → POST http://127.0.0.1:8000/api/v1/settings/user/settings\x1B[22m\n' +
        '\x1B[2m    - user-agent: Mozilla/5.0 (Macintosh; Intel Mac OS X 10_15_7) AppleWebKit/537.36 (KHTML, like Gecko) HeadlessChrome/153.0.8010.12 Safari/537.36\x1B[22m\n' +
        '\x1B[2m    - accept: */*\x1B[22m\n' +
        '\x1B[2m    - accept-encoding: gzip,deflate,br\x1B[22m\n' +
        '\x1B[2m    - X-User-Id: haewon.kim\x1B[22m\n' +
        '\x1B[2m    - X-Tenant-Id: 1\x1B[22m\n' +
        '\x1B[2m    - content-type: application/json\x1B[22m\n' +
        '\x1B[2m    - content-length: 1880\x1B[22m\n',
      stack: 'Error: apiRequestContext.post: connect ECONNREFUSED 127.0.0.1:8000\n' +
        'Call log:\n' +
        '\x1B[2m  - → POST http://127.0.0.1:8000/api/v1/settings/user/settings\x1B[22m\n' +
        '\x1B[2m    - user-agent: Mozilla/5.0 (Macintosh; Intel Mac OS X 10_15_7) AppleWebKit/537.36 (KHTML, like Gecko) HeadlessChrome/153.0.8010.12 Safari/537.36\x1B[22m\n' +
        '\x1B[2m    - accept: */*\x1B[22m\n' +
        '\x1B[2m    - accept-encoding: gzip,deflate,br\x1B[22m\n' +
        '\x1B[2m    - X-User-Id: haewon.kim\x1B[22m\n' +
        '\x1B[2m    - X-Tenant-Id: 1\x1B[22m\n' +
        '\x1B[2m    - content-type: application/json\x1B[22m\n' +
        '\x1B[2m    - content-length: 1880\x1B[22m\n' +
        '\n' +
        '    at resetBrowserState (/Users/haewonkim/.codex-fabric/worktrees/CF-636cebcd88631ae64e47fa3c/frontend/tests/helpers/sysgrid.ts:126:24)\n' +
        '    at /Users/haewonkim/.codex-fabric/worktrees/CF-636cebcd88631ae64e47fa3c/frontend/tests/monitoring-workflows.spec.ts:172:11',
      cause: undefined
    }
  }
}
  ✘   35 tests/monitoring-workflows.spec.ts:171:3 › Monitoring workflows › edits an existing monitor without save errors and persists the updated fields (181ms)
(node:81725) Warning: The 'NO_COLOR' env is ignored due to the 'FORCE_COLOR' env being set.
(Use `node --trace-warnings ...` to show where the warning was created)
Failed to clear backend settings: apiRequestContext.post: connect ECONNREFUSED 127.0.0.1:8000
Call log:
  - → POST http://127.0.0.1:8000/api/v1/settings/user/settings
    - user-agent: Mozilla/5.0 (Macintosh; Intel Mac OS X 10_15_7) AppleWebKit/537.36 (KHTML, like Gecko) HeadlessChrome/153.0.8010.12 Safari/537.36
    - accept: */*
    - accept-encoding: gzip,deflate,br
    - X-User-Id: haewon.kim
    - X-Tenant-Id: 1
    - content-type: application/json
    - content-length: 1880

    at resetBrowserState (/Users/haewonkim/.codex-fabric/worktrees/CF-636cebcd88631ae64e47fa3c/frontend/tests/helpers/sysgrid.ts:126:24)
    at /Users/haewonkim/.codex-fabric/worktrees/CF-636cebcd88631ae64e47fa3c/frontend/tests/monitoring-workflows.spec.ts:218:11 {
  log: [
    '  - → POST http://127.0.0.1:8000/api/v1/settings/user/settings',
    '    - user-agent: Mozilla/5.0 (Macintosh; Intel Mac OS X 10_15_7) AppleWebKit/537.36 (KHTML, like Gecko) HeadlessChrome/153.0.8010.12 Safari/537.36',
    '    - accept: */*',
    '    - accept-encoding: gzip,deflate,br',
    '    - X-User-Id: haewon.kim',
    '    - X-Tenant-Id: 1',
    '    - content-type: application/json',
    '    - content-length: 1880'
  ],
  name: 'Error',
  [Symbol(step)]: {
    location: {
      file: '/Users/haewonkim/.codex-fabric/worktrees/CF-636cebcd88631ae64e47fa3c/frontend/tests/helpers/sysgrid.ts',
      line: 126,
      column: 24,
      function: 'resetBrowserState'
    },
    category: 'pw:api',
    title: 'POST',
    subtitle: '127.0.0.1:8000/api/v1/settings/user/settings',
    params: {
      url: 'http://127.0.0.1:8000/api/v1/settings/user/settings',
      method: 'POST'
    },
    group: undefined,
    stepId: 'pw:api@43',
    boxedStack: undefined,
    steps: [],
    attachmentIndices: [],
    info: TestStepInfoImpl {
      annotations: [],
      _testInfo: [TestInfoImpl],
      _stepId: 'pw:api@43',
      _title: 'POST',
      _parentStep: undefined,
      skip: [Function (anonymous)]
    },
    complete: [Function: complete],
    endWallTime: 1789758689082,
    error: {
      message: 'Error: apiRequestContext.post: connect ECONNREFUSED 127.0.0.1:8000\n' +
        'Call log:\n' +
        '\x1B[2m  - → POST http://127.0.0.1:8000/api/v1/settings/user/settings\x1B[22m\n' +
        '\x1B[2m    - user-agent: Mozilla/5.0 (Macintosh; Intel Mac OS X 10_15_7) AppleWebKit/537.36 (KHTML, like Gecko) HeadlessChrome/153.0.8010.12 Safari/537.36\x1B[22m\n' +
        '\x1B[2m    - accept: */*\x1B[22m\n' +
        '\x1B[2m    - accept-encoding: gzip,deflate,br\x1B[22m\n' +
        '\x1B[2m    - X-User-Id: haewon.kim\x1B[22m\n' +
        '\x1B[2m    - X-Tenant-Id: 1\x1B[22m\n' +
        '\x1B[2m    - content-type: application/json\x1B[22m\n' +
        '\x1B[2m    - content-length: 1880\x1B[22m\n',
      stack: 'Error: apiRequestContext.post: connect ECONNREFUSED 127.0.0.1:8000\n' +
        'Call log:\n' +
        '\x1B[2m  - → POST http://127.0.0.1:8000/api/v1/settings/user/settings\x1B[22m\n' +
        '\x1B[2m    - user-agent: Mozilla/5.0 (Macintosh; Intel Mac OS X 10_15_7) AppleWebKit/537.36 (KHTML, like Gecko) HeadlessChrome/153.0.8010.12 Safari/537.36\x1B[22m\n' +
        '\x1B[2m    - accept: */*\x1B[22m\n' +
        '\x1B[2m    - accept-encoding: gzip,deflate,br\x1B[22m\n' +
        '\x1B[2m    - X-User-Id: haewon.kim\x1B[22m\n' +
        '\x1B[2m    - X-Tenant-Id: 1\x1B[22m\n' +
        '\x1B[2m    - content-type: application/json\x1B[22m\n' +
        '\x1B[2m    - content-length: 1880\x1B[22m\n' +
        '\n' +
        '    at resetBrowserState (/Users/haewonkim/.codex-fabric/worktrees/CF-636cebcd88631ae64e47fa3c/frontend/tests/helpers/sysgrid.ts:126:24)\n' +
        '    at /Users/haewonkim/.codex-fabric/worktrees/CF-636cebcd88631ae64e47fa3c/frontend/tests/monitoring-workflows.spec.ts:218:11',
      cause: undefined
    }
  }
}
  ✘   36 tests/monitoring-workflows.spec.ts:217:3 › Monitoring workflows › keeps default title sizing dynamic and preserves human resized widths only in saved views (180ms)
(node:81795) Warning: The 'NO_COLOR' env is ignored due to the 'FORCE_COLOR' env being set.
(Use `node --trace-warnings ...` to show where the warning was created)
Failed to clear backend settings: apiRequestContext.post: connect ECONNREFUSED 127.0.0.1:8000
Call log:
  - → POST http://127.0.0.1:8000/api/v1/settings/user/settings
    - user-agent: Mozilla/5.0 (Macintosh; Intel Mac OS X 10_15_7) AppleWebKit/537.36 (KHTML, like Gecko) HeadlessChrome/153.0.8010.12 Safari/537.36
    - accept: */*
    - accept-encoding: gzip,deflate,br
    - X-User-Id: haewon.kim
    - X-Tenant-Id: 1
    - content-type: application/json
    - content-length: 1880

    at resetBrowserState (/Users/haewonkim/.codex-fabric/worktrees/CF-636cebcd88631ae64e47fa3c/frontend/tests/helpers/sysgrid.ts:126:24)
    at /Users/haewonkim/.codex-fabric/worktrees/CF-636cebcd88631ae64e47fa3c/frontend/tests/monitoring-workflows.spec.ts:365:11 {
  log: [
    '  - → POST http://127.0.0.1:8000/api/v1/settings/user/settings',
    '    - user-agent: Mozilla/5.0 (Macintosh; Intel Mac OS X 10_15_7) AppleWebKit/537.36 (KHTML, like Gecko) HeadlessChrome/153.0.8010.12 Safari/537.36',
    '    - accept: */*',
    '    - accept-encoding: gzip,deflate,br',
    '    - X-User-Id: haewon.kim',
    '    - X-Tenant-Id: 1',
    '    - content-type: application/json',
    '    - content-length: 1880'
  ],
  name: 'Error',
  [Symbol(step)]: {
    location: {
      file: '/Users/haewonkim/.codex-fabric/worktrees/CF-636cebcd88631ae64e47fa3c/frontend/tests/helpers/sysgrid.ts',
      line: 126,
      column: 24,
      function: 'resetBrowserState'
    },
    category: 'pw:api',
    title: 'POST',
    subtitle: '127.0.0.1:8000/api/v1/settings/user/settings',
    params: {
      url: 'http://127.0.0.1:8000/api/v1/settings/user/settings',
      method: 'POST'
    },
    group: undefined,
    stepId: 'pw:api@43',
    boxedStack: undefined,
    steps: [],
    attachmentIndices: [],
    info: TestStepInfoImpl {
      annotations: [],
      _testInfo: [TestInfoImpl],
      _stepId: 'pw:api@43',
      _title: 'POST',
      _parentStep: undefined,
      skip: [Function (anonymous)]
    },
    complete: [Function: complete],
    endWallTime: 1789758689563,
    error: {
      message: 'Error: apiRequestContext.post: connect ECONNREFUSED 127.0.0.1:8000\n' +
        'Call log:\n' +
        '\x1B[2m  - → POST http://127.0.0.1:8000/api/v1/settings/user/settings\x1B[22m\n' +
        '\x1B[2m    - user-agent: Mozilla/5.0 (Macintosh; Intel Mac OS X 10_15_7) AppleWebKit/537.36 (KHTML, like Gecko) HeadlessChrome/153.0.8010.12 Safari/537.36\x1B[22m\n' +
        '\x1B[2m    - accept: */*\x1B[22m\n' +
        '\x1B[2m    - accept-encoding: gzip,deflate,br\x1B[22m\n' +
        '\x1B[2m    - X-User-Id: haewon.kim\x1B[22m\n' +
        '\x1B[2m    - X-Tenant-Id: 1\x1B[22m\n' +
        '\x1B[2m    - content-type: application/json\x1B[22m\n' +
        '\x1B[2m    - content-length: 1880\x1B[22m\n',
      stack: 'Error: apiRequestContext.post: connect ECONNREFUSED 127.0.0.1:8000\n' +
        'Call log:\n' +
        '\x1B[2m  - → POST http://127.0.0.1:8000/api/v1/settings/user/settings\x1B[22m\n' +
        '\x1B[2m    - user-agent: Mozilla/5.0 (Macintosh; Intel Mac OS X 10_15_7) AppleWebKit/537.36 (KHTML, like Gecko) HeadlessChrome/153.0.8010.12 Safari/537.36\x1B[22m\n' +
        '\x1B[2m    - accept: */*\x1B[22m\n' +
        '\x1B[2m    - accept-encoding: gzip,deflate,br\x1B[22m\n' +
        '\x1B[2m    - X-User-Id: haewon.kim\x1B[22m\n' +
        '\x1B[2m    - X-Tenant-Id: 1\x1B[22m\n' +
        '\x1B[2m    - content-type: application/json\x1B[22m\n' +
        '\x1B[2m    - content-length: 1880\x1B[22m\n' +
        '\n' +
        '    at resetBrowserState (/Users/haewonkim/.codex-fabric/worktrees/CF-636cebcd88631ae64e47fa3c/frontend/tests/helpers/sysgrid.ts:126:24)\n' +
        '    at /Users/haewonkim/.codex-fabric/worktrees/CF-636cebcd88631ae64e47fa3c/frontend/tests/monitoring-workflows.spec.ts:365:11',
      cause: undefined
    }
  }
}
  ✘   37 tests/monitoring-workflows.spec.ts:364:3 › Monitoring workflows › imports monitoring rows through the shared operational import modal (183ms)
(node:81832) Warning: The 'NO_COLOR' env is ignored due to the 'FORCE_COLOR' env being set.
(Use `node --trace-warnings ...` to show where the warning was created)
Failed to clear backend settings: apiRequestContext.post: connect ECONNREFUSED 127.0.0.1:8000
Call log:
  - → POST http://127.0.0.1:8000/api/v1/settings/user/settings
    - user-agent: Mozilla/5.0 (Macintosh; Intel Mac OS X 10_15_7) AppleWebKit/537.36 (KHTML, like Gecko) HeadlessChrome/153.0.8010.12 Safari/537.36
    - accept: */*
    - accept-encoding: gzip,deflate,br
    - X-User-Id: haewon.kim
    - X-Tenant-Id: 1
    - content-type: application/json
    - content-length: 1880

    at resetBrowserState (/Users/haewonkim/.codex-fabric/worktrees/CF-636cebcd88631ae64e47fa3c/frontend/tests/helpers/sysgrid.ts:126:24)
    at /Users/haewonkim/.codex-fabric/worktrees/CF-636cebcd88631ae64e47fa3c/frontend/tests/network-workflows.spec.ts:37:11 {
  log: [
    '  - → POST http://127.0.0.1:8000/api/v1/settings/user/settings',
    '    - user-agent: Mozilla/5.0 (Macintosh; Intel Mac OS X 10_15_7) AppleWebKit/537.36 (KHTML, like Gecko) HeadlessChrome/153.0.8010.12 Safari/537.36',
    '    - accept: */*',
    '    - accept-encoding: gzip,deflate,br',
    '    - X-User-Id: haewon.kim',
    '    - X-Tenant-Id: 1',
    '    - content-type: application/json',
    '    - content-length: 1880'
  ],
  name: 'Error',
  [Symbol(step)]: {
    location: {
      file: '/Users/haewonkim/.codex-fabric/worktrees/CF-636cebcd88631ae64e47fa3c/frontend/tests/helpers/sysgrid.ts',
      line: 126,
      column: 24,
      function: 'resetBrowserState'
    },
    category: 'pw:api',
    title: 'POST',
    subtitle: '127.0.0.1:8000/api/v1/settings/user/settings',
    params: {
      url: 'http://127.0.0.1:8000/api/v1/settings/user/settings',
      method: 'POST'
    },
    group: undefined,
    stepId: 'pw:api@44',
    boxedStack: undefined,
    steps: [],
    attachmentIndices: [],
    info: TestStepInfoImpl {
      annotations: [],
      _testInfo: [TestInfoImpl],
      _stepId: 'pw:api@44',
      _title: 'POST',
      _parentStep: undefined,
      skip: [Function (anonymous)]
    },
    complete: [Function: complete],
    endWallTime: 1789758690039,
    error: {
      message: 'Error: apiRequestContext.post: connect ECONNREFUSED 127.0.0.1:8000\n' +
        'Call log:\n' +
        '\x1B[2m  - → POST http://127.0.0.1:8000/api/v1/settings/user/settings\x1B[22m\n' +
        '\x1B[2m    - user-agent: Mozilla/5.0 (Macintosh; Intel Mac OS X 10_15_7) AppleWebKit/537.36 (KHTML, like Gecko) HeadlessChrome/153.0.8010.12 Safari/537.36\x1B[22m\n' +
        '\x1B[2m    - accept: */*\x1B[22m\n' +
        '\x1B[2m    - accept-encoding: gzip,deflate,br\x1B[22m\n' +
        '\x1B[2m    - X-User-Id: haewon.kim\x1B[22m\n' +
        '\x1B[2m    - X-Tenant-Id: 1\x1B[22m\n' +
        '\x1B[2m    - content-type: application/json\x1B[22m\n' +
        '\x1B[2m    - content-length: 1880\x1B[22m\n',
      stack: 'Error: apiRequestContext.post: connect ECONNREFUSED 127.0.0.1:8000\n' +
        'Call log:\n' +
        '\x1B[2m  - → POST http://127.0.0.1:8000/api/v1/settings/user/settings\x1B[22m\n' +
        '\x1B[2m    - user-agent: Mozilla/5.0 (Macintosh; Intel Mac OS X 10_15_7) AppleWebKit/537.36 (KHTML, like Gecko) HeadlessChrome/153.0.8010.12 Safari/537.36\x1B[22m\n' +
        '\x1B[2m    - accept: */*\x1B[22m\n' +
        '\x1B[2m    - accept-encoding: gzip,deflate,br\x1B[22m\n' +
        '\x1B[2m    - X-User-Id: haewon.kim\x1B[22m\n' +
        '\x1B[2m    - X-Tenant-Id: 1\x1B[22m\n' +
        '\x1B[2m    - content-type: application/json\x1B[22m\n' +
        '\x1B[2m    - content-length: 1880\x1B[22m\n' +
        '\n' +
        '    at resetBrowserState (/Users/haewonkim/.codex-fabric/worktrees/CF-636cebcd88631ae64e47fa3c/frontend/tests/helpers/sysgrid.ts:126:24)\n' +
        '    at /Users/haewonkim/.codex-fabric/worktrees/CF-636cebcd88631ae64e47fa3c/frontend/tests/network-workflows.spec.ts:37:11',
      cause: undefined
    }
  }
}
  ✘   38 tests/network-workflows.spec.ts:36:3 › Network workflows › supports deep-linked forensics, unit edits, and bulk sever from the grid (201ms)
(node:81890) Warning: The 'NO_COLOR' env is ignored due to the 'FORCE_COLOR' env being set.
(Use `node --trace-warnings ...` to show where the warning was created)
Failed to clear backend settings: apiRequestContext.post: connect ECONNREFUSED 127.0.0.1:8000
Call log:
  - → POST http://127.0.0.1:8000/api/v1/settings/user/settings
    - user-agent: Mozilla/5.0 (Macintosh; Intel Mac OS X 10_15_7) AppleWebKit/537.36 (KHTML, like Gecko) HeadlessChrome/153.0.8010.12 Safari/537.36
    - accept: */*
    - accept-encoding: gzip,deflate,br
    - X-User-Id: haewon.kim
    - X-Tenant-Id: 1
    - content-type: application/json
    - content-length: 1880

    at resetBrowserState (/Users/haewonkim/.codex-fabric/worktrees/CF-636cebcd88631ae64e47fa3c/frontend/tests/helpers/sysgrid.ts:126:24)
    at /Users/haewonkim/.codex-fabric/worktrees/CF-636cebcd88631ae64e47fa3c/frontend/tests/network-workflows.spec.ts:147:11 {
  log: [
    '  - → POST http://127.0.0.1:8000/api/v1/settings/user/settings',
    '    - user-agent: Mozilla/5.0 (Macintosh; Intel Mac OS X 10_15_7) AppleWebKit/537.36 (KHTML, like Gecko) HeadlessChrome/153.0.8010.12 Safari/537.36',
    '    - accept: */*',
    '    - accept-encoding: gzip,deflate,br',
    '    - X-User-Id: haewon.kim',
    '    - X-Tenant-Id: 1',
    '    - content-type: application/json',
    '    - content-length: 1880'
  ],
  name: 'Error',
  [Symbol(step)]: {
    location: {
      file: '/Users/haewonkim/.codex-fabric/worktrees/CF-636cebcd88631ae64e47fa3c/frontend/tests/helpers/sysgrid.ts',
      line: 126,
      column: 24,
      function: 'resetBrowserState'
    },
    category: 'pw:api',
    title: 'POST',
    subtitle: '127.0.0.1:8000/api/v1/settings/user/settings',
    params: {
      url: 'http://127.0.0.1:8000/api/v1/settings/user/settings',
      method: 'POST'
    },
    group: undefined,
    stepId: 'pw:api@44',
    boxedStack: undefined,
    steps: [],
    attachmentIndices: [],
    info: TestStepInfoImpl {
      annotations: [],
      _testInfo: [TestInfoImpl],
      _stepId: 'pw:api@44',
      _title: 'POST',
      _parentStep: undefined,
      skip: [Function (anonymous)]
    },
    complete: [Function: complete],
    endWallTime: 1789758690536,
    error: {
      message: 'Error: apiRequestContext.post: connect ECONNREFUSED 127.0.0.1:8000\n' +
        'Call log:\n' +
        '\x1B[2m  - → POST http://127.0.0.1:8000/api/v1/settings/user/settings\x1B[22m\n' +
        '\x1B[2m    - user-agent: Mozilla/5.0 (Macintosh; Intel Mac OS X 10_15_7) AppleWebKit/537.36 (KHTML, like Gecko) HeadlessChrome/153.0.8010.12 Safari/537.36\x1B[22m\n' +
        '\x1B[2m    - accept: */*\x1B[22m\n' +
        '\x1B[2m    - accept-encoding: gzip,deflate,br\x1B[22m\n' +
        '\x1B[2m    - X-User-Id: haewon.kim\x1B[22m\n' +
        '\x1B[2m    - X-Tenant-Id: 1\x1B[22m\n' +
        '\x1B[2m    - content-type: application/json\x1B[22m\n' +
        '\x1B[2m    - content-length: 1880\x1B[22m\n',
      stack: 'Error: apiRequestContext.post: connect ECONNREFUSED 127.0.0.1:8000\n' +
        'Call log:\n' +
        '\x1B[2m  - → POST http://127.0.0.1:8000/api/v1/settings/user/settings\x1B[22m\n' +
        '\x1B[2m    - user-agent: Mozilla/5.0 (Macintosh; Intel Mac OS X 10_15_7) AppleWebKit/537.36 (KHTML, like Gecko) HeadlessChrome/153.0.8010.12 Safari/537.36\x1B[22m\n' +
        '\x1B[2m    - accept: */*\x1B[22m\n' +
        '\x1B[2m    - accept-encoding: gzip,deflate,br\x1B[22m\n' +
        '\x1B[2m    - X-User-Id: haewon.kim\x1B[22m\n' +
        '\x1B[2m    - X-Tenant-Id: 1\x1B[22m\n' +
        '\x1B[2m    - content-type: application/json\x1B[22m\n' +
        '\x1B[2m    - content-length: 1880\x1B[22m\n' +
        '\n' +
        '    at resetBrowserState (/Users/haewonkim/.codex-fabric/worktrees/CF-636cebcd88631ae64e47fa3c/frontend/tests/helpers/sysgrid.ts:126:24)\n' +
        '    at /Users/haewonkim/.codex-fabric/worktrees/CF-636cebcd88631ae64e47fa3c/frontend/tests/network-workflows.spec.ts:147:11',
      cause: undefined
    }
  }
}
  ✘   39 tests/network-workflows.spec.ts:146:3 › Network workflows › supports manual selection, modifiers, menu overlays, display configurations, and grouped grid parity (206ms)
(node:81901) Warning: The 'NO_COLOR' env is ignored due to the 'FORCE_COLOR' env being set.
(Use `node --trace-warnings ...` to show where the warning was created)
Failed to clear backend settings: apiRequestContext.post: connect ECONNREFUSED 127.0.0.1:8000
Call log:
  - → POST http://127.0.0.1:8000/api/v1/settings/user/settings
    - user-agent: Mozilla/5.0 (Macintosh; Intel Mac OS X 10_15_7) AppleWebKit/537.36 (KHTML, like Gecko) HeadlessChrome/153.0.8010.12 Safari/537.36
    - accept: */*
    - accept-encoding: gzip,deflate,br
    - X-User-Id: haewon.kim
    - X-Tenant-Id: 1
    - content-type: application/json
    - content-length: 1880

    at resetBrowserState (/Users/haewonkim/.codex-fabric/worktrees/CF-636cebcd88631ae64e47fa3c/frontend/tests/helpers/sysgrid.ts:126:24)
    at /Users/haewonkim/.codex-fabric/worktrees/CF-636cebcd88631ae64e47fa3c/frontend/tests/network-workflows.spec.ts:458:11 {
  log: [
    '  - → POST http://127.0.0.1:8000/api/v1/settings/user/settings',
    '    - user-agent: Mozilla/5.0 (Macintosh; Intel Mac OS X 10_15_7) AppleWebKit/537.36 (KHTML, like Gecko) HeadlessChrome/153.0.8010.12 Safari/537.36',
    '    - accept: */*',
    '    - accept-encoding: gzip,deflate,br',
    '    - X-User-Id: haewon.kim',
    '    - X-Tenant-Id: 1',
    '    - content-type: application/json',
    '    - content-length: 1880'
  ],
  name: 'Error',
  [Symbol(step)]: {
    location: {
      file: '/Users/haewonkim/.codex-fabric/worktrees/CF-636cebcd88631ae64e47fa3c/frontend/tests/helpers/sysgrid.ts',
      line: 126,
      column: 24,
      function: 'resetBrowserState'
    },
    category: 'pw:api',
    title: 'POST',
    subtitle: '127.0.0.1:8000/api/v1/settings/user/settings',
    params: {
      url: 'http://127.0.0.1:8000/api/v1/settings/user/settings',
      method: 'POST'
    },
    group: undefined,
    stepId: 'pw:api@44',
    boxedStack: undefined,
    steps: [],
    attachmentIndices: [],
    info: TestStepInfoImpl {
      annotations: [],
      _testInfo: [TestInfoImpl],
      _stepId: 'pw:api@44',
      _title: 'POST',
      _parentStep: undefined,
      skip: [Function (anonymous)]
    },
    complete: [Function: complete],
    endWallTime: 1789758691040,
    error: {
      message: 'Error: apiRequestContext.post: connect ECONNREFUSED 127.0.0.1:8000\n' +
        'Call log:\n' +
        '\x1B[2m  - → POST http://127.0.0.1:8000/api/v1/settings/user/settings\x1B[22m\n' +
        '\x1B[2m    - user-agent: Mozilla/5.0 (Macintosh; Intel Mac OS X 10_15_7) AppleWebKit/537.36 (KHTML, like Gecko) HeadlessChrome/153.0.8010.12 Safari/537.36\x1B[22m\n' +
        '\x1B[2m    - accept: */*\x1B[22m\n' +
        '\x1B[2m    - accept-encoding: gzip,deflate,br\x1B[22m\n' +
        '\x1B[2m    - X-User-Id: haewon.kim\x1B[22m\n' +
        '\x1B[2m    - X-Tenant-Id: 1\x1B[22m\n' +
        '\x1B[2m    - content-type: application/json\x1B[22m\n' +
        '\x1B[2m    - content-length: 1880\x1B[22m\n',
      stack: 'Error: apiRequestContext.post: connect ECONNREFUSED 127.0.0.1:8000\n' +
        'Call log:\n' +
        '\x1B[2m  - → POST http://127.0.0.1:8000/api/v1/settings/user/settings\x1B[22m\n' +
        '\x1B[2m    - user-agent: Mozilla/5.0 (Macintosh; Intel Mac OS X 10_15_7) AppleWebKit/537.36 (KHTML, like Gecko) HeadlessChrome/153.0.8010.12 Safari/537.36\x1B[22m\n' +
        '\x1B[2m    - accept: */*\x1B[22m\n' +
        '\x1B[2m    - accept-encoding: gzip,deflate,br\x1B[22m\n' +
        '\x1B[2m    - X-User-Id: haewon.kim\x1B[22m\n' +
        '\x1B[2m    - X-Tenant-Id: 1\x1B[22m\n' +
        '\x1B[2m    - content-type: application/json\x1B[22m\n' +
        '\x1B[2m    - content-length: 1880\x1B[22m\n' +
        '\n' +
        '    at resetBrowserState (/Users/haewonkim/.codex-fabric/worktrees/CF-636cebcd88631ae64e47fa3c/frontend/tests/helpers/sysgrid.ts:126:24)\n' +
        '    at /Users/haewonkim/.codex-fabric/worktrees/CF-636cebcd88631ae64e47fa3c/frontend/tests/network-workflows.spec.ts:458:11',
      cause: undefined
    }
  }
}
  ✘   40 tests/network-workflows.spec.ts:457:3 › Network workflows › verifies golden column labels, domain order, pinning, resizability, bulk-edit dirty-close safety, context menu structure, and irreversible purge confirmation (191ms)
(node:81951) Warning: The 'NO_COLOR' env is ignored due to the 'FORCE_COLOR' env being set.
(Use `node --trace-warnings ...` to show where the warning was created)
  ✘   41 tests/pre-test-check.spec.ts:3:1 › verify backend and frontend are up (28ms)
(node:81953) Warning: The 'NO_COLOR' env is ignored due to the 'FORCE_COLOR' env being set.
(Use `node --trace-warnings ...` to show where the warning was created)
  ✘   42 tests/projects-creation-flow.spec.ts:7:3 › Projects Creation Workflow › should create a new project with cascading multi-selects and month/year dates (145ms)
(node:81977) Warning: The 'NO_COLOR' env is ignored due to the 'FORCE_COLOR' env being set.
(Use `node --trace-warnings ...` to show where the warning was created)
  ✘   43 tests/projects-golden-evidence.spec.ts:42:3 › Projects Iteration 4A collaboration and reporting foundation › Iteration 4A task comment authoring persists exact comment and @mentions on canonical task truth (166ms)
(node:81988) Warning: The 'NO_COLOR' env is ignored due to the 'FORCE_COLOR' env being set.
(Use `node --trace-warnings ...` to show where the warning was created)
  ✘   44 tests/projects-golden-evidence.spec.ts:58:3 › Projects Iteration 4A collaboration and reporting foundation › Iteration 4A project material authoring persists one exact link through canonical Project PUT (158ms)
(node:82005) Warning: The 'NO_COLOR' env is ignored due to the 'FORCE_COLOR' env being set.
(Use `node --trace-warnings ...` to show where the warning was created)
  ✘   45 tests/projects-golden-evidence.spec.ts:74:3 › Projects Iteration 4A collaboration and reporting foundation › Iteration 4A report capture creates immutable history and restores the exact snapshot by deep link (162ms)
(node:82044) Warning: The 'NO_COLOR' env is ignored due to the 'FORCE_COLOR' env being set.
(Use `node --trace-warnings ...` to show where the warning was created)
  ✘   46 tests/projects-golden-evidence.spec.ts:105:3 › Projects Iteration 4B authoritative mention interaction › Iteration 4B mention click selection persists the exact canonical operator username (188ms)
(node:82112) Warning: The 'NO_COLOR' env is ignored due to the 'FORCE_COLOR' env being set.
(Use `node --trace-warnings ...` to show where the warning was created)
  ✘   47 tests/projects-golden-evidence.spec.ts:125:3 › Projects Iteration 4B authoritative mention interaction › Iteration 4B mention keyboard selection inserts one canonical handle before persistence (194ms)
(node:82202) Warning: The 'NO_COLOR' env is ignored due to the 'FORCE_COLOR' env being set.
(Use `node --trace-warnings ...` to show where the warning was created)
  ✘   48 tests/projects-golden-evidence.spec.ts:151:3 › Projects Iteration 4C native project updates collaboration › Iteration 4C project update click selection posts one canonical human update through Project PUT (216ms)
(node:82272) Warning: The 'NO_COLOR' env is ignored due to the 'FORCE_COLOR' env being set.
(Use `node --trace-warnings ...` to show where the warning was created)
  ✘   49 tests/projects-golden-evidence.spec.ts:172:3 › Projects Iteration 4C native project updates collaboration › Iteration 4C project update keyboard selection persists and restores from canonical Project truth (205ms)
(node:82375) Warning: The 'NO_COLOR' env is ignored due to the 'FORCE_COLOR' env being set.
(Use `node --trace-warnings ...` to show where the warning was created)
  ✘   50 tests/projects-golden-evidence.spec.ts:202:3 › Projects Iteration 4D collaboration reporting integration › Iteration 4D report snapshot freezes the canonical human update and mention evidence (169ms)
(node:82468) Warning: The 'NO_COLOR' env is ignored due to the 'FORCE_COLOR' env being set.
(Use `node --trace-warnings ...` to show where the warning was created)
  ✘   51 tests/projects-golden-evidence.spec.ts:220:3 › Projects Iteration 4D collaboration reporting integration › Iteration 4D captured report remains immutable after a later live Project update (169ms)
(node:82550) Warning: The 'NO_COLOR' env is ignored due to the 'FORCE_COLOR' env being set.
(Use `node --trace-warnings ...` to show where the warning was created)
  ✘   52 tests/projects-golden-evidence.spec.ts:247:3 › Projects Iteration 4E collaboration and reporting certification smoke › Iteration 4E certification preserves the canonical collaboration chain through immutable report review (163ms)
(node:82623) Warning: The 'NO_COLOR' env is ignored due to the 'FORCE_COLOR' env being set.
(Use `node --trace-warnings ...` to show where the warning was created)
  ✘   53 tests/projects-hierarchy.spec.ts:64:1 › P10 hierarchy rehearsal shows ten roots and one nested child @hierarchy-rehearsal (166ms)
(node:82708) Warning: The 'NO_COLOR' env is ignored due to the 'FORCE_COLOR' env being set.
(Use `node --trace-warnings ...` to show where the warning was created)
  ✘   54 tests/projects-hierarchy.spec.ts:74:1 › child deep link restores explicit parent context @hierarchy-acceptance (159ms)
(node:82807) Warning: The 'NO_COLOR' env is ignored due to the 'FORCE_COLOR' env being set.
(Use `node --trace-warnings ...` to show where the warning was created)
  ✘   55 tests/projects-hierarchy.spec.ts:84:1 › portfolio counts only top-level outcomes and excludes child card @hierarchy-acceptance (158ms)
(node:82874) Warning: The 'NO_COLOR' env is ignored due to the 'FORCE_COLOR' env being set.
(Use `node --trace-warnings ...` to show where the warning was created)
  ✘   56 tests/projects-hierarchy.spec.ts:92:1 › create flow exposes top-level versus subproject semantics with required parent chooser @hierarchy-acceptance (168ms)
(node:82973) Warning: The 'NO_COLOR' env is ignored due to the 'FORCE_COLOR' env being set.
(Use `node --trace-warnings ...` to show where the warning was created)
  ✘   57 tests/projects-hierarchy.spec.ts:108:1 › edit child flow restores parent selection and can explicitly promote to top level @hierarchy-acceptance (164ms)
(node:83072) Warning: The 'NO_COLOR' env is ignored due to the 'FORCE_COLOR' env being set.
(Use `node --trace-warnings ...` to show where the warning was created)
  ✘   58 tests/projects-navigation.spec.ts:85:1 › P01 central-navigation rehearsal exposes six intents and persistent context @navigation-rehearsal (168ms)
(node:83162) Warning: The 'NO_COLOR' env is ignored due to the 'FORCE_COLOR' env being set.
(Use `node --trace-warnings ...` to show where the warning was created)
  ✘   59 tests/projects-navigation.spec.ts:95:1 › P01 Work deep link opens the canonical task graph and Board projection @navigation-acceptance (151ms)
(node:83200) Warning: The 'NO_COLOR' env is ignored due to the 'FORCE_COLOR' env being set.
(Use `node --trace-warnings ...` to show where the warning was created)
  ✘   60 tests/projects-navigation.spec.ts:106:1 › P02 fixed project navigation exposes canonical Plan, Timeline, Updates and Outcomes deep links @navigation-acceptance (152ms)
(node:83239) Warning: The 'NO_COLOR' env is ignored due to the 'FORCE_COLOR' env being set.
(Use `node --trace-warnings ...` to show where the warning was created)
  ✘   61 tests/projects-navigation.spec.ts:117:1 › P09 Outcomes reveals Reports and Insights and legacy governance link canonicalizes @navigation-acceptance (152ms)
(node:83277) Warning: The 'NO_COLOR' env is ignored due to the 'FORCE_COLOR' env being set.
(Use `node --trace-warnings ...` to show where the warning was created)
  ✘   62 tests/projects-navigation.spec.ts:126:1 › all retained project view aliases history-replace to canonical destinations @navigation-acceptance (156ms)
(node:83315) Warning: The 'NO_COLOR' env is ignored due to the 'FORCE_COLOR' env being set.
(Use `node --trace-warnings ...` to show where the warning was created)
  ✘   63 tests/projects-navigation.spec.ts:142:1 › central Add/edit and intent navigation reuse existing project flows @navigation-acceptance (156ms)
(node:83353) Warning: The 'NO_COLOR' env is ignored due to the 'FORCE_COLOR' env being set.
(Use `node --trace-warnings ...` to show where the warning was created)
  ✘   64 tests/projects-navigation.spec.ts:152:1 › Portfolio remains a separate cross-project utility @navigation-acceptance (149ms)
(node:83391) Warning: The 'NO_COLOR' env is ignored due to the 'FORCE_COLOR' env being set.
(Use `node --trace-warnings ...` to show where the warning was created)
  ✘   65 tests/projects-out40-slice-c-board-a11y.spec.ts:77:1 › OUT-40 Slice C Board move alternatives expose exact names and minimum targets @out40-slice-c-rehearsal (153ms)
(node:83421) Warning: The 'NO_COLOR' env is ignored due to the 'FORCE_COLOR' env being set.
(Use `node --trace-warnings ...` to show where the warning was created)
  ✘   66 tests/projects-out40-slice-c-board-a11y.spec.ts:94:1 › OUT-40 Slice C keyboard status move persists canonical PUT, announces success, and restores focus @out40-slice-c-acceptance (160ms)
(node:83449) Warning: The 'NO_COLOR' env is ignored due to the 'FORCE_COLOR' env being set.
(Use `node --trace-warnings ...` to show where the warning was created)
  ✘   67 tests/projects-out40-slice-d-wbs-keyboard.spec.ts:85:1 › OUT-40 Slice D WBS keyboard reorder exposes exact native controls and minimum targets @out40-slice-d-rehearsal (156ms)
(node:83481) Warning: The 'NO_COLOR' env is ignored due to the 'FORCE_COLOR' env being set.
(Use `node --trace-warnings ...` to show where the warning was created)
  ✘   68 tests/projects-out40-slice-d-wbs-keyboard.spec.ts:108:1 › OUT-40 Slice D Enter reorder persists canonical PUT, preserves subtree, announces, and restores row focus @out40-slice-d-acceptance (158ms)
(node:83511) Warning: The 'NO_COLOR' env is ignored due to the 'FORCE_COLOR' env being set.
(Use `node --trace-warnings ...` to show where the warning was created)
  ✘   69 tests/projects-out40-slice-e-timeline-dependency-a11y.spec.ts:106:1 › OUT-40 Slice E Timeline controls expose keyboard dependency and named Gantt interactions @out40-slice-e-rehearsal (159ms)
(node:83608) Warning: The 'NO_COLOR' env is ignored due to the 'FORCE_COLOR' env being set.
(Use `node --trace-warnings ...` to show where the warning was created)
  ✘   70 tests/projects-out40-slice-e-timeline-dependency-a11y.spec.ts:134:1 › OUT-40 Slice E Enter add/remove uses canonical PUT, announces, and restores target focus @out40-slice-e-acceptance (163ms)
(node:83692) Warning: The 'NO_COLOR' env is ignored due to the 'FORCE_COLOR' env being set.
(Use `node --trace-warnings ...` to show where the warning was created)
  ✘   71 tests/projects-out40-slice-f-task-drawer-a11y.spec.ts:95:1 › OUT-40 Slice F Task Drawer required controls are explicitly named and icon targets are >=40px @out40-slice-f-rehearsal (158ms)
(node:83773) Warning: The 'NO_COLOR' env is ignored due to the 'FORCE_COLOR' env being set.
(Use `node --trace-warnings ...` to show where the warning was created)
  ✘   72 tests/projects-out40-slice-f-task-drawer-a11y.spec.ts:113:1 › OUT-40 Slice F named dependency removal keeps native Enter activation and canonical Project PUT @out40-slice-f-acceptance (154ms)
(node:83832) Warning: The 'NO_COLOR' env is ignored due to the 'FORCE_COLOR' env being set.
(Use `node --trace-warnings ...` to show where the warning was created)
  ✘   73 tests/projects-out40-slice-g-accessible-name-audit.spec.ts:123:1 › OUT-40 Slice G persistent Projects surfaces have no unnamed required controls @out40-slice-g-rehearsal (159ms)
(node:83927) Warning: The 'NO_COLOR' env is ignored due to the 'FORCE_COLOR' env being set.
(Use `node --trace-warnings ...` to show where the warning was created)
  ✘   74 tests/projects-out40-slice-g-accessible-name-audit.spec.ts:144:1 › OUT-40 Slice G transient Projects surfaces have no unnamed required controls @out40-slice-g-acceptance (162ms)
(node:84011) Warning: The 'NO_COLOR' env is ignored due to the 'FORCE_COLOR' env being set.
(Use `node --trace-warnings ...` to show where the warning was created)
  ✘   75 tests/projects-out40-slice-h-gantt-modernization.spec.ts:127:1 › OUT-40 Slice H P10 Gantt is bounded, aligned and connector-anchored @out40-slice-h-rehearsal (167ms)
(node:84088) Warning: The 'NO_COLOR' env is ignored due to the 'FORCE_COLOR' env being set.
(Use `node --trace-warnings ...` to show where the warning was created)
  ✘   76 tests/projects-out40-slice-h-gantt-modernization.spec.ts:157:1 › OUT-40 Slice H keyboard dependency add/remove is explicit, canonical and focus-stable @out40-slice-h-acceptance (168ms)
(node:84184) Warning: The 'NO_COLOR' env is ignored due to the 'FORCE_COLOR' env being set.
(Use `node --trace-warnings ...` to show where the warning was created)
  ✘   77 tests/projects-out40-slice-h-gantt-modernization.spec.ts:185:1 › OUT-40 Slice H scroll zoom filter collapse are mutation-free and stay bounded @out40-slice-h-acceptance (219ms)
(node:84290) Warning: The 'NO_COLOR' env is ignored due to the 'FORCE_COLOR' env being set.
(Use `node --trace-warnings ...` to show where the warning was created)
  ✘   78 tests/projects-out40-slice-h-gantt-modernization.spec.ts:217:1 › OUT-40 Slice H bar move and resize each commit one Project PUT @out40-slice-h-acceptance (184ms)
(node:84356) Warning: The 'NO_COLOR' env is ignored due to the 'FORCE_COLOR' env being set.
(Use `node --trace-warnings ...` to show where the warning was created)
  ✘   79 tests/projects-out40-slice-h-gantt-modernization.spec.ts:238:1 › OUT-40 Slice H narrow Gantt contains page overflow and keeps primary controls >=40px @out40-slice-h-acceptance (153ms)
(node:84452) Warning: The 'NO_COLOR' env is ignored due to the 'FORCE_COLOR' env being set.
(Use `node --trace-warnings ...` to show where the warning was created)
  -   80 tests/projects-out40-slice-h-gantt-modernization.spec.ts:254:1 › P12 dedicated task-1001 virtualization regression evidence @p12-task-1001
  ✘   81 tests/projects-outcomes.spec.ts:47:1 › P03 completed delivery remains visibly at risk when adoption is weak @outcomes-rehearsal (149ms)
(node:84572) Warning: The 'NO_COLOR' env is ignored due to the 'FORCE_COLOR' env being set.
(Use `node --trace-warnings ...` to show where the warning was created)
  ✘   82 tests/projects-outcomes.spec.ts:55:1 › P01 and P08 expose traceable measured adoption and realized value @outcomes-acceptance (159ms)
(node:84647) Warning: The 'NO_COLOR' env is ignored due to the 'FORCE_COLOR' env being set.
(Use `node --trace-warnings ...` to show where the warning was created)
  ✘   83 tests/projects-outcomes.spec.ts:63:1 › missing outcome measurement renders Unknown and Not measured @outcomes-acceptance (177ms)
(node:84685) Warning: The 'NO_COLOR' env is ignored due to the 'FORCE_COLOR' env being set.
(Use `node --trace-warnings ...` to show where the warning was created)
  ✘   84 tests/projects-outcomes.spec.ts:71:1 › portfolio outcome summary excludes child population and child value @outcomes-acceptance (156ms)
(node:84724) Warning: The 'NO_COLOR' env is ignored due to the 'FORCE_COLOR' env being set.
(Use `node --trace-warnings ...` to show where the warning was created)
  ✘   85 tests/projects-outcomes.spec.ts:82:1 › measurement edit uses canonical Project PUT and preserves legacy ROI fields @outcomes-acceptance (160ms)
(node:84753) Warning: The 'NO_COLOR' env is ignored due to the 'FORCE_COLOR' env being set.
(Use `node --trace-warnings ...` to show where the warning was created)
  ✘   86 tests/projects-outcomes.spec.ts:96:1 › captured report snapshot freezes measured outcome values @outcomes-acceptance (164ms)
(node:84790) Warning: The 'NO_COLOR' env is ignored due to the 'FORCE_COLOR' env being set.
(Use `node --trace-warnings ...` to show where the warning was created)
Failed to clear backend settings: apiRequestContext.post: connect ECONNREFUSED 127.0.0.1:8000
Call log:
  - → POST http://127.0.0.1:8000/api/v1/settings/user/settings
    - user-agent: Mozilla/5.0 (Macintosh; Intel Mac OS X 10_15_7) AppleWebKit/537.36 (KHTML, like Gecko) HeadlessChrome/153.0.8010.12 Safari/537.36
    - accept: */*
    - accept-encoding: gzip,deflate,br
    - X-User-Id: haewon.kim
    - X-Tenant-Id: 1
    - content-type: application/json
    - content-length: 1880

    at resetBrowserState (/Users/haewonkim/.codex-fabric/worktrees/CF-636cebcd88631ae64e47fa3c/frontend/tests/helpers/sysgrid.ts:126:24)
    at /Users/haewonkim/.codex-fabric/worktrees/CF-636cebcd88631ae64e47fa3c/frontend/tests/projects-overhaul.spec.ts:10:11 {
  log: [
    '  - → POST http://127.0.0.1:8000/api/v1/settings/user/settings',
    '    - user-agent: Mozilla/5.0 (Macintosh; Intel Mac OS X 10_15_7) AppleWebKit/537.36 (KHTML, like Gecko) HeadlessChrome/153.0.8010.12 Safari/537.36',
    '    - accept: */*',
    '    - accept-encoding: gzip,deflate,br',
    '    - X-User-Id: haewon.kim',
    '    - X-Tenant-Id: 1',
    '    - content-type: application/json',
    '    - content-length: 1880'
  ],
  name: 'Error',
  [Symbol(step)]: {
    location: {
      file: '/Users/haewonkim/.codex-fabric/worktrees/CF-636cebcd88631ae64e47fa3c/frontend/tests/helpers/sysgrid.ts',
      line: 126,
      column: 24,
      function: 'resetBrowserState'
    },
    category: 'pw:api',
    title: 'POST',
    subtitle: '127.0.0.1:8000/api/v1/settings/user/settings',
    params: {
      url: 'http://127.0.0.1:8000/api/v1/settings/user/settings',
      method: 'POST'
    },
    group: undefined,
    stepId: 'pw:api@43',
    boxedStack: undefined,
    steps: [],
    attachmentIndices: [],
    info: TestStepInfoImpl {
      annotations: [],
      _testInfo: [TestInfoImpl],
      _stepId: 'pw:api@43',
      _title: 'POST',
      _parentStep: undefined,
      skip: [Function (anonymous)]
    },
    complete: [Function: complete],
    endWallTime: 1789758712531,
    error: {
      message: 'Error: apiRequestContext.post: connect ECONNREFUSED 127.0.0.1:8000\n' +
        'Call log:\n' +
        '\x1B[2m  - → POST http://127.0.0.1:8000/api/v1/settings/user/settings\x1B[22m\n' +
        '\x1B[2m    - user-agent: Mozilla/5.0 (Macintosh; Intel Mac OS X 10_15_7) AppleWebKit/537.36 (KHTML, like Gecko) HeadlessChrome/153.0.8010.12 Safari/537.36\x1B[22m\n' +
        '\x1B[2m    - accept: */*\x1B[22m\n' +
        '\x1B[2m    - accept-encoding: gzip,deflate,br\x1B[22m\n' +
        '\x1B[2m    - X-User-Id: haewon.kim\x1B[22m\n' +
        '\x1B[2m    - X-Tenant-Id: 1\x1B[22m\n' +
        '\x1B[2m    - content-type: application/json\x1B[22m\n' +
        '\x1B[2m    - content-length: 1880\x1B[22m\n',
      stack: 'Error: apiRequestContext.post: connect ECONNREFUSED 127.0.0.1:8000\n' +
        'Call log:\n' +
        '\x1B[2m  - → POST http://127.0.0.1:8000/api/v1/settings/user/settings\x1B[22m\n' +
        '\x1B[2m    - user-agent: Mozilla/5.0 (Macintosh; Intel Mac OS X 10_15_7) AppleWebKit/537.36 (KHTML, like Gecko) HeadlessChrome/153.0.8010.12 Safari/537.36\x1B[22m\n' +
        '\x1B[2m    - accept: */*\x1B[22m\n' +
        '\x1B[2m    - accept-encoding: gzip,deflate,br\x1B[22m\n' +
        '\x1B[2m    - X-User-Id: haewon.kim\x1B[22m\n' +
        '\x1B[2m    - X-Tenant-Id: 1\x1B[22m\n' +
        '\x1B[2m    - content-type: application/json\x1B[22m\n' +
        '\x1B[2m    - content-length: 1880\x1B[22m\n' +
        '\n' +
        '    at resetBrowserState (/Users/haewonkim/.codex-fabric/worktrees/CF-636cebcd88631ae64e47fa3c/frontend/tests/helpers/sysgrid.ts:126:24)\n' +
        '    at /Users/haewonkim/.codex-fabric/worktrees/CF-636cebcd88631ae64e47fa3c/frontend/tests/projects-overhaul.spec.ts:10:11',
      cause: undefined
    }
  }
}
  ✘   87 tests/projects-overhaul.spec.ts:9:3 › Projects Overhaul 2.0 › verifies shell and tab navigation (197ms)
(node:84826) Warning: The 'NO_COLOR' env is ignored due to the 'FORCE_COLOR' env being set.
(Use `node --trace-warnings ...` to show where the warning was created)
  ✘   88 tests/projects-overhaul.spec.ts:41:3 › Projects Overhaul 2.0 › verifies dashboard view (157ms)
(node:84860) Warning: The 'NO_COLOR' env is ignored due to the 'FORCE_COLOR' env being set.
(Use `node --trace-warnings ...` to show where the warning was created)
  ✘   89 tests/projects-p04-project-story.spec.ts:35:1 › real backend creation survives one failed save and reload without duplicate Projects (120ms)
(node:84895) Warning: The 'NO_COLOR' env is ignored due to the 'FORCE_COLOR' env being set.
(Use `node --trace-warnings ...` to show where the warning was created)
  ✘   90 tests/projects-p05-work-plan.spec.ts:15:1 › P05 Work treegrid exposes expanded row geometry and keyboard status projection (148ms)
(node:84930) Warning: The 'NO_COLOR' env is ignored due to the 'FORCE_COLOR' env being set.
(Use `node --trace-warnings ...` to show where the warning was created)
  ✘   91 tests/projects-p05-work-plan.spec.ts:49:1 › P05 Board keeps Move to keyboard control in the same task projection (145ms)
(node:84940) Warning: The 'NO_COLOR' env is ignored due to the 'FORCE_COLOR' env being set.
(Use `node --trace-warnings ...` to show where the warning was created)
  -   92 tests/projects-p05-work-plan.spec.ts:76:1 › P05 real backend browser journey reads the canonical task graph
  -   93 tests/projects-p06-timeline.spec.ts:63:1 › Journey 3 renders exact authority results with bounded rows, ticks, connectors and targets
  -   94 tests/projects-p06-timeline.spec.ts:87:1 › keyboard and pointer emit equivalent previews, cancellation writes nothing, and lost response is confirmed
  -   95 tests/projects-p06-timeline.spec.ts:139:1 › calendar changes demand explicit normalization and responsive schedule-only mode keeps controls reachable
  -   96 tests/projects-p07-architecture.spec.ts:37:1 › one canonical object is visible in full Architecture and Project Plan hosts
  -   97 tests/projects-p07-architecture.spec.ts:51:1 › Draft Proposed creates reserved identity without changing Current
  -   98 tests/projects-p08-communication.spec.ts:40:1 › AI-off updates, resources, reports and activity are reachable from canonical routes
  -   99 tests/projects-p09-outcomes.spec.ts:42:1 › Outcomes route presents independent delivery, adoption evidence and exact ROI
  ✘  100 tests/projects-p11-portfolio-regression.spec.ts:8:1 › P11 Portfolio keeps migrated and native Projects in one canonical story projection (108ms)
(node:84950) Warning: The 'NO_COLOR' env is ignored due to the 'FORCE_COLOR' env being set.
(Use `node --trace-warnings ...` to show where the warning was created)
  ✘  101 tests/projects-readability.spec.ts:230:1 › P01 readability rehearsal @readability-rehearsal (158ms)
(node:84958) Warning: The 'NO_COLOR' env is ignored due to the 'FORCE_COLOR' env being set.
(Use `node --trace-warnings ...` to show where the warning was created)
  ✘  102 tests/projects-readability.spec.ts:239:1 › P01 high-value Overview stays readable at 1280x720 @readability-acceptance (147ms)
(node:84967) Warning: The 'NO_COLOR' env is ignored due to the 'FORCE_COLOR' env being set.
(Use `node --trace-warnings ...` to show where the warning was created)
  ✘  103 tests/projects-readability.spec.ts:248:1 › P02 blocked project preserves clear hierarchy at 1440x900 @readability-acceptance (154ms)
(node:84975) Warning: The 'NO_COLOR' env is ignored due to the 'FORCE_COLOR' env being set.
(Use `node --trace-warnings ...` to show where the warning was created)
  ✘  104 tests/projects-readability.spec.ts:257:1 › P10 large Gantt remains contained and readable at 1920x1080 @readability-acceptance (155ms)
(node:84987) Warning: The 'NO_COLOR' env is ignored due to the 'FORCE_COLOR' env being set.
(Use `node --trace-warnings ...` to show where the warning was created)
  ✘  105 tests/projects-readability.spec.ts:268:1 › narrow Projects navigation remains reachable at 390x844 @readability-acceptance (143ms)
(node:84996) Warning: The 'NO_COLOR' env is ignored due to the 'FORCE_COLOR' env being set.
(Use `node --trace-warnings ...` to show where the warning was created)
  ✘  106 tests/projects-readability.spec.ts:282:1 › Projects modal inherits elevated readability without changing the shared modal @readability-acceptance (155ms)
(node:85005) Warning: The 'NO_COLOR' env is ignored due to the 'FORCE_COLOR' env being set.
(Use `node --trace-warnings ...` to show where the warning was created)
  ✘  107 tests/projects-readability.spec.ts:294:1 › readability diagnostics expose computed contract @readability-diagnostic (152ms)
(node:85014) Warning: The 'NO_COLOR' env is ignored due to the 'FORCE_COLOR' env being set.
(Use `node --trace-warnings ...` to show where the warning was created)
Failed to clear backend settings: apiRequestContext.post: connect ECONNREFUSED 127.0.0.1:8000
Call log:
  - → POST http://127.0.0.1:8000/api/v1/settings/user/settings
    - user-agent: Mozilla/5.0 (Macintosh; Intel Mac OS X 10_15_7) AppleWebKit/537.36 (KHTML, like Gecko) HeadlessChrome/153.0.8010.12 Safari/537.36
    - accept: */*
    - accept-encoding: gzip,deflate,br
    - X-User-Id: haewon.kim
    - X-Tenant-Id: 1
    - content-type: application/json
    - content-length: 1880

    at resetBrowserState (/Users/haewonkim/.codex-fabric/worktrees/CF-636cebcd88631ae64e47fa3c/frontend/tests/helpers/sysgrid.ts:126:24)
    at /Users/haewonkim/.codex-fabric/worktrees/CF-636cebcd88631ae64e47fa3c/frontend/tests/projects-saved-views.spec.ts:67:11 {
  log: [
    '  - → POST http://127.0.0.1:8000/api/v1/settings/user/settings',
    '    - user-agent: Mozilla/5.0 (Macintosh; Intel Mac OS X 10_15_7) AppleWebKit/537.36 (KHTML, like Gecko) HeadlessChrome/153.0.8010.12 Safari/537.36',
    '    - accept: */*',
    '    - accept-encoding: gzip,deflate,br',
    '    - X-User-Id: haewon.kim',
    '    - X-Tenant-Id: 1',
    '    - content-type: application/json',
    '    - content-length: 1880'
  ],
  name: 'Error',
  [Symbol(step)]: {
    location: {
      file: '/Users/haewonkim/.codex-fabric/worktrees/CF-636cebcd88631ae64e47fa3c/frontend/tests/helpers/sysgrid.ts',
      line: 126,
      column: 24,
      function: 'resetBrowserState'
    },
    category: 'pw:api',
    title: 'POST',
    subtitle: '127.0.0.1:8000/api/v1/settings/user/settings',
    params: {
      url: 'http://127.0.0.1:8000/api/v1/settings/user/settings',
      method: 'POST'
    },
    group: undefined,
    stepId: 'pw:api@40',
    boxedStack: undefined,
    steps: [],
    attachmentIndices: [],
    info: TestStepInfoImpl {
      annotations: [],
      _testInfo: [TestInfoImpl],
      _stepId: 'pw:api@40',
      _title: 'POST',
      _parentStep: undefined,
      skip: [Function (anonymous)]
    },
    complete: [Function: complete],
    endWallTime: 1789758718354,
    error: {
      message: 'Error: apiRequestContext.post: connect ECONNREFUSED 127.0.0.1:8000\n' +
        'Call log:\n' +
        '\x1B[2m  - → POST http://127.0.0.1:8000/api/v1/settings/user/settings\x1B[22m\n' +
        '\x1B[2m    - user-agent: Mozilla/5.0 (Macintosh; Intel Mac OS X 10_15_7) AppleWebKit/537.36 (KHTML, like Gecko) HeadlessChrome/153.0.8010.12 Safari/537.36\x1B[22m\n' +
        '\x1B[2m    - accept: */*\x1B[22m\n' +
        '\x1B[2m    - accept-encoding: gzip,deflate,br\x1B[22m\n' +
        '\x1B[2m    - X-User-Id: haewon.kim\x1B[22m\n' +
        '\x1B[2m    - X-Tenant-Id: 1\x1B[22m\n' +
        '\x1B[2m    - content-type: application/json\x1B[22m\n' +
        '\x1B[2m    - content-length: 1880\x1B[22m\n',
      stack: 'Error: apiRequestContext.post: connect ECONNREFUSED 127.0.0.1:8000\n' +
        'Call log:\n' +
        '\x1B[2m  - → POST http://127.0.0.1:8000/api/v1/settings/user/settings\x1B[22m\n' +
        '\x1B[2m    - user-agent: Mozilla/5.0 (Macintosh; Intel Mac OS X 10_15_7) AppleWebKit/537.36 (KHTML, like Gecko) HeadlessChrome/153.0.8010.12 Safari/537.36\x1B[22m\n' +
        '\x1B[2m    - accept: */*\x1B[22m\n' +
        '\x1B[2m    - accept-encoding: gzip,deflate,br\x1B[22m\n' +
        '\x1B[2m    - X-User-Id: haewon.kim\x1B[22m\n' +
        '\x1B[2m    - X-Tenant-Id: 1\x1B[22m\n' +
        '\x1B[2m    - content-type: application/json\x1B[22m\n' +
        '\x1B[2m    - content-length: 1880\x1B[22m\n' +
        '\n' +
        '    at resetBrowserState (/Users/haewonkim/.codex-fabric/worktrees/CF-636cebcd88631ae64e47fa3c/frontend/tests/helpers/sysgrid.ts:126:24)\n' +
        '    at /Users/haewonkim/.codex-fabric/worktrees/CF-636cebcd88631ae64e47fa3c/frontend/tests/projects-saved-views.spec.ts:67:11',
      cause: undefined
    }
  }
}
  ✘  108 tests/projects-saved-views.spec.ts:66:3 › Projects shared saved views › hydrates without applying, then applies a normalized personal remote view only after explicit selection (179ms)
(node:85027) Warning: The 'NO_COLOR' env is ignored due to the 'FORCE_COLOR' env being set.
(Use `node --trace-warnings ...` to show where the warning was created)
Failed to clear backend settings: apiRequestContext.post: connect ECONNREFUSED 127.0.0.1:8000
Call log:
  - → POST http://127.0.0.1:8000/api/v1/settings/user/settings
    - user-agent: Mozilla/5.0 (Macintosh; Intel Mac OS X 10_15_7) AppleWebKit/537.36 (KHTML, like Gecko) HeadlessChrome/153.0.8010.12 Safari/537.36
    - accept: */*
    - accept-encoding: gzip,deflate,br
    - X-User-Id: haewon.kim
    - X-Tenant-Id: 1
    - content-type: application/json
    - content-length: 1880

    at resetBrowserState (/Users/haewonkim/.codex-fabric/worktrees/CF-636cebcd88631ae64e47fa3c/frontend/tests/helpers/sysgrid.ts:126:24)
    at /Users/haewonkim/.codex-fabric/worktrees/CF-636cebcd88631ae64e47fa3c/frontend/tests/projects-saved-views.spec.ts:90:11 {
  log: [
    '  - → POST http://127.0.0.1:8000/api/v1/settings/user/settings',
    '    - user-agent: Mozilla/5.0 (Macintosh; Intel Mac OS X 10_15_7) AppleWebKit/537.36 (KHTML, like Gecko) HeadlessChrome/153.0.8010.12 Safari/537.36',
    '    - accept: */*',
    '    - accept-encoding: gzip,deflate,br',
    '    - X-User-Id: haewon.kim',
    '    - X-Tenant-Id: 1',
    '    - content-type: application/json',
    '    - content-length: 1880'
  ],
  name: 'Error',
  [Symbol(step)]: {
    location: {
      file: '/Users/haewonkim/.codex-fabric/worktrees/CF-636cebcd88631ae64e47fa3c/frontend/tests/helpers/sysgrid.ts',
      line: 126,
      column: 24,
      function: 'resetBrowserState'
    },
    category: 'pw:api',
    title: 'POST',
    subtitle: '127.0.0.1:8000/api/v1/settings/user/settings',
    params: {
      url: 'http://127.0.0.1:8000/api/v1/settings/user/settings',
      method: 'POST'
    },
    group: undefined,
    stepId: 'pw:api@40',
    boxedStack: undefined,
    steps: [],
    attachmentIndices: [],
    info: TestStepInfoImpl {
      annotations: [],
      _testInfo: [TestInfoImpl],
      _stepId: 'pw:api@40',
      _title: 'POST',
      _parentStep: undefined,
      skip: [Function (anonymous)]
    },
    complete: [Function: complete],
    endWallTime: 1789758718822,
    error: {
      message: 'Error: apiRequestContext.post: connect ECONNREFUSED 127.0.0.1:8000\n' +
        'Call log:\n' +
        '\x1B[2m  - → POST http://127.0.0.1:8000/api/v1/settings/user/settings\x1B[22m\n' +
        '\x1B[2m    - user-agent: Mozilla/5.0 (Macintosh; Intel Mac OS X 10_15_7) AppleWebKit/537.36 (KHTML, like Gecko) HeadlessChrome/153.0.8010.12 Safari/537.36\x1B[22m\n' +
        '\x1B[2m    - accept: */*\x1B[22m\n' +
        '\x1B[2m    - accept-encoding: gzip,deflate,br\x1B[22m\n' +
        '\x1B[2m    - X-User-Id: haewon.kim\x1B[22m\n' +
        '\x1B[2m    - X-Tenant-Id: 1\x1B[22m\n' +
        '\x1B[2m    - content-type: application/json\x1B[22m\n' +
        '\x1B[2m    - content-length: 1880\x1B[22m\n',
      stack: 'Error: apiRequestContext.post: connect ECONNREFUSED 127.0.0.1:8000\n' +
        'Call log:\n' +
        '\x1B[2m  - → POST http://127.0.0.1:8000/api/v1/settings/user/settings\x1B[22m\n' +
        '\x1B[2m    - user-agent: Mozilla/5.0 (Macintosh; Intel Mac OS X 10_15_7) AppleWebKit/537.36 (KHTML, like Gecko) HeadlessChrome/153.0.8010.12 Safari/537.36\x1B[22m\n' +
        '\x1B[2m    - accept: */*\x1B[22m\n' +
        '\x1B[2m    - accept-encoding: gzip,deflate,br\x1B[22m\n' +
        '\x1B[2m    - X-User-Id: haewon.kim\x1B[22m\n' +
        '\x1B[2m    - X-Tenant-Id: 1\x1B[22m\n' +
        '\x1B[2m    - content-type: application/json\x1B[22m\n' +
        '\x1B[2m    - content-length: 1880\x1B[22m\n' +
        '\n' +
        '    at resetBrowserState (/Users/haewonkim/.codex-fabric/worktrees/CF-636cebcd88631ae64e47fa3c/frontend/tests/helpers/sysgrid.ts:126:24)\n' +
        '    at /Users/haewonkim/.codex-fabric/worktrees/CF-636cebcd88631ae64e47fa3c/frontend/tests/projects-saved-views.spec.ts:90:11',
      cause: undefined
    }
  }
}
  ✘  109 tests/projects-saved-views.spec.ts:89:3 › Projects shared saved views › restores the exact nested Portfolio section from a synced saved view (169ms)
(node:85038) Warning: The 'NO_COLOR' env is ignored due to the 'FORCE_COLOR' env being set.
(Use `node --trace-warnings ...` to show where the warning was created)
Failed to clear backend settings: apiRequestContext.post: connect ECONNREFUSED 127.0.0.1:8000
Call log:
  - → POST http://127.0.0.1:8000/api/v1/settings/user/settings
    - user-agent: Mozilla/5.0 (Macintosh; Intel Mac OS X 10_15_7) AppleWebKit/537.36 (KHTML, like Gecko) HeadlessChrome/153.0.8010.12 Safari/537.36
    - accept: */*
    - accept-encoding: gzip,deflate,br
    - X-User-Id: haewon.kim
    - X-Tenant-Id: 1
    - content-type: application/json
    - content-length: 1880

    at resetBrowserState (/Users/haewonkim/.codex-fabric/worktrees/CF-636cebcd88631ae64e47fa3c/frontend/tests/helpers/sysgrid.ts:126:24)
    at /Users/haewonkim/.codex-fabric/worktrees/CF-636cebcd88631ae64e47fa3c/frontend/tests/projects-saved-views.spec.ts:110:11 {
  log: [
    '  - → POST http://127.0.0.1:8000/api/v1/settings/user/settings',
    '    - user-agent: Mozilla/5.0 (Macintosh; Intel Mac OS X 10_15_7) AppleWebKit/537.36 (KHTML, like Gecko) HeadlessChrome/153.0.8010.12 Safari/537.36',
    '    - accept: */*',
    '    - accept-encoding: gzip,deflate,br',
    '    - X-User-Id: haewon.kim',
    '    - X-Tenant-Id: 1',
    '    - content-type: application/json',
    '    - content-length: 1880'
  ],
  name: 'Error',
  [Symbol(step)]: {
    location: {
      file: '/Users/haewonkim/.codex-fabric/worktrees/CF-636cebcd88631ae64e47fa3c/frontend/tests/helpers/sysgrid.ts',
      line: 126,
      column: 24,
      function: 'resetBrowserState'
    },
    category: 'pw:api',
    title: 'POST',
    subtitle: '127.0.0.1:8000/api/v1/settings/user/settings',
    params: {
      url: 'http://127.0.0.1:8000/api/v1/settings/user/settings',
      method: 'POST'
    },
    group: undefined,
    stepId: 'pw:api@40',
    boxedStack: undefined,
    steps: [],
    attachmentIndices: [],
    info: TestStepInfoImpl {
      annotations: [],
      _testInfo: [TestInfoImpl],
      _stepId: 'pw:api@40',
      _title: 'POST',
      _parentStep: undefined,
      skip: [Function (anonymous)]
    },
    complete: [Function: complete],
    endWallTime: 1789758719282,
    error: {
      message: 'Error: apiRequestContext.post: connect ECONNREFUSED 127.0.0.1:8000\n' +
        'Call log:\n' +
        '\x1B[2m  - → POST http://127.0.0.1:8000/api/v1/settings/user/settings\x1B[22m\n' +
        '\x1B[2m    - user-agent: Mozilla/5.0 (Macintosh; Intel Mac OS X 10_15_7) AppleWebKit/537.36 (KHTML, like Gecko) HeadlessChrome/153.0.8010.12 Safari/537.36\x1B[22m\n' +
        '\x1B[2m    - accept: */*\x1B[22m\n' +
        '\x1B[2m    - accept-encoding: gzip,deflate,br\x1B[22m\n' +
        '\x1B[2m    - X-User-Id: haewon.kim\x1B[22m\n' +
        '\x1B[2m    - X-Tenant-Id: 1\x1B[22m\n' +
        '\x1B[2m    - content-type: application/json\x1B[22m\n' +
        '\x1B[2m    - content-length: 1880\x1B[22m\n',
      stack: 'Error: apiRequestContext.post: connect ECONNREFUSED 127.0.0.1:8000\n' +
        'Call log:\n' +
        '\x1B[2m  - → POST http://127.0.0.1:8000/api/v1/settings/user/settings\x1B[22m\n' +
        '\x1B[2m    - user-agent: Mozilla/5.0 (Macintosh; Intel Mac OS X 10_15_7) AppleWebKit/537.36 (KHTML, like Gecko) HeadlessChrome/153.0.8010.12 Safari/537.36\x1B[22m\n' +
        '\x1B[2m    - accept: */*\x1B[22m\n' +
        '\x1B[2m    - accept-encoding: gzip,deflate,br\x1B[22m\n' +
        '\x1B[2m    - X-User-Id: haewon.kim\x1B[22m\n' +
        '\x1B[2m    - X-Tenant-Id: 1\x1B[22m\n' +
        '\x1B[2m    - content-type: application/json\x1B[22m\n' +
        '\x1B[2m    - content-length: 1880\x1B[22m\n' +
        '\n' +
        '    at resetBrowserState (/Users/haewonkim/.codex-fabric/worktrees/CF-636cebcd88631ae64e47fa3c/frontend/tests/helpers/sysgrid.ts:126:24)\n' +
        '    at /Users/haewonkim/.codex-fabric/worktrees/CF-636cebcd88631ae64e47fa3c/frontend/tests/projects-saved-views.spec.ts:110:11',
      cause: undefined
    }
  }
}
  ✘  110 tests/projects-saved-views.spec.ts:109:3 › Projects shared saved views › restores a locally saved nested Portfolio section after leaving the view (180ms)
(node:85046) Warning: The 'NO_COLOR' env is ignored due to the 'FORCE_COLOR' env being set.
(Use `node --trace-warnings ...` to show where the warning was created)
Failed to clear backend settings: apiRequestContext.post: connect ECONNREFUSED 127.0.0.1:8000
Call log:
  - → POST http://127.0.0.1:8000/api/v1/settings/user/settings
    - user-agent: Mozilla/5.0 (Macintosh; Intel Mac OS X 10_15_7) AppleWebKit/537.36 (KHTML, like Gecko) HeadlessChrome/153.0.8010.12 Safari/537.36
    - accept: */*
    - accept-encoding: gzip,deflate,br
    - X-User-Id: haewon.kim
    - X-Tenant-Id: 1
    - content-type: application/json
    - content-length: 1880

    at resetBrowserState (/Users/haewonkim/.codex-fabric/worktrees/CF-636cebcd88631ae64e47fa3c/frontend/tests/helpers/sysgrid.ts:126:24)
    at /Users/haewonkim/.codex-fabric/worktrees/CF-636cebcd88631ae64e47fa3c/frontend/tests/projects-saved-views.spec.ts:130:11 {
  log: [
    '  - → POST http://127.0.0.1:8000/api/v1/settings/user/settings',
    '    - user-agent: Mozilla/5.0 (Macintosh; Intel Mac OS X 10_15_7) AppleWebKit/537.36 (KHTML, like Gecko) HeadlessChrome/153.0.8010.12 Safari/537.36',
    '    - accept: */*',
    '    - accept-encoding: gzip,deflate,br',
    '    - X-User-Id: haewon.kim',
    '    - X-Tenant-Id: 1',
    '    - content-type: application/json',
    '    - content-length: 1880'
  ],
  name: 'Error',
  [Symbol(step)]: {
    location: {
      file: '/Users/haewonkim/.codex-fabric/worktrees/CF-636cebcd88631ae64e47fa3c/frontend/tests/helpers/sysgrid.ts',
      line: 126,
      column: 24,
      function: 'resetBrowserState'
    },
    category: 'pw:api',
    title: 'POST',
    subtitle: '127.0.0.1:8000/api/v1/settings/user/settings',
    params: {
      url: 'http://127.0.0.1:8000/api/v1/settings/user/settings',
      method: 'POST'
    },
    group: undefined,
    stepId: 'pw:api@40',
    boxedStack: undefined,
    steps: [],
    attachmentIndices: [],
    info: TestStepInfoImpl {
      annotations: [],
      _testInfo: [TestInfoImpl],
      _stepId: 'pw:api@40',
      _title: 'POST',
      _parentStep: undefined,
      skip: [Function (anonymous)]
    },
    complete: [Function: complete],
    endWallTime: 1789758719754,
    error: {
      message: 'Error: apiRequestContext.post: connect ECONNREFUSED 127.0.0.1:8000\n' +
        'Call log:\n' +
        '\x1B[2m  - → POST http://127.0.0.1:8000/api/v1/settings/user/settings\x1B[22m\n' +
        '\x1B[2m    - user-agent: Mozilla/5.0 (Macintosh; Intel Mac OS X 10_15_7) AppleWebKit/537.36 (KHTML, like Gecko) HeadlessChrome/153.0.8010.12 Safari/537.36\x1B[22m\n' +
        '\x1B[2m    - accept: */*\x1B[22m\n' +
        '\x1B[2m    - accept-encoding: gzip,deflate,br\x1B[22m\n' +
        '\x1B[2m    - X-User-Id: haewon.kim\x1B[22m\n' +
        '\x1B[2m    - X-Tenant-Id: 1\x1B[22m\n' +
        '\x1B[2m    - content-type: application/json\x1B[22m\n' +
        '\x1B[2m    - content-length: 1880\x1B[22m\n',
      stack: 'Error: apiRequestContext.post: connect ECONNREFUSED 127.0.0.1:8000\n' +
        'Call log:\n' +
        '\x1B[2m  - → POST http://127.0.0.1:8000/api/v1/settings/user/settings\x1B[22m\n' +
        '\x1B[2m    - user-agent: Mozilla/5.0 (Macintosh; Intel Mac OS X 10_15_7) AppleWebKit/537.36 (KHTML, like Gecko) HeadlessChrome/153.0.8010.12 Safari/537.36\x1B[22m\n' +
        '\x1B[2m    - accept: */*\x1B[22m\n' +
        '\x1B[2m    - accept-encoding: gzip,deflate,br\x1B[22m\n' +
        '\x1B[2m    - X-User-Id: haewon.kim\x1B[22m\n' +
        '\x1B[2m    - X-Tenant-Id: 1\x1B[22m\n' +
        '\x1B[2m    - content-type: application/json\x1B[22m\n' +
        '\x1B[2m    - content-length: 1880\x1B[22m\n' +
        '\n' +
        '    at resetBrowserState (/Users/haewonkim/.codex-fabric/worktrees/CF-636cebcd88631ae64e47fa3c/frontend/tests/helpers/sysgrid.ts:126:24)\n' +
        '    at /Users/haewonkim/.codex-fabric/worktrees/CF-636cebcd88631ae64e47fa3c/frontend/tests/projects-saved-views.spec.ts:130:11',
      cause: undefined
    }
  }
}
  ✘  111 tests/projects-saved-views.spec.ts:129:3 › Projects shared saved views › preserves a linked legacy Portfolio subsection instead of falling back to Control Tower (175ms)
(node:85057) Warning: The 'NO_COLOR' env is ignored due to the 'FORCE_COLOR' env being set.
(Use `node --trace-warnings ...` to show where the warning was created)
Failed to clear backend settings: apiRequestContext.post: connect ECONNREFUSED 127.0.0.1:8000
Call log:
  - → POST http://127.0.0.1:8000/api/v1/settings/user/settings
    - user-agent: Mozilla/5.0 (Macintosh; Intel Mac OS X 10_15_7) AppleWebKit/537.36 (KHTML, like Gecko) HeadlessChrome/153.0.8010.12 Safari/537.36
    - accept: */*
    - accept-encoding: gzip,deflate,br
    - X-User-Id: haewon.kim
    - X-Tenant-Id: 1
    - content-type: application/json
    - content-length: 1880

    at resetBrowserState (/Users/haewonkim/.codex-fabric/worktrees/CF-636cebcd88631ae64e47fa3c/frontend/tests/helpers/sysgrid.ts:126:24)
    at /Users/haewonkim/.codex-fabric/worktrees/CF-636cebcd88631ae64e47fa3c/frontend/tests/projects-saved-views.spec.ts:150:11 {
  log: [
    '  - → POST http://127.0.0.1:8000/api/v1/settings/user/settings',
    '    - user-agent: Mozilla/5.0 (Macintosh; Intel Mac OS X 10_15_7) AppleWebKit/537.36 (KHTML, like Gecko) HeadlessChrome/153.0.8010.12 Safari/537.36',
    '    - accept: */*',
    '    - accept-encoding: gzip,deflate,br',
    '    - X-User-Id: haewon.kim',
    '    - X-Tenant-Id: 1',
    '    - content-type: application/json',
    '    - content-length: 1880'
  ],
  name: 'Error',
  [Symbol(step)]: {
    location: {
      file: '/Users/haewonkim/.codex-fabric/worktrees/CF-636cebcd88631ae64e47fa3c/frontend/tests/helpers/sysgrid.ts',
      line: 126,
      column: 24,
      function: 'resetBrowserState'
    },
    category: 'pw:api',
    title: 'POST',
    subtitle: '127.0.0.1:8000/api/v1/settings/user/settings',
    params: {
      url: 'http://127.0.0.1:8000/api/v1/settings/user/settings',
      method: 'POST'
    },
    group: undefined,
    stepId: 'pw:api@40',
    boxedStack: undefined,
    steps: [],
    attachmentIndices: [],
    info: TestStepInfoImpl {
      annotations: [],
      _testInfo: [TestInfoImpl],
      _stepId: 'pw:api@40',
      _title: 'POST',
      _parentStep: undefined,
      skip: [Function (anonymous)]
    },
    complete: [Function: complete],
    endWallTime: 1789758720263,
    error: {
      message: 'Error: apiRequestContext.post: connect ECONNREFUSED 127.0.0.1:8000\n' +
        'Call log:\n' +
        '\x1B[2m  - → POST http://127.0.0.1:8000/api/v1/settings/user/settings\x1B[22m\n' +
        '\x1B[2m    - user-agent: Mozilla/5.0 (Macintosh; Intel Mac OS X 10_15_7) AppleWebKit/537.36 (KHTML, like Gecko) HeadlessChrome/153.0.8010.12 Safari/537.36\x1B[22m\n' +
        '\x1B[2m    - accept: */*\x1B[22m\n' +
        '\x1B[2m    - accept-encoding: gzip,deflate,br\x1B[22m\n' +
        '\x1B[2m    - X-User-Id: haewon.kim\x1B[22m\n' +
        '\x1B[2m    - X-Tenant-Id: 1\x1B[22m\n' +
        '\x1B[2m    - content-type: application/json\x1B[22m\n' +
        '\x1B[2m    - content-length: 1880\x1B[22m\n',
      stack: 'Error: apiRequestContext.post: connect ECONNREFUSED 127.0.0.1:8000\n' +
        'Call log:\n' +
        '\x1B[2m  - → POST http://127.0.0.1:8000/api/v1/settings/user/settings\x1B[22m\n' +
        '\x1B[2m    - user-agent: Mozilla/5.0 (Macintosh; Intel Mac OS X 10_15_7) AppleWebKit/537.36 (KHTML, like Gecko) HeadlessChrome/153.0.8010.12 Safari/537.36\x1B[22m\n' +
        '\x1B[2m    - accept: */*\x1B[22m\n' +
        '\x1B[2m    - accept-encoding: gzip,deflate,br\x1B[22m\n' +
        '\x1B[2m    - X-User-Id: haewon.kim\x1B[22m\n' +
        '\x1B[2m    - X-Tenant-Id: 1\x1B[22m\n' +
        '\x1B[2m    - content-type: application/json\x1B[22m\n' +
        '\x1B[2m    - content-length: 1880\x1B[22m\n' +
        '\n' +
        '    at resetBrowserState (/Users/haewonkim/.codex-fabric/worktrees/CF-636cebcd88631ae64e47fa3c/frontend/tests/helpers/sysgrid.ts:126:24)\n' +
        '    at /Users/haewonkim/.codex-fabric/worktrees/CF-636cebcd88631ae64e47fa3c/frontend/tests/projects-saved-views.spec.ts:150:11',
      cause: undefined
    }
  }
}
  ✘  112 tests/projects-saved-views.spec.ts:149:3 › Projects shared saved views › saved-view URL identity follows explicit remote selection and local replacement (208ms)
(node:85070) Warning: The 'NO_COLOR' env is ignored due to the 'FORCE_COLOR' env being set.
(Use `node --trace-warnings ...` to show where the warning was created)
Failed to clear backend settings: apiRequestContext.post: connect ECONNREFUSED 127.0.0.1:8000
Call log:
  - → POST http://127.0.0.1:8000/api/v1/settings/user/settings
    - user-agent: Mozilla/5.0 (Macintosh; Intel Mac OS X 10_15_7) AppleWebKit/537.36 (KHTML, like Gecko) HeadlessChrome/153.0.8010.12 Safari/537.36
    - accept: */*
    - accept-encoding: gzip,deflate,br
    - X-User-Id: haewon.kim
    - X-Tenant-Id: 1
    - content-type: application/json
    - content-length: 1880

    at resetBrowserState (/Users/haewonkim/.codex-fabric/worktrees/CF-636cebcd88631ae64e47fa3c/frontend/tests/helpers/sysgrid.ts:126:24)
    at /Users/haewonkim/.codex-fabric/worktrees/CF-636cebcd88631ae64e47fa3c/frontend/tests/projects-saved-views.spec.ts:178:11 {
  log: [
    '  - → POST http://127.0.0.1:8000/api/v1/settings/user/settings',
    '    - user-agent: Mozilla/5.0 (Macintosh; Intel Mac OS X 10_15_7) AppleWebKit/537.36 (KHTML, like Gecko) HeadlessChrome/153.0.8010.12 Safari/537.36',
    '    - accept: */*',
    '    - accept-encoding: gzip,deflate,br',
    '    - X-User-Id: haewon.kim',
    '    - X-Tenant-Id: 1',
    '    - content-type: application/json',
    '    - content-length: 1880'
  ],
  name: 'Error',
  [Symbol(step)]: {
    location: {
      file: '/Users/haewonkim/.codex-fabric/worktrees/CF-636cebcd88631ae64e47fa3c/frontend/tests/helpers/sysgrid.ts',
      line: 126,
      column: 24,
      function: 'resetBrowserState'
    },
    category: 'pw:api',
    title: 'POST',
    subtitle: '127.0.0.1:8000/api/v1/settings/user/settings',
    params: {
      url: 'http://127.0.0.1:8000/api/v1/settings/user/settings',
      method: 'POST'
    },
    group: undefined,
    stepId: 'pw:api@40',
    boxedStack: undefined,
    steps: [],
    attachmentIndices: [],
    info: TestStepInfoImpl {
      annotations: [],
      _testInfo: [TestInfoImpl],
      _stepId: 'pw:api@40',
      _title: 'POST',
      _parentStep: undefined,
      skip: [Function (anonymous)]
    },
    complete: [Function: complete],
    endWallTime: 1789758720759,
    error: {
      message: 'Error: apiRequestContext.post: connect ECONNREFUSED 127.0.0.1:8000\n' +
        'Call log:\n' +
        '\x1B[2m  - → POST http://127.0.0.1:8000/api/v1/settings/user/settings\x1B[22m\n' +
        '\x1B[2m    - user-agent: Mozilla/5.0 (Macintosh; Intel Mac OS X 10_15_7) AppleWebKit/537.36 (KHTML, like Gecko) HeadlessChrome/153.0.8010.12 Safari/537.36\x1B[22m\n' +
        '\x1B[2m    - accept: */*\x1B[22m\n' +
        '\x1B[2m    - accept-encoding: gzip,deflate,br\x1B[22m\n' +
        '\x1B[2m    - X-User-Id: haewon.kim\x1B[22m\n' +
        '\x1B[2m    - X-Tenant-Id: 1\x1B[22m\n' +
        '\x1B[2m    - content-type: application/json\x1B[22m\n' +
        '\x1B[2m    - content-length: 1880\x1B[22m\n',
      stack: 'Error: apiRequestContext.post: connect ECONNREFUSED 127.0.0.1:8000\n' +
        'Call log:\n' +
        '\x1B[2m  - → POST http://127.0.0.1:8000/api/v1/settings/user/settings\x1B[22m\n' +
        '\x1B[2m    - user-agent: Mozilla/5.0 (Macintosh; Intel Mac OS X 10_15_7) AppleWebKit/537.36 (KHTML, like Gecko) HeadlessChrome/153.0.8010.12 Safari/537.36\x1B[22m\n' +
        '\x1B[2m    - accept: */*\x1B[22m\n' +
        '\x1B[2m    - accept-encoding: gzip,deflate,br\x1B[22m\n' +
        '\x1B[2m    - X-User-Id: haewon.kim\x1B[22m\n' +
        '\x1B[2m    - X-Tenant-Id: 1\x1B[22m\n' +
        '\x1B[2m    - content-type: application/json\x1B[22m\n' +
        '\x1B[2m    - content-length: 1880\x1B[22m\n' +
        '\n' +
        '    at resetBrowserState (/Users/haewonkim/.codex-fabric/worktrees/CF-636cebcd88631ae64e47fa3c/frontend/tests/helpers/sysgrid.ts:126:24)\n' +
        '    at /Users/haewonkim/.codex-fabric/worktrees/CF-636cebcd88631ae64e47fa3c/frontend/tests/projects-saved-views.spec.ts:178:11',
      cause: undefined
    }
  }
}
  ✘  113 tests/projects-saved-views.spec.ts:177:3 › Projects shared saved views › saved-view URL identity follows synced creation and deletion (194ms)
(node:85080) Warning: The 'NO_COLOR' env is ignored due to the 'FORCE_COLOR' env being set.
(Use `node --trace-warnings ...` to show where the warning was created)
Failed to clear backend settings: apiRequestContext.post: connect ECONNREFUSED 127.0.0.1:8000
Call log:
  - → POST http://127.0.0.1:8000/api/v1/settings/user/settings
    - user-agent: Mozilla/5.0 (Macintosh; Intel Mac OS X 10_15_7) AppleWebKit/537.36 (KHTML, like Gecko) HeadlessChrome/153.0.8010.12 Safari/537.36
    - accept: */*
    - accept-encoding: gzip,deflate,br
    - X-User-Id: haewon.kim
    - X-Tenant-Id: 1
    - content-type: application/json
    - content-length: 1880

    at resetBrowserState (/Users/haewonkim/.codex-fabric/worktrees/CF-636cebcd88631ae64e47fa3c/frontend/tests/helpers/sysgrid.ts:126:24)
    at /Users/haewonkim/.codex-fabric/worktrees/CF-636cebcd88631ae64e47fa3c/frontend/tests/projects-saved-views.spec.ts:201:11 {
  log: [
    '  - → POST http://127.0.0.1:8000/api/v1/settings/user/settings',
    '    - user-agent: Mozilla/5.0 (Macintosh; Intel Mac OS X 10_15_7) AppleWebKit/537.36 (KHTML, like Gecko) HeadlessChrome/153.0.8010.12 Safari/537.36',
    '    - accept: */*',
    '    - accept-encoding: gzip,deflate,br',
    '    - X-User-Id: haewon.kim',
    '    - X-Tenant-Id: 1',
    '    - content-type: application/json',
    '    - content-length: 1880'
  ],
  name: 'Error',
  [Symbol(step)]: {
    location: {
      file: '/Users/haewonkim/.codex-fabric/worktrees/CF-636cebcd88631ae64e47fa3c/frontend/tests/helpers/sysgrid.ts',
      line: 126,
      column: 24,
      function: 'resetBrowserState'
    },
    category: 'pw:api',
    title: 'POST',
    subtitle: '127.0.0.1:8000/api/v1/settings/user/settings',
    params: {
      url: 'http://127.0.0.1:8000/api/v1/settings/user/settings',
      method: 'POST'
    },
    group: undefined,
    stepId: 'pw:api@40',
    boxedStack: undefined,
    steps: [],
    attachmentIndices: [],
    info: TestStepInfoImpl {
      annotations: [],
      _testInfo: [TestInfoImpl],
      _stepId: 'pw:api@40',
      _title: 'POST',
      _parentStep: undefined,
      skip: [Function (anonymous)]
    },
    complete: [Function: complete],
    endWallTime: 1789758721249,
    error: {
      message: 'Error: apiRequestContext.post: connect ECONNREFUSED 127.0.0.1:8000\n' +
        'Call log:\n' +
        '\x1B[2m  - → POST http://127.0.0.1:8000/api/v1/settings/user/settings\x1B[22m\n' +
        '\x1B[2m    - user-agent: Mozilla/5.0 (Macintosh; Intel Mac OS X 10_15_7) AppleWebKit/537.36 (KHTML, like Gecko) HeadlessChrome/153.0.8010.12 Safari/537.36\x1B[22m\n' +
        '\x1B[2m    - accept: */*\x1B[22m\n' +
        '\x1B[2m    - accept-encoding: gzip,deflate,br\x1B[22m\n' +
        '\x1B[2m    - X-User-Id: haewon.kim\x1B[22m\n' +
        '\x1B[2m    - X-Tenant-Id: 1\x1B[22m\n' +
        '\x1B[2m    - content-type: application/json\x1B[22m\n' +
        '\x1B[2m    - content-length: 1880\x1B[22m\n',
      stack: 'Error: apiRequestContext.post: connect ECONNREFUSED 127.0.0.1:8000\n' +
        'Call log:\n' +
        '\x1B[2m  - → POST http://127.0.0.1:8000/api/v1/settings/user/settings\x1B[22m\n' +
        '\x1B[2m    - user-agent: Mozilla/5.0 (Macintosh; Intel Mac OS X 10_15_7) AppleWebKit/537.36 (KHTML, like Gecko) HeadlessChrome/153.0.8010.12 Safari/537.36\x1B[22m\n' +
        '\x1B[2m    - accept: */*\x1B[22m\n' +
        '\x1B[2m    - accept-encoding: gzip,deflate,br\x1B[22m\n' +
        '\x1B[2m    - X-User-Id: haewon.kim\x1B[22m\n' +
        '\x1B[2m    - X-Tenant-Id: 1\x1B[22m\n' +
        '\x1B[2m    - content-type: application/json\x1B[22m\n' +
        '\x1B[2m    - content-length: 1880\x1B[22m\n' +
        '\n' +
        '    at resetBrowserState (/Users/haewonkim/.codex-fabric/worktrees/CF-636cebcd88631ae64e47fa3c/frontend/tests/helpers/sysgrid.ts:126:24)\n' +
        '    at /Users/haewonkim/.codex-fabric/worktrees/CF-636cebcd88631ae64e47fa3c/frontend/tests/projects-saved-views.spec.ts:201:11',
      cause: undefined
    }
  }
}
  ✘  114 tests/projects-saved-views.spec.ts:200:3 › Projects shared saved views › saved-view URL identity removes authoritative stale links but preserves them while hydration is offline (178ms)
(node:85089) Warning: The 'NO_COLOR' env is ignored due to the 'FORCE_COLOR' env being set.
(Use `node --trace-warnings ...` to show where the warning was created)
Failed to clear backend settings: apiRequestContext.post: connect ECONNREFUSED 127.0.0.1:8000
Call log:
  - → POST http://127.0.0.1:8000/api/v1/settings/user/settings
    - user-agent: Mozilla/5.0 (Macintosh; Intel Mac OS X 10_15_7) AppleWebKit/537.36 (KHTML, like Gecko) HeadlessChrome/153.0.8010.12 Safari/537.36
    - accept: */*
    - accept-encoding: gzip,deflate,br
    - X-User-Id: haewon.kim
    - X-Tenant-Id: 1
    - content-type: application/json
    - content-length: 1880

    at resetBrowserState (/Users/haewonkim/.codex-fabric/worktrees/CF-636cebcd88631ae64e47fa3c/frontend/tests/helpers/sysgrid.ts:126:24)
    at /Users/haewonkim/.codex-fabric/worktrees/CF-636cebcd88631ae64e47fa3c/frontend/tests/projects-saved-views.spec.ts:223:11 {
  log: [
    '  - → POST http://127.0.0.1:8000/api/v1/settings/user/settings',
    '    - user-agent: Mozilla/5.0 (Macintosh; Intel Mac OS X 10_15_7) AppleWebKit/537.36 (KHTML, like Gecko) HeadlessChrome/153.0.8010.12 Safari/537.36',
    '    - accept: */*',
    '    - accept-encoding: gzip,deflate,br',
    '    - X-User-Id: haewon.kim',
    '    - X-Tenant-Id: 1',
    '    - content-type: application/json',
    '    - content-length: 1880'
  ],
  name: 'Error',
  [Symbol(step)]: {
    location: {
      file: '/Users/haewonkim/.codex-fabric/worktrees/CF-636cebcd88631ae64e47fa3c/frontend/tests/helpers/sysgrid.ts',
      line: 126,
      column: 24,
      function: 'resetBrowserState'
    },
    category: 'pw:api',
    title: 'POST',
    subtitle: '127.0.0.1:8000/api/v1/settings/user/settings',
    params: {
      url: 'http://127.0.0.1:8000/api/v1/settings/user/settings',
      method: 'POST'
    },
    group: undefined,
    stepId: 'pw:api@40',
    boxedStack: undefined,
    steps: [],
    attachmentIndices: [],
    info: TestStepInfoImpl {
      annotations: [],
      _testInfo: [TestInfoImpl],
      _stepId: 'pw:api@40',
      _title: 'POST',
      _parentStep: undefined,
      skip: [Function (anonymous)]
    },
    complete: [Function: complete],
    endWallTime: 1789758721715,
    error: {
      message: 'Error: apiRequestContext.post: connect ECONNREFUSED 127.0.0.1:8000\n' +
        'Call log:\n' +
        '\x1B[2m  - → POST http://127.0.0.1:8000/api/v1/settings/user/settings\x1B[22m\n' +
        '\x1B[2m    - user-agent: Mozilla/5.0 (Macintosh; Intel Mac OS X 10_15_7) AppleWebKit/537.36 (KHTML, like Gecko) HeadlessChrome/153.0.8010.12 Safari/537.36\x1B[22m\n' +
        '\x1B[2m    - accept: */*\x1B[22m\n' +
        '\x1B[2m    - accept-encoding: gzip,deflate,br\x1B[22m\n' +
        '\x1B[2m    - X-User-Id: haewon.kim\x1B[22m\n' +
        '\x1B[2m    - X-Tenant-Id: 1\x1B[22m\n' +
        '\x1B[2m    - content-type: application/json\x1B[22m\n' +
        '\x1B[2m    - content-length: 1880\x1B[22m\n',
      stack: 'Error: apiRequestContext.post: connect ECONNREFUSED 127.0.0.1:8000\n' +
        'Call log:\n' +
        '\x1B[2m  - → POST http://127.0.0.1:8000/api/v1/settings/user/settings\x1B[22m\n' +
        '\x1B[2m    - user-agent: Mozilla/5.0 (Macintosh; Intel Mac OS X 10_15_7) AppleWebKit/537.36 (KHTML, like Gecko) HeadlessChrome/153.0.8010.12 Safari/537.36\x1B[22m\n' +
        '\x1B[2m    - accept: */*\x1B[22m\n' +
        '\x1B[2m    - accept-encoding: gzip,deflate,br\x1B[22m\n' +
        '\x1B[2m    - X-User-Id: haewon.kim\x1B[22m\n' +
        '\x1B[2m    - X-Tenant-Id: 1\x1B[22m\n' +
        '\x1B[2m    - content-type: application/json\x1B[22m\n' +
        '\x1B[2m    - content-length: 1880\x1B[22m\n' +
        '\n' +
        '    at resetBrowserState (/Users/haewonkim/.codex-fabric/worktrees/CF-636cebcd88631ae64e47fa3c/frontend/tests/helpers/sysgrid.ts:126:24)\n' +
        '    at /Users/haewonkim/.codex-fabric/worktrees/CF-636cebcd88631ae64e47fa3c/frontend/tests/projects-saved-views.spec.ts:223:11',
      cause: undefined
    }
  }
}
  ✘  115 tests/projects-saved-views.spec.ts:222:3 › Projects shared saved views › preserves active state and local saved-view use when personal remote hydration fails (186ms)
(node:85097) Warning: The 'NO_COLOR' env is ignored due to the 'FORCE_COLOR' env being set.
(Use `node --trace-warnings ...` to show where the warning was created)
Failed to clear backend settings: apiRequestContext.post: connect ECONNREFUSED 127.0.0.1:8000
Call log:
  - → POST http://127.0.0.1:8000/api/v1/settings/user/settings
    - user-agent: Mozilla/5.0 (Macintosh; Intel Mac OS X 10_15_7) AppleWebKit/537.36 (KHTML, like Gecko) HeadlessChrome/153.0.8010.12 Safari/537.36
    - accept: */*
    - accept-encoding: gzip,deflate,br
    - X-User-Id: haewon.kim
    - X-Tenant-Id: 1
    - content-type: application/json
    - content-length: 1880

    at resetBrowserState (/Users/haewonkim/.codex-fabric/worktrees/CF-636cebcd88631ae64e47fa3c/frontend/tests/helpers/sysgrid.ts:126:24)
    at /Users/haewonkim/.codex-fabric/worktrees/CF-636cebcd88631ae64e47fa3c/frontend/tests/projects-saved-views.spec.ts:237:11 {
  log: [
    '  - → POST http://127.0.0.1:8000/api/v1/settings/user/settings',
    '    - user-agent: Mozilla/5.0 (Macintosh; Intel Mac OS X 10_15_7) AppleWebKit/537.36 (KHTML, like Gecko) HeadlessChrome/153.0.8010.12 Safari/537.36',
    '    - accept: */*',
    '    - accept-encoding: gzip,deflate,br',
    '    - X-User-Id: haewon.kim',
    '    - X-Tenant-Id: 1',
    '    - content-type: application/json',
    '    - content-length: 1880'
  ],
  name: 'Error',
  [Symbol(step)]: {
    location: {
      file: '/Users/haewonkim/.codex-fabric/worktrees/CF-636cebcd88631ae64e47fa3c/frontend/tests/helpers/sysgrid.ts',
      line: 126,
      column: 24,
      function: 'resetBrowserState'
    },
    category: 'pw:api',
    title: 'POST',
    subtitle: '127.0.0.1:8000/api/v1/settings/user/settings',
    params: {
      url: 'http://127.0.0.1:8000/api/v1/settings/user/settings',
      method: 'POST'
    },
    group: undefined,
    stepId: 'pw:api@40',
    boxedStack: undefined,
    steps: [],
    attachmentIndices: [],
    info: TestStepInfoImpl {
      annotations: [],
      _testInfo: [TestInfoImpl],
      _stepId: 'pw:api@40',
      _title: 'POST',
      _parentStep: undefined,
      skip: [Function (anonymous)]
    },
    complete: [Function: complete],
    endWallTime: 1789758722185,
    error: {
      message: 'Error: apiRequestContext.post: connect ECONNREFUSED 127.0.0.1:8000\n' +
        'Call log:\n' +
        '\x1B[2m  - → POST http://127.0.0.1:8000/api/v1/settings/user/settings\x1B[22m\n' +
        '\x1B[2m    - user-agent: Mozilla/5.0 (Macintosh; Intel Mac OS X 10_15_7) AppleWebKit/537.36 (KHTML, like Gecko) HeadlessChrome/153.0.8010.12 Safari/537.36\x1B[22m\n' +
        '\x1B[2m    - accept: */*\x1B[22m\n' +
        '\x1B[2m    - accept-encoding: gzip,deflate,br\x1B[22m\n' +
        '\x1B[2m    - X-User-Id: haewon.kim\x1B[22m\n' +
        '\x1B[2m    - X-Tenant-Id: 1\x1B[22m\n' +
        '\x1B[2m    - content-type: application/json\x1B[22m\n' +
        '\x1B[2m    - content-length: 1880\x1B[22m\n',
      stack: 'Error: apiRequestContext.post: connect ECONNREFUSED 127.0.0.1:8000\n' +
        'Call log:\n' +
        '\x1B[2m  - → POST http://127.0.0.1:8000/api/v1/settings/user/settings\x1B[22m\n' +
        '\x1B[2m    - user-agent: Mozilla/5.0 (Macintosh; Intel Mac OS X 10_15_7) AppleWebKit/537.36 (KHTML, like Gecko) HeadlessChrome/153.0.8010.12 Safari/537.36\x1B[22m\n' +
        '\x1B[2m    - accept: */*\x1B[22m\n' +
        '\x1B[2m    - accept-encoding: gzip,deflate,br\x1B[22m\n' +
        '\x1B[2m    - X-User-Id: haewon.kim\x1B[22m\n' +
        '\x1B[2m    - X-Tenant-Id: 1\x1B[22m\n' +
        '\x1B[2m    - content-type: application/json\x1B[22m\n' +
        '\x1B[2m    - content-length: 1880\x1B[22m\n' +
        '\n' +
        '    at resetBrowserState (/Users/haewonkim/.codex-fabric/worktrees/CF-636cebcd88631ae64e47fa3c/frontend/tests/helpers/sysgrid.ts:126:24)\n' +
        '    at /Users/haewonkim/.codex-fabric/worktrees/CF-636cebcd88631ae64e47fa3c/frontend/tests/projects-saved-views.spec.ts:237:11',
      cause: undefined
    }
  }
}
  ✘  116 tests/projects-saved-views.spec.ts:236:3 › Projects shared saved views › creates and updates an explicit personal synced Project view, then reloads a stale-revision conflict without clobbering the client draft (178ms)
(node:85107) Warning: The 'NO_COLOR' env is ignored due to the 'FORCE_COLOR' env being set.
(Use `node --trace-warnings ...` to show where the warning was created)
Failed to clear backend settings: apiRequestContext.post: connect ECONNREFUSED 127.0.0.1:8000
Call log:
  - → POST http://127.0.0.1:8000/api/v1/settings/user/settings
    - user-agent: Mozilla/5.0 (Macintosh; Intel Mac OS X 10_15_7) AppleWebKit/537.36 (KHTML, like Gecko) HeadlessChrome/153.0.8010.12 Safari/537.36
    - accept: */*
    - accept-encoding: gzip,deflate,br
    - X-User-Id: haewon.kim
    - X-Tenant-Id: 1
    - content-type: application/json
    - content-length: 1880

    at resetBrowserState (/Users/haewonkim/.codex-fabric/worktrees/CF-636cebcd88631ae64e47fa3c/frontend/tests/helpers/sysgrid.ts:126:24)
    at /Users/haewonkim/.codex-fabric/worktrees/CF-636cebcd88631ae64e47fa3c/frontend/tests/projects-saved-views.spec.ts:266:11 {
  log: [
    '  - → POST http://127.0.0.1:8000/api/v1/settings/user/settings',
    '    - user-agent: Mozilla/5.0 (Macintosh; Intel Mac OS X 10_15_7) AppleWebKit/537.36 (KHTML, like Gecko) HeadlessChrome/153.0.8010.12 Safari/537.36',
    '    - accept: */*',
    '    - accept-encoding: gzip,deflate,br',
    '    - X-User-Id: haewon.kim',
    '    - X-Tenant-Id: 1',
    '    - content-type: application/json',
    '    - content-length: 1880'
  ],
  name: 'Error',
  [Symbol(step)]: {
    location: {
      file: '/Users/haewonkim/.codex-fabric/worktrees/CF-636cebcd88631ae64e47fa3c/frontend/tests/helpers/sysgrid.ts',
      line: 126,
      column: 24,
      function: 'resetBrowserState'
    },
    category: 'pw:api',
    title: 'POST',
    subtitle: '127.0.0.1:8000/api/v1/settings/user/settings',
    params: {
      url: 'http://127.0.0.1:8000/api/v1/settings/user/settings',
      method: 'POST'
    },
    group: undefined,
    stepId: 'pw:api@40',
    boxedStack: undefined,
    steps: [],
    attachmentIndices: [],
    info: TestStepInfoImpl {
      annotations: [],
      _testInfo: [TestInfoImpl],
      _stepId: 'pw:api@40',
      _title: 'POST',
      _parentStep: undefined,
      skip: [Function (anonymous)]
    },
    complete: [Function: complete],
    endWallTime: 1789758722644,
    error: {
      message: 'Error: apiRequestContext.post: connect ECONNREFUSED 127.0.0.1:8000\n' +
        'Call log:\n' +
        '\x1B[2m  - → POST http://127.0.0.1:8000/api/v1/settings/user/settings\x1B[22m\n' +
        '\x1B[2m    - user-agent: Mozilla/5.0 (Macintosh; Intel Mac OS X 10_15_7) AppleWebKit/537.36 (KHTML, like Gecko) HeadlessChrome/153.0.8010.12 Safari/537.36\x1B[22m\n' +
        '\x1B[2m    - accept: */*\x1B[22m\n' +
        '\x1B[2m    - accept-encoding: gzip,deflate,br\x1B[22m\n' +
        '\x1B[2m    - X-User-Id: haewon.kim\x1B[22m\n' +
        '\x1B[2m    - X-Tenant-Id: 1\x1B[22m\n' +
        '\x1B[2m    - content-type: application/json\x1B[22m\n' +
        '\x1B[2m    - content-length: 1880\x1B[22m\n',
      stack: 'Error: apiRequestContext.post: connect ECONNREFUSED 127.0.0.1:8000\n' +
        'Call log:\n' +
        '\x1B[2m  - → POST http://127.0.0.1:8000/api/v1/settings/user/settings\x1B[22m\n' +
        '\x1B[2m    - user-agent: Mozilla/5.0 (Macintosh; Intel Mac OS X 10_15_7) AppleWebKit/537.36 (KHTML, like Gecko) HeadlessChrome/153.0.8010.12 Safari/537.36\x1B[22m\n' +
        '\x1B[2m    - accept: */*\x1B[22m\n' +
        '\x1B[2m    - accept-encoding: gzip,deflate,br\x1B[22m\n' +
        '\x1B[2m    - X-User-Id: haewon.kim\x1B[22m\n' +
        '\x1B[2m    - X-Tenant-Id: 1\x1B[22m\n' +
        '\x1B[2m    - content-type: application/json\x1B[22m\n' +
        '\x1B[2m    - content-length: 1880\x1B[22m\n' +
        '\n' +
        '    at resetBrowserState (/Users/haewonkim/.codex-fabric/worktrees/CF-636cebcd88631ae64e47fa3c/frontend/tests/helpers/sysgrid.ts:126:24)\n' +
        '    at /Users/haewonkim/.codex-fabric/worktrees/CF-636cebcd88631ae64e47fa3c/frontend/tests/projects-saved-views.spec.ts:266:11',
      cause: undefined
    }
  }
}
  ✘  117 tests/projects-saved-views.spec.ts:265:3 › Projects shared saved views › saves a stale personal client draft as a new synced copy and deletes that copy explicitly without touching legacy local views (173ms)
(node:85116) Warning: The 'NO_COLOR' env is ignored due to the 'FORCE_COLOR' env being set.
(Use `node --trace-warnings ...` to show where the warning was created)
Failed to clear backend settings: apiRequestContext.post: connect ECONNREFUSED 127.0.0.1:8000
Call log:
  - → POST http://127.0.0.1:8000/api/v1/settings/user/settings
    - user-agent: Mozilla/5.0 (Macintosh; Intel Mac OS X 10_15_7) AppleWebKit/537.36 (KHTML, like Gecko) HeadlessChrome/153.0.8010.12 Safari/537.36
    - accept: */*
    - accept-encoding: gzip,deflate,br
    - X-User-Id: haewon.kim
    - X-Tenant-Id: 1
    - content-type: application/json
    - content-length: 1880

    at resetBrowserState (/Users/haewonkim/.codex-fabric/worktrees/CF-636cebcd88631ae64e47fa3c/frontend/tests/helpers/sysgrid.ts:126:24)
    at /Users/haewonkim/.codex-fabric/worktrees/CF-636cebcd88631ae64e47fa3c/frontend/tests/projects-saved-views.spec.ts:289:11 {
  log: [
    '  - → POST http://127.0.0.1:8000/api/v1/settings/user/settings',
    '    - user-agent: Mozilla/5.0 (Macintosh; Intel Mac OS X 10_15_7) AppleWebKit/537.36 (KHTML, like Gecko) HeadlessChrome/153.0.8010.12 Safari/537.36',
    '    - accept: */*',
    '    - accept-encoding: gzip,deflate,br',
    '    - X-User-Id: haewon.kim',
    '    - X-Tenant-Id: 1',
    '    - content-type: application/json',
    '    - content-length: 1880'
  ],
  name: 'Error',
  [Symbol(step)]: {
    location: {
      file: '/Users/haewonkim/.codex-fabric/worktrees/CF-636cebcd88631ae64e47fa3c/frontend/tests/helpers/sysgrid.ts',
      line: 126,
      column: 24,
      function: 'resetBrowserState'
    },
    category: 'pw:api',
    title: 'POST',
    subtitle: '127.0.0.1:8000/api/v1/settings/user/settings',
    params: {
      url: 'http://127.0.0.1:8000/api/v1/settings/user/settings',
      method: 'POST'
    },
    group: undefined,
    stepId: 'pw:api@40',
    boxedStack: undefined,
    steps: [],
    attachmentIndices: [],
    info: TestStepInfoImpl {
      annotations: [],
      _testInfo: [TestInfoImpl],
      _stepId: 'pw:api@40',
      _title: 'POST',
      _parentStep: undefined,
      skip: [Function (anonymous)]
    },
    complete: [Function: complete],
    endWallTime: 1789758723103,
    error: {
      message: 'Error: apiRequestContext.post: connect ECONNREFUSED 127.0.0.1:8000\n' +
        'Call log:\n' +
        '\x1B[2m  - → POST http://127.0.0.1:8000/api/v1/settings/user/settings\x1B[22m\n' +
        '\x1B[2m    - user-agent: Mozilla/5.0 (Macintosh; Intel Mac OS X 10_15_7) AppleWebKit/537.36 (KHTML, like Gecko) HeadlessChrome/153.0.8010.12 Safari/537.36\x1B[22m\n' +
        '\x1B[2m    - accept: */*\x1B[22m\n' +
        '\x1B[2m    - accept-encoding: gzip,deflate,br\x1B[22m\n' +
        '\x1B[2m    - X-User-Id: haewon.kim\x1B[22m\n' +
        '\x1B[2m    - X-Tenant-Id: 1\x1B[22m\n' +
        '\x1B[2m    - content-type: application/json\x1B[22m\n' +
        '\x1B[2m    - content-length: 1880\x1B[22m\n',
      stack: 'Error: apiRequestContext.post: connect ECONNREFUSED 127.0.0.1:8000\n' +
        'Call log:\n' +
        '\x1B[2m  - → POST http://127.0.0.1:8000/api/v1/settings/user/settings\x1B[22m\n' +
        '\x1B[2m    - user-agent: Mozilla/5.0 (Macintosh; Intel Mac OS X 10_15_7) AppleWebKit/537.36 (KHTML, like Gecko) HeadlessChrome/153.0.8010.12 Safari/537.36\x1B[22m\n' +
        '\x1B[2m    - accept: */*\x1B[22m\n' +
        '\x1B[2m    - accept-encoding: gzip,deflate,br\x1B[22m\n' +
        '\x1B[2m    - X-User-Id: haewon.kim\x1B[22m\n' +
        '\x1B[2m    - X-Tenant-Id: 1\x1B[22m\n' +
        '\x1B[2m    - content-type: application/json\x1B[22m\n' +
        '\x1B[2m    - content-length: 1880\x1B[22m\n' +
        '\n' +
        '    at resetBrowserState (/Users/haewonkim/.codex-fabric/worktrees/CF-636cebcd88631ae64e47fa3c/frontend/tests/helpers/sysgrid.ts:126:24)\n' +
        '    at /Users/haewonkim/.codex-fabric/worktrees/CF-636cebcd88631ae64e47fa3c/frontend/tests/projects-saved-views.spec.ts:289:11',
      cause: undefined
    }
  }
}
  ✘  118 tests/projects-saved-views.spec.ts:288:3 › Projects shared saved views › reconciles personal, current-team and local views and runs an authorized team write/conflict/delete lifecycle (175ms)
(node:85128) Warning: The 'NO_COLOR' env is ignored due to the 'FORCE_COLOR' env being set.
(Use `node --trace-warnings ...` to show where the warning was created)
Failed to clear backend settings: apiRequestContext.post: connect ECONNREFUSED 127.0.0.1:8000
Call log:
  - → POST http://127.0.0.1:8000/api/v1/settings/user/settings
    - user-agent: Mozilla/5.0 (Macintosh; Intel Mac OS X 10_15_7) AppleWebKit/537.36 (KHTML, like Gecko) HeadlessChrome/153.0.8010.12 Safari/537.36
    - accept: */*
    - accept-encoding: gzip,deflate,br
    - X-User-Id: haewon.kim
    - X-Tenant-Id: 1
    - content-type: application/json
    - content-length: 1880

    at resetBrowserState (/Users/haewonkim/.codex-fabric/worktrees/CF-636cebcd88631ae64e47fa3c/frontend/tests/helpers/sysgrid.ts:126:24)
    at /Users/haewonkim/.codex-fabric/worktrees/CF-636cebcd88631ae64e47fa3c/frontend/tests/projects-saved-views.spec.ts:332:11 {
  log: [
    '  - → POST http://127.0.0.1:8000/api/v1/settings/user/settings',
    '    - user-agent: Mozilla/5.0 (Macintosh; Intel Mac OS X 10_15_7) AppleWebKit/537.36 (KHTML, like Gecko) HeadlessChrome/153.0.8010.12 Safari/537.36',
    '    - accept: */*',
    '    - accept-encoding: gzip,deflate,br',
    '    - X-User-Id: haewon.kim',
    '    - X-Tenant-Id: 1',
    '    - content-type: application/json',
    '    - content-length: 1880'
  ],
  name: 'Error',
  [Symbol(step)]: {
    location: {
      file: '/Users/haewonkim/.codex-fabric/worktrees/CF-636cebcd88631ae64e47fa3c/frontend/tests/helpers/sysgrid.ts',
      line: 126,
      column: 24,
      function: 'resetBrowserState'
    },
    category: 'pw:api',
    title: 'POST',
    subtitle: '127.0.0.1:8000/api/v1/settings/user/settings',
    params: {
      url: 'http://127.0.0.1:8000/api/v1/settings/user/settings',
      method: 'POST'
    },
    group: undefined,
    stepId: 'pw:api@40',
    boxedStack: undefined,
    steps: [],
    attachmentIndices: [],
    info: TestStepInfoImpl {
      annotations: [],
      _testInfo: [TestInfoImpl],
      _stepId: 'pw:api@40',
      _title: 'POST',
      _parentStep: undefined,
      skip: [Function (anonymous)]
    },
    complete: [Function: complete],
    endWallTime: 1789758723568,
    error: {
      message: 'Error: apiRequestContext.post: connect ECONNREFUSED 127.0.0.1:8000\n' +
        'Call log:\n' +
        '\x1B[2m  - → POST http://127.0.0.1:8000/api/v1/settings/user/settings\x1B[22m\n' +
        '\x1B[2m    - user-agent: Mozilla/5.0 (Macintosh; Intel Mac OS X 10_15_7) AppleWebKit/537.36 (KHTML, like Gecko) HeadlessChrome/153.0.8010.12 Safari/537.36\x1B[22m\n' +
        '\x1B[2m    - accept: */*\x1B[22m\n' +
        '\x1B[2m    - accept-encoding: gzip,deflate,br\x1B[22m\n' +
        '\x1B[2m    - X-User-Id: haewon.kim\x1B[22m\n' +
        '\x1B[2m    - X-Tenant-Id: 1\x1B[22m\n' +
        '\x1B[2m    - content-type: application/json\x1B[22m\n' +
        '\x1B[2m    - content-length: 1880\x1B[22m\n',
      stack: 'Error: apiRequestContext.post: connect ECONNREFUSED 127.0.0.1:8000\n' +
        'Call log:\n' +
        '\x1B[2m  - → POST http://127.0.0.1:8000/api/v1/settings/user/settings\x1B[22m\n' +
        '\x1B[2m    - user-agent: Mozilla/5.0 (Macintosh; Intel Mac OS X 10_15_7) AppleWebKit/537.36 (KHTML, like Gecko) HeadlessChrome/153.0.8010.12 Safari/537.36\x1B[22m\n' +
        '\x1B[2m    - accept: */*\x1B[22m\n' +
        '\x1B[2m    - accept-encoding: gzip,deflate,br\x1B[22m\n' +
        '\x1B[2m    - X-User-Id: haewon.kim\x1B[22m\n' +
        '\x1B[2m    - X-Tenant-Id: 1\x1B[22m\n' +
        '\x1B[2m    - content-type: application/json\x1B[22m\n' +
        '\x1B[2m    - content-length: 1880\x1B[22m\n' +
        '\n' +
        '    at resetBrowserState (/Users/haewonkim/.codex-fabric/worktrees/CF-636cebcd88631ae64e47fa3c/frontend/tests/helpers/sysgrid.ts:126:24)\n' +
        '    at /Users/haewonkim/.codex-fabric/worktrees/CF-636cebcd88631ae64e47fa3c/frontend/tests/projects-saved-views.spec.ts:332:11',
      cause: undefined
    }
  }
}
  ✘  119 tests/projects-saved-views.spec.ts:331:3 › Projects shared saved views › never fabricates a local team view when team persistence is offline (181ms)
(node:85137) Warning: The 'NO_COLOR' env is ignored due to the 'FORCE_COLOR' env being set.
(Use `node --trace-warnings ...` to show where the warning was created)
Failed to clear backend settings: apiRequestContext.post: connect ECONNREFUSED 127.0.0.1:8000
Call log:
  - → POST http://127.0.0.1:8000/api/v1/settings/user/settings
    - user-agent: Mozilla/5.0 (Macintosh; Intel Mac OS X 10_15_7) AppleWebKit/537.36 (KHTML, like Gecko) HeadlessChrome/153.0.8010.12 Safari/537.36
    - accept: */*
    - accept-encoding: gzip,deflate,br
    - X-User-Id: haewon.kim
    - X-Tenant-Id: 1
    - content-type: application/json
    - content-length: 1880

    at resetBrowserState (/Users/haewonkim/.codex-fabric/worktrees/CF-636cebcd88631ae64e47fa3c/frontend/tests/helpers/sysgrid.ts:126:24)
    at /Users/haewonkim/.codex-fabric/worktrees/CF-636cebcd88631ae64e47fa3c/frontend/tests/projects-saved-views.spec.ts:356:11 {
  log: [
    '  - → POST http://127.0.0.1:8000/api/v1/settings/user/settings',
    '    - user-agent: Mozilla/5.0 (Macintosh; Intel Mac OS X 10_15_7) AppleWebKit/537.36 (KHTML, like Gecko) HeadlessChrome/153.0.8010.12 Safari/537.36',
    '    - accept: */*',
    '    - accept-encoding: gzip,deflate,br',
    '    - X-User-Id: haewon.kim',
    '    - X-Tenant-Id: 1',
    '    - content-type: application/json',
    '    - content-length: 1880'
  ],
  name: 'Error',
  [Symbol(step)]: {
    location: {
      file: '/Users/haewonkim/.codex-fabric/worktrees/CF-636cebcd88631ae64e47fa3c/frontend/tests/helpers/sysgrid.ts',
      line: 126,
      column: 24,
      function: 'resetBrowserState'
    },
    category: 'pw:api',
    title: 'POST',
    subtitle: '127.0.0.1:8000/api/v1/settings/user/settings',
    params: {
      url: 'http://127.0.0.1:8000/api/v1/settings/user/settings',
      method: 'POST'
    },
    group: undefined,
    stepId: 'pw:api@40',
    boxedStack: undefined,
    steps: [],
    attachmentIndices: [],
    info: TestStepInfoImpl {
      annotations: [],
      _testInfo: [TestInfoImpl],
      _stepId: 'pw:api@40',
      _title: 'POST',
      _parentStep: undefined,
      skip: [Function (anonymous)]
    },
    complete: [Function: complete],
    endWallTime: 1789758724037,
    error: {
      message: 'Error: apiRequestContext.post: connect ECONNREFUSED 127.0.0.1:8000\n' +
        'Call log:\n' +
        '\x1B[2m  - → POST http://127.0.0.1:8000/api/v1/settings/user/settings\x1B[22m\n' +
        '\x1B[2m    - user-agent: Mozilla/5.0 (Macintosh; Intel Mac OS X 10_15_7) AppleWebKit/537.36 (KHTML, like Gecko) HeadlessChrome/153.0.8010.12 Safari/537.36\x1B[22m\n' +
        '\x1B[2m    - accept: */*\x1B[22m\n' +
        '\x1B[2m    - accept-encoding: gzip,deflate,br\x1B[22m\n' +
        '\x1B[2m    - X-User-Id: haewon.kim\x1B[22m\n' +
        '\x1B[2m    - X-Tenant-Id: 1\x1B[22m\n' +
        '\x1B[2m    - content-type: application/json\x1B[22m\n' +
        '\x1B[2m    - content-length: 1880\x1B[22m\n',
      stack: 'Error: apiRequestContext.post: connect ECONNREFUSED 127.0.0.1:8000\n' +
        'Call log:\n' +
        '\x1B[2m  - → POST http://127.0.0.1:8000/api/v1/settings/user/settings\x1B[22m\n' +
        '\x1B[2m    - user-agent: Mozilla/5.0 (Macintosh; Intel Mac OS X 10_15_7) AppleWebKit/537.36 (KHTML, like Gecko) HeadlessChrome/153.0.8010.12 Safari/537.36\x1B[22m\n' +
        '\x1B[2m    - accept: */*\x1B[22m\n' +
        '\x1B[2m    - accept-encoding: gzip,deflate,br\x1B[22m\n' +
        '\x1B[2m    - X-User-Id: haewon.kim\x1B[22m\n' +
        '\x1B[2m    - X-Tenant-Id: 1\x1B[22m\n' +
        '\x1B[2m    - content-type: application/json\x1B[22m\n' +
        '\x1B[2m    - content-length: 1880\x1B[22m\n' +
        '\n' +
        '    at resetBrowserState (/Users/haewonkim/.codex-fabric/worktrees/CF-636cebcd88631ae64e47fa3c/frontend/tests/helpers/sysgrid.ts:126:24)\n' +
        '    at /Users/haewonkim/.codex-fabric/worktrees/CF-636cebcd88631ae64e47fa3c/frontend/tests/projects-saved-views.spec.ts:356:11',
      cause: undefined
    }
  }
}
  ✘  120 tests/projects-saved-views.spec.ts:355:3 › Projects shared saved views › copies a collision-safe saved_view link and restores it exactly once without replacing the Projects view parameter (171ms)
(node:85146) Warning: The 'NO_COLOR' env is ignored due to the 'FORCE_COLOR' env being set.
(Use `node --trace-warnings ...` to show where the warning was created)
Failed to clear backend settings: apiRequestContext.post: connect ECONNREFUSED 127.0.0.1:8000
Call log:
  - → POST http://127.0.0.1:8000/api/v1/settings/user/settings
    - user-agent: Mozilla/5.0 (Macintosh; Intel Mac OS X 10_15_7) AppleWebKit/537.36 (KHTML, like Gecko) HeadlessChrome/153.0.8010.12 Safari/537.36
    - accept: */*
    - accept-encoding: gzip,deflate,br
    - X-User-Id: haewon.kim
    - X-Tenant-Id: 1
    - content-type: application/json
    - content-length: 1880

    at resetBrowserState (/Users/haewonkim/.codex-fabric/worktrees/CF-636cebcd88631ae64e47fa3c/frontend/tests/helpers/sysgrid.ts:126:24)
    at /Users/haewonkim/.codex-fabric/worktrees/CF-636cebcd88631ae64e47fa3c/frontend/tests/projects-saved-views.spec.ts:381:11 {
  log: [
    '  - → POST http://127.0.0.1:8000/api/v1/settings/user/settings',
    '    - user-agent: Mozilla/5.0 (Macintosh; Intel Mac OS X 10_15_7) AppleWebKit/537.36 (KHTML, like Gecko) HeadlessChrome/153.0.8010.12 Safari/537.36',
    '    - accept: */*',
    '    - accept-encoding: gzip,deflate,br',
    '    - X-User-Id: haewon.kim',
    '    - X-Tenant-Id: 1',
    '    - content-type: application/json',
    '    - content-length: 1880'
  ],
  name: 'Error',
  [Symbol(step)]: {
    location: {
      file: '/Users/haewonkim/.codex-fabric/worktrees/CF-636cebcd88631ae64e47fa3c/frontend/tests/helpers/sysgrid.ts',
      line: 126,
      column: 24,
      function: 'resetBrowserState'
    },
    category: 'pw:api',
    title: 'POST',
    subtitle: '127.0.0.1:8000/api/v1/settings/user/settings',
    params: {
      url: 'http://127.0.0.1:8000/api/v1/settings/user/settings',
      method: 'POST'
    },
    group: undefined,
    stepId: 'pw:api@40',
    boxedStack: undefined,
    steps: [],
    attachmentIndices: [],
    info: TestStepInfoImpl {
      annotations: [],
      _testInfo: [TestInfoImpl],
      _stepId: 'pw:api@40',
      _title: 'POST',
      _parentStep: undefined,
      skip: [Function (anonymous)]
    },
    complete: [Function: complete],
    endWallTime: 1789758724493,
    error: {
      message: 'Error: apiRequestContext.post: connect ECONNREFUSED 127.0.0.1:8000\n' +
        'Call log:\n' +
        '\x1B[2m  - → POST http://127.0.0.1:8000/api/v1/settings/user/settings\x1B[22m\n' +
        '\x1B[2m    - user-agent: Mozilla/5.0 (Macintosh; Intel Mac OS X 10_15_7) AppleWebKit/537.36 (KHTML, like Gecko) HeadlessChrome/153.0.8010.12 Safari/537.36\x1B[22m\n' +
        '\x1B[2m    - accept: */*\x1B[22m\n' +
        '\x1B[2m    - accept-encoding: gzip,deflate,br\x1B[22m\n' +
        '\x1B[2m    - X-User-Id: haewon.kim\x1B[22m\n' +
        '\x1B[2m    - X-Tenant-Id: 1\x1B[22m\n' +
        '\x1B[2m    - content-type: application/json\x1B[22m\n' +
        '\x1B[2m    - content-length: 1880\x1B[22m\n',
      stack: 'Error: apiRequestContext.post: connect ECONNREFUSED 127.0.0.1:8000\n' +
        'Call log:\n' +
        '\x1B[2m  - → POST http://127.0.0.1:8000/api/v1/settings/user/settings\x1B[22m\n' +
        '\x1B[2m    - user-agent: Mozilla/5.0 (Macintosh; Intel Mac OS X 10_15_7) AppleWebKit/537.36 (KHTML, like Gecko) HeadlessChrome/153.0.8010.12 Safari/537.36\x1B[22m\n' +
        '\x1B[2m    - accept: */*\x1B[22m\n' +
        '\x1B[2m    - accept-encoding: gzip,deflate,br\x1B[22m\n' +
        '\x1B[2m    - X-User-Id: haewon.kim\x1B[22m\n' +
        '\x1B[2m    - X-Tenant-Id: 1\x1B[22m\n' +
        '\x1B[2m    - content-type: application/json\x1B[22m\n' +
        '\x1B[2m    - content-length: 1880\x1B[22m\n' +
        '\n' +
        '    at resetBrowserState (/Users/haewonkim/.codex-fabric/worktrees/CF-636cebcd88631ae64e47fa3c/frontend/tests/helpers/sysgrid.ts:126:24)\n' +
        '    at /Users/haewonkim/.codex-fabric/worktrees/CF-636cebcd88631ae64e47fa3c/frontend/tests/projects-saved-views.spec.ts:381:11',
      cause: undefined
    }
  }
}
  ✘  121 tests/projects-saved-views.spec.ts:380:3 › Projects shared saved views › leaves inaccessible saved_view links inert and cancels delayed restoration after user interaction (178ms)
(node:85154) Warning: The 'NO_COLOR' env is ignored due to the 'FORCE_COLOR' env being set.
(Use `node --trace-warnings ...` to show where the warning was created)
  ✘  122 tests/projects-scheduling-completion.spec.ts:68:1 › advanced schedule control completes the existing Timeline without replacing it @scheduling-rehearsal (143ms)
(node:85163) Warning: The 'NO_COLOR' env is ignored due to the 'FORCE_COLOR' env being set.
(Use `node --trace-warnings ...` to show where the warning was created)
  ✘  123 tests/projects-scheduling-completion.spec.ts:79:1 › typed dependency and calendar save through canonical Project PUT @scheduling-acceptance (147ms)
(node:85172) Warning: The 'NO_COLOR' env is ignored due to the 'FORCE_COLOR' env being set.
(Use `node --trace-warnings ...` to show where the warning was created)
  ✘  124 tests/projects-scheduling-completion.spec.ts:97:1 › scenario preview is non-mutating, save is metadata-only, and Apply changes live dates @scheduling-acceptance (154ms)
(node:85181) Warning: The 'NO_COLOR' env is ignored due to the 'FORCE_COLOR' env being set.
(Use `node --trace-warnings ...` to show where the warning was created)
  ✘  125 tests/projects-scheduling-completion.spec.ts:112:1 › baseline history is additive and capacity stays Unknown without authority @scheduling-acceptance (149ms)
(node:85190) Warning: The 'NO_COLOR' env is ignored due to the 'FORCE_COLOR' env being set.
(Use `node --trace-warnings ...` to show where the warning was created)
  ✘  126 tests/projects-scheduling-completion.spec.ts:122:1 › OUT-40 schedule control is keyboard-accessible, announced and contained at 390x844 @out40-slice-b-acceptance (146ms)
(node:85199) Warning: The 'NO_COLOR' env is ignored due to the 'FORCE_COLOR' env being set.
(Use `node --trace-warnings ...` to show where the warning was created)
  ✘  127 tests/projects-scheduling-completion.spec.ts:170:1 › OUT-40 schedule control stays viewport-contained on desktop and wide screens @out40-slice-b-regression (153ms)
(node:85207) Warning: The 'NO_COLOR' env is ignored due to the 'FORCE_COLOR' env being set.
(Use `node --trace-warnings ...` to show where the warning was created)
  ✘  128 tests/projects-showcase.spec.ts:63:1 › executive showcase is question-driven, truthful and sparse @showcase-rehearsal (151ms)
(node:85216) Warning: The 'NO_COLOR' env is ignored due to the 'FORCE_COLOR' env being set.
(Use `node --trace-warnings ...` to show where the warning was created)
  ✘  129 tests/projects-showcase.spec.ts:84:1 › visual pins use canonical full Project PUT and preserve existing reporting metadata @showcase-acceptance (149ms)
(node:85224) Warning: The 'NO_COLOR' env is ignored due to the 'FORCE_COLOR' env being set.
(Use `node --trace-warnings ...` to show where the warning was created)
  ✘  130 tests/projects-showcase.spec.ts:100:1 › captured report showcase stays frozen and does not borrow live schedule truth @showcase-acceptance (152ms)
(node:85233) Warning: The 'NO_COLOR' env is ignored due to the 'FORCE_COLOR' env being set.
(Use `node --trace-warnings ...` to show where the warning was created)
  ✘  131 tests/projects-visual-repair.spec.ts:49:35 › usable real workspace 390x844 (145ms)
(node:85249) Warning: The 'NO_COLOR' env is ignored due to the 'FORCE_COLOR' env being set.
(Use `node --trace-warnings ...` to show where the warning was created)
  ✘  132 tests/projects-visual-repair.spec.ts:49:35 › usable real workspace 430x932 (153ms)
(node:85258) Warning: The 'NO_COLOR' env is ignored due to the 'FORCE_COLOR' env being set.
(Use `node --trace-warnings ...` to show where the warning was created)
  ✘  133 tests/projects-visual-repair.spec.ts:49:35 › usable real workspace 768x1024 (147ms)
(node:85267) Warning: The 'NO_COLOR' env is ignored due to the 'FORCE_COLOR' env being set.
(Use `node --trace-warnings ...` to show where the warning was created)
  ✘  134 tests/projects-visual-repair.spec.ts:49:35 › usable real workspace 1024x768 (151ms)
(node:85276) Warning: The 'NO_COLOR' env is ignored due to the 'FORCE_COLOR' env being set.
(Use `node --trace-warnings ...` to show where the warning was created)
  ✘  135 tests/projects-visual-repair.spec.ts:49:35 › usable real workspace 1280x720 (158ms)
(node:85285) Warning: The 'NO_COLOR' env is ignored due to the 'FORCE_COLOR' env being set.
(Use `node --trace-warnings ...` to show where the warning was created)
  ✘  136 tests/projects-visual-repair.spec.ts:49:35 › usable real workspace 1440x900 (157ms)
(node:85293) Warning: The 'NO_COLOR' env is ignored due to the 'FORCE_COLOR' env being set.
(Use `node --trace-warnings ...` to show where the warning was created)
  ✘  137 tests/projects-visual-repair.spec.ts:49:35 › usable real workspace 1920x1080 (157ms)
(node:85301) Warning: The 'NO_COLOR' env is ignored due to the 'FORCE_COLOR' env being set.
(Use `node --trace-warnings ...` to show where the warning was created)
  ✘  138 tests/projects-visual-repair.spec.ts:49:35 › usable real workspace 2560x1440 (167ms)
(node:85310) Warning: The 'NO_COLOR' env is ignored due to the 'FORCE_COLOR' env being set.
(Use `node --trace-warnings ...` to show where the warning was created)
  ✘  139 tests/projects-visual-repair.spec.ts:61:1 › move, connected preview, cancellation, and history at the formerly failing 1280 viewport (149ms)
(node:85320) Warning: The 'NO_COLOR' env is ignored due to the 'FORCE_COLOR' env being set.
(Use `node --trace-warnings ...` to show where the warning was created)
  ✘  140 tests/projects-visual-repair.spec.ts:72:1 › Fit and short-bar date actions; connector inspection is not deletion (155ms)
(node:85329) Warning: The 'NO_COLOR' env is ignored due to the 'FORCE_COLOR' env being set.
(Use `node --trace-warnings ...` to show where the warning was created)
  ✘  141 tests/projects-visual-repair.spec.ts:81:1 › wide resize and bounded realized DOM after scroll (154ms)
(node:85337) Warning: The 'NO_COLOR' env is ignored due to the 'FORCE_COLOR' env being set.
(Use `node --trace-warnings ...` to show where the warning was created)
  ✘  142 tests/projects-visual-repair.spec.ts:94:1 › virtual WBS semantics and keyboard schedule parity stay bounded (156ms)
(node:85346) Warning: The 'NO_COLOR' env is ignored due to the 'FORCE_COLOR' env being set.
(Use `node --trace-warnings ...` to show where the warning was created)
  ✘  143 tests/projects-visual-repair.spec.ts:110:1 › Board and Work preserve status meaning and working space (157ms)
(node:85356) Warning: The 'NO_COLOR' env is ignored due to the 'FORCE_COLOR' env being set.
(Use `node --trace-warnings ...` to show where the warning was created)
  ✘  144 tests/projects-visual-repair.spec.ts:121:1 › phone menu keeps focus contained and returns it on Escape (154ms)
(node:85364) Warning: The 'NO_COLOR' env is ignored due to the 'FORCE_COLOR' env being set.
(Use `node --trace-warnings ...` to show where the warning was created)
  ✘  145 tests/projects-visual-repair.spec.ts:130:1 › Projects sidebar has final geometry on first frame and breakpoint changes (154ms)
(node:85375) Warning: The 'NO_COLOR' env is ignored due to the 'FORCE_COLOR' env being set.
(Use `node --trace-warnings ...` to show where the warning was created)
Failed to clear backend settings: apiRequestContext.post: connect ECONNREFUSED 127.0.0.1:8000
Call log:
  - → POST http://127.0.0.1:8000/api/v1/settings/user/settings
    - user-agent: Mozilla/5.0 (Macintosh; Intel Mac OS X 10_15_7) AppleWebKit/537.36 (KHTML, like Gecko) HeadlessChrome/153.0.8010.12 Safari/537.36
    - accept: */*
    - accept-encoding: gzip,deflate,br
    - X-User-Id: haewon.kim
    - X-Tenant-Id: 1
    - content-type: application/json
    - content-length: 1880

    at resetBrowserState (/Users/haewonkim/.codex-fabric/worktrees/CF-636cebcd88631ae64e47fa3c/frontend/tests/helpers/sysgrid.ts:126:24)
    at /Users/haewonkim/.codex-fabric/worktrees/CF-636cebcd88631ae64e47fa3c/frontend/tests/projects-workflows.spec.ts:7:11 {
  log: [
    '  - → POST http://127.0.0.1:8000/api/v1/settings/user/settings',
    '    - user-agent: Mozilla/5.0 (Macintosh; Intel Mac OS X 10_15_7) AppleWebKit/537.36 (KHTML, like Gecko) HeadlessChrome/153.0.8010.12 Safari/537.36',
    '    - accept: */*',
    '    - accept-encoding: gzip,deflate,br',
    '    - X-User-Id: haewon.kim',
    '    - X-Tenant-Id: 1',
    '    - content-type: application/json',
    '    - content-length: 1880'
  ],
  name: 'Error',
  [Symbol(step)]: {
    location: {
      file: '/Users/haewonkim/.codex-fabric/worktrees/CF-636cebcd88631ae64e47fa3c/frontend/tests/helpers/sysgrid.ts',
      line: 126,
      column: 24,
      function: 'resetBrowserState'
    },
    category: 'pw:api',
    title: 'POST',
    subtitle: '127.0.0.1:8000/api/v1/settings/user/settings',
    params: {
      url: 'http://127.0.0.1:8000/api/v1/settings/user/settings',
      method: 'POST'
    },
    group: undefined,
    stepId: 'pw:api@44',
    boxedStack: undefined,
    steps: [],
    attachmentIndices: [],
    info: TestStepInfoImpl {
      annotations: [],
      _testInfo: [TestInfoImpl],
      _stepId: 'pw:api@44',
      _title: 'POST',
      _parentStep: undefined,
      skip: [Function (anonymous)]
    },
    complete: [Function: complete],
    endWallTime: 1789758735401,
    error: {
      message: 'Error: apiRequestContext.post: connect ECONNREFUSED 127.0.0.1:8000\n' +
        'Call log:\n' +
        '\x1B[2m  - → POST http://127.0.0.1:8000/api/v1/settings/user/settings\x1B[22m\n' +
        '\x1B[2m    - user-agent: Mozilla/5.0 (Macintosh; Intel Mac OS X 10_15_7) AppleWebKit/537.36 (KHTML, like Gecko) HeadlessChrome/153.0.8010.12 Safari/537.36\x1B[22m\n' +
        '\x1B[2m    - accept: */*\x1B[22m\n' +
        '\x1B[2m    - accept-encoding: gzip,deflate,br\x1B[22m\n' +
        '\x1B[2m    - X-User-Id: haewon.kim\x1B[22m\n' +
        '\x1B[2m    - X-Tenant-Id: 1\x1B[22m\n' +
        '\x1B[2m    - content-type: application/json\x1B[22m\n' +
        '\x1B[2m    - content-length: 1880\x1B[22m\n',
      stack: 'Error: apiRequestContext.post: connect ECONNREFUSED 127.0.0.1:8000\n' +
        'Call log:\n' +
        '\x1B[2m  - → POST http://127.0.0.1:8000/api/v1/settings/user/settings\x1B[22m\n' +
        '\x1B[2m    - user-agent: Mozilla/5.0 (Macintosh; Intel Mac OS X 10_15_7) AppleWebKit/537.36 (KHTML, like Gecko) HeadlessChrome/153.0.8010.12 Safari/537.36\x1B[22m\n' +
        '\x1B[2m    - accept: */*\x1B[22m\n' +
        '\x1B[2m    - accept-encoding: gzip,deflate,br\x1B[22m\n' +
        '\x1B[2m    - X-User-Id: haewon.kim\x1B[22m\n' +
        '\x1B[2m    - X-Tenant-Id: 1\x1B[22m\n' +
        '\x1B[2m    - content-type: application/json\x1B[22m\n' +
        '\x1B[2m    - content-length: 1880\x1B[22m\n' +
        '\n' +
        '    at resetBrowserState (/Users/haewonkim/.codex-fabric/worktrees/CF-636cebcd88631ae64e47fa3c/frontend/tests/helpers/sysgrid.ts:126:24)\n' +
        '    at /Users/haewonkim/.codex-fabric/worktrees/CF-636cebcd88631ae64e47fa3c/frontend/tests/projects-workflows.spec.ts:7:11',
      cause: undefined
    }
  }
}
  ✘  146 tests/projects-workflows.spec.ts:6:3 › Projects workflows › opens project config, keeps selection stable on delete, and blocks filtered reorder affordance (174ms)
(node:85388) Warning: The 'NO_COLOR' env is ignored due to the 'FORCE_COLOR' env being set.
(Use `node --trace-warnings ...` to show where the warning was created)
  -  147 tests/pv1-architecture-performance-browser.spec.ts:29:1 › Large Architecture culling preserves full search/list access and bounded rendering
  ✘  148 tests/pv1-browser-matrix.spec.ts:68:1 › PV1 browser/state acceptance matrix covers required cells with strict request failure @pv1-browser-matrix (140ms)
(node:85397) Warning: The 'NO_COLOR' env is ignored due to the 'FORCE_COLOR' env being set.
(Use `node --trace-warnings ...` to show where the warning was created)
  ✘  149 tests/pv1-performance-browser.spec.ts:137:1 › PV1 Typical production browser performance evidence uses real backend and built frontend (117ms)
(node:85404) Warning: The 'NO_COLOR' env is ignored due to the 'FORCE_COLOR' env being set.
(Use `node --trace-warnings ...` to show where the warning was created)
Failed to clear backend settings: apiRequestContext.post: connect ECONNREFUSED 127.0.0.1:8000
Call log:
  - → POST http://127.0.0.1:8000/api/v1/settings/user/settings
    - user-agent: Mozilla/5.0 (Macintosh; Intel Mac OS X 10_15_7) AppleWebKit/537.36 (KHTML, like Gecko) HeadlessChrome/153.0.8010.12 Safari/537.36
    - accept: */*
    - accept-encoding: gzip,deflate,br
    - X-User-Id: haewon.kim
    - X-Tenant-Id: 1
    - content-type: application/json
    - content-length: 1880

    at resetBrowserState (/Users/haewonkim/.codex-fabric/worktrees/CF-636cebcd88631ae64e47fa3c/frontend/tests/helpers/sysgrid.ts:126:24)
    at /Users/haewonkim/.codex-fabric/worktrees/CF-636cebcd88631ae64e47fa3c/frontend/tests/racks-workflows.spec.ts:8:11 {
  log: [
    '  - → POST http://127.0.0.1:8000/api/v1/settings/user/settings',
    '    - user-agent: Mozilla/5.0 (Macintosh; Intel Mac OS X 10_15_7) AppleWebKit/537.36 (KHTML, like Gecko) HeadlessChrome/153.0.8010.12 Safari/537.36',
    '    - accept: */*',
    '    - accept-encoding: gzip,deflate,br',
    '    - X-User-Id: haewon.kim',
    '    - X-Tenant-Id: 1',
    '    - content-type: application/json',
    '    - content-length: 1880'
  ],
  name: 'Error',
  [Symbol(step)]: {
    location: {
      file: '/Users/haewonkim/.codex-fabric/worktrees/CF-636cebcd88631ae64e47fa3c/frontend/tests/helpers/sysgrid.ts',
      line: 126,
      column: 24,
      function: 'resetBrowserState'
    },
    category: 'pw:api',
    title: 'POST',
    subtitle: '127.0.0.1:8000/api/v1/settings/user/settings',
    params: {
      url: 'http://127.0.0.1:8000/api/v1/settings/user/settings',
      method: 'POST'
    },
    group: undefined,
    stepId: 'pw:api@44',
    boxedStack: undefined,
    steps: [],
    attachmentIndices: [],
    info: TestStepInfoImpl {
      annotations: [],
      _testInfo: [TestInfoImpl],
      _stepId: 'pw:api@44',
      _title: 'POST',
      _parentStep: undefined,
      skip: [Function (anonymous)]
    },
    complete: [Function: complete],
    endWallTime: 1789758736701,
    error: {
      message: 'Error: apiRequestContext.post: connect ECONNREFUSED 127.0.0.1:8000\n' +
        'Call log:\n' +
        '\x1B[2m  - → POST http://127.0.0.1:8000/api/v1/settings/user/settings\x1B[22m\n' +
        '\x1B[2m    - user-agent: Mozilla/5.0 (Macintosh; Intel Mac OS X 10_15_7) AppleWebKit/537.36 (KHTML, like Gecko) HeadlessChrome/153.0.8010.12 Safari/537.36\x1B[22m\n' +
        '\x1B[2m    - accept: */*\x1B[22m\n' +
        '\x1B[2m    - accept-encoding: gzip,deflate,br\x1B[22m\n' +
        '\x1B[2m    - X-User-Id: haewon.kim\x1B[22m\n' +
        '\x1B[2m    - X-Tenant-Id: 1\x1B[22m\n' +
        '\x1B[2m    - content-type: application/json\x1B[22m\n' +
        '\x1B[2m    - content-length: 1880\x1B[22m\n',
      stack: 'Error: apiRequestContext.post: connect ECONNREFUSED 127.0.0.1:8000\n' +
        'Call log:\n' +
        '\x1B[2m  - → POST http://127.0.0.1:8000/api/v1/settings/user/settings\x1B[22m\n' +
        '\x1B[2m    - user-agent: Mozilla/5.0 (Macintosh; Intel Mac OS X 10_15_7) AppleWebKit/537.36 (KHTML, like Gecko) HeadlessChrome/153.0.8010.12 Safari/537.36\x1B[22m\n' +
        '\x1B[2m    - accept: */*\x1B[22m\n' +
        '\x1B[2m    - accept-encoding: gzip,deflate,br\x1B[22m\n' +
        '\x1B[2m    - X-User-Id: haewon.kim\x1B[22m\n' +
        '\x1B[2m    - X-Tenant-Id: 1\x1B[22m\n' +
        '\x1B[2m    - content-type: application/json\x1B[22m\n' +
        '\x1B[2m    - content-length: 1880\x1B[22m\n' +
        '\n' +
        '    at resetBrowserState (/Users/haewonkim/.codex-fabric/worktrees/CF-636cebcd88631ae64e47fa3c/frontend/tests/helpers/sysgrid.ts:126:24)\n' +
        '    at /Users/haewonkim/.codex-fabric/worktrees/CF-636cebcd88631ae64e47fa3c/frontend/tests/racks-workflows.spec.ts:8:11',
      cause: undefined
    }
  }
}
  ✘  150 tests/racks-workflows.spec.ts:7:3 › Racks workflows › handles spatial navigation, site decommission fallback, and sandbox collision safety (180ms)
(node:85414) Warning: The 'NO_COLOR' env is ignored due to the 'FORCE_COLOR' env being set.
(Use `node --trace-warnings ...` to show where the warning was created)
Failed to clear backend settings: apiRequestContext.post: connect ECONNREFUSED 127.0.0.1:8000
Call log:
  - → POST http://127.0.0.1:8000/api/v1/settings/user/settings
    - user-agent: Mozilla/5.0 (Macintosh; Intel Mac OS X 10_15_7) AppleWebKit/537.36 (KHTML, like Gecko) HeadlessChrome/153.0.8010.12 Safari/537.36
    - accept: */*
    - accept-encoding: gzip,deflate,br
    - X-User-Id: haewon.kim
    - X-Tenant-Id: 1
    - content-type: application/json
    - content-length: 1880

    at resetBrowserState (/Users/haewonkim/.codex-fabric/worktrees/CF-636cebcd88631ae64e47fa3c/frontend/tests/helpers/sysgrid.ts:126:24)
    at /Users/haewonkim/.codex-fabric/worktrees/CF-636cebcd88631ae64e47fa3c/frontend/tests/research-workflows.spec.ts:24:11 {
  log: [
    '  - → POST http://127.0.0.1:8000/api/v1/settings/user/settings',
    '    - user-agent: Mozilla/5.0 (Macintosh; Intel Mac OS X 10_15_7) AppleWebKit/537.36 (KHTML, like Gecko) HeadlessChrome/153.0.8010.12 Safari/537.36',
    '    - accept: */*',
    '    - accept-encoding: gzip,deflate,br',
    '    - X-User-Id: haewon.kim',
    '    - X-Tenant-Id: 1',
    '    - content-type: application/json',
    '    - content-length: 1880'
  ],
  name: 'Error',
  [Symbol(step)]: {
    location: {
      file: '/Users/haewonkim/.codex-fabric/worktrees/CF-636cebcd88631ae64e47fa3c/frontend/tests/helpers/sysgrid.ts',
      line: 126,
      column: 24,
      function: 'resetBrowserState'
    },
    category: 'pw:api',
    title: 'POST',
    subtitle: '127.0.0.1:8000/api/v1/settings/user/settings',
    params: {
      url: 'http://127.0.0.1:8000/api/v1/settings/user/settings',
      method: 'POST'
    },
    group: undefined,
    stepId: 'pw:api@44',
    boxedStack: undefined,
    steps: [],
    attachmentIndices: [],
    info: TestStepInfoImpl {
      annotations: [],
      _testInfo: [TestInfoImpl],
      _stepId: 'pw:api@44',
      _title: 'POST',
      _parentStep: undefined,
      skip: [Function (anonymous)]
    },
    complete: [Function: complete],
    endWallTime: 1789758737159,
    error: {
      message: 'Error: apiRequestContext.post: connect ECONNREFUSED 127.0.0.1:8000\n' +
        'Call log:\n' +
        '\x1B[2m  - → POST http://127.0.0.1:8000/api/v1/settings/user/settings\x1B[22m\n' +
        '\x1B[2m    - user-agent: Mozilla/5.0 (Macintosh; Intel Mac OS X 10_15_7) AppleWebKit/537.36 (KHTML, like Gecko) HeadlessChrome/153.0.8010.12 Safari/537.36\x1B[22m\n' +
        '\x1B[2m    - accept: */*\x1B[22m\n' +
        '\x1B[2m    - accept-encoding: gzip,deflate,br\x1B[22m\n' +
        '\x1B[2m    - X-User-Id: haewon.kim\x1B[22m\n' +
        '\x1B[2m    - X-Tenant-Id: 1\x1B[22m\n' +
        '\x1B[2m    - content-type: application/json\x1B[22m\n' +
        '\x1B[2m    - content-length: 1880\x1B[22m\n',
      stack: 'Error: apiRequestContext.post: connect ECONNREFUSED 127.0.0.1:8000\n' +
        'Call log:\n' +
        '\x1B[2m  - → POST http://127.0.0.1:8000/api/v1/settings/user/settings\x1B[22m\n' +
        '\x1B[2m    - user-agent: Mozilla/5.0 (Macintosh; Intel Mac OS X 10_15_7) AppleWebKit/537.36 (KHTML, like Gecko) HeadlessChrome/153.0.8010.12 Safari/537.36\x1B[22m\n' +
        '\x1B[2m    - accept: */*\x1B[22m\n' +
        '\x1B[2m    - accept-encoding: gzip,deflate,br\x1B[22m\n' +
        '\x1B[2m    - X-User-Id: haewon.kim\x1B[22m\n' +
        '\x1B[2m    - X-Tenant-Id: 1\x1B[22m\n' +
        '\x1B[2m    - content-type: application/json\x1B[22m\n' +
        '\x1B[2m    - content-length: 1880\x1B[22m\n' +
        '\n' +
        '    at resetBrowserState (/Users/haewonkim/.codex-fabric/worktrees/CF-636cebcd88631ae64e47fa3c/frontend/tests/helpers/sysgrid.ts:126:24)\n' +
        '    at /Users/haewonkim/.codex-fabric/worktrees/CF-636cebcd88631ae64e47fa3c/frontend/tests/research-workflows.spec.ts:24:11',
      cause: undefined
    }
  }
}
  ✘  151 tests/research-workflows.spec.ts:23:3 › Research workflows › filters by real years and rejects blank intelligence pulses (181ms)
(node:85424) Warning: The 'NO_COLOR' env is ignored due to the 'FORCE_COLOR' env being set.
(Use `node --trace-warnings ...` to show where the warning was created)
  ✓  152 tests/resilience/click-resilient-button.contract.spec.ts:5:3 › clickResilientButton browser contract › reacquires a stable replacement after detach/remount (326ms)
  ✓  153 tests/resilience/click-resilient-button.contract.spec.ts:24:3 › clickResilientButton browser contract › waits for a temporarily disabled button to become enabled (342ms)
  ✓  154 tests/resilience/click-resilient-button.contract.spec.ts:39:3 › clickResilientButton browser contract › prefers the topmost interactable dialog over an exiting dialog and page button (137ms)
  ✓  155 tests/resilience/click-resilient-button.contract.spec.ts:60:3 › clickResilientButton browser contract › waits for a disabled button in the newest dialog instead of clicking an older dialog (343ms)
  ✓  156 tests/resilience/click-resilient-button.contract.spec.ts:81:3 › clickResilientButton browser contract › prefers a nested higher interaction layer inside the active dialog (119ms)
  ✓  157 tests/resilience/click-resilient-button.contract.spec.ts:100:3 › clickResilientButton browser contract › rejects genuine ambiguity inside the active scope (116ms)
  ✓  158 tests/resilience/click-resilient-button.contract.spec.ts:111:3 › clickResilientButton browser contract › preserves non-modal page button behavior (130ms)
  ✓  159 tests/resilience/click-resilient-button.contract.spec.ts:124:3 › clickResilientButton browser contract › delegates descendant pointer-event overrides to native Playwright actionability (132ms)
  ✓  160 tests/resilience/click-resilient-button.contract.spec.ts:139:3 › clickResilientButton browser contract › retries native actionability after a temporary overlay stops intercepting the button (1.5s)
[ChaosController] Registered: interaction-chaos
[ChaosController] Registered: network-chaos
Failed to clear backend settings: apiRequestContext.post: connect ECONNREFUSED 127.0.0.1:8000
Call log:
  - → POST http://127.0.0.1:8000/api/v1/settings/user/settings
    - user-agent: Mozilla/5.0 (Macintosh; Intel Mac OS X 10_15_7) AppleWebKit/537.36 (KHTML, like Gecko) HeadlessChrome/153.0.8010.12 Safari/537.36
    - accept: */*
    - accept-encoding: gzip,deflate,br
    - X-User-Id: haewon.kim
    - X-Tenant-Id: 1
    - content-type: application/json
    - content-length: 1880

    at resetBrowserState (/Users/haewonkim/.codex-fabric/worktrees/CF-636cebcd88631ae64e47fa3c/frontend/tests/helpers/sysgrid.ts:126:24)
    at /Users/haewonkim/.codex-fabric/worktrees/CF-636cebcd88631ae64e47fa3c/frontend/tests/resilience/dataflow-chaos.spec.ts:9:9 {
  log: [
    '  - → POST http://127.0.0.1:8000/api/v1/settings/user/settings',
    '    - user-agent: Mozilla/5.0 (Macintosh; Intel Mac OS X 10_15_7) AppleWebKit/537.36 (KHTML, like Gecko) HeadlessChrome/153.0.8010.12 Safari/537.36',
    '    - accept: */*',
    '    - accept-encoding: gzip,deflate,br',
    '    - X-User-Id: haewon.kim',
    '    - X-Tenant-Id: 1',
    '    - content-type: application/json',
    '    - content-length: 1880'
  ],
  name: 'Error',
  [Symbol(step)]: {
    location: {
      file: '/Users/haewonkim/.codex-fabric/worktrees/CF-636cebcd88631ae64e47fa3c/frontend/tests/helpers/sysgrid.ts',
      line: 126,
      column: 24,
      function: 'resetBrowserState'
    },
    category: 'pw:api',
    title: 'POST',
    subtitle: '127.0.0.1:8000/api/v1/settings/user/settings',
    params: {
      url: 'http://127.0.0.1:8000/api/v1/settings/user/settings',
      method: 'POST'
    },
    group: undefined,
    stepId: 'pw:api@36',
    boxedStack: undefined,
    steps: [],
    attachmentIndices: [],
    info: TestStepInfoImpl {
      annotations: [],
      _testInfo: [TestInfoImpl],
      _stepId: 'pw:api@36',
      _title: 'POST',
      _parentStep: undefined,
      skip: [Function (anonymous)]
    },
    complete: [Function: complete],
    endWallTime: 1789758740790,
    error: {
      message: 'Error: apiRequestContext.post: connect ECONNREFUSED 127.0.0.1:8000\n' +
        'Call log:\n' +
        '\x1B[2m  - → POST http://127.0.0.1:8000/api/v1/settings/user/settings\x1B[22m\n' +
        '\x1B[2m    - user-agent: Mozilla/5.0 (Macintosh; Intel Mac OS X 10_15_7) AppleWebKit/537.36 (KHTML, like Gecko) HeadlessChrome/153.0.8010.12 Safari/537.36\x1B[22m\n' +
        '\x1B[2m    - accept: */*\x1B[22m\n' +
        '\x1B[2m    - accept-encoding: gzip,deflate,br\x1B[22m\n' +
        '\x1B[2m    - X-User-Id: haewon.kim\x1B[22m\n' +
        '\x1B[2m    - X-Tenant-Id: 1\x1B[22m\n' +
        '\x1B[2m    - content-type: application/json\x1B[22m\n' +
        '\x1B[2m    - content-length: 1880\x1B[22m\n',
      stack: 'Error: apiRequestContext.post: connect ECONNREFUSED 127.0.0.1:8000\n' +
        'Call log:\n' +
        '\x1B[2m  - → POST http://127.0.0.1:8000/api/v1/settings/user/settings\x1B[22m\n' +
        '\x1B[2m    - user-agent: Mozilla/5.0 (Macintosh; Intel Mac OS X 10_15_7) AppleWebKit/537.36 (KHTML, like Gecko) HeadlessChrome/153.0.8010.12 Safari/537.36\x1B[22m\n' +
        '\x1B[2m    - accept: */*\x1B[22m\n' +
        '\x1B[2m    - accept-encoding: gzip,deflate,br\x1B[22m\n' +
        '\x1B[2m    - X-User-Id: haewon.kim\x1B[22m\n' +
        '\x1B[2m    - X-Tenant-Id: 1\x1B[22m\n' +
        '\x1B[2m    - content-type: application/json\x1B[22m\n' +
        '\x1B[2m    - content-length: 1880\x1B[22m\n' +
        '\n' +
        '    at resetBrowserState (/Users/haewonkim/.codex-fabric/worktrees/CF-636cebcd88631ae64e47fa3c/frontend/tests/helpers/sysgrid.ts:126:24)\n' +
        '    at /Users/haewonkim/.codex-fabric/worktrees/CF-636cebcd88631ae64e47fa3c/frontend/tests/resilience/dataflow-chaos.spec.ts:9:9',
      cause: undefined
    }
  }
}
[ChaosController] Kill Switch: Disabling all chaos tools.
  ✘  161 tests/resilience/dataflow-chaos.spec.ts:8:1 › DataFlow resilience: Stalling node interaction (159ms)
(node:85469) Warning: The 'NO_COLOR' env is ignored due to the 'FORCE_COLOR' env being set.
(Use `node --trace-warnings ...` to show where the warning was created)
[ChaosController] Registered: interaction-chaos
[ChaosController] Registered: network-chaos
Failed to clear backend settings: apiRequestContext.post: connect ECONNREFUSED 127.0.0.1:8000
Call log:
  - → POST http://127.0.0.1:8000/api/v1/settings/user/settings
    - user-agent: Mozilla/5.0 (Macintosh; Intel Mac OS X 10_15_7) AppleWebKit/537.36 (KHTML, like Gecko) HeadlessChrome/153.0.8010.12 Safari/537.36
    - accept: */*
    - accept-encoding: gzip,deflate,br
    - X-User-Id: haewon.kim
    - X-Tenant-Id: 1
    - content-type: application/json
    - content-length: 1880

    at resetBrowserState (/Users/haewonkim/.codex-fabric/worktrees/CF-636cebcd88631ae64e47fa3c/frontend/tests/helpers/sysgrid.ts:126:24)
    at /Users/haewonkim/.codex-fabric/worktrees/CF-636cebcd88631ae64e47fa3c/frontend/tests/resilience/far-chaos.spec.ts:12:9 {
  log: [
    '  - → POST http://127.0.0.1:8000/api/v1/settings/user/settings',
    '    - user-agent: Mozilla/5.0 (Macintosh; Intel Mac OS X 10_15_7) AppleWebKit/537.36 (KHTML, like Gecko) HeadlessChrome/153.0.8010.12 Safari/537.36',
    '    - accept: */*',
    '    - accept-encoding: gzip,deflate,br',
    '    - X-User-Id: haewon.kim',
    '    - X-Tenant-Id: 1',
    '    - content-type: application/json',
    '    - content-length: 1880'
  ],
  name: 'Error',
  [Symbol(step)]: {
    location: {
      file: '/Users/haewonkim/.codex-fabric/worktrees/CF-636cebcd88631ae64e47fa3c/frontend/tests/helpers/sysgrid.ts',
      line: 126,
      column: 24,
      function: 'resetBrowserState'
    },
    category: 'pw:api',
    title: 'POST',
    subtitle: '127.0.0.1:8000/api/v1/settings/user/settings',
    params: {
      url: 'http://127.0.0.1:8000/api/v1/settings/user/settings',
      method: 'POST'
    },
    group: undefined,
    stepId: 'pw:api@47',
    boxedStack: undefined,
    steps: [],
    attachmentIndices: [],
    info: TestStepInfoImpl {
      annotations: [],
      _testInfo: [TestInfoImpl],
      _stepId: 'pw:api@47',
      _title: 'POST',
      _parentStep: undefined,
      skip: [Function (anonymous)]
    },
    complete: [Function: complete],
    endWallTime: 1789758741266,
    error: {
      message: 'Error: apiRequestContext.post: connect ECONNREFUSED 127.0.0.1:8000\n' +
        'Call log:\n' +
        '\x1B[2m  - → POST http://127.0.0.1:8000/api/v1/settings/user/settings\x1B[22m\n' +
        '\x1B[2m    - user-agent: Mozilla/5.0 (Macintosh; Intel Mac OS X 10_15_7) AppleWebKit/537.36 (KHTML, like Gecko) HeadlessChrome/153.0.8010.12 Safari/537.36\x1B[22m\n' +
        '\x1B[2m    - accept: */*\x1B[22m\n' +
        '\x1B[2m    - accept-encoding: gzip,deflate,br\x1B[22m\n' +
        '\x1B[2m    - X-User-Id: haewon.kim\x1B[22m\n' +
        '\x1B[2m    - X-Tenant-Id: 1\x1B[22m\n' +
        '\x1B[2m    - content-type: application/json\x1B[22m\n' +
        '\x1B[2m    - content-length: 1880\x1B[22m\n',
      stack: 'Error: apiRequestContext.post: connect ECONNREFUSED 127.0.0.1:8000\n' +
        'Call log:\n' +
        '\x1B[2m  - → POST http://127.0.0.1:8000/api/v1/settings/user/settings\x1B[22m\n' +
        '\x1B[2m    - user-agent: Mozilla/5.0 (Macintosh; Intel Mac OS X 10_15_7) AppleWebKit/537.36 (KHTML, like Gecko) HeadlessChrome/153.0.8010.12 Safari/537.36\x1B[22m\n' +
        '\x1B[2m    - accept: */*\x1B[22m\n' +
        '\x1B[2m    - accept-encoding: gzip,deflate,br\x1B[22m\n' +
        '\x1B[2m    - X-User-Id: haewon.kim\x1B[22m\n' +
        '\x1B[2m    - X-Tenant-Id: 1\x1B[22m\n' +
        '\x1B[2m    - content-type: application/json\x1B[22m\n' +
        '\x1B[2m    - content-length: 1880\x1B[22m\n' +
        '\n' +
        '    at resetBrowserState (/Users/haewonkim/.codex-fabric/worktrees/CF-636cebcd88631ae64e47fa3c/frontend/tests/helpers/sysgrid.ts:126:24)\n' +
        '    at /Users/haewonkim/.codex-fabric/worktrees/CF-636cebcd88631ae64e47fa3c/frontend/tests/resilience/far-chaos.spec.ts:12:9',
      cause: undefined
    }
  }
}
[ChaosController] Kill Switch: Disabling all chaos tools.
  ✘  162 tests/resilience/far-chaos.spec.ts:10:1 › FAR mitigation deletion resilience: Network Stall + Rapid Click (181ms)
(node:85479) Warning: The 'NO_COLOR' env is ignored due to the 'FORCE_COLOR' env being set.
(Use `node --trace-warnings ...` to show where the warning was created)
[ChaosController] Registered: interaction-chaos
[ChaosController] Registered: network-chaos
Failed to clear backend settings: apiRequestContext.post: connect ECONNREFUSED 127.0.0.1:8000
Call log:
  - → POST http://127.0.0.1:8000/api/v1/settings/user/settings
    - user-agent: Mozilla/5.0 (Macintosh; Intel Mac OS X 10_15_7) AppleWebKit/537.36 (KHTML, like Gecko) HeadlessChrome/153.0.8010.12 Safari/537.36
    - accept: */*
    - accept-encoding: gzip,deflate,br
    - X-User-Id: haewon.kim
    - X-Tenant-Id: 1
    - content-type: application/json
    - content-length: 1880

    at resetBrowserState (/Users/haewonkim/.codex-fabric/worktrees/CF-636cebcd88631ae64e47fa3c/frontend/tests/helpers/sysgrid.ts:126:24)
    at /Users/haewonkim/.codex-fabric/worktrees/CF-636cebcd88631ae64e47fa3c/frontend/tests/resilience/monitoring-chaos.spec.ts:10:9 {
  log: [
    '  - → POST http://127.0.0.1:8000/api/v1/settings/user/settings',
    '    - user-agent: Mozilla/5.0 (Macintosh; Intel Mac OS X 10_15_7) AppleWebKit/537.36 (KHTML, like Gecko) HeadlessChrome/153.0.8010.12 Safari/537.36',
    '    - accept: */*',
    '    - accept-encoding: gzip,deflate,br',
    '    - X-User-Id: haewon.kim',
    '    - X-Tenant-Id: 1',
    '    - content-type: application/json',
    '    - content-length: 1880'
  ],
  name: 'Error',
  [Symbol(step)]: {
    location: {
      file: '/Users/haewonkim/.codex-fabric/worktrees/CF-636cebcd88631ae64e47fa3c/frontend/tests/helpers/sysgrid.ts',
      line: 126,
      column: 24,
      function: 'resetBrowserState'
    },
    category: 'pw:api',
    title: 'POST',
    subtitle: '127.0.0.1:8000/api/v1/settings/user/settings',
    params: {
      url: 'http://127.0.0.1:8000/api/v1/settings/user/settings',
      method: 'POST'
    },
    group: undefined,
    stepId: 'pw:api@47',
    boxedStack: undefined,
    steps: [],
    attachmentIndices: [],
    info: TestStepInfoImpl {
      annotations: [],
      _testInfo: [TestInfoImpl],
      _stepId: 'pw:api@47',
      _title: 'POST',
      _parentStep: undefined,
      skip: [Function (anonymous)]
    },
    complete: [Function: complete],
    endWallTime: 1789758741746,
    error: {
      message: 'Error: apiRequestContext.post: connect ECONNREFUSED 127.0.0.1:8000\n' +
        'Call log:\n' +
        '\x1B[2m  - → POST http://127.0.0.1:8000/api/v1/settings/user/settings\x1B[22m\n' +
        '\x1B[2m    - user-agent: Mozilla/5.0 (Macintosh; Intel Mac OS X 10_15_7) AppleWebKit/537.36 (KHTML, like Gecko) HeadlessChrome/153.0.8010.12 Safari/537.36\x1B[22m\n' +
        '\x1B[2m    - accept: */*\x1B[22m\n' +
        '\x1B[2m    - accept-encoding: gzip,deflate,br\x1B[22m\n' +
        '\x1B[2m    - X-User-Id: haewon.kim\x1B[22m\n' +
        '\x1B[2m    - X-Tenant-Id: 1\x1B[22m\n' +
        '\x1B[2m    - content-type: application/json\x1B[22m\n' +
        '\x1B[2m    - content-length: 1880\x1B[22m\n',
      stack: 'Error: apiRequestContext.post: connect ECONNREFUSED 127.0.0.1:8000\n' +
        'Call log:\n' +
        '\x1B[2m  - → POST http://127.0.0.1:8000/api/v1/settings/user/settings\x1B[22m\n' +
        '\x1B[2m    - user-agent: Mozilla/5.0 (Macintosh; Intel Mac OS X 10_15_7) AppleWebKit/537.36 (KHTML, like Gecko) HeadlessChrome/153.0.8010.12 Safari/537.36\x1B[22m\n' +
        '\x1B[2m    - accept: */*\x1B[22m\n' +
        '\x1B[2m    - accept-encoding: gzip,deflate,br\x1B[22m\n' +
        '\x1B[2m    - X-User-Id: haewon.kim\x1B[22m\n' +
        '\x1B[2m    - X-Tenant-Id: 1\x1B[22m\n' +
        '\x1B[2m    - content-type: application/json\x1B[22m\n' +
        '\x1B[2m    - content-length: 1880\x1B[22m\n' +
        '\n' +
        '    at resetBrowserState (/Users/haewonkim/.codex-fabric/worktrees/CF-636cebcd88631ae64e47fa3c/frontend/tests/helpers/sysgrid.ts:126:24)\n' +
        '    at /Users/haewonkim/.codex-fabric/worktrees/CF-636cebcd88631ae64e47fa3c/frontend/tests/resilience/monitoring-chaos.spec.ts:10:9',
      cause: undefined
    }
  }
}
[ChaosController] Kill Switch: Disabling all chaos tools.
  ✘  163 tests/resilience/monitoring-chaos.spec.ts:9:1 › Monitoring bulk action resilience: Network Stall + Rapid Interaction (179ms)
(node:85489) Warning: The 'NO_COLOR' env is ignored due to the 'FORCE_COLOR' env being set.
(Use `node --trace-warnings ...` to show where the warning was created)
[ChaosController] Registered: interaction-chaos
[ChaosController] Registered: network-chaos
Failed to clear backend settings: apiRequestContext.post: connect ECONNREFUSED 127.0.0.1:8000
Call log:
  - → POST http://127.0.0.1:8000/api/v1/settings/user/settings
    - user-agent: Mozilla/5.0 (Macintosh; Intel Mac OS X 10_15_7) AppleWebKit/537.36 (KHTML, like Gecko) HeadlessChrome/153.0.8010.12 Safari/537.36
    - accept: */*
    - accept-encoding: gzip,deflate,br
    - X-User-Id: haewon.kim
    - X-Tenant-Id: 1
    - content-type: application/json
    - content-length: 1880

    at resetBrowserState (/Users/haewonkim/.codex-fabric/worktrees/CF-636cebcd88631ae64e47fa3c/frontend/tests/helpers/sysgrid.ts:126:24)
    at /Users/haewonkim/.codex-fabric/worktrees/CF-636cebcd88631ae64e47fa3c/frontend/tests/resilience/projects-chaos.spec.ts:11:9 {
  log: [
    '  - → POST http://127.0.0.1:8000/api/v1/settings/user/settings',
    '    - user-agent: Mozilla/5.0 (Macintosh; Intel Mac OS X 10_15_7) AppleWebKit/537.36 (KHTML, like Gecko) HeadlessChrome/153.0.8010.12 Safari/537.36',
    '    - accept: */*',
    '    - accept-encoding: gzip,deflate,br',
    '    - X-User-Id: haewon.kim',
    '    - X-Tenant-Id: 1',
    '    - content-type: application/json',
    '    - content-length: 1880'
  ],
  name: 'Error',
  [Symbol(step)]: {
    location: {
      file: '/Users/haewonkim/.codex-fabric/worktrees/CF-636cebcd88631ae64e47fa3c/frontend/tests/helpers/sysgrid.ts',
      line: 126,
      column: 24,
      function: 'resetBrowserState'
    },
    category: 'pw:api',
    title: 'POST',
    subtitle: '127.0.0.1:8000/api/v1/settings/user/settings',
    params: {
      url: 'http://127.0.0.1:8000/api/v1/settings/user/settings',
      method: 'POST'
    },
    group: undefined,
    stepId: 'pw:api@47',
    boxedStack: undefined,
    steps: [],
    attachmentIndices: [],
    info: TestStepInfoImpl {
      annotations: [],
      _testInfo: [TestInfoImpl],
      _stepId: 'pw:api@47',
      _title: 'POST',
      _parentStep: undefined,
      skip: [Function (anonymous)]
    },
    complete: [Function: complete],
    endWallTime: 1789758742216,
    error: {
      message: 'Error: apiRequestContext.post: connect ECONNREFUSED 127.0.0.1:8000\n' +
        'Call log:\n' +
        '\x1B[2m  - → POST http://127.0.0.1:8000/api/v1/settings/user/settings\x1B[22m\n' +
        '\x1B[2m    - user-agent: Mozilla/5.0 (Macintosh; Intel Mac OS X 10_15_7) AppleWebKit/537.36 (KHTML, like Gecko) HeadlessChrome/153.0.8010.12 Safari/537.36\x1B[22m\n' +
        '\x1B[2m    - accept: */*\x1B[22m\n' +
        '\x1B[2m    - accept-encoding: gzip,deflate,br\x1B[22m\n' +
        '\x1B[2m    - X-User-Id: haewon.kim\x1B[22m\n' +
        '\x1B[2m    - X-Tenant-Id: 1\x1B[22m\n' +
        '\x1B[2m    - content-type: application/json\x1B[22m\n' +
        '\x1B[2m    - content-length: 1880\x1B[22m\n',
      stack: 'Error: apiRequestContext.post: connect ECONNREFUSED 127.0.0.1:8000\n' +
        'Call log:\n' +
        '\x1B[2m  - → POST http://127.0.0.1:8000/api/v1/settings/user/settings\x1B[22m\n' +
        '\x1B[2m    - user-agent: Mozilla/5.0 (Macintosh; Intel Mac OS X 10_15_7) AppleWebKit/537.36 (KHTML, like Gecko) HeadlessChrome/153.0.8010.12 Safari/537.36\x1B[22m\n' +
        '\x1B[2m    - accept: */*\x1B[22m\n' +
        '\x1B[2m    - accept-encoding: gzip,deflate,br\x1B[22m\n' +
        '\x1B[2m    - X-User-Id: haewon.kim\x1B[22m\n' +
        '\x1B[2m    - X-Tenant-Id: 1\x1B[22m\n' +
        '\x1B[2m    - content-type: application/json\x1B[22m\n' +
        '\x1B[2m    - content-length: 1880\x1B[22m\n' +
        '\n' +
        '    at resetBrowserState (/Users/haewonkim/.codex-fabric/worktrees/CF-636cebcd88631ae64e47fa3c/frontend/tests/helpers/sysgrid.ts:126:24)\n' +
        '    at /Users/haewonkim/.codex-fabric/worktrees/CF-636cebcd88631ae64e47fa3c/frontend/tests/resilience/projects-chaos.spec.ts:11:9',
      cause: undefined
    }
  }
}
[ChaosController] Kill Switch: Disabling all chaos tools.
  ✘  164 tests/resilience/projects-chaos.spec.ts:10:1 › Projects task update resilience: Network Stall + Rapid Interaction (186ms)
(node:85501) Warning: The 'NO_COLOR' env is ignored due to the 'FORCE_COLOR' env being set.
(Use `node --trace-warnings ...` to show where the warning was created)
[ChaosController] Registered: interaction-chaos
[ChaosController] Registered: network-chaos
Failed to clear backend settings: apiRequestContext.post: connect ECONNREFUSED 127.0.0.1:8000
Call log:
  - → POST http://127.0.0.1:8000/api/v1/settings/user/settings
    - user-agent: Mozilla/5.0 (Macintosh; Intel Mac OS X 10_15_7) AppleWebKit/537.36 (KHTML, like Gecko) HeadlessChrome/153.0.8010.12 Safari/537.36
    - accept: */*
    - accept-encoding: gzip,deflate,br
    - X-User-Id: haewon.kim
    - X-Tenant-Id: 1
    - content-type: application/json
    - content-length: 1880

    at resetBrowserState (/Users/haewonkim/.codex-fabric/worktrees/CF-636cebcd88631ae64e47fa3c/frontend/tests/helpers/sysgrid.ts:126:24)
    at /Users/haewonkim/.codex-fabric/worktrees/CF-636cebcd88631ae64e47fa3c/frontend/tests/resilience/services-chaos.spec.ts:9:9 {
  log: [
    '  - → POST http://127.0.0.1:8000/api/v1/settings/user/settings',
    '    - user-agent: Mozilla/5.0 (Macintosh; Intel Mac OS X 10_15_7) AppleWebKit/537.36 (KHTML, like Gecko) HeadlessChrome/153.0.8010.12 Safari/537.36',
    '    - accept: */*',
    '    - accept-encoding: gzip,deflate,br',
    '    - X-User-Id: haewon.kim',
    '    - X-Tenant-Id: 1',
    '    - content-type: application/json',
    '    - content-length: 1880'
  ],
  name: 'Error',
  [Symbol(step)]: {
    location: {
      file: '/Users/haewonkim/.codex-fabric/worktrees/CF-636cebcd88631ae64e47fa3c/frontend/tests/helpers/sysgrid.ts',
      line: 126,
      column: 24,
      function: 'resetBrowserState'
    },
    category: 'pw:api',
    title: 'POST',
    subtitle: '127.0.0.1:8000/api/v1/settings/user/settings',
    params: {
      url: 'http://127.0.0.1:8000/api/v1/settings/user/settings',
      method: 'POST'
    },
    group: undefined,
    stepId: 'pw:api@44',
    boxedStack: undefined,
    steps: [],
    attachmentIndices: [],
    info: TestStepInfoImpl {
      annotations: [],
      _testInfo: [TestInfoImpl],
      _stepId: 'pw:api@44',
      _title: 'POST',
      _parentStep: undefined,
      skip: [Function (anonymous)]
    },
    complete: [Function: complete],
    endWallTime: 1789758742695,
    error: {
      message: 'Error: apiRequestContext.post: connect ECONNREFUSED 127.0.0.1:8000\n' +
        'Call log:\n' +
        '\x1B[2m  - → POST http://127.0.0.1:8000/api/v1/settings/user/settings\x1B[22m\n' +
        '\x1B[2m    - user-agent: Mozilla/5.0 (Macintosh; Intel Mac OS X 10_15_7) AppleWebKit/537.36 (KHTML, like Gecko) HeadlessChrome/153.0.8010.12 Safari/537.36\x1B[22m\n' +
        '\x1B[2m    - accept: */*\x1B[22m\n' +
        '\x1B[2m    - accept-encoding: gzip,deflate,br\x1B[22m\n' +
        '\x1B[2m    - X-User-Id: haewon.kim\x1B[22m\n' +
        '\x1B[2m    - X-Tenant-Id: 1\x1B[22m\n' +
        '\x1B[2m    - content-type: application/json\x1B[22m\n' +
        '\x1B[2m    - content-length: 1880\x1B[22m\n',
      stack: 'Error: apiRequestContext.post: connect ECONNREFUSED 127.0.0.1:8000\n' +
        'Call log:\n' +
        '\x1B[2m  - → POST http://127.0.0.1:8000/api/v1/settings/user/settings\x1B[22m\n' +
        '\x1B[2m    - user-agent: Mozilla/5.0 (Macintosh; Intel Mac OS X 10_15_7) AppleWebKit/537.36 (KHTML, like Gecko) HeadlessChrome/153.0.8010.12 Safari/537.36\x1B[22m\n' +
        '\x1B[2m    - accept: */*\x1B[22m\n' +
        '\x1B[2m    - accept-encoding: gzip,deflate,br\x1B[22m\n' +
        '\x1B[2m    - X-User-Id: haewon.kim\x1B[22m\n' +
        '\x1B[2m    - X-Tenant-Id: 1\x1B[22m\n' +
        '\x1B[2m    - content-type: application/json\x1B[22m\n' +
        '\x1B[2m    - content-length: 1880\x1B[22m\n' +
        '\n' +
        '    at resetBrowserState (/Users/haewonkim/.codex-fabric/worktrees/CF-636cebcd88631ae64e47fa3c/frontend/tests/helpers/sysgrid.ts:126:24)\n' +
        '    at /Users/haewonkim/.codex-fabric/worktrees/CF-636cebcd88631ae64e47fa3c/frontend/tests/resilience/services-chaos.spec.ts:9:9',
      cause: undefined
    }
  }
}
[ChaosController] Kill Switch: Disabling all chaos tools.
  ✘  165 tests/resilience/services-chaos.spec.ts:8:1 › Service registration resilience: Network Stall + Rapid Interaction (178ms)
(node:85537) Warning: The 'NO_COLOR' env is ignored due to the 'FORCE_COLOR' env being set.
(Use `node --trace-warnings ...` to show where the warning was created)
Failed to clear backend settings: apiRequestContext.post: connect ECONNREFUSED 127.0.0.1:8000
Call log:
  - → POST http://127.0.0.1:8000/api/v1/settings/user/settings
    - user-agent: Mozilla/5.0 (Macintosh; Intel Mac OS X 10_15_7) AppleWebKit/537.36 (KHTML, like Gecko) HeadlessChrome/153.0.8010.12 Safari/537.36
    - accept: */*
    - accept-encoding: gzip,deflate,br
    - X-User-Id: haewon.kim
    - X-Tenant-Id: 1
    - content-type: application/json
    - content-length: 1880

    at resetBrowserState (/Users/haewonkim/.codex-fabric/worktrees/CF-636cebcd88631ae64e47fa3c/frontend/tests/helpers/sysgrid.ts:126:24)
    at /Users/haewonkim/.codex-fabric/worktrees/CF-636cebcd88631ae64e47fa3c/frontend/tests/sentinel_comprehensive.spec.ts:22:11 {
  log: [
    '  - → POST http://127.0.0.1:8000/api/v1/settings/user/settings',
    '    - user-agent: Mozilla/5.0 (Macintosh; Intel Mac OS X 10_15_7) AppleWebKit/537.36 (KHTML, like Gecko) HeadlessChrome/153.0.8010.12 Safari/537.36',
    '    - accept: */*',
    '    - accept-encoding: gzip,deflate,br',
    '    - X-User-Id: haewon.kim',
    '    - X-Tenant-Id: 1',
    '    - content-type: application/json',
    '    - content-length: 1880'
  ],
  name: 'Error',
  [Symbol(step)]: {
    location: {
      file: '/Users/haewonkim/.codex-fabric/worktrees/CF-636cebcd88631ae64e47fa3c/frontend/tests/helpers/sysgrid.ts',
      line: 126,
      column: 24,
      function: 'resetBrowserState'
    },
    category: 'pw:api',
    title: 'POST',
    subtitle: '127.0.0.1:8000/api/v1/settings/user/settings',
    params: {
      url: 'http://127.0.0.1:8000/api/v1/settings/user/settings',
      method: 'POST'
    },
    group: undefined,
    stepId: 'pw:api@42',
    boxedStack: undefined,
    steps: [],
    attachmentIndices: [],
    info: TestStepInfoImpl {
      annotations: [],
      _testInfo: [TestInfoImpl],
      _stepId: 'pw:api@42',
      _title: 'POST',
      _parentStep: [TestStepInfoImpl],
      skip: [Function (anonymous)]
    },
    complete: [Function: complete],
    endWallTime: 1789758743169,
    error: {
      message: 'Error: apiRequestContext.post: connect ECONNREFUSED 127.0.0.1:8000\n' +
        'Call log:\n' +
        '\x1B[2m  - → POST http://127.0.0.1:8000/api/v1/settings/user/settings\x1B[22m\n' +
        '\x1B[2m    - user-agent: Mozilla/5.0 (Macintosh; Intel Mac OS X 10_15_7) AppleWebKit/537.36 (KHTML, like Gecko) HeadlessChrome/153.0.8010.12 Safari/537.36\x1B[22m\n' +
        '\x1B[2m    - accept: */*\x1B[22m\n' +
        '\x1B[2m    - accept-encoding: gzip,deflate,br\x1B[22m\n' +
        '\x1B[2m    - X-User-Id: haewon.kim\x1B[22m\n' +
        '\x1B[2m    - X-Tenant-Id: 1\x1B[22m\n' +
        '\x1B[2m    - content-type: application/json\x1B[22m\n' +
        '\x1B[2m    - content-length: 1880\x1B[22m\n',
      stack: 'Error: apiRequestContext.post: connect ECONNREFUSED 127.0.0.1:8000\n' +
        'Call log:\n' +
        '\x1B[2m  - → POST http://127.0.0.1:8000/api/v1/settings/user/settings\x1B[22m\n' +
        '\x1B[2m    - user-agent: Mozilla/5.0 (Macintosh; Intel Mac OS X 10_15_7) AppleWebKit/537.36 (KHTML, like Gecko) HeadlessChrome/153.0.8010.12 Safari/537.36\x1B[22m\n' +
        '\x1B[2m    - accept: */*\x1B[22m\n' +
        '\x1B[2m    - accept-encoding: gzip,deflate,br\x1B[22m\n' +
        '\x1B[2m    - X-User-Id: haewon.kim\x1B[22m\n' +
        '\x1B[2m    - X-Tenant-Id: 1\x1B[22m\n' +
        '\x1B[2m    - content-type: application/json\x1B[22m\n' +
        '\x1B[2m    - content-length: 1880\x1B[22m\n' +
        '\n' +
        '    at resetBrowserState (/Users/haewonkim/.codex-fabric/worktrees/CF-636cebcd88631ae64e47fa3c/frontend/tests/helpers/sysgrid.ts:126:24)\n' +
        '    at /Users/haewonkim/.codex-fabric/worktrees/CF-636cebcd88631ae64e47fa3c/frontend/tests/sentinel_comprehensive.spec.ts:22:11',
      cause: undefined
    }
  }
}
  ✘  166 tests/sentinel_comprehensive.spec.ts:34:5 › System Sentinel (Zero-Tolerance Coverage - Comprehensive) › Comprehensive Check: Dashboard loads and template is compliant (159ms)
(node:85546) Warning: The 'NO_COLOR' env is ignored due to the 'FORCE_COLOR' env being set.
(Use `node --trace-warnings ...` to show where the warning was created)
Failed to clear backend settings: apiRequestContext.post: connect ECONNREFUSED 127.0.0.1:8000
Call log:
  - → POST http://127.0.0.1:8000/api/v1/settings/user/settings
    - user-agent: Mozilla/5.0 (Macintosh; Intel Mac OS X 10_15_7) AppleWebKit/537.36 (KHTML, like Gecko) HeadlessChrome/153.0.8010.12 Safari/537.36
    - accept: */*
    - accept-encoding: gzip,deflate,br
    - X-User-Id: haewon.kim
    - X-Tenant-Id: 1
    - content-type: application/json
    - content-length: 1880

    at resetBrowserState (/Users/haewonkim/.codex-fabric/worktrees/CF-636cebcd88631ae64e47fa3c/frontend/tests/helpers/sysgrid.ts:126:24)
    at /Users/haewonkim/.codex-fabric/worktrees/CF-636cebcd88631ae64e47fa3c/frontend/tests/sentinel_comprehensive.spec.ts:22:11 {
  log: [
    '  - → POST http://127.0.0.1:8000/api/v1/settings/user/settings',
    '    - user-agent: Mozilla/5.0 (Macintosh; Intel Mac OS X 10_15_7) AppleWebKit/537.36 (KHTML, like Gecko) HeadlessChrome/153.0.8010.12 Safari/537.36',
    '    - accept: */*',
    '    - accept-encoding: gzip,deflate,br',
    '    - X-User-Id: haewon.kim',
    '    - X-Tenant-Id: 1',
    '    - content-type: application/json',
    '    - content-length: 1880'
  ],
  name: 'Error',
  [Symbol(step)]: {
    location: {
      file: '/Users/haewonkim/.codex-fabric/worktrees/CF-636cebcd88631ae64e47fa3c/frontend/tests/helpers/sysgrid.ts',
      line: 126,
      column: 24,
      function: 'resetBrowserState'
    },
    category: 'pw:api',
    title: 'POST',
    subtitle: '127.0.0.1:8000/api/v1/settings/user/settings',
    params: {
      url: 'http://127.0.0.1:8000/api/v1/settings/user/settings',
      method: 'POST'
    },
    group: undefined,
    stepId: 'pw:api@42',
    boxedStack: undefined,
    steps: [],
    attachmentIndices: [],
    info: TestStepInfoImpl {
      annotations: [],
      _testInfo: [TestInfoImpl],
      _stepId: 'pw:api@42',
      _title: 'POST',
      _parentStep: [TestStepInfoImpl],
      skip: [Function (anonymous)]
    },
    complete: [Function: complete],
    endWallTime: 1789758743612,
    error: {
      message: 'Error: apiRequestContext.post: connect ECONNREFUSED 127.0.0.1:8000\n' +
        'Call log:\n' +
        '\x1B[2m  - → POST http://127.0.0.1:8000/api/v1/settings/user/settings\x1B[22m\n' +
        '\x1B[2m    - user-agent: Mozilla/5.0 (Macintosh; Intel Mac OS X 10_15_7) AppleWebKit/537.36 (KHTML, like Gecko) HeadlessChrome/153.0.8010.12 Safari/537.36\x1B[22m\n' +
        '\x1B[2m    - accept: */*\x1B[22m\n' +
        '\x1B[2m    - accept-encoding: gzip,deflate,br\x1B[22m\n' +
        '\x1B[2m    - X-User-Id: haewon.kim\x1B[22m\n' +
        '\x1B[2m    - X-Tenant-Id: 1\x1B[22m\n' +
        '\x1B[2m    - content-type: application/json\x1B[22m\n' +
        '\x1B[2m    - content-length: 1880\x1B[22m\n',
      stack: 'Error: apiRequestContext.post: connect ECONNREFUSED 127.0.0.1:8000\n' +
        'Call log:\n' +
        '\x1B[2m  - → POST http://127.0.0.1:8000/api/v1/settings/user/settings\x1B[22m\n' +
        '\x1B[2m    - user-agent: Mozilla/5.0 (Macintosh; Intel Mac OS X 10_15_7) AppleWebKit/537.36 (KHTML, like Gecko) HeadlessChrome/153.0.8010.12 Safari/537.36\x1B[22m\n' +
        '\x1B[2m    - accept: */*\x1B[22m\n' +
        '\x1B[2m    - accept-encoding: gzip,deflate,br\x1B[22m\n' +
        '\x1B[2m    - X-User-Id: haewon.kim\x1B[22m\n' +
        '\x1B[2m    - X-Tenant-Id: 1\x1B[22m\n' +
        '\x1B[2m    - content-type: application/json\x1B[22m\n' +
        '\x1B[2m    - content-length: 1880\x1B[22m\n' +
        '\n' +
        '    at resetBrowserState (/Users/haewonkim/.codex-fabric/worktrees/CF-636cebcd88631ae64e47fa3c/frontend/tests/helpers/sysgrid.ts:126:24)\n' +
        '    at /Users/haewonkim/.codex-fabric/worktrees/CF-636cebcd88631ae64e47fa3c/frontend/tests/sentinel_comprehensive.spec.ts:22:11',
      cause: undefined
    }
  }
}
  ✘  167 tests/sentinel_comprehensive.spec.ts:34:5 › System Sentinel (Zero-Tolerance Coverage - Comprehensive) › Comprehensive Check: Monitoring loads and template is compliant (158ms)
(node:85556) Warning: The 'NO_COLOR' env is ignored due to the 'FORCE_COLOR' env being set.
(Use `node --trace-warnings ...` to show where the warning was created)
Failed to clear backend settings: apiRequestContext.post: connect ECONNREFUSED 127.0.0.1:8000
Call log:
  - → POST http://127.0.0.1:8000/api/v1/settings/user/settings
    - user-agent: Mozilla/5.0 (Macintosh; Intel Mac OS X 10_15_7) AppleWebKit/537.36 (KHTML, like Gecko) HeadlessChrome/153.0.8010.12 Safari/537.36
    - accept: */*
    - accept-encoding: gzip,deflate,br
    - X-User-Id: haewon.kim
    - X-Tenant-Id: 1
    - content-type: application/json
    - content-length: 1880

    at resetBrowserState (/Users/haewonkim/.codex-fabric/worktrees/CF-636cebcd88631ae64e47fa3c/frontend/tests/helpers/sysgrid.ts:126:24)
    at /Users/haewonkim/.codex-fabric/worktrees/CF-636cebcd88631ae64e47fa3c/frontend/tests/sentinel_comprehensive.spec.ts:22:11 {
  log: [
    '  - → POST http://127.0.0.1:8000/api/v1/settings/user/settings',
    '    - user-agent: Mozilla/5.0 (Macintosh; Intel Mac OS X 10_15_7) AppleWebKit/537.36 (KHTML, like Gecko) HeadlessChrome/153.0.8010.12 Safari/537.36',
    '    - accept: */*',
    '    - accept-encoding: gzip,deflate,br',
    '    - X-User-Id: haewon.kim',
    '    - X-Tenant-Id: 1',
    '    - content-type: application/json',
    '    - content-length: 1880'
  ],
  name: 'Error',
  [Symbol(step)]: {
    location: {
      file: '/Users/haewonkim/.codex-fabric/worktrees/CF-636cebcd88631ae64e47fa3c/frontend/tests/helpers/sysgrid.ts',
      line: 126,
      column: 24,
      function: 'resetBrowserState'
    },
    category: 'pw:api',
    title: 'POST',
    subtitle: '127.0.0.1:8000/api/v1/settings/user/settings',
    params: {
      url: 'http://127.0.0.1:8000/api/v1/settings/user/settings',
      method: 'POST'
    },
    group: undefined,
    stepId: 'pw:api@42',
    boxedStack: undefined,
    steps: [],
    attachmentIndices: [],
    info: TestStepInfoImpl {
      annotations: [],
      _testInfo: [TestInfoImpl],
      _stepId: 'pw:api@42',
      _title: 'POST',
      _parentStep: [TestStepInfoImpl],
      skip: [Function (anonymous)]
    },
    complete: [Function: complete],
    endWallTime: 1789758744068,
    error: {
      message: 'Error: apiRequestContext.post: connect ECONNREFUSED 127.0.0.1:8000\n' +
        'Call log:\n' +
        '\x1B[2m  - → POST http://127.0.0.1:8000/api/v1/settings/user/settings\x1B[22m\n' +
        '\x1B[2m    - user-agent: Mozilla/5.0 (Macintosh; Intel Mac OS X 10_15_7) AppleWebKit/537.36 (KHTML, like Gecko) HeadlessChrome/153.0.8010.12 Safari/537.36\x1B[22m\n' +
        '\x1B[2m    - accept: */*\x1B[22m\n' +
        '\x1B[2m    - accept-encoding: gzip,deflate,br\x1B[22m\n' +
        '\x1B[2m    - X-User-Id: haewon.kim\x1B[22m\n' +
        '\x1B[2m    - X-Tenant-Id: 1\x1B[22m\n' +
        '\x1B[2m    - content-type: application/json\x1B[22m\n' +
        '\x1B[2m    - content-length: 1880\x1B[22m\n',
      stack: 'Error: apiRequestContext.post: connect ECONNREFUSED 127.0.0.1:8000\n' +
        'Call log:\n' +
        '\x1B[2m  - → POST http://127.0.0.1:8000/api/v1/settings/user/settings\x1B[22m\n' +
        '\x1B[2m    - user-agent: Mozilla/5.0 (Macintosh; Intel Mac OS X 10_15_7) AppleWebKit/537.36 (KHTML, like Gecko) HeadlessChrome/153.0.8010.12 Safari/537.36\x1B[22m\n' +
        '\x1B[2m    - accept: */*\x1B[22m\n' +
        '\x1B[2m    - accept-encoding: gzip,deflate,br\x1B[22m\n' +
        '\x1B[2m    - X-User-Id: haewon.kim\x1B[22m\n' +
        '\x1B[2m    - X-Tenant-Id: 1\x1B[22m\n' +
        '\x1B[2m    - content-type: application/json\x1B[22m\n' +
        '\x1B[2m    - content-length: 1880\x1B[22m\n' +
        '\n' +
        '    at resetBrowserState (/Users/haewonkim/.codex-fabric/worktrees/CF-636cebcd88631ae64e47fa3c/frontend/tests/helpers/sysgrid.ts:126:24)\n' +
        '    at /Users/haewonkim/.codex-fabric/worktrees/CF-636cebcd88631ae64e47fa3c/frontend/tests/sentinel_comprehensive.spec.ts:22:11',
      cause: undefined
    }
  }
}
  ✘  168 tests/sentinel_comprehensive.spec.ts:34:5 › System Sentinel (Zero-Tolerance Coverage - Comprehensive) › Comprehensive Check: Assets loads and template is compliant (157ms)
(node:85580) Warning: The 'NO_COLOR' env is ignored due to the 'FORCE_COLOR' env being set.
(Use `node --trace-warnings ...` to show where the warning was created)
Failed to clear backend settings: apiRequestContext.post: connect ECONNREFUSED 127.0.0.1:8000
Call log:
  - → POST http://127.0.0.1:8000/api/v1/settings/user/settings
    - user-agent: Mozilla/5.0 (Macintosh; Intel Mac OS X 10_15_7) AppleWebKit/537.36 (KHTML, like Gecko) HeadlessChrome/153.0.8010.12 Safari/537.36
    - accept: */*
    - accept-encoding: gzip,deflate,br
    - X-User-Id: haewon.kim
    - X-Tenant-Id: 1
    - content-type: application/json
    - content-length: 1880

    at resetBrowserState (/Users/haewonkim/.codex-fabric/worktrees/CF-636cebcd88631ae64e47fa3c/frontend/tests/helpers/sysgrid.ts:126:24)
    at /Users/haewonkim/.codex-fabric/worktrees/CF-636cebcd88631ae64e47fa3c/frontend/tests/sentinel_comprehensive.spec.ts:22:11 {
  log: [
    '  - → POST http://127.0.0.1:8000/api/v1/settings/user/settings',
    '    - user-agent: Mozilla/5.0 (Macintosh; Intel Mac OS X 10_15_7) AppleWebKit/537.36 (KHTML, like Gecko) HeadlessChrome/153.0.8010.12 Safari/537.36',
    '    - accept: */*',
    '    - accept-encoding: gzip,deflate,br',
    '    - X-User-Id: haewon.kim',
    '    - X-Tenant-Id: 1',
    '    - content-type: application/json',
    '    - content-length: 1880'
  ],
  name: 'Error',
  [Symbol(step)]: {
    location: {
      file: '/Users/haewonkim/.codex-fabric/worktrees/CF-636cebcd88631ae64e47fa3c/frontend/tests/helpers/sysgrid.ts',
      line: 126,
      column: 24,
      function: 'resetBrowserState'
    },
    category: 'pw:api',
    title: 'POST',
    subtitle: '127.0.0.1:8000/api/v1/settings/user/settings',
    params: {
      url: 'http://127.0.0.1:8000/api/v1/settings/user/settings',
      method: 'POST'
    },
    group: undefined,
    stepId: 'pw:api@42',
    boxedStack: undefined,
    steps: [],
    attachmentIndices: [],
    info: TestStepInfoImpl {
      annotations: [],
      _testInfo: [TestInfoImpl],
      _stepId: 'pw:api@42',
      _title: 'POST',
      _parentStep: [TestStepInfoImpl],
      skip: [Function (anonymous)]
    },
    complete: [Function: complete],
    endWallTime: 1789758744520,
    error: {
      message: 'Error: apiRequestContext.post: connect ECONNREFUSED 127.0.0.1:8000\n' +
        'Call log:\n' +
        '\x1B[2m  - → POST http://127.0.0.1:8000/api/v1/settings/user/settings\x1B[22m\n' +
        '\x1B[2m    - user-agent: Mozilla/5.0 (Macintosh; Intel Mac OS X 10_15_7) AppleWebKit/537.36 (KHTML, like Gecko) HeadlessChrome/153.0.8010.12 Safari/537.36\x1B[22m\n' +
        '\x1B[2m    - accept: */*\x1B[22m\n' +
        '\x1B[2m    - accept-encoding: gzip,deflate,br\x1B[22m\n' +
        '\x1B[2m    - X-User-Id: haewon.kim\x1B[22m\n' +
        '\x1B[2m    - X-Tenant-Id: 1\x1B[22m\n' +
        '\x1B[2m    - content-type: application/json\x1B[22m\n' +
        '\x1B[2m    - content-length: 1880\x1B[22m\n',
      stack: 'Error: apiRequestContext.post: connect ECONNREFUSED 127.0.0.1:8000\n' +
        'Call log:\n' +
        '\x1B[2m  - → POST http://127.0.0.1:8000/api/v1/settings/user/settings\x1B[22m\n' +
        '\x1B[2m    - user-agent: Mozilla/5.0 (Macintosh; Intel Mac OS X 10_15_7) AppleWebKit/537.36 (KHTML, like Gecko) HeadlessChrome/153.0.8010.12 Safari/537.36\x1B[22m\n' +
        '\x1B[2m    - accept: */*\x1B[22m\n' +
        '\x1B[2m    - accept-encoding: gzip,deflate,br\x1B[22m\n' +
        '\x1B[2m    - X-User-Id: haewon.kim\x1B[22m\n' +
        '\x1B[2m    - X-Tenant-Id: 1\x1B[22m\n' +
        '\x1B[2m    - content-type: application/json\x1B[22m\n' +
        '\x1B[2m    - content-length: 1880\x1B[22m\n' +
        '\n' +
        '    at resetBrowserState (/Users/haewonkim/.codex-fabric/worktrees/CF-636cebcd88631ae64e47fa3c/frontend/tests/helpers/sysgrid.ts:126:24)\n' +
        '    at /Users/haewonkim/.codex-fabric/worktrees/CF-636cebcd88631ae64e47fa3c/frontend/tests/sentinel_comprehensive.spec.ts:22:11',
      cause: undefined
    }
  }
}
  ✘  169 tests/sentinel_comprehensive.spec.ts:34:5 › System Sentinel (Zero-Tolerance Coverage - Comprehensive) › Comprehensive Check: Projects loads and template is compliant (161ms)
(node:85596) Warning: The 'NO_COLOR' env is ignored due to the 'FORCE_COLOR' env being set.
(Use `node --trace-warnings ...` to show where the warning was created)
Failed to clear backend settings: apiRequestContext.post: connect ECONNREFUSED 127.0.0.1:8000
Call log:
  - → POST http://127.0.0.1:8000/api/v1/settings/user/settings
    - user-agent: Mozilla/5.0 (Macintosh; Intel Mac OS X 10_15_7) AppleWebKit/537.36 (KHTML, like Gecko) HeadlessChrome/153.0.8010.12 Safari/537.36
    - accept: */*
    - accept-encoding: gzip,deflate,br
    - X-User-Id: haewon.kim
    - X-Tenant-Id: 1
    - content-type: application/json
    - content-length: 1880

    at resetBrowserState (/Users/haewonkim/.codex-fabric/worktrees/CF-636cebcd88631ae64e47fa3c/frontend/tests/helpers/sysgrid.ts:126:24)
    at /Users/haewonkim/.codex-fabric/worktrees/CF-636cebcd88631ae64e47fa3c/frontend/tests/sentinel_comprehensive.spec.ts:22:11 {
  log: [
    '  - → POST http://127.0.0.1:8000/api/v1/settings/user/settings',
    '    - user-agent: Mozilla/5.0 (Macintosh; Intel Mac OS X 10_15_7) AppleWebKit/537.36 (KHTML, like Gecko) HeadlessChrome/153.0.8010.12 Safari/537.36',
    '    - accept: */*',
    '    - accept-encoding: gzip,deflate,br',
    '    - X-User-Id: haewon.kim',
    '    - X-Tenant-Id: 1',
    '    - content-type: application/json',
    '    - content-length: 1880'
  ],
  name: 'Error',
  [Symbol(step)]: {
    location: {
      file: '/Users/haewonkim/.codex-fabric/worktrees/CF-636cebcd88631ae64e47fa3c/frontend/tests/helpers/sysgrid.ts',
      line: 126,
      column: 24,
      function: 'resetBrowserState'
    },
    category: 'pw:api',
    title: 'POST',
    subtitle: '127.0.0.1:8000/api/v1/settings/user/settings',
    params: {
      url: 'http://127.0.0.1:8000/api/v1/settings/user/settings',
      method: 'POST'
    },
    group: undefined,
    stepId: 'pw:api@42',
    boxedStack: undefined,
    steps: [],
    attachmentIndices: [],
    info: TestStepInfoImpl {
      annotations: [],
      _testInfo: [TestInfoImpl],
      _stepId: 'pw:api@42',
      _title: 'POST',
      _parentStep: [TestStepInfoImpl],
      skip: [Function (anonymous)]
    },
    complete: [Function: complete],
    endWallTime: 1789758744977,
    error: {
      message: 'Error: apiRequestContext.post: connect ECONNREFUSED 127.0.0.1:8000\n' +
        'Call log:\n' +
        '\x1B[2m  - → POST http://127.0.0.1:8000/api/v1/settings/user/settings\x1B[22m\n' +
        '\x1B[2m    - user-agent: Mozilla/5.0 (Macintosh; Intel Mac OS X 10_15_7) AppleWebKit/537.36 (KHTML, like Gecko) HeadlessChrome/153.0.8010.12 Safari/537.36\x1B[22m\n' +
        '\x1B[2m    - accept: */*\x1B[22m\n' +
        '\x1B[2m    - accept-encoding: gzip,deflate,br\x1B[22m\n' +
        '\x1B[2m    - X-User-Id: haewon.kim\x1B[22m\n' +
        '\x1B[2m    - X-Tenant-Id: 1\x1B[22m\n' +
        '\x1B[2m    - content-type: application/json\x1B[22m\n' +
        '\x1B[2m    - content-length: 1880\x1B[22m\n',
      stack: 'Error: apiRequestContext.post: connect ECONNREFUSED 127.0.0.1:8000\n' +
        'Call log:\n' +
        '\x1B[2m  - → POST http://127.0.0.1:8000/api/v1/settings/user/settings\x1B[22m\n' +
        '\x1B[2m    - user-agent: Mozilla/5.0 (Macintosh; Intel Mac OS X 10_15_7) AppleWebKit/537.36 (KHTML, like Gecko) HeadlessChrome/153.0.8010.12 Safari/537.36\x1B[22m\n' +
        '\x1B[2m    - accept: */*\x1B[22m\n' +
        '\x1B[2m    - accept-encoding: gzip,deflate,br\x1B[22m\n' +
        '\x1B[2m    - X-User-Id: haewon.kim\x1B[22m\n' +
        '\x1B[2m    - X-Tenant-Id: 1\x1B[22m\n' +
        '\x1B[2m    - content-type: application/json\x1B[22m\n' +
        '\x1B[2m    - content-length: 1880\x1B[22m\n' +
        '\n' +
        '    at resetBrowserState (/Users/haewonkim/.codex-fabric/worktrees/CF-636cebcd88631ae64e47fa3c/frontend/tests/helpers/sysgrid.ts:126:24)\n' +
        '    at /Users/haewonkim/.codex-fabric/worktrees/CF-636cebcd88631ae64e47fa3c/frontend/tests/sentinel_comprehensive.spec.ts:22:11',
      cause: undefined
    }
  }
}
  ✘  170 tests/sentinel_comprehensive.spec.ts:34:5 › System Sentinel (Zero-Tolerance Coverage - Comprehensive) › Comprehensive Check: Settings loads and template is compliant (161ms)
(node:85669) Warning: The 'NO_COLOR' env is ignored due to the 'FORCE_COLOR' env being set.
(Use `node --trace-warnings ...` to show where the warning was created)
  ✘  171 tests/sentinel_smoke.spec.ts:31:5 › System Sentinel (Zero-Tolerance Coverage) › Integrity Check: Dashboard loads and template is compliant (154ms)
(node:85760) Warning: The 'NO_COLOR' env is ignored due to the 'FORCE_COLOR' env being set.
(Use `node --trace-warnings ...` to show where the warning was created)
  ✘  172 tests/sentinel_smoke.spec.ts:31:5 › System Sentinel (Zero-Tolerance Coverage) › Integrity Check: Monitoring loads and template is compliant (156ms)
(node:85821) Warning: The 'NO_COLOR' env is ignored due to the 'FORCE_COLOR' env being set.
(Use `node --trace-warnings ...` to show where the warning was created)
  ✘  173 tests/sentinel_smoke.spec.ts:31:5 › System Sentinel (Zero-Tolerance Coverage) › Integrity Check: Assets loads and template is compliant (155ms)
(node:85899) Warning: The 'NO_COLOR' env is ignored due to the 'FORCE_COLOR' env being set.
(Use `node --trace-warnings ...` to show where the warning was created)
  ✘  174 tests/sentinel_smoke.spec.ts:31:5 › System Sentinel (Zero-Tolerance Coverage) › Integrity Check: Projects loads and template is compliant (157ms)
(node:85984) Warning: The 'NO_COLOR' env is ignored due to the 'FORCE_COLOR' env being set.
(Use `node --trace-warnings ...` to show where the warning was created)
  ✘  175 tests/sentinel_smoke.spec.ts:31:5 › System Sentinel (Zero-Tolerance Coverage) › Integrity Check: Settings loads and template is compliant (154ms)
(node:86070) Warning: The 'NO_COLOR' env is ignored due to the 'FORCE_COLOR' env being set.
(Use `node --trace-warnings ...` to show where the warning was created)
  ✘  176 tests/sentinel_smoke.spec.ts:42:3 › System Sentinel (Zero-Tolerance Coverage) › Monitoring View: Golden Template Deep Link & Share Integrity (154ms)
(node:86117) Warning: The 'NO_COLOR' env is ignored due to the 'FORCE_COLOR' env being set.
(Use `node --trace-warnings ...` to show where the warning was created)
Failed to clear backend settings: apiRequestContext.post: connect ECONNREFUSED 127.0.0.1:8000
Call log:
  - → POST http://127.0.0.1:8000/api/v1/settings/user/settings
    - user-agent: Mozilla/5.0 (Macintosh; Intel Mac OS X 10_15_7) AppleWebKit/537.36 (KHTML, like Gecko) HeadlessChrome/153.0.8010.12 Safari/537.36
    - accept: */*
    - accept-encoding: gzip,deflate,br
    - X-User-Id: haewon.kim
    - X-Tenant-Id: 1
    - content-type: application/json
    - content-length: 1880

    at resetBrowserState (/Users/haewonkim/.codex-fabric/worktrees/CF-636cebcd88631ae64e47fa3c/frontend/tests/helpers/sysgrid.ts:126:24)
    at /Users/haewonkim/.codex-fabric/worktrees/CF-636cebcd88631ae64e47fa3c/frontend/tests/service-workflows.spec.ts:10:11 {
  log: [
    '  - → POST http://127.0.0.1:8000/api/v1/settings/user/settings',
    '    - user-agent: Mozilla/5.0 (Macintosh; Intel Mac OS X 10_15_7) AppleWebKit/537.36 (KHTML, like Gecko) HeadlessChrome/153.0.8010.12 Safari/537.36',
    '    - accept: */*',
    '    - accept-encoding: gzip,deflate,br',
    '    - X-User-Id: haewon.kim',
    '    - X-Tenant-Id: 1',
    '    - content-type: application/json',
    '    - content-length: 1880'
  ],
  name: 'Error',
  [Symbol(step)]: {
    location: {
      file: '/Users/haewonkim/.codex-fabric/worktrees/CF-636cebcd88631ae64e47fa3c/frontend/tests/helpers/sysgrid.ts',
      line: 126,
      column: 24,
      function: 'resetBrowserState'
    },
    category: 'pw:api',
    title: 'POST',
    subtitle: '127.0.0.1:8000/api/v1/settings/user/settings',
    params: {
      url: 'http://127.0.0.1:8000/api/v1/settings/user/settings',
      method: 'POST'
    },
    group: undefined,
    stepId: 'pw:api@44',
    boxedStack: undefined,
    steps: [],
    attachmentIndices: [],
    info: TestStepInfoImpl {
      annotations: [],
      _testInfo: [TestInfoImpl],
      _stepId: 'pw:api@44',
      _title: 'POST',
      _parentStep: undefined,
      skip: [Function (anonymous)]
    },
    complete: [Function: complete],
    endWallTime: 1789758748267,
    error: {
      message: 'Error: apiRequestContext.post: connect ECONNREFUSED 127.0.0.1:8000\n' +
        'Call log:\n' +
        '\x1B[2m  - → POST http://127.0.0.1:8000/api/v1/settings/user/settings\x1B[22m\n' +
        '\x1B[2m    - user-agent: Mozilla/5.0 (Macintosh; Intel Mac OS X 10_15_7) AppleWebKit/537.36 (KHTML, like Gecko) HeadlessChrome/153.0.8010.12 Safari/537.36\x1B[22m\n' +
        '\x1B[2m    - accept: */*\x1B[22m\n' +
        '\x1B[2m    - accept-encoding: gzip,deflate,br\x1B[22m\n' +
        '\x1B[2m    - X-User-Id: haewon.kim\x1B[22m\n' +
        '\x1B[2m    - X-Tenant-Id: 1\x1B[22m\n' +
        '\x1B[2m    - content-type: application/json\x1B[22m\n' +
        '\x1B[2m    - content-length: 1880\x1B[22m\n',
      stack: 'Error: apiRequestContext.post: connect ECONNREFUSED 127.0.0.1:8000\n' +
        'Call log:\n' +
        '\x1B[2m  - → POST http://127.0.0.1:8000/api/v1/settings/user/settings\x1B[22m\n' +
        '\x1B[2m    - user-agent: Mozilla/5.0 (Macintosh; Intel Mac OS X 10_15_7) AppleWebKit/537.36 (KHTML, like Gecko) HeadlessChrome/153.0.8010.12 Safari/537.36\x1B[22m\n' +
        '\x1B[2m    - accept: */*\x1B[22m\n' +
        '\x1B[2m    - accept-encoding: gzip,deflate,br\x1B[22m\n' +
        '\x1B[2m    - X-User-Id: haewon.kim\x1B[22m\n' +
        '\x1B[2m    - X-Tenant-Id: 1\x1B[22m\n' +
        '\x1B[2m    - content-type: application/json\x1B[22m\n' +
        '\x1B[2m    - content-length: 1880\x1B[22m\n' +
        '\n' +
        '    at resetBrowserState (/Users/haewonkim/.codex-fabric/worktrees/CF-636cebcd88631ae64e47fa3c/frontend/tests/helpers/sysgrid.ts:126:24)\n' +
        '    at /Users/haewonkim/.codex-fabric/worktrees/CF-636cebcd88631ae64e47fa3c/frontend/tests/service-workflows.spec.ts:10:11',
      cause: undefined
    }
  }
}
  ✘  177 tests/service-workflows.spec.ts:9:3 › Service workflows › tolerates malformed metadata and clears deep-link state on close (192ms)
(node:86200) Warning: The 'NO_COLOR' env is ignored due to the 'FORCE_COLOR' env being set.
(Use `node --trace-warnings ...` to show where the warning was created)
Failed to clear backend settings: apiRequestContext.post: connect ECONNREFUSED 127.0.0.1:8000
Call log:
  - → POST http://127.0.0.1:8000/api/v1/settings/user/settings
    - user-agent: Mozilla/5.0 (Macintosh; Intel Mac OS X 10_15_7) AppleWebKit/537.36 (KHTML, like Gecko) HeadlessChrome/153.0.8010.12 Safari/537.36
    - accept: */*
    - accept-encoding: gzip,deflate,br
    - X-User-Id: haewon.kim
    - X-Tenant-Id: 1
    - content-type: application/json
    - content-length: 1880

    at resetBrowserState (/Users/haewonkim/.codex-fabric/worktrees/CF-636cebcd88631ae64e47fa3c/frontend/tests/helpers/sysgrid.ts:126:24)
    at /Users/haewonkim/.codex-fabric/worktrees/CF-636cebcd88631ae64e47fa3c/frontend/tests/settings-and-audit.spec.ts:10:11 {
  log: [
    '  - → POST http://127.0.0.1:8000/api/v1/settings/user/settings',
    '    - user-agent: Mozilla/5.0 (Macintosh; Intel Mac OS X 10_15_7) AppleWebKit/537.36 (KHTML, like Gecko) HeadlessChrome/153.0.8010.12 Safari/537.36',
    '    - accept: */*',
    '    - accept-encoding: gzip,deflate,br',
    '    - X-User-Id: haewon.kim',
    '    - X-Tenant-Id: 1',
    '    - content-type: application/json',
    '    - content-length: 1880'
  ],
  name: 'Error',
  [Symbol(step)]: {
    location: {
      file: '/Users/haewonkim/.codex-fabric/worktrees/CF-636cebcd88631ae64e47fa3c/frontend/tests/helpers/sysgrid.ts',
      line: 126,
      column: 24,
      function: 'resetBrowserState'
    },
    category: 'pw:api',
    title: 'POST',
    subtitle: '127.0.0.1:8000/api/v1/settings/user/settings',
    params: {
      url: 'http://127.0.0.1:8000/api/v1/settings/user/settings',
      method: 'POST'
    },
    group: undefined,
    stepId: 'pw:api@41',
    boxedStack: undefined,
    steps: [],
    attachmentIndices: [],
    info: TestStepInfoImpl {
      annotations: [],
      _testInfo: [TestInfoImpl],
      _stepId: 'pw:api@41',
      _title: 'POST',
      _parentStep: undefined,
      skip: [Function (anonymous)]
    },
    complete: [Function: complete],
    endWallTime: 1789758748763,
    error: {
      message: 'Error: apiRequestContext.post: connect ECONNREFUSED 127.0.0.1:8000\n' +
        'Call log:\n' +
        '\x1B[2m  - → POST http://127.0.0.1:8000/api/v1/settings/user/settings\x1B[22m\n' +
        '\x1B[2m    - user-agent: Mozilla/5.0 (Macintosh; Intel Mac OS X 10_15_7) AppleWebKit/537.36 (KHTML, like Gecko) HeadlessChrome/153.0.8010.12 Safari/537.36\x1B[22m\n' +
        '\x1B[2m    - accept: */*\x1B[22m\n' +
        '\x1B[2m    - accept-encoding: gzip,deflate,br\x1B[22m\n' +
        '\x1B[2m    - X-User-Id: haewon.kim\x1B[22m\n' +
        '\x1B[2m    - X-Tenant-Id: 1\x1B[22m\n' +
        '\x1B[2m    - content-type: application/json\x1B[22m\n' +
        '\x1B[2m    - content-length: 1880\x1B[22m\n',
      stack: 'Error: apiRequestContext.post: connect ECONNREFUSED 127.0.0.1:8000\n' +
        'Call log:\n' +
        '\x1B[2m  - → POST http://127.0.0.1:8000/api/v1/settings/user/settings\x1B[22m\n' +
        '\x1B[2m    - user-agent: Mozilla/5.0 (Macintosh; Intel Mac OS X 10_15_7) AppleWebKit/537.36 (KHTML, like Gecko) HeadlessChrome/153.0.8010.12 Safari/537.36\x1B[22m\n' +
        '\x1B[2m    - accept: */*\x1B[22m\n' +
        '\x1B[2m    - accept-encoding: gzip,deflate,br\x1B[22m\n' +
        '\x1B[2m    - X-User-Id: haewon.kim\x1B[22m\n' +
        '\x1B[2m    - X-Tenant-Id: 1\x1B[22m\n' +
        '\x1B[2m    - content-type: application/json\x1B[22m\n' +
        '\x1B[2m    - content-length: 1880\x1B[22m\n' +
        '\n' +
        '    at resetBrowserState (/Users/haewonkim/.codex-fabric/worktrees/CF-636cebcd88631ae64e47fa3c/frontend/tests/helpers/sysgrid.ts:126:24)\n' +
        '    at /Users/haewonkim/.codex-fabric/worktrees/CF-636cebcd88631ae64e47fa3c/frontend/tests/settings-and-audit.spec.ts:10:11',
      cause: undefined
    }
  }
}
  ✘  178 tests/settings-and-audit.spec.ts:9:3 › Settings and audit workflows › persists theme and loads major settings sections (187ms)
(node:86302) Warning: The 'NO_COLOR' env is ignored due to the 'FORCE_COLOR' env being set.
(Use `node --trace-warnings ...` to show where the warning was created)
Failed to clear backend settings: apiRequestContext.post: connect ECONNREFUSED 127.0.0.1:8000
Call log:
  - → POST http://127.0.0.1:8000/api/v1/settings/user/settings
    - user-agent: Mozilla/5.0 (Macintosh; Intel Mac OS X 10_15_7) AppleWebKit/537.36 (KHTML, like Gecko) HeadlessChrome/153.0.8010.12 Safari/537.36
    - accept: */*
    - accept-encoding: gzip,deflate,br
    - X-User-Id: haewon.kim
    - X-Tenant-Id: 1
    - content-type: application/json
    - content-length: 1880

    at resetBrowserState (/Users/haewonkim/.codex-fabric/worktrees/CF-636cebcd88631ae64e47fa3c/frontend/tests/helpers/sysgrid.ts:126:24)
    at /Users/haewonkim/.codex-fabric/worktrees/CF-636cebcd88631ae64e47fa3c/frontend/tests/settings-and-audit.spec.ts:33:11 {
  log: [
    '  - → POST http://127.0.0.1:8000/api/v1/settings/user/settings',
    '    - user-agent: Mozilla/5.0 (Macintosh; Intel Mac OS X 10_15_7) AppleWebKit/537.36 (KHTML, like Gecko) HeadlessChrome/153.0.8010.12 Safari/537.36',
    '    - accept: */*',
    '    - accept-encoding: gzip,deflate,br',
    '    - X-User-Id: haewon.kim',
    '    - X-Tenant-Id: 1',
    '    - content-type: application/json',
    '    - content-length: 1880'
  ],
  name: 'Error',
  [Symbol(step)]: {
    location: {
      file: '/Users/haewonkim/.codex-fabric/worktrees/CF-636cebcd88631ae64e47fa3c/frontend/tests/helpers/sysgrid.ts',
      line: 126,
      column: 24,
      function: 'resetBrowserState'
    },
    category: 'pw:api',
    title: 'POST',
    subtitle: '127.0.0.1:8000/api/v1/settings/user/settings',
    params: {
      url: 'http://127.0.0.1:8000/api/v1/settings/user/settings',
      method: 'POST'
    },
    group: undefined,
    stepId: 'pw:api@41',
    boxedStack: undefined,
    steps: [],
    attachmentIndices: [],
    info: TestStepInfoImpl {
      annotations: [],
      _testInfo: [TestInfoImpl],
      _stepId: 'pw:api@41',
      _title: 'POST',
      _parentStep: undefined,
      skip: [Function (anonymous)]
    },
    complete: [Function: complete],
    endWallTime: 1789758749269,
    error: {
      message: 'Error: apiRequestContext.post: connect ECONNREFUSED 127.0.0.1:8000\n' +
        'Call log:\n' +
        '\x1B[2m  - → POST http://127.0.0.1:8000/api/v1/settings/user/settings\x1B[22m\n' +
        '\x1B[2m    - user-agent: Mozilla/5.0 (Macintosh; Intel Mac OS X 10_15_7) AppleWebKit/537.36 (KHTML, like Gecko) HeadlessChrome/153.0.8010.12 Safari/537.36\x1B[22m\n' +
        '\x1B[2m    - accept: */*\x1B[22m\n' +
        '\x1B[2m    - accept-encoding: gzip,deflate,br\x1B[22m\n' +
        '\x1B[2m    - X-User-Id: haewon.kim\x1B[22m\n' +
        '\x1B[2m    - X-Tenant-Id: 1\x1B[22m\n' +
        '\x1B[2m    - content-type: application/json\x1B[22m\n' +
        '\x1B[2m    - content-length: 1880\x1B[22m\n',
      stack: 'Error: apiRequestContext.post: connect ECONNREFUSED 127.0.0.1:8000\n' +
        'Call log:\n' +
        '\x1B[2m  - → POST http://127.0.0.1:8000/api/v1/settings/user/settings\x1B[22m\n' +
        '\x1B[2m    - user-agent: Mozilla/5.0 (Macintosh; Intel Mac OS X 10_15_7) AppleWebKit/537.36 (KHTML, like Gecko) HeadlessChrome/153.0.8010.12 Safari/537.36\x1B[22m\n' +
        '\x1B[2m    - accept: */*\x1B[22m\n' +
        '\x1B[2m    - accept-encoding: gzip,deflate,br\x1B[22m\n' +
        '\x1B[2m    - X-User-Id: haewon.kim\x1B[22m\n' +
        '\x1B[2m    - X-Tenant-Id: 1\x1B[22m\n' +
        '\x1B[2m    - content-type: application/json\x1B[22m\n' +
        '\x1B[2m    - content-length: 1880\x1B[22m\n' +
        '\n' +
        '    at resetBrowserState (/Users/haewonkim/.codex-fabric/worktrees/CF-636cebcd88631ae64e47fa3c/frontend/tests/helpers/sysgrid.ts:126:24)\n' +
        '    at /Users/haewonkim/.codex-fabric/worktrees/CF-636cebcd88631ae64e47fa3c/frontend/tests/settings-and-audit.spec.ts:33:11',
      cause: undefined
    }
  }
}
  ✘  179 tests/settings-and-audit.spec.ts:32:3 › Settings and audit workflows › filters operators and keeps tenant input after a failed create attempt (187ms)
(node:86397) Warning: The 'NO_COLOR' env is ignored due to the 'FORCE_COLOR' env being set.
(Use `node --trace-warnings ...` to show where the warning was created)
Failed to clear backend settings: apiRequestContext.post: connect ECONNREFUSED 127.0.0.1:8000
Call log:
  - → POST http://127.0.0.1:8000/api/v1/settings/user/settings
    - user-agent: Mozilla/5.0 (Macintosh; Intel Mac OS X 10_15_7) AppleWebKit/537.36 (KHTML, like Gecko) HeadlessChrome/153.0.8010.12 Safari/537.36
    - accept: */*
    - accept-encoding: gzip,deflate,br
    - X-User-Id: haewon.kim
    - X-Tenant-Id: 1
    - content-type: application/json
    - content-length: 1880

    at resetBrowserState (/Users/haewonkim/.codex-fabric/worktrees/CF-636cebcd88631ae64e47fa3c/frontend/tests/helpers/sysgrid.ts:126:24)
    at /Users/haewonkim/.codex-fabric/worktrees/CF-636cebcd88631ae64e47fa3c/frontend/tests/settings-and-audit.spec.ts:62:11 {
  log: [
    '  - → POST http://127.0.0.1:8000/api/v1/settings/user/settings',
    '    - user-agent: Mozilla/5.0 (Macintosh; Intel Mac OS X 10_15_7) AppleWebKit/537.36 (KHTML, like Gecko) HeadlessChrome/153.0.8010.12 Safari/537.36',
    '    - accept: */*',
    '    - accept-encoding: gzip,deflate,br',
    '    - X-User-Id: haewon.kim',
    '    - X-Tenant-Id: 1',
    '    - content-type: application/json',
    '    - content-length: 1880'
  ],
  name: 'Error',
  [Symbol(step)]: {
    location: {
      file: '/Users/haewonkim/.codex-fabric/worktrees/CF-636cebcd88631ae64e47fa3c/frontend/tests/helpers/sysgrid.ts',
      line: 126,
      column: 24,
      function: 'resetBrowserState'
    },
    category: 'pw:api',
    title: 'POST',
    subtitle: '127.0.0.1:8000/api/v1/settings/user/settings',
    params: {
      url: 'http://127.0.0.1:8000/api/v1/settings/user/settings',
      method: 'POST'
    },
    group: undefined,
    stepId: 'pw:api@44',
    boxedStack: undefined,
    steps: [],
    attachmentIndices: [],
    info: TestStepInfoImpl {
      annotations: [],
      _testInfo: [TestInfoImpl],
      _stepId: 'pw:api@44',
      _title: 'POST',
      _parentStep: undefined,
      skip: [Function (anonymous)]
    },
    complete: [Function: complete],
    endWallTime: 1789758749770,
    error: {
      message: 'Error: apiRequestContext.post: connect ECONNREFUSED 127.0.0.1:8000\n' +
        'Call log:\n' +
        '\x1B[2m  - → POST http://127.0.0.1:8000/api/v1/settings/user/settings\x1B[22m\n' +
        '\x1B[2m    - user-agent: Mozilla/5.0 (Macintosh; Intel Mac OS X 10_15_7) AppleWebKit/537.36 (KHTML, like Gecko) HeadlessChrome/153.0.8010.12 Safari/537.36\x1B[22m\n' +
        '\x1B[2m    - accept: */*\x1B[22m\n' +
        '\x1B[2m    - accept-encoding: gzip,deflate,br\x1B[22m\n' +
        '\x1B[2m    - X-User-Id: haewon.kim\x1B[22m\n' +
        '\x1B[2m    - X-Tenant-Id: 1\x1B[22m\n' +
        '\x1B[2m    - content-type: application/json\x1B[22m\n' +
        '\x1B[2m    - content-length: 1880\x1B[22m\n',
      stack: 'Error: apiRequestContext.post: connect ECONNREFUSED 127.0.0.1:8000\n' +
        'Call log:\n' +
        '\x1B[2m  - → POST http://127.0.0.1:8000/api/v1/settings/user/settings\x1B[22m\n' +
        '\x1B[2m    - user-agent: Mozilla/5.0 (Macintosh; Intel Mac OS X 10_15_7) AppleWebKit/537.36 (KHTML, like Gecko) HeadlessChrome/153.0.8010.12 Safari/537.36\x1B[22m\n' +
        '\x1B[2m    - accept: */*\x1B[22m\n' +
        '\x1B[2m    - accept-encoding: gzip,deflate,br\x1B[22m\n' +
        '\x1B[2m    - X-User-Id: haewon.kim\x1B[22m\n' +
        '\x1B[2m    - X-Tenant-Id: 1\x1B[22m\n' +
        '\x1B[2m    - content-type: application/json\x1B[22m\n' +
        '\x1B[2m    - content-length: 1880\x1B[22m\n' +
        '\n' +
        '    at resetBrowserState (/Users/haewonkim/.codex-fabric/worktrees/CF-636cebcd88631ae64e47fa3c/frontend/tests/helpers/sysgrid.ts:126:24)\n' +
        '    at /Users/haewonkim/.codex-fabric/worktrees/CF-636cebcd88631ae64e47fa3c/frontend/tests/settings-and-audit.spec.ts:62:11',
      cause: undefined
    }
  }
}
  ✘  180 tests/settings-and-audit.spec.ts:61:3 › Settings and audit workflows › stores and exposes user-pool synchronization history (192ms)
(node:86464) Warning: The 'NO_COLOR' env is ignored due to the 'FORCE_COLOR' env being set.
(Use `node --trace-warnings ...` to show where the warning was created)
Failed to clear backend settings: apiRequestContext.post: connect ECONNREFUSED 127.0.0.1:8000
Call log:
  - → POST http://127.0.0.1:8000/api/v1/settings/user/settings
    - user-agent: Mozilla/5.0 (Macintosh; Intel Mac OS X 10_15_7) AppleWebKit/537.36 (KHTML, like Gecko) HeadlessChrome/153.0.8010.12 Safari/537.36
    - accept: */*
    - accept-encoding: gzip,deflate,br
    - X-User-Id: haewon.kim
    - X-Tenant-Id: 1
    - content-type: application/json
    - content-length: 1880

    at resetBrowserState (/Users/haewonkim/.codex-fabric/worktrees/CF-636cebcd88631ae64e47fa3c/frontend/tests/helpers/sysgrid.ts:126:24)
    at /Users/haewonkim/.codex-fabric/worktrees/CF-636cebcd88631ae64e47fa3c/frontend/tests/settings-and-audit.spec.ts:98:11 {
  log: [
    '  - → POST http://127.0.0.1:8000/api/v1/settings/user/settings',
    '    - user-agent: Mozilla/5.0 (Macintosh; Intel Mac OS X 10_15_7) AppleWebKit/537.36 (KHTML, like Gecko) HeadlessChrome/153.0.8010.12 Safari/537.36',
    '    - accept: */*',
    '    - accept-encoding: gzip,deflate,br',
    '    - X-User-Id: haewon.kim',
    '    - X-Tenant-Id: 1',
    '    - content-type: application/json',
    '    - content-length: 1880'
  ],
  name: 'Error',
  [Symbol(step)]: {
    location: {
      file: '/Users/haewonkim/.codex-fabric/worktrees/CF-636cebcd88631ae64e47fa3c/frontend/tests/helpers/sysgrid.ts',
      line: 126,
      column: 24,
      function: 'resetBrowserState'
    },
    category: 'pw:api',
    title: 'POST',
    subtitle: '127.0.0.1:8000/api/v1/settings/user/settings',
    params: {
      url: 'http://127.0.0.1:8000/api/v1/settings/user/settings',
      method: 'POST'
    },
    group: undefined,
    stepId: 'pw:api@44',
    boxedStack: undefined,
    steps: [],
    attachmentIndices: [],
    info: TestStepInfoImpl {
      annotations: [],
      _testInfo: [TestInfoImpl],
      _stepId: 'pw:api@44',
      _title: 'POST',
      _parentStep: undefined,
      skip: [Function (anonymous)]
    },
    complete: [Function: complete],
    endWallTime: 1789758750279,
    error: {
      message: 'Error: apiRequestContext.post: connect ECONNREFUSED 127.0.0.1:8000\n' +
        'Call log:\n' +
        '\x1B[2m  - → POST http://127.0.0.1:8000/api/v1/settings/user/settings\x1B[22m\n' +
        '\x1B[2m    - user-agent: Mozilla/5.0 (Macintosh; Intel Mac OS X 10_15_7) AppleWebKit/537.36 (KHTML, like Gecko) HeadlessChrome/153.0.8010.12 Safari/537.36\x1B[22m\n' +
        '\x1B[2m    - accept: */*\x1B[22m\n' +
        '\x1B[2m    - accept-encoding: gzip,deflate,br\x1B[22m\n' +
        '\x1B[2m    - X-User-Id: haewon.kim\x1B[22m\n' +
        '\x1B[2m    - X-Tenant-Id: 1\x1B[22m\n' +
        '\x1B[2m    - content-type: application/json\x1B[22m\n' +
        '\x1B[2m    - content-length: 1880\x1B[22m\n',
      stack: 'Error: apiRequestContext.post: connect ECONNREFUSED 127.0.0.1:8000\n' +
        'Call log:\n' +
        '\x1B[2m  - → POST http://127.0.0.1:8000/api/v1/settings/user/settings\x1B[22m\n' +
        '\x1B[2m    - user-agent: Mozilla/5.0 (Macintosh; Intel Mac OS X 10_15_7) AppleWebKit/537.36 (KHTML, like Gecko) HeadlessChrome/153.0.8010.12 Safari/537.36\x1B[22m\n' +
        '\x1B[2m    - accept: */*\x1B[22m\n' +
        '\x1B[2m    - accept-encoding: gzip,deflate,br\x1B[22m\n' +
        '\x1B[2m    - X-User-Id: haewon.kim\x1B[22m\n' +
        '\x1B[2m    - X-Tenant-Id: 1\x1B[22m\n' +
        '\x1B[2m    - content-type: application/json\x1B[22m\n' +
        '\x1B[2m    - content-length: 1880\x1B[22m\n' +
        '\n' +
        '    at resetBrowserState (/Users/haewonkim/.codex-fabric/worktrees/CF-636cebcd88631ae64e47fa3c/frontend/tests/helpers/sysgrid.ts:126:24)\n' +
        '    at /Users/haewonkim/.codex-fabric/worktrees/CF-636cebcd88631ae64e47fa3c/frontend/tests/settings-and-audit.spec.ts:98:11',
      cause: undefined
    }
  }
}
  ✘  181 tests/settings-and-audit.spec.ts:97:3 › Settings and audit workflows › renders scoped audit logs for seeded service activity (192ms)
(node:86556) Warning: The 'NO_COLOR' env is ignored due to the 'FORCE_COLOR' env being set.
(Use `node --trace-warnings ...` to show where the warning was created)
Failed to clear backend settings: apiRequestContext.post: connect ECONNREFUSED 127.0.0.1:8000
Call log:
  - → POST http://127.0.0.1:8000/api/v1/settings/user/settings
    - user-agent: Mozilla/5.0 (Macintosh; Intel Mac OS X 10_15_7) AppleWebKit/537.36 (KHTML, like Gecko) HeadlessChrome/153.0.8010.12 Safari/537.36
    - accept: */*
    - accept-encoding: gzip,deflate,br
    - X-User-Id: haewon.kim
    - X-Tenant-Id: 1
    - content-type: application/json
    - content-length: 1880

    at resetBrowserState (/Users/haewonkim/.codex-fabric/worktrees/CF-636cebcd88631ae64e47fa3c/frontend/tests/helpers/sysgrid.ts:126:24)
    at /Users/haewonkim/.codex-fabric/worktrees/CF-636cebcd88631ae64e47fa3c/frontend/tests/settings-standards.spec.ts:7:11 {
  log: [
    '  - → POST http://127.0.0.1:8000/api/v1/settings/user/settings',
    '    - user-agent: Mozilla/5.0 (Macintosh; Intel Mac OS X 10_15_7) AppleWebKit/537.36 (KHTML, like Gecko) HeadlessChrome/153.0.8010.12 Safari/537.36',
    '    - accept: */*',
    '    - accept-encoding: gzip,deflate,br',
    '    - X-User-Id: haewon.kim',
    '    - X-Tenant-Id: 1',
    '    - content-type: application/json',
    '    - content-length: 1880'
  ],
  name: 'Error',
  [Symbol(step)]: {
    location: {
      file: '/Users/haewonkim/.codex-fabric/worktrees/CF-636cebcd88631ae64e47fa3c/frontend/tests/helpers/sysgrid.ts',
      line: 126,
      column: 24,
      function: 'resetBrowserState'
    },
    category: 'pw:api',
    title: 'POST',
    subtitle: '127.0.0.1:8000/api/v1/settings/user/settings',
    params: {
      url: 'http://127.0.0.1:8000/api/v1/settings/user/settings',
      method: 'POST'
    },
    group: undefined,
    stepId: 'pw:api@41',
    boxedStack: undefined,
    steps: [],
    attachmentIndices: [],
    info: TestStepInfoImpl {
      annotations: [],
      _testInfo: [TestInfoImpl],
      _stepId: 'pw:api@41',
      _title: 'POST',
      _parentStep: undefined,
      skip: [Function (anonymous)]
    },
    complete: [Function: complete],
    endWallTime: 1789758750773,
    error: {
      message: 'Error: apiRequestContext.post: connect ECONNREFUSED 127.0.0.1:8000\n' +
        'Call log:\n' +
        '\x1B[2m  - → POST http://127.0.0.1:8000/api/v1/settings/user/settings\x1B[22m\n' +
        '\x1B[2m    - user-agent: Mozilla/5.0 (Macintosh; Intel Mac OS X 10_15_7) AppleWebKit/537.36 (KHTML, like Gecko) HeadlessChrome/153.0.8010.12 Safari/537.36\x1B[22m\n' +
        '\x1B[2m    - accept: */*\x1B[22m\n' +
        '\x1B[2m    - accept-encoding: gzip,deflate,br\x1B[22m\n' +
        '\x1B[2m    - X-User-Id: haewon.kim\x1B[22m\n' +
        '\x1B[2m    - X-Tenant-Id: 1\x1B[22m\n' +
        '\x1B[2m    - content-type: application/json\x1B[22m\n' +
        '\x1B[2m    - content-length: 1880\x1B[22m\n',
      stack: 'Error: apiRequestContext.post: connect ECONNREFUSED 127.0.0.1:8000\n' +
        'Call log:\n' +
        '\x1B[2m  - → POST http://127.0.0.1:8000/api/v1/settings/user/settings\x1B[22m\n' +
        '\x1B[2m    - user-agent: Mozilla/5.0 (Macintosh; Intel Mac OS X 10_15_7) AppleWebKit/537.36 (KHTML, like Gecko) HeadlessChrome/153.0.8010.12 Safari/537.36\x1B[22m\n' +
        '\x1B[2m    - accept: */*\x1B[22m\n' +
        '\x1B[2m    - accept-encoding: gzip,deflate,br\x1B[22m\n' +
        '\x1B[2m    - X-User-Id: haewon.kim\x1B[22m\n' +
        '\x1B[2m    - X-Tenant-Id: 1\x1B[22m\n' +
        '\x1B[2m    - content-type: application/json\x1B[22m\n' +
        '\x1B[2m    - content-length: 1880\x1B[22m\n' +
        '\n' +
        '    at resetBrowserState (/Users/haewonkim/.codex-fabric/worktrees/CF-636cebcd88631ae64e47fa3c/frontend/tests/helpers/sysgrid.ts:126:24)\n' +
        '    at /Users/haewonkim/.codex-fabric/worktrees/CF-636cebcd88631ae64e47fa3c/frontend/tests/settings-standards.spec.ts:7:11',
      cause: undefined
    }
  }
}
  ✘  182 tests/settings-standards.spec.ts:6:3 › Settings Standards reference › renders the synchronized reference and exercises shared primitives (180ms)
(node:86598) Warning: The 'NO_COLOR' env is ignored due to the 'FORCE_COLOR' env being set.
(Use `node --trace-warnings ...` to show where the warning was created)
Failed to clear backend settings: apiRequestContext.post: connect ECONNREFUSED 127.0.0.1:8000
Call log:
  - → POST http://127.0.0.1:8000/api/v1/settings/user/settings
    - user-agent: Mozilla/5.0 (Macintosh; Intel Mac OS X 10_15_7) AppleWebKit/537.36 (KHTML, like Gecko) HeadlessChrome/153.0.8010.12 Safari/537.36
    - accept: */*
    - accept-encoding: gzip,deflate,br
    - X-User-Id: haewon.kim
    - X-Tenant-Id: 1
    - content-type: application/json
    - content-length: 1880

    at resetBrowserState (/Users/haewonkim/.codex-fabric/worktrees/CF-636cebcd88631ae64e47fa3c/frontend/tests/helpers/sysgrid.ts:126:24)
    at /Users/haewonkim/.codex-fabric/worktrees/CF-636cebcd88631ae64e47fa3c/frontend/tests/shell-and-search.spec.ts:9:11 {
  log: [
    '  - → POST http://127.0.0.1:8000/api/v1/settings/user/settings',
    '    - user-agent: Mozilla/5.0 (Macintosh; Intel Mac OS X 10_15_7) AppleWebKit/537.36 (KHTML, like Gecko) HeadlessChrome/153.0.8010.12 Safari/537.36',
    '    - accept: */*',
    '    - accept-encoding: gzip,deflate,br',
    '    - X-User-Id: haewon.kim',
    '    - X-Tenant-Id: 1',
    '    - content-type: application/json',
    '    - content-length: 1880'
  ],
  name: 'Error',
  [Symbol(step)]: {
    location: {
      file: '/Users/haewonkim/.codex-fabric/worktrees/CF-636cebcd88631ae64e47fa3c/frontend/tests/helpers/sysgrid.ts',
      line: 126,
      column: 24,
      function: 'resetBrowserState'
    },
    category: 'pw:api',
    title: 'POST',
    subtitle: '127.0.0.1:8000/api/v1/settings/user/settings',
    params: {
      url: 'http://127.0.0.1:8000/api/v1/settings/user/settings',
      method: 'POST'
    },
    group: undefined,
    stepId: 'pw:api@41',
    boxedStack: undefined,
    steps: [],
    attachmentIndices: [],
    info: TestStepInfoImpl {
      annotations: [],
      _testInfo: [TestInfoImpl],
      _stepId: 'pw:api@41',
      _title: 'POST',
      _parentStep: undefined,
      skip: [Function (anonymous)]
    },
    complete: [Function: complete],
    endWallTime: 1789758751281,
    error: {
      message: 'Error: apiRequestContext.post: connect ECONNREFUSED 127.0.0.1:8000\n' +
        'Call log:\n' +
        '\x1B[2m  - → POST http://127.0.0.1:8000/api/v1/settings/user/settings\x1B[22m\n' +
        '\x1B[2m    - user-agent: Mozilla/5.0 (Macintosh; Intel Mac OS X 10_15_7) AppleWebKit/537.36 (KHTML, like Gecko) HeadlessChrome/153.0.8010.12 Safari/537.36\x1B[22m\n' +
        '\x1B[2m    - accept: */*\x1B[22m\n' +
        '\x1B[2m    - accept-encoding: gzip,deflate,br\x1B[22m\n' +
        '\x1B[2m    - X-User-Id: haewon.kim\x1B[22m\n' +
        '\x1B[2m    - X-Tenant-Id: 1\x1B[22m\n' +
        '\x1B[2m    - content-type: application/json\x1B[22m\n' +
        '\x1B[2m    - content-length: 1880\x1B[22m\n',
      stack: 'Error: apiRequestContext.post: connect ECONNREFUSED 127.0.0.1:8000\n' +
        'Call log:\n' +
        '\x1B[2m  - → POST http://127.0.0.1:8000/api/v1/settings/user/settings\x1B[22m\n' +
        '\x1B[2m    - user-agent: Mozilla/5.0 (Macintosh; Intel Mac OS X 10_15_7) AppleWebKit/537.36 (KHTML, like Gecko) HeadlessChrome/153.0.8010.12 Safari/537.36\x1B[22m\n' +
        '\x1B[2m    - accept: */*\x1B[22m\n' +
        '\x1B[2m    - accept-encoding: gzip,deflate,br\x1B[22m\n' +
        '\x1B[2m    - X-User-Id: haewon.kim\x1B[22m\n' +
        '\x1B[2m    - X-Tenant-Id: 1\x1B[22m\n' +
        '\x1B[2m    - content-type: application/json\x1B[22m\n' +
        '\x1B[2m    - content-length: 1880\x1B[22m\n' +
        '\n' +
        '    at resetBrowserState (/Users/haewonkim/.codex-fabric/worktrees/CF-636cebcd88631ae64e47fa3c/frontend/tests/helpers/sysgrid.ts:126:24)\n' +
        '    at /Users/haewonkim/.codex-fabric/worktrees/CF-636cebcd88631ae64e47fa3c/frontend/tests/shell-and-search.spec.ts:9:11',
      cause: undefined
    }
  }
}
  ✘  183 tests/shell-and-search.spec.ts:8:3 › App shell and global search › loads the dashboard and feature audit HUD (182ms)
(node:86655) Warning: The 'NO_COLOR' env is ignored due to the 'FORCE_COLOR' env being set.
(Use `node --trace-warnings ...` to show where the warning was created)
Failed to clear backend settings: apiRequestContext.post: connect ECONNREFUSED 127.0.0.1:8000
Call log:
  - → POST http://127.0.0.1:8000/api/v1/settings/user/settings
    - user-agent: Mozilla/5.0 (Macintosh; Intel Mac OS X 10_15_7) AppleWebKit/537.36 (KHTML, like Gecko) HeadlessChrome/153.0.8010.12 Safari/537.36
    - accept: */*
    - accept-encoding: gzip,deflate,br
    - X-User-Id: haewon.kim
    - X-Tenant-Id: 1
    - content-type: application/json
    - content-length: 1880

    at resetBrowserState (/Users/haewonkim/.codex-fabric/worktrees/CF-636cebcd88631ae64e47fa3c/frontend/tests/helpers/sysgrid.ts:126:24)
    at /Users/haewonkim/.codex-fabric/worktrees/CF-636cebcd88631ae64e47fa3c/frontend/tests/shell-and-search.spec.ts:20:11 {
  log: [
    '  - → POST http://127.0.0.1:8000/api/v1/settings/user/settings',
    '    - user-agent: Mozilla/5.0 (Macintosh; Intel Mac OS X 10_15_7) AppleWebKit/537.36 (KHTML, like Gecko) HeadlessChrome/153.0.8010.12 Safari/537.36',
    '    - accept: */*',
    '    - accept-encoding: gzip,deflate,br',
    '    - X-User-Id: haewon.kim',
    '    - X-Tenant-Id: 1',
    '    - content-type: application/json',
    '    - content-length: 1880'
  ],
  name: 'Error',
  [Symbol(step)]: {
    location: {
      file: '/Users/haewonkim/.codex-fabric/worktrees/CF-636cebcd88631ae64e47fa3c/frontend/tests/helpers/sysgrid.ts',
      line: 126,
      column: 24,
      function: 'resetBrowserState'
    },
    category: 'pw:api',
    title: 'POST',
    subtitle: '127.0.0.1:8000/api/v1/settings/user/settings',
    params: {
      url: 'http://127.0.0.1:8000/api/v1/settings/user/settings',
      method: 'POST'
    },
    group: undefined,
    stepId: 'pw:api@44',
    boxedStack: undefined,
    steps: [],
    attachmentIndices: [],
    info: TestStepInfoImpl {
      annotations: [],
      _testInfo: [TestInfoImpl],
      _stepId: 'pw:api@44',
      _title: 'POST',
      _parentStep: undefined,
      skip: [Function (anonymous)]
    },
    complete: [Function: complete],
    endWallTime: 1789758751784,
    error: {
      message: 'Error: apiRequestContext.post: connect ECONNREFUSED 127.0.0.1:8000\n' +
        'Call log:\n' +
        '\x1B[2m  - → POST http://127.0.0.1:8000/api/v1/settings/user/settings\x1B[22m\n' +
        '\x1B[2m    - user-agent: Mozilla/5.0 (Macintosh; Intel Mac OS X 10_15_7) AppleWebKit/537.36 (KHTML, like Gecko) HeadlessChrome/153.0.8010.12 Safari/537.36\x1B[22m\n' +
        '\x1B[2m    - accept: */*\x1B[22m\n' +
        '\x1B[2m    - accept-encoding: gzip,deflate,br\x1B[22m\n' +
        '\x1B[2m    - X-User-Id: haewon.kim\x1B[22m\n' +
        '\x1B[2m    - X-Tenant-Id: 1\x1B[22m\n' +
        '\x1B[2m    - content-type: application/json\x1B[22m\n' +
        '\x1B[2m    - content-length: 1880\x1B[22m\n',
      stack: 'Error: apiRequestContext.post: connect ECONNREFUSED 127.0.0.1:8000\n' +
        'Call log:\n' +
        '\x1B[2m  - → POST http://127.0.0.1:8000/api/v1/settings/user/settings\x1B[22m\n' +
        '\x1B[2m    - user-agent: Mozilla/5.0 (Macintosh; Intel Mac OS X 10_15_7) AppleWebKit/537.36 (KHTML, like Gecko) HeadlessChrome/153.0.8010.12 Safari/537.36\x1B[22m\n' +
        '\x1B[2m    - accept: */*\x1B[22m\n' +
        '\x1B[2m    - accept-encoding: gzip,deflate,br\x1B[22m\n' +
        '\x1B[2m    - X-User-Id: haewon.kim\x1B[22m\n' +
        '\x1B[2m    - X-Tenant-Id: 1\x1B[22m\n' +
        '\x1B[2m    - content-type: application/json\x1B[22m\n' +
        '\x1B[2m    - content-length: 1880\x1B[22m\n' +
        '\n' +
        '    at resetBrowserState (/Users/haewonkim/.codex-fabric/worktrees/CF-636cebcd88631ae64e47fa3c/frontend/tests/helpers/sysgrid.ts:126:24)\n' +
        '    at /Users/haewonkim/.codex-fabric/worktrees/CF-636cebcd88631ae64e47fa3c/frontend/tests/shell-and-search.spec.ts:20:11',
      cause: undefined
    }
  }
}
  ✘  184 tests/shell-and-search.spec.ts:19:3 › App shell and global search › navigates to seeded records through global search (199ms)
(node:86672) Warning: The 'NO_COLOR' env is ignored due to the 'FORCE_COLOR' env being set.
(Use `node --trace-warnings ...` to show where the warning was created)
Failed to clear backend settings: apiRequestContext.post: connect ECONNREFUSED 127.0.0.1:8000
Call log:
  - → POST http://127.0.0.1:8000/api/v1/settings/user/settings
    - user-agent: Mozilla/5.0 (Macintosh; Intel Mac OS X 10_15_7) AppleWebKit/537.36 (KHTML, like Gecko) HeadlessChrome/153.0.8010.12 Safari/537.36
    - accept: */*
    - accept-encoding: gzip,deflate,br
    - X-User-Id: haewon.kim
    - X-Tenant-Id: 1
    - content-type: application/json
    - content-length: 1880

    at resetBrowserState (/Users/haewonkim/.codex-fabric/worktrees/CF-636cebcd88631ae64e47fa3c/frontend/tests/helpers/sysgrid.ts:126:24)
    at /Users/haewonkim/.codex-fabric/worktrees/CF-636cebcd88631ae64e47fa3c/frontend/tests/shell-and-search.spec.ts:155:11 {
  log: [
    '  - → POST http://127.0.0.1:8000/api/v1/settings/user/settings',
    '    - user-agent: Mozilla/5.0 (Macintosh; Intel Mac OS X 10_15_7) AppleWebKit/537.36 (KHTML, like Gecko) HeadlessChrome/153.0.8010.12 Safari/537.36',
    '    - accept: */*',
    '    - accept-encoding: gzip,deflate,br',
    '    - X-User-Id: haewon.kim',
    '    - X-Tenant-Id: 1',
    '    - content-type: application/json',
    '    - content-length: 1880'
  ],
  name: 'Error',
  [Symbol(step)]: {
    location: {
      file: '/Users/haewonkim/.codex-fabric/worktrees/CF-636cebcd88631ae64e47fa3c/frontend/tests/helpers/sysgrid.ts',
      line: 126,
      column: 24,
      function: 'resetBrowserState'
    },
    category: 'pw:api',
    title: 'POST',
    subtitle: '127.0.0.1:8000/api/v1/settings/user/settings',
    params: {
      url: 'http://127.0.0.1:8000/api/v1/settings/user/settings',
      method: 'POST'
    },
    group: undefined,
    stepId: 'pw:api@41',
    boxedStack: undefined,
    steps: [],
    attachmentIndices: [],
    info: TestStepInfoImpl {
      annotations: [],
      _testInfo: [TestInfoImpl],
      _stepId: 'pw:api@41',
      _title: 'POST',
      _parentStep: undefined,
      skip: [Function (anonymous)]
    },
    complete: [Function: complete],
    endWallTime: 1789758752278,
    error: {
      message: 'Error: apiRequestContext.post: connect ECONNREFUSED 127.0.0.1:8000\n' +
        'Call log:\n' +
        '\x1B[2m  - → POST http://127.0.0.1:8000/api/v1/settings/user/settings\x1B[22m\n' +
        '\x1B[2m    - user-agent: Mozilla/5.0 (Macintosh; Intel Mac OS X 10_15_7) AppleWebKit/537.36 (KHTML, like Gecko) HeadlessChrome/153.0.8010.12 Safari/537.36\x1B[22m\n' +
        '\x1B[2m    - accept: */*\x1B[22m\n' +
        '\x1B[2m    - accept-encoding: gzip,deflate,br\x1B[22m\n' +
        '\x1B[2m    - X-User-Id: haewon.kim\x1B[22m\n' +
        '\x1B[2m    - X-Tenant-Id: 1\x1B[22m\n' +
        '\x1B[2m    - content-type: application/json\x1B[22m\n' +
        '\x1B[2m    - content-length: 1880\x1B[22m\n',
      stack: 'Error: apiRequestContext.post: connect ECONNREFUSED 127.0.0.1:8000\n' +
        'Call log:\n' +
        '\x1B[2m  - → POST http://127.0.0.1:8000/api/v1/settings/user/settings\x1B[22m\n' +
        '\x1B[2m    - user-agent: Mozilla/5.0 (Macintosh; Intel Mac OS X 10_15_7) AppleWebKit/537.36 (KHTML, like Gecko) HeadlessChrome/153.0.8010.12 Safari/537.36\x1B[22m\n' +
        '\x1B[2m    - accept: */*\x1B[22m\n' +
        '\x1B[2m    - accept-encoding: gzip,deflate,br\x1B[22m\n' +
        '\x1B[2m    - X-User-Id: haewon.kim\x1B[22m\n' +
        '\x1B[2m    - X-Tenant-Id: 1\x1B[22m\n' +
        '\x1B[2m    - content-type: application/json\x1B[22m\n' +
        '\x1B[2m    - content-length: 1880\x1B[22m\n' +
        '\n' +
        '    at resetBrowserState (/Users/haewonkim/.codex-fabric/worktrees/CF-636cebcd88631ae64e47fa3c/frontend/tests/helpers/sysgrid.ts:126:24)\n' +
        '    at /Users/haewonkim/.codex-fabric/worktrees/CF-636cebcd88631ae64e47fa3c/frontend/tests/shell-and-search.spec.ts:155:11',
      cause: undefined
    }
  }
}
  ✘  185 tests/shell-and-search.spec.ts:154:3 › Golden Eight rendered geometry › records authoritative API response shapes for comprehensive Golden Eight seed fixtures (174ms)
(node:86682) Warning: The 'NO_COLOR' env is ignored due to the 'FORCE_COLOR' env being set.
(Use `node --trace-warnings ...` to show where the warning was created)
Failed to clear backend settings: apiRequestContext.post: connect ECONNREFUSED 127.0.0.1:8000
Call log:
  - → POST http://127.0.0.1:8000/api/v1/settings/user/settings
    - user-agent: Mozilla/5.0 (Macintosh; Intel Mac OS X 10_15_7) AppleWebKit/537.36 (KHTML, like Gecko) HeadlessChrome/153.0.8010.12 Safari/537.36
    - accept: */*
    - accept-encoding: gzip,deflate,br
    - X-User-Id: haewon.kim
    - X-Tenant-Id: 1
    - content-type: application/json
    - content-length: 1880

    at resetBrowserState (/Users/haewonkim/.codex-fabric/worktrees/CF-636cebcd88631ae64e47fa3c/frontend/tests/helpers/sysgrid.ts:126:24)
    at /Users/haewonkim/.codex-fabric/worktrees/CF-636cebcd88631ae64e47fa3c/frontend/tests/shell-and-search.spec.ts:214:11 {
  log: [
    '  - → POST http://127.0.0.1:8000/api/v1/settings/user/settings',
    '    - user-agent: Mozilla/5.0 (Macintosh; Intel Mac OS X 10_15_7) AppleWebKit/537.36 (KHTML, like Gecko) HeadlessChrome/153.0.8010.12 Safari/537.36',
    '    - accept: */*',
    '    - accept-encoding: gzip,deflate,br',
    '    - X-User-Id: haewon.kim',
    '    - X-Tenant-Id: 1',
    '    - content-type: application/json',
    '    - content-length: 1880'
  ],
  name: 'Error',
  [Symbol(step)]: {
    location: {
      file: '/Users/haewonkim/.codex-fabric/worktrees/CF-636cebcd88631ae64e47fa3c/frontend/tests/helpers/sysgrid.ts',
      line: 126,
      column: 24,
      function: 'resetBrowserState'
    },
    category: 'pw:api',
    title: 'POST',
    subtitle: '127.0.0.1:8000/api/v1/settings/user/settings',
    params: {
      url: 'http://127.0.0.1:8000/api/v1/settings/user/settings',
      method: 'POST'
    },
    group: undefined,
    stepId: 'pw:api@41',
    boxedStack: undefined,
    steps: [],
    attachmentIndices: [],
    info: TestStepInfoImpl {
      annotations: [],
      _testInfo: [TestInfoImpl],
      _stepId: 'pw:api@41',
      _title: 'POST',
      _parentStep: undefined,
      skip: [Function (anonymous)]
    },
    complete: [Function: complete],
    endWallTime: 1789758752750,
    error: {
      message: 'Error: apiRequestContext.post: connect ECONNREFUSED 127.0.0.1:8000\n' +
        'Call log:\n' +
        '\x1B[2m  - → POST http://127.0.0.1:8000/api/v1/settings/user/settings\x1B[22m\n' +
        '\x1B[2m    - user-agent: Mozilla/5.0 (Macintosh; Intel Mac OS X 10_15_7) AppleWebKit/537.36 (KHTML, like Gecko) HeadlessChrome/153.0.8010.12 Safari/537.36\x1B[22m\n' +
        '\x1B[2m    - accept: */*\x1B[22m\n' +
        '\x1B[2m    - accept-encoding: gzip,deflate,br\x1B[22m\n' +
        '\x1B[2m    - X-User-Id: haewon.kim\x1B[22m\n' +
        '\x1B[2m    - X-Tenant-Id: 1\x1B[22m\n' +
        '\x1B[2m    - content-type: application/json\x1B[22m\n' +
        '\x1B[2m    - content-length: 1880\x1B[22m\n',
      stack: 'Error: apiRequestContext.post: connect ECONNREFUSED 127.0.0.1:8000\n' +
        'Call log:\n' +
        '\x1B[2m  - → POST http://127.0.0.1:8000/api/v1/settings/user/settings\x1B[22m\n' +
        '\x1B[2m    - user-agent: Mozilla/5.0 (Macintosh; Intel Mac OS X 10_15_7) AppleWebKit/537.36 (KHTML, like Gecko) HeadlessChrome/153.0.8010.12 Safari/537.36\x1B[22m\n' +
        '\x1B[2m    - accept: */*\x1B[22m\n' +
        '\x1B[2m    - accept-encoding: gzip,deflate,br\x1B[22m\n' +
        '\x1B[2m    - X-User-Id: haewon.kim\x1B[22m\n' +
        '\x1B[2m    - X-Tenant-Id: 1\x1B[22m\n' +
        '\x1B[2m    - content-type: application/json\x1B[22m\n' +
        '\x1B[2m    - content-length: 1880\x1B[22m\n' +
        '\n' +
        '    at resetBrowserState (/Users/haewonkim/.codex-fabric/worktrees/CF-636cebcd88631ae64e47fa3c/frontend/tests/helpers/sysgrid.ts:126:24)\n' +
        '    at /Users/haewonkim/.codex-fabric/worktrees/CF-636cebcd88631ae64e47fa3c/frontend/tests/shell-and-search.spec.ts:214:11',
      cause: undefined
    }
  }
}
  ✘  186 tests/shell-and-search.spec.ts:213:3 › Golden Eight rendered geometry › keeps desktop shell, command bar, and grid alignment invariant on every golden route (183ms)
(node:86692) Warning: The 'NO_COLOR' env is ignored due to the 'FORCE_COLOR' env being set.
(Use `node --trace-warnings ...` to show where the warning was created)
Failed to clear backend settings: apiRequestContext.post: connect ECONNREFUSED 127.0.0.1:8000
Call log:
  - → POST http://127.0.0.1:8000/api/v1/settings/user/settings
    - user-agent: Mozilla/5.0 (Macintosh; Intel Mac OS X 10_15_7) AppleWebKit/537.36 (KHTML, like Gecko) HeadlessChrome/153.0.8010.12 Safari/537.36
    - accept: */*
    - accept-encoding: gzip,deflate,br
    - X-User-Id: haewon.kim
    - X-Tenant-Id: 1
    - content-type: application/json
    - content-length: 1880

    at resetBrowserState (/Users/haewonkim/.codex-fabric/worktrees/CF-636cebcd88631ae64e47fa3c/frontend/tests/helpers/sysgrid.ts:126:24)
    at /Users/haewonkim/.codex-fabric/worktrees/CF-636cebcd88631ae64e47fa3c/frontend/tests/shell-and-search.spec.ts:258:11 {
  log: [
    '  - → POST http://127.0.0.1:8000/api/v1/settings/user/settings',
    '    - user-agent: Mozilla/5.0 (Macintosh; Intel Mac OS X 10_15_7) AppleWebKit/537.36 (KHTML, like Gecko) HeadlessChrome/153.0.8010.12 Safari/537.36',
    '    - accept: */*',
    '    - accept-encoding: gzip,deflate,br',
    '    - X-User-Id: haewon.kim',
    '    - X-Tenant-Id: 1',
    '    - content-type: application/json',
    '    - content-length: 1880'
  ],
  name: 'Error',
  [Symbol(step)]: {
    location: {
      file: '/Users/haewonkim/.codex-fabric/worktrees/CF-636cebcd88631ae64e47fa3c/frontend/tests/helpers/sysgrid.ts',
      line: 126,
      column: 24,
      function: 'resetBrowserState'
    },
    category: 'pw:api',
    title: 'POST',
    subtitle: '127.0.0.1:8000/api/v1/settings/user/settings',
    params: {
      url: 'http://127.0.0.1:8000/api/v1/settings/user/settings',
      method: 'POST'
    },
    group: undefined,
    stepId: 'pw:api@41',
    boxedStack: undefined,
    steps: [],
    attachmentIndices: [],
    info: TestStepInfoImpl {
      annotations: [],
      _testInfo: [TestInfoImpl],
      _stepId: 'pw:api@41',
      _title: 'POST',
      _parentStep: undefined,
      skip: [Function (anonymous)]
    },
    complete: [Function: complete],
    endWallTime: 1789758753228,
    error: {
      message: 'Error: apiRequestContext.post: connect ECONNREFUSED 127.0.0.1:8000\n' +
        'Call log:\n' +
        '\x1B[2m  - → POST http://127.0.0.1:8000/api/v1/settings/user/settings\x1B[22m\n' +
        '\x1B[2m    - user-agent: Mozilla/5.0 (Macintosh; Intel Mac OS X 10_15_7) AppleWebKit/537.36 (KHTML, like Gecko) HeadlessChrome/153.0.8010.12 Safari/537.36\x1B[22m\n' +
        '\x1B[2m    - accept: */*\x1B[22m\n' +
        '\x1B[2m    - accept-encoding: gzip,deflate,br\x1B[22m\n' +
        '\x1B[2m    - X-User-Id: haewon.kim\x1B[22m\n' +
        '\x1B[2m    - X-Tenant-Id: 1\x1B[22m\n' +
        '\x1B[2m    - content-type: application/json\x1B[22m\n' +
        '\x1B[2m    - content-length: 1880\x1B[22m\n',
      stack: 'Error: apiRequestContext.post: connect ECONNREFUSED 127.0.0.1:8000\n' +
        'Call log:\n' +
        '\x1B[2m  - → POST http://127.0.0.1:8000/api/v1/settings/user/settings\x1B[22m\n' +
        '\x1B[2m    - user-agent: Mozilla/5.0 (Macintosh; Intel Mac OS X 10_15_7) AppleWebKit/537.36 (KHTML, like Gecko) HeadlessChrome/153.0.8010.12 Safari/537.36\x1B[22m\n' +
        '\x1B[2m    - accept: */*\x1B[22m\n' +
        '\x1B[2m    - accept-encoding: gzip,deflate,br\x1B[22m\n' +
        '\x1B[2m    - X-User-Id: haewon.kim\x1B[22m\n' +
        '\x1B[2m    - X-Tenant-Id: 1\x1B[22m\n' +
        '\x1B[2m    - content-type: application/json\x1B[22m\n' +
        '\x1B[2m    - content-length: 1880\x1B[22m\n' +
        '\n' +
        '    at resetBrowserState (/Users/haewonkim/.codex-fabric/worktrees/CF-636cebcd88631ae64e47fa3c/frontend/tests/helpers/sysgrid.ts:126:24)\n' +
        '    at /Users/haewonkim/.codex-fabric/worktrees/CF-636cebcd88631ae64e47fa3c/frontend/tests/shell-and-search.spec.ts:258:11',
      cause: undefined
    }
  }
}
  ✘  187 tests/shell-and-search.spec.ts:257:3 › Golden Eight rendered geometry › keeps narrow-screen stacking and overflow containment invariant on every golden route (175ms)
(node:86704) Warning: The 'NO_COLOR' env is ignored due to the 'FORCE_COLOR' env being set.
(Use `node --trace-warnings ...` to show where the warning was created)
Failed to clear backend settings: apiRequestContext.post: connect ECONNREFUSED 127.0.0.1:8000
Call log:
  - → POST http://127.0.0.1:8000/api/v1/settings/user/settings
    - user-agent: Mozilla/5.0 (Macintosh; Intel Mac OS X 10_15_7) AppleWebKit/537.36 (KHTML, like Gecko) HeadlessChrome/153.0.8010.12 Safari/537.36
    - accept: */*
    - accept-encoding: gzip,deflate,br
    - X-User-Id: haewon.kim
    - X-Tenant-Id: 1
    - content-type: application/json
    - content-length: 1880

    at resetBrowserState (/Users/haewonkim/.codex-fabric/worktrees/CF-636cebcd88631ae64e47fa3c/frontend/tests/helpers/sysgrid.ts:126:24)
    at /Users/haewonkim/.codex-fabric/worktrees/CF-636cebcd88631ae64e47fa3c/frontend/tests/smoke.spec.ts:7:11 {
  log: [
    '  - → POST http://127.0.0.1:8000/api/v1/settings/user/settings',
    '    - user-agent: Mozilla/5.0 (Macintosh; Intel Mac OS X 10_15_7) AppleWebKit/537.36 (KHTML, like Gecko) HeadlessChrome/153.0.8010.12 Safari/537.36',
    '    - accept: */*',
    '    - accept-encoding: gzip,deflate,br',
    '    - X-User-Id: haewon.kim',
    '    - X-Tenant-Id: 1',
    '    - content-type: application/json',
    '    - content-length: 1880'
  ],
  name: 'Error',
  [Symbol(step)]: {
    location: {
      file: '/Users/haewonkim/.codex-fabric/worktrees/CF-636cebcd88631ae64e47fa3c/frontend/tests/helpers/sysgrid.ts',
      line: 126,
      column: 24,
      function: 'resetBrowserState'
    },
    category: 'pw:api',
    title: 'POST',
    subtitle: '127.0.0.1:8000/api/v1/settings/user/settings',
    params: {
      url: 'http://127.0.0.1:8000/api/v1/settings/user/settings',
      method: 'POST'
    },
    group: undefined,
    stepId: 'pw:api@42',
    boxedStack: undefined,
    steps: [],
    attachmentIndices: [],
    info: TestStepInfoImpl {
      annotations: [],
      _testInfo: [TestInfoImpl],
      _stepId: 'pw:api@42',
      _title: 'POST',
      _parentStep: [TestStepInfoImpl],
      skip: [Function (anonymous)]
    },
    complete: [Function: complete],
    endWallTime: 1789758753704,
    error: {
      message: 'Error: apiRequestContext.post: connect ECONNREFUSED 127.0.0.1:8000\n' +
        'Call log:\n' +
        '\x1B[2m  - → POST http://127.0.0.1:8000/api/v1/settings/user/settings\x1B[22m\n' +
        '\x1B[2m    - user-agent: Mozilla/5.0 (Macintosh; Intel Mac OS X 10_15_7) AppleWebKit/537.36 (KHTML, like Gecko) HeadlessChrome/153.0.8010.12 Safari/537.36\x1B[22m\n' +
        '\x1B[2m    - accept: */*\x1B[22m\n' +
        '\x1B[2m    - accept-encoding: gzip,deflate,br\x1B[22m\n' +
        '\x1B[2m    - X-User-Id: haewon.kim\x1B[22m\n' +
        '\x1B[2m    - X-Tenant-Id: 1\x1B[22m\n' +
        '\x1B[2m    - content-type: application/json\x1B[22m\n' +
        '\x1B[2m    - content-length: 1880\x1B[22m\n',
      stack: 'Error: apiRequestContext.post: connect ECONNREFUSED 127.0.0.1:8000\n' +
        'Call log:\n' +
        '\x1B[2m  - → POST http://127.0.0.1:8000/api/v1/settings/user/settings\x1B[22m\n' +
        '\x1B[2m    - user-agent: Mozilla/5.0 (Macintosh; Intel Mac OS X 10_15_7) AppleWebKit/537.36 (KHTML, like Gecko) HeadlessChrome/153.0.8010.12 Safari/537.36\x1B[22m\n' +
        '\x1B[2m    - accept: */*\x1B[22m\n' +
        '\x1B[2m    - accept-encoding: gzip,deflate,br\x1B[22m\n' +
        '\x1B[2m    - X-User-Id: haewon.kim\x1B[22m\n' +
        '\x1B[2m    - X-Tenant-Id: 1\x1B[22m\n' +
        '\x1B[2m    - content-type: application/json\x1B[22m\n' +
        '\x1B[2m    - content-length: 1880\x1B[22m\n' +
        '\n' +
        '    at resetBrowserState (/Users/haewonkim/.codex-fabric/worktrees/CF-636cebcd88631ae64e47fa3c/frontend/tests/helpers/sysgrid.ts:126:24)\n' +
        '    at /Users/haewonkim/.codex-fabric/worktrees/CF-636cebcd88631ae64e47fa3c/frontend/tests/smoke.spec.ts:7:11',
      cause: undefined
    }
  }
}
  ✘  188 tests/smoke.spec.ts:12:5 › Smoke Tests › Canonical Page Load: monitoring (/monitoring) (183ms)
(node:86715) Warning: The 'NO_COLOR' env is ignored due to the 'FORCE_COLOR' env being set.
(Use `node --trace-warnings ...` to show where the warning was created)
Failed to clear backend settings: apiRequestContext.post: connect ECONNREFUSED 127.0.0.1:8000
Call log:
  - → POST http://127.0.0.1:8000/api/v1/settings/user/settings
    - user-agent: Mozilla/5.0 (Macintosh; Intel Mac OS X 10_15_7) AppleWebKit/537.36 (KHTML, like Gecko) HeadlessChrome/153.0.8010.12 Safari/537.36
    - accept: */*
    - accept-encoding: gzip,deflate,br
    - X-User-Id: haewon.kim
    - X-Tenant-Id: 1
    - content-type: application/json
    - content-length: 1880

    at resetBrowserState (/Users/haewonkim/.codex-fabric/worktrees/CF-636cebcd88631ae64e47fa3c/frontend/tests/helpers/sysgrid.ts:126:24)
    at /Users/haewonkim/.codex-fabric/worktrees/CF-636cebcd88631ae64e47fa3c/frontend/tests/smoke.spec.ts:7:11 {
  log: [
    '  - → POST http://127.0.0.1:8000/api/v1/settings/user/settings',
    '    - user-agent: Mozilla/5.0 (Macintosh; Intel Mac OS X 10_15_7) AppleWebKit/537.36 (KHTML, like Gecko) HeadlessChrome/153.0.8010.12 Safari/537.36',
    '    - accept: */*',
    '    - accept-encoding: gzip,deflate,br',
    '    - X-User-Id: haewon.kim',
    '    - X-Tenant-Id: 1',
    '    - content-type: application/json',
    '    - content-length: 1880'
  ],
  name: 'Error',
  [Symbol(step)]: {
    location: {
      file: '/Users/haewonkim/.codex-fabric/worktrees/CF-636cebcd88631ae64e47fa3c/frontend/tests/helpers/sysgrid.ts',
      line: 126,
      column: 24,
      function: 'resetBrowserState'
    },
    category: 'pw:api',
    title: 'POST',
    subtitle: '127.0.0.1:8000/api/v1/settings/user/settings',
    params: {
      url: 'http://127.0.0.1:8000/api/v1/settings/user/settings',
      method: 'POST'
    },
    group: undefined,
    stepId: 'pw:api@42',
    boxedStack: undefined,
    steps: [],
    attachmentIndices: [],
    info: TestStepInfoImpl {
      annotations: [],
      _testInfo: [TestInfoImpl],
      _stepId: 'pw:api@42',
      _title: 'POST',
      _parentStep: [TestStepInfoImpl],
      skip: [Function (anonymous)]
    },
    complete: [Function: complete],
    endWallTime: 1789758754192,
    error: {
      message: 'Error: apiRequestContext.post: connect ECONNREFUSED 127.0.0.1:8000\n' +
        'Call log:\n' +
        '\x1B[2m  - → POST http://127.0.0.1:8000/api/v1/settings/user/settings\x1B[22m\n' +
        '\x1B[2m    - user-agent: Mozilla/5.0 (Macintosh; Intel Mac OS X 10_15_7) AppleWebKit/537.36 (KHTML, like Gecko) HeadlessChrome/153.0.8010.12 Safari/537.36\x1B[22m\n' +
        '\x1B[2m    - accept: */*\x1B[22m\n' +
        '\x1B[2m    - accept-encoding: gzip,deflate,br\x1B[22m\n' +
        '\x1B[2m    - X-User-Id: haewon.kim\x1B[22m\n' +
        '\x1B[2m    - X-Tenant-Id: 1\x1B[22m\n' +
        '\x1B[2m    - content-type: application/json\x1B[22m\n' +
        '\x1B[2m    - content-length: 1880\x1B[22m\n',
      stack: 'Error: apiRequestContext.post: connect ECONNREFUSED 127.0.0.1:8000\n' +
        'Call log:\n' +
        '\x1B[2m  - → POST http://127.0.0.1:8000/api/v1/settings/user/settings\x1B[22m\n' +
        '\x1B[2m    - user-agent: Mozilla/5.0 (Macintosh; Intel Mac OS X 10_15_7) AppleWebKit/537.36 (KHTML, like Gecko) HeadlessChrome/153.0.8010.12 Safari/537.36\x1B[22m\n' +
        '\x1B[2m    - accept: */*\x1B[22m\n' +
        '\x1B[2m    - accept-encoding: gzip,deflate,br\x1B[22m\n' +
        '\x1B[2m    - X-User-Id: haewon.kim\x1B[22m\n' +
        '\x1B[2m    - X-Tenant-Id: 1\x1B[22m\n' +
        '\x1B[2m    - content-type: application/json\x1B[22m\n' +
        '\x1B[2m    - content-length: 1880\x1B[22m\n' +
        '\n' +
        '    at resetBrowserState (/Users/haewonkim/.codex-fabric/worktrees/CF-636cebcd88631ae64e47fa3c/frontend/tests/helpers/sysgrid.ts:126:24)\n' +
        '    at /Users/haewonkim/.codex-fabric/worktrees/CF-636cebcd88631ae64e47fa3c/frontend/tests/smoke.spec.ts:7:11',
      cause: undefined
    }
  }
}
  ✘  189 tests/smoke.spec.ts:12:5 › Smoke Tests › Canonical Page Load: external (/external) (188ms)
(node:86724) Warning: The 'NO_COLOR' env is ignored due to the 'FORCE_COLOR' env being set.
(Use `node --trace-warnings ...` to show where the warning was created)
Failed to clear backend settings: apiRequestContext.post: connect ECONNREFUSED 127.0.0.1:8000
Call log:
  - → POST http://127.0.0.1:8000/api/v1/settings/user/settings
    - user-agent: Mozilla/5.0 (Macintosh; Intel Mac OS X 10_15_7) AppleWebKit/537.36 (KHTML, like Gecko) HeadlessChrome/153.0.8010.12 Safari/537.36
    - accept: */*
    - accept-encoding: gzip,deflate,br
    - X-User-Id: haewon.kim
    - X-Tenant-Id: 1
    - content-type: application/json
    - content-length: 1880

    at resetBrowserState (/Users/haewonkim/.codex-fabric/worktrees/CF-636cebcd88631ae64e47fa3c/frontend/tests/helpers/sysgrid.ts:126:24)
    at /Users/haewonkim/.codex-fabric/worktrees/CF-636cebcd88631ae64e47fa3c/frontend/tests/smoke.spec.ts:7:11 {
  log: [
    '  - → POST http://127.0.0.1:8000/api/v1/settings/user/settings',
    '    - user-agent: Mozilla/5.0 (Macintosh; Intel Mac OS X 10_15_7) AppleWebKit/537.36 (KHTML, like Gecko) HeadlessChrome/153.0.8010.12 Safari/537.36',
    '    - accept: */*',
    '    - accept-encoding: gzip,deflate,br',
    '    - X-User-Id: haewon.kim',
    '    - X-Tenant-Id: 1',
    '    - content-type: application/json',
    '    - content-length: 1880'
  ],
  name: 'Error',
  [Symbol(step)]: {
    location: {
      file: '/Users/haewonkim/.codex-fabric/worktrees/CF-636cebcd88631ae64e47fa3c/frontend/tests/helpers/sysgrid.ts',
      line: 126,
      column: 24,
      function: 'resetBrowserState'
    },
    category: 'pw:api',
    title: 'POST',
    subtitle: '127.0.0.1:8000/api/v1/settings/user/settings',
    params: {
      url: 'http://127.0.0.1:8000/api/v1/settings/user/settings',
      method: 'POST'
    },
    group: undefined,
    stepId: 'pw:api@42',
    boxedStack: undefined,
    steps: [],
    attachmentIndices: [],
    info: TestStepInfoImpl {
      annotations: [],
      _testInfo: [TestInfoImpl],
      _stepId: 'pw:api@42',
      _title: 'POST',
      _parentStep: [TestStepInfoImpl],
      skip: [Function (anonymous)]
    },
    complete: [Function: complete],
    endWallTime: 1789758754669,
    error: {
      message: 'Error: apiRequestContext.post: connect ECONNREFUSED 127.0.0.1:8000\n' +
        'Call log:\n' +
        '\x1B[2m  - → POST http://127.0.0.1:8000/api/v1/settings/user/settings\x1B[22m\n' +
        '\x1B[2m    - user-agent: Mozilla/5.0 (Macintosh; Intel Mac OS X 10_15_7) AppleWebKit/537.36 (KHTML, like Gecko) HeadlessChrome/153.0.8010.12 Safari/537.36\x1B[22m\n' +
        '\x1B[2m    - accept: */*\x1B[22m\n' +
        '\x1B[2m    - accept-encoding: gzip,deflate,br\x1B[22m\n' +
        '\x1B[2m    - X-User-Id: haewon.kim\x1B[22m\n' +
        '\x1B[2m    - X-Tenant-Id: 1\x1B[22m\n' +
        '\x1B[2m    - content-type: application/json\x1B[22m\n' +
        '\x1B[2m    - content-length: 1880\x1B[22m\n',
      stack: 'Error: apiRequestContext.post: connect ECONNREFUSED 127.0.0.1:8000\n' +
        'Call log:\n' +
        '\x1B[2m  - → POST http://127.0.0.1:8000/api/v1/settings/user/settings\x1B[22m\n' +
        '\x1B[2m    - user-agent: Mozilla/5.0 (Macintosh; Intel Mac OS X 10_15_7) AppleWebKit/537.36 (KHTML, like Gecko) HeadlessChrome/153.0.8010.12 Safari/537.36\x1B[22m\n' +
        '\x1B[2m    - accept: */*\x1B[22m\n' +
        '\x1B[2m    - accept-encoding: gzip,deflate,br\x1B[22m\n' +
        '\x1B[2m    - X-User-Id: haewon.kim\x1B[22m\n' +
        '\x1B[2m    - X-Tenant-Id: 1\x1B[22m\n' +
        '\x1B[2m    - content-type: application/json\x1B[22m\n' +
        '\x1B[2m    - content-length: 1880\x1B[22m\n' +
        '\n' +
        '    at resetBrowserState (/Users/haewonkim/.codex-fabric/worktrees/CF-636cebcd88631ae64e47fa3c/frontend/tests/helpers/sysgrid.ts:126:24)\n' +
        '    at /Users/haewonkim/.codex-fabric/worktrees/CF-636cebcd88631ae64e47fa3c/frontend/tests/smoke.spec.ts:7:11',
      cause: undefined
    }
  }
}
  ✘  190 tests/smoke.spec.ts:12:5 › Smoke Tests › Canonical Page Load: services (/services) (179ms)
(node:86735) Warning: The 'NO_COLOR' env is ignored due to the 'FORCE_COLOR' env being set.
(Use `node --trace-warnings ...` to show where the warning was created)
Failed to clear backend settings: apiRequestContext.post: connect ECONNREFUSED 127.0.0.1:8000
Call log:
  - → POST http://127.0.0.1:8000/api/v1/settings/user/settings
    - user-agent: Mozilla/5.0 (Macintosh; Intel Mac OS X 10_15_7) AppleWebKit/537.36 (KHTML, like Gecko) HeadlessChrome/153.0.8010.12 Safari/537.36
    - accept: */*
    - accept-encoding: gzip,deflate,br
    - X-User-Id: haewon.kim
    - X-Tenant-Id: 1
    - content-type: application/json
    - content-length: 1880

    at resetBrowserState (/Users/haewonkim/.codex-fabric/worktrees/CF-636cebcd88631ae64e47fa3c/frontend/tests/helpers/sysgrid.ts:126:24)
    at /Users/haewonkim/.codex-fabric/worktrees/CF-636cebcd88631ae64e47fa3c/frontend/tests/smoke.spec.ts:7:11 {
  log: [
    '  - → POST http://127.0.0.1:8000/api/v1/settings/user/settings',
    '    - user-agent: Mozilla/5.0 (Macintosh; Intel Mac OS X 10_15_7) AppleWebKit/537.36 (KHTML, like Gecko) HeadlessChrome/153.0.8010.12 Safari/537.36',
    '    - accept: */*',
    '    - accept-encoding: gzip,deflate,br',
    '    - X-User-Id: haewon.kim',
    '    - X-Tenant-Id: 1',
    '    - content-type: application/json',
    '    - content-length: 1880'
  ],
  name: 'Error',
  [Symbol(step)]: {
    location: {
      file: '/Users/haewonkim/.codex-fabric/worktrees/CF-636cebcd88631ae64e47fa3c/frontend/tests/helpers/sysgrid.ts',
      line: 126,
      column: 24,
      function: 'resetBrowserState'
    },
    category: 'pw:api',
    title: 'POST',
    subtitle: '127.0.0.1:8000/api/v1/settings/user/settings',
    params: {
      url: 'http://127.0.0.1:8000/api/v1/settings/user/settings',
      method: 'POST'
    },
    group: undefined,
    stepId: 'pw:api@42',
    boxedStack: undefined,
    steps: [],
    attachmentIndices: [],
    info: TestStepInfoImpl {
      annotations: [],
      _testInfo: [TestInfoImpl],
      _stepId: 'pw:api@42',
      _title: 'POST',
      _parentStep: [TestStepInfoImpl],
      skip: [Function (anonymous)]
    },
    complete: [Function: complete],
    endWallTime: 1789758755145,
    error: {
      message: 'Error: apiRequestContext.post: connect ECONNREFUSED 127.0.0.1:8000\n' +
        'Call log:\n' +
        '\x1B[2m  - → POST http://127.0.0.1:8000/api/v1/settings/user/settings\x1B[22m\n' +
        '\x1B[2m    - user-agent: Mozilla/5.0 (Macintosh; Intel Mac OS X 10_15_7) AppleWebKit/537.36 (KHTML, like Gecko) HeadlessChrome/153.0.8010.12 Safari/537.36\x1B[22m\n' +
        '\x1B[2m    - accept: */*\x1B[22m\n' +
        '\x1B[2m    - accept-encoding: gzip,deflate,br\x1B[22m\n' +
        '\x1B[2m    - X-User-Id: haewon.kim\x1B[22m\n' +
        '\x1B[2m    - X-Tenant-Id: 1\x1B[22m\n' +
        '\x1B[2m    - content-type: application/json\x1B[22m\n' +
        '\x1B[2m    - content-length: 1880\x1B[22m\n',
      stack: 'Error: apiRequestContext.post: connect ECONNREFUSED 127.0.0.1:8000\n' +
        'Call log:\n' +
        '\x1B[2m  - → POST http://127.0.0.1:8000/api/v1/settings/user/settings\x1B[22m\n' +
        '\x1B[2m    - user-agent: Mozilla/5.0 (Macintosh; Intel Mac OS X 10_15_7) AppleWebKit/537.36 (KHTML, like Gecko) HeadlessChrome/153.0.8010.12 Safari/537.36\x1B[22m\n' +
        '\x1B[2m    - accept: */*\x1B[22m\n' +
        '\x1B[2m    - accept-encoding: gzip,deflate,br\x1B[22m\n' +
        '\x1B[2m    - X-User-Id: haewon.kim\x1B[22m\n' +
        '\x1B[2m    - X-Tenant-Id: 1\x1B[22m\n' +
        '\x1B[2m    - content-type: application/json\x1B[22m\n' +
        '\x1B[2m    - content-length: 1880\x1B[22m\n' +
        '\n' +
        '    at resetBrowserState (/Users/haewonkim/.codex-fabric/worktrees/CF-636cebcd88631ae64e47fa3c/frontend/tests/helpers/sysgrid.ts:126:24)\n' +
        '    at /Users/haewonkim/.codex-fabric/worktrees/CF-636cebcd88631ae64e47fa3c/frontend/tests/smoke.spec.ts:7:11',
      cause: undefined
    }
  }
}
  ✘  191 tests/smoke.spec.ts:12:5 › Smoke Tests › Canonical Page Load: network (/network) (179ms)
(node:86749) Warning: The 'NO_COLOR' env is ignored due to the 'FORCE_COLOR' env being set.
(Use `node --trace-warnings ...` to show where the warning was created)
Failed to clear backend settings: apiRequestContext.post: connect ECONNREFUSED 127.0.0.1:8000
Call log:
  - → POST http://127.0.0.1:8000/api/v1/settings/user/settings
    - user-agent: Mozilla/5.0 (Macintosh; Intel Mac OS X 10_15_7) AppleWebKit/537.36 (KHTML, like Gecko) HeadlessChrome/153.0.8010.12 Safari/537.36
    - accept: */*
    - accept-encoding: gzip,deflate,br
    - X-User-Id: haewon.kim
    - X-Tenant-Id: 1
    - content-type: application/json
    - content-length: 1880

    at resetBrowserState (/Users/haewonkim/.codex-fabric/worktrees/CF-636cebcd88631ae64e47fa3c/frontend/tests/helpers/sysgrid.ts:126:24)
    at /Users/haewonkim/.codex-fabric/worktrees/CF-636cebcd88631ae64e47fa3c/frontend/tests/smoke.spec.ts:7:11 {
  log: [
    '  - → POST http://127.0.0.1:8000/api/v1/settings/user/settings',
    '    - user-agent: Mozilla/5.0 (Macintosh; Intel Mac OS X 10_15_7) AppleWebKit/537.36 (KHTML, like Gecko) HeadlessChrome/153.0.8010.12 Safari/537.36',
    '    - accept: */*',
    '    - accept-encoding: gzip,deflate,br',
    '    - X-User-Id: haewon.kim',
    '    - X-Tenant-Id: 1',
    '    - content-type: application/json',
    '    - content-length: 1880'
  ],
  name: 'Error',
  [Symbol(step)]: {
    location: {
      file: '/Users/haewonkim/.codex-fabric/worktrees/CF-636cebcd88631ae64e47fa3c/frontend/tests/helpers/sysgrid.ts',
      line: 126,
      column: 24,
      function: 'resetBrowserState'
    },
    category: 'pw:api',
    title: 'POST',
    subtitle: '127.0.0.1:8000/api/v1/settings/user/settings',
    params: {
      url: 'http://127.0.0.1:8000/api/v1/settings/user/settings',
      method: 'POST'
    },
    group: undefined,
    stepId: 'pw:api@42',
    boxedStack: undefined,
    steps: [],
    attachmentIndices: [],
    info: TestStepInfoImpl {
      annotations: [],
      _testInfo: [TestInfoImpl],
      _stepId: 'pw:api@42',
      _title: 'POST',
      _parentStep: [TestStepInfoImpl],
      skip: [Function (anonymous)]
    },
    complete: [Function: complete],
    endWallTime: 1789758755619,
    error: {
      message: 'Error: apiRequestContext.post: connect ECONNREFUSED 127.0.0.1:8000\n' +
        'Call log:\n' +
        '\x1B[2m  - → POST http://127.0.0.1:8000/api/v1/settings/user/settings\x1B[22m\n' +
        '\x1B[2m    - user-agent: Mozilla/5.0 (Macintosh; Intel Mac OS X 10_15_7) AppleWebKit/537.36 (KHTML, like Gecko) HeadlessChrome/153.0.8010.12 Safari/537.36\x1B[22m\n' +
        '\x1B[2m    - accept: */*\x1B[22m\n' +
        '\x1B[2m    - accept-encoding: gzip,deflate,br\x1B[22m\n' +
        '\x1B[2m    - X-User-Id: haewon.kim\x1B[22m\n' +
        '\x1B[2m    - X-Tenant-Id: 1\x1B[22m\n' +
        '\x1B[2m    - content-type: application/json\x1B[22m\n' +
        '\x1B[2m    - content-length: 1880\x1B[22m\n',
      stack: 'Error: apiRequestContext.post: connect ECONNREFUSED 127.0.0.1:8000\n' +
        'Call log:\n' +
        '\x1B[2m  - → POST http://127.0.0.1:8000/api/v1/settings/user/settings\x1B[22m\n' +
        '\x1B[2m    - user-agent: Mozilla/5.0 (Macintosh; Intel Mac OS X 10_15_7) AppleWebKit/537.36 (KHTML, like Gecko) HeadlessChrome/153.0.8010.12 Safari/537.36\x1B[22m\n' +
        '\x1B[2m    - accept: */*\x1B[22m\n' +
        '\x1B[2m    - accept-encoding: gzip,deflate,br\x1B[22m\n' +
        '\x1B[2m    - X-User-Id: haewon.kim\x1B[22m\n' +
        '\x1B[2m    - X-Tenant-Id: 1\x1B[22m\n' +
        '\x1B[2m    - content-type: application/json\x1B[22m\n' +
        '\x1B[2m    - content-length: 1880\x1B[22m\n' +
        '\n' +
        '    at resetBrowserState (/Users/haewonkim/.codex-fabric/worktrees/CF-636cebcd88631ae64e47fa3c/frontend/tests/helpers/sysgrid.ts:126:24)\n' +
        '    at /Users/haewonkim/.codex-fabric/worktrees/CF-636cebcd88631ae64e47fa3c/frontend/tests/smoke.spec.ts:7:11',
      cause: undefined
    }
  }
}
  ✘  192 tests/smoke.spec.ts:12:5 › Smoke Tests › Canonical Page Load: far (/far) (181ms)
(node:86760) Warning: The 'NO_COLOR' env is ignored due to the 'FORCE_COLOR' env being set.
(Use `node --trace-warnings ...` to show where the warning was created)
Failed to clear backend settings: apiRequestContext.post: connect ECONNREFUSED 127.0.0.1:8000
Call log:
  - → POST http://127.0.0.1:8000/api/v1/settings/user/settings
    - user-agent: Mozilla/5.0 (Macintosh; Intel Mac OS X 10_15_7) AppleWebKit/537.36 (KHTML, like Gecko) HeadlessChrome/153.0.8010.12 Safari/537.36
    - accept: */*
    - accept-encoding: gzip,deflate,br
    - X-User-Id: haewon.kim
    - X-Tenant-Id: 1
    - content-type: application/json
    - content-length: 1880

    at resetBrowserState (/Users/haewonkim/.codex-fabric/worktrees/CF-636cebcd88631ae64e47fa3c/frontend/tests/helpers/sysgrid.ts:126:24)
    at /Users/haewonkim/.codex-fabric/worktrees/CF-636cebcd88631ae64e47fa3c/frontend/tests/smoke.spec.ts:7:11 {
  log: [
    '  - → POST http://127.0.0.1:8000/api/v1/settings/user/settings',
    '    - user-agent: Mozilla/5.0 (Macintosh; Intel Mac OS X 10_15_7) AppleWebKit/537.36 (KHTML, like Gecko) HeadlessChrome/153.0.8010.12 Safari/537.36',
    '    - accept: */*',
    '    - accept-encoding: gzip,deflate,br',
    '    - X-User-Id: haewon.kim',
    '    - X-Tenant-Id: 1',
    '    - content-type: application/json',
    '    - content-length: 1880'
  ],
  name: 'Error',
  [Symbol(step)]: {
    location: {
      file: '/Users/haewonkim/.codex-fabric/worktrees/CF-636cebcd88631ae64e47fa3c/frontend/tests/helpers/sysgrid.ts',
      line: 126,
      column: 24,
      function: 'resetBrowserState'
    },
    category: 'pw:api',
    title: 'POST',
    subtitle: '127.0.0.1:8000/api/v1/settings/user/settings',
    params: {
      url: 'http://127.0.0.1:8000/api/v1/settings/user/settings',
      method: 'POST'
    },
    group: undefined,
    stepId: 'pw:api@42',
    boxedStack: undefined,
    steps: [],
    attachmentIndices: [],
    info: TestStepInfoImpl {
      annotations: [],
      _testInfo: [TestInfoImpl],
      _stepId: 'pw:api@42',
      _title: 'POST',
      _parentStep: [TestStepInfoImpl],
      skip: [Function (anonymous)]
    },
    complete: [Function: complete],
    endWallTime: 1789758756089,
    error: {
      message: 'Error: apiRequestContext.post: connect ECONNREFUSED 127.0.0.1:8000\n' +
        'Call log:\n' +
        '\x1B[2m  - → POST http://127.0.0.1:8000/api/v1/settings/user/settings\x1B[22m\n' +
        '\x1B[2m    - user-agent: Mozilla/5.0 (Macintosh; Intel Mac OS X 10_15_7) AppleWebKit/537.36 (KHTML, like Gecko) HeadlessChrome/153.0.8010.12 Safari/537.36\x1B[22m\n' +
        '\x1B[2m    - accept: */*\x1B[22m\n' +
        '\x1B[2m    - accept-encoding: gzip,deflate,br\x1B[22m\n' +
        '\x1B[2m    - X-User-Id: haewon.kim\x1B[22m\n' +
        '\x1B[2m    - X-Tenant-Id: 1\x1B[22m\n' +
        '\x1B[2m    - content-type: application/json\x1B[22m\n' +
        '\x1B[2m    - content-length: 1880\x1B[22m\n',
      stack: 'Error: apiRequestContext.post: connect ECONNREFUSED 127.0.0.1:8000\n' +
        'Call log:\n' +
        '\x1B[2m  - → POST http://127.0.0.1:8000/api/v1/settings/user/settings\x1B[22m\n' +
        '\x1B[2m    - user-agent: Mozilla/5.0 (Macintosh; Intel Mac OS X 10_15_7) AppleWebKit/537.36 (KHTML, like Gecko) HeadlessChrome/153.0.8010.12 Safari/537.36\x1B[22m\n' +
        '\x1B[2m    - accept: */*\x1B[22m\n' +
        '\x1B[2m    - accept-encoding: gzip,deflate,br\x1B[22m\n' +
        '\x1B[2m    - X-User-Id: haewon.kim\x1B[22m\n' +
        '\x1B[2m    - X-Tenant-Id: 1\x1B[22m\n' +
        '\x1B[2m    - content-type: application/json\x1B[22m\n' +
        '\x1B[2m    - content-length: 1880\x1B[22m\n' +
        '\n' +
        '    at resetBrowserState (/Users/haewonkim/.codex-fabric/worktrees/CF-636cebcd88631ae64e47fa3c/frontend/tests/helpers/sysgrid.ts:126:24)\n' +
        '    at /Users/haewonkim/.codex-fabric/worktrees/CF-636cebcd88631ae64e47fa3c/frontend/tests/smoke.spec.ts:7:11',
      cause: undefined
    }
  }
}
  ✘  193 tests/smoke.spec.ts:12:5 › Smoke Tests › Canonical Page Load: research (/research) (181ms)
(node:86772) Warning: The 'NO_COLOR' env is ignored due to the 'FORCE_COLOR' env being set.
(Use `node --trace-warnings ...` to show where the warning was created)
Failed to clear backend settings: apiRequestContext.post: connect ECONNREFUSED 127.0.0.1:8000
Call log:
  - → POST http://127.0.0.1:8000/api/v1/settings/user/settings
    - user-agent: Mozilla/5.0 (Macintosh; Intel Mac OS X 10_15_7) AppleWebKit/537.36 (KHTML, like Gecko) HeadlessChrome/153.0.8010.12 Safari/537.36
    - accept: */*
    - accept-encoding: gzip,deflate,br
    - X-User-Id: haewon.kim
    - X-Tenant-Id: 1
    - content-type: application/json
    - content-length: 1880

    at resetBrowserState (/Users/haewonkim/.codex-fabric/worktrees/CF-636cebcd88631ae64e47fa3c/frontend/tests/helpers/sysgrid.ts:126:24)
    at /Users/haewonkim/.codex-fabric/worktrees/CF-636cebcd88631ae64e47fa3c/frontend/tests/smoke.spec.ts:7:11 {
  log: [
    '  - → POST http://127.0.0.1:8000/api/v1/settings/user/settings',
    '    - user-agent: Mozilla/5.0 (Macintosh; Intel Mac OS X 10_15_7) AppleWebKit/537.36 (KHTML, like Gecko) HeadlessChrome/153.0.8010.12 Safari/537.36',
    '    - accept: */*',
    '    - accept-encoding: gzip,deflate,br',
    '    - X-User-Id: haewon.kim',
    '    - X-Tenant-Id: 1',
    '    - content-type: application/json',
    '    - content-length: 1880'
  ],
  name: 'Error',
  [Symbol(step)]: {
    location: {
      file: '/Users/haewonkim/.codex-fabric/worktrees/CF-636cebcd88631ae64e47fa3c/frontend/tests/helpers/sysgrid.ts',
      line: 126,
      column: 24,
      function: 'resetBrowserState'
    },
    category: 'pw:api',
    title: 'POST',
    subtitle: '127.0.0.1:8000/api/v1/settings/user/settings',
    params: {
      url: 'http://127.0.0.1:8000/api/v1/settings/user/settings',
      method: 'POST'
    },
    group: undefined,
    stepId: 'pw:api@42',
    boxedStack: undefined,
    steps: [],
    attachmentIndices: [],
    info: TestStepInfoImpl {
      annotations: [],
      _testInfo: [TestInfoImpl],
      _stepId: 'pw:api@42',
      _title: 'POST',
      _parentStep: [TestStepInfoImpl],
      skip: [Function (anonymous)]
    },
    complete: [Function: complete],
    endWallTime: 1789758756561,
    error: {
      message: 'Error: apiRequestContext.post: connect ECONNREFUSED 127.0.0.1:8000\n' +
        'Call log:\n' +
        '\x1B[2m  - → POST http://127.0.0.1:8000/api/v1/settings/user/settings\x1B[22m\n' +
        '\x1B[2m    - user-agent: Mozilla/5.0 (Macintosh; Intel Mac OS X 10_15_7) AppleWebKit/537.36 (KHTML, like Gecko) HeadlessChrome/153.0.8010.12 Safari/537.36\x1B[22m\n' +
        '\x1B[2m    - accept: */*\x1B[22m\n' +
        '\x1B[2m    - accept-encoding: gzip,deflate,br\x1B[22m\n' +
        '\x1B[2m    - X-User-Id: haewon.kim\x1B[22m\n' +
        '\x1B[2m    - X-Tenant-Id: 1\x1B[22m\n' +
        '\x1B[2m    - content-type: application/json\x1B[22m\n' +
        '\x1B[2m    - content-length: 1880\x1B[22m\n',
      stack: 'Error: apiRequestContext.post: connect ECONNREFUSED 127.0.0.1:8000\n' +
        'Call log:\n' +
        '\x1B[2m  - → POST http://127.0.0.1:8000/api/v1/settings/user/settings\x1B[22m\n' +
        '\x1B[2m    - user-agent: Mozilla/5.0 (Macintosh; Intel Mac OS X 10_15_7) AppleWebKit/537.36 (KHTML, like Gecko) HeadlessChrome/153.0.8010.12 Safari/537.36\x1B[22m\n' +
        '\x1B[2m    - accept: */*\x1B[22m\n' +
        '\x1B[2m    - accept-encoding: gzip,deflate,br\x1B[22m\n' +
        '\x1B[2m    - X-User-Id: haewon.kim\x1B[22m\n' +
        '\x1B[2m    - X-Tenant-Id: 1\x1B[22m\n' +
        '\x1B[2m    - content-type: application/json\x1B[22m\n' +
        '\x1B[2m    - content-length: 1880\x1B[22m\n' +
        '\n' +
        '    at resetBrowserState (/Users/haewonkim/.codex-fabric/worktrees/CF-636cebcd88631ae64e47fa3c/frontend/tests/helpers/sysgrid.ts:126:24)\n' +
        '    at /Users/haewonkim/.codex-fabric/worktrees/CF-636cebcd88631ae64e47fa3c/frontend/tests/smoke.spec.ts:7:11',
      cause: undefined
    }
  }
}
  ✘  194 tests/smoke.spec.ts:12:5 › Smoke Tests › Canonical Page Load: assets (/asset) (183ms)
(node:86783) Warning: The 'NO_COLOR' env is ignored due to the 'FORCE_COLOR' env being set.
(Use `node --trace-warnings ...` to show where the warning was created)
Failed to clear backend settings: apiRequestContext.post: connect ECONNREFUSED 127.0.0.1:8000
Call log:
  - → POST http://127.0.0.1:8000/api/v1/settings/user/settings
    - user-agent: Mozilla/5.0 (Macintosh; Intel Mac OS X 10_15_7) AppleWebKit/537.36 (KHTML, like Gecko) HeadlessChrome/153.0.8010.12 Safari/537.36
    - accept: */*
    - accept-encoding: gzip,deflate,br
    - X-User-Id: haewon.kim
    - X-Tenant-Id: 1
    - content-type: application/json
    - content-length: 1880

    at resetBrowserState (/Users/haewonkim/.codex-fabric/worktrees/CF-636cebcd88631ae64e47fa3c/frontend/tests/helpers/sysgrid.ts:126:24)
    at /Users/haewonkim/.codex-fabric/worktrees/CF-636cebcd88631ae64e47fa3c/frontend/tests/smoke.spec.ts:7:11 {
  log: [
    '  - → POST http://127.0.0.1:8000/api/v1/settings/user/settings',
    '    - user-agent: Mozilla/5.0 (Macintosh; Intel Mac OS X 10_15_7) AppleWebKit/537.36 (KHTML, like Gecko) HeadlessChrome/153.0.8010.12 Safari/537.36',
    '    - accept: */*',
    '    - accept-encoding: gzip,deflate,br',
    '    - X-User-Id: haewon.kim',
    '    - X-Tenant-Id: 1',
    '    - content-type: application/json',
    '    - content-length: 1880'
  ],
  name: 'Error',
  [Symbol(step)]: {
    location: {
      file: '/Users/haewonkim/.codex-fabric/worktrees/CF-636cebcd88631ae64e47fa3c/frontend/tests/helpers/sysgrid.ts',
      line: 126,
      column: 24,
      function: 'resetBrowserState'
    },
    category: 'pw:api',
    title: 'POST',
    subtitle: '127.0.0.1:8000/api/v1/settings/user/settings',
    params: {
      url: 'http://127.0.0.1:8000/api/v1/settings/user/settings',
      method: 'POST'
    },
    group: undefined,
    stepId: 'pw:api@42',
    boxedStack: undefined,
    steps: [],
    attachmentIndices: [],
    info: TestStepInfoImpl {
      annotations: [],
      _testInfo: [TestInfoImpl],
      _stepId: 'pw:api@42',
      _title: 'POST',
      _parentStep: [TestStepInfoImpl],
      skip: [Function (anonymous)]
    },
    complete: [Function: complete],
    endWallTime: 1789758757037,
    error: {
      message: 'Error: apiRequestContext.post: connect ECONNREFUSED 127.0.0.1:8000\n' +
        'Call log:\n' +
        '\x1B[2m  - → POST http://127.0.0.1:8000/api/v1/settings/user/settings\x1B[22m\n' +
        '\x1B[2m    - user-agent: Mozilla/5.0 (Macintosh; Intel Mac OS X 10_15_7) AppleWebKit/537.36 (KHTML, like Gecko) HeadlessChrome/153.0.8010.12 Safari/537.36\x1B[22m\n' +
        '\x1B[2m    - accept: */*\x1B[22m\n' +
        '\x1B[2m    - accept-encoding: gzip,deflate,br\x1B[22m\n' +
        '\x1B[2m    - X-User-Id: haewon.kim\x1B[22m\n' +
        '\x1B[2m    - X-Tenant-Id: 1\x1B[22m\n' +
        '\x1B[2m    - content-type: application/json\x1B[22m\n' +
        '\x1B[2m    - content-length: 1880\x1B[22m\n',
      stack: 'Error: apiRequestContext.post: connect ECONNREFUSED 127.0.0.1:8000\n' +
        'Call log:\n' +
        '\x1B[2m  - → POST http://127.0.0.1:8000/api/v1/settings/user/settings\x1B[22m\n' +
        '\x1B[2m    - user-agent: Mozilla/5.0 (Macintosh; Intel Mac OS X 10_15_7) AppleWebKit/537.36 (KHTML, like Gecko) HeadlessChrome/153.0.8010.12 Safari/537.36\x1B[22m\n' +
        '\x1B[2m    - accept: */*\x1B[22m\n' +
        '\x1B[2m    - accept-encoding: gzip,deflate,br\x1B[22m\n' +
        '\x1B[2m    - X-User-Id: haewon.kim\x1B[22m\n' +
        '\x1B[2m    - X-Tenant-Id: 1\x1B[22m\n' +
        '\x1B[2m    - content-type: application/json\x1B[22m\n' +
        '\x1B[2m    - content-length: 1880\x1B[22m\n' +
        '\n' +
        '    at resetBrowserState (/Users/haewonkim/.codex-fabric/worktrees/CF-636cebcd88631ae64e47fa3c/frontend/tests/helpers/sysgrid.ts:126:24)\n' +
        '    at /Users/haewonkim/.codex-fabric/worktrees/CF-636cebcd88631ae64e47fa3c/frontend/tests/smoke.spec.ts:7:11',
      cause: undefined
    }
  }
}
  ✘  195 tests/smoke.spec.ts:12:5 › Smoke Tests › Canonical Page Load: vendors (/vendors) (177ms)
(node:86792) Warning: The 'NO_COLOR' env is ignored due to the 'FORCE_COLOR' env being set.
(Use `node --trace-warnings ...` to show where the warning was created)
Failed to clear backend settings: apiRequestContext.post: connect ECONNREFUSED 127.0.0.1:8000
Call log:
  - → POST http://127.0.0.1:8000/api/v1/settings/user/settings
    - user-agent: Mozilla/5.0 (Macintosh; Intel Mac OS X 10_15_7) AppleWebKit/537.36 (KHTML, like Gecko) HeadlessChrome/153.0.8010.12 Safari/537.36
    - accept: */*
    - accept-encoding: gzip,deflate,br
    - X-User-Id: haewon.kim
    - X-Tenant-Id: 1
    - content-type: application/json
    - content-length: 1880

    at resetBrowserState (/Users/haewonkim/.codex-fabric/worktrees/CF-636cebcd88631ae64e47fa3c/frontend/tests/helpers/sysgrid.ts:126:24)
    at /Users/haewonkim/.codex-fabric/worktrees/CF-636cebcd88631ae64e47fa3c/frontend/tests/smoke.spec.ts:7:11 {
  log: [
    '  - → POST http://127.0.0.1:8000/api/v1/settings/user/settings',
    '    - user-agent: Mozilla/5.0 (Macintosh; Intel Mac OS X 10_15_7) AppleWebKit/537.36 (KHTML, like Gecko) HeadlessChrome/153.0.8010.12 Safari/537.36',
    '    - accept: */*',
    '    - accept-encoding: gzip,deflate,br',
    '    - X-User-Id: haewon.kim',
    '    - X-Tenant-Id: 1',
    '    - content-type: application/json',
    '    - content-length: 1880'
  ],
  name: 'Error',
  [Symbol(step)]: {
    location: {
      file: '/Users/haewonkim/.codex-fabric/worktrees/CF-636cebcd88631ae64e47fa3c/frontend/tests/helpers/sysgrid.ts',
      line: 126,
      column: 24,
      function: 'resetBrowserState'
    },
    category: 'pw:api',
    title: 'POST',
    subtitle: '127.0.0.1:8000/api/v1/settings/user/settings',
    params: {
      url: 'http://127.0.0.1:8000/api/v1/settings/user/settings',
      method: 'POST'
    },
    group: undefined,
    stepId: 'pw:api@42',
    boxedStack: undefined,
    steps: [],
    attachmentIndices: [],
    info: TestStepInfoImpl {
      annotations: [],
      _testInfo: [TestInfoImpl],
      _stepId: 'pw:api@42',
      _title: 'POST',
      _parentStep: [TestStepInfoImpl],
      skip: [Function (anonymous)]
    },
    complete: [Function: complete],
    endWallTime: 1789758757512,
    error: {
      message: 'Error: apiRequestContext.post: connect ECONNREFUSED 127.0.0.1:8000\n' +
        'Call log:\n' +
        '\x1B[2m  - → POST http://127.0.0.1:8000/api/v1/settings/user/settings\x1B[22m\n' +
        '\x1B[2m    - user-agent: Mozilla/5.0 (Macintosh; Intel Mac OS X 10_15_7) AppleWebKit/537.36 (KHTML, like Gecko) HeadlessChrome/153.0.8010.12 Safari/537.36\x1B[22m\n' +
        '\x1B[2m    - accept: */*\x1B[22m\n' +
        '\x1B[2m    - accept-encoding: gzip,deflate,br\x1B[22m\n' +
        '\x1B[2m    - X-User-Id: haewon.kim\x1B[22m\n' +
        '\x1B[2m    - X-Tenant-Id: 1\x1B[22m\n' +
        '\x1B[2m    - content-type: application/json\x1B[22m\n' +
        '\x1B[2m    - content-length: 1880\x1B[22m\n',
      stack: 'Error: apiRequestContext.post: connect ECONNREFUSED 127.0.0.1:8000\n' +
        'Call log:\n' +
        '\x1B[2m  - → POST http://127.0.0.1:8000/api/v1/settings/user/settings\x1B[22m\n' +
        '\x1B[2m    - user-agent: Mozilla/5.0 (Macintosh; Intel Mac OS X 10_15_7) AppleWebKit/537.36 (KHTML, like Gecko) HeadlessChrome/153.0.8010.12 Safari/537.36\x1B[22m\n' +
        '\x1B[2m    - accept: */*\x1B[22m\n' +
        '\x1B[2m    - accept-encoding: gzip,deflate,br\x1B[22m\n' +
        '\x1B[2m    - X-User-Id: haewon.kim\x1B[22m\n' +
        '\x1B[2m    - X-Tenant-Id: 1\x1B[22m\n' +
        '\x1B[2m    - content-type: application/json\x1B[22m\n' +
        '\x1B[2m    - content-length: 1880\x1B[22m\n' +
        '\n' +
        '    at resetBrowserState (/Users/haewonkim/.codex-fabric/worktrees/CF-636cebcd88631ae64e47fa3c/frontend/tests/helpers/sysgrid.ts:126:24)\n' +
        '    at /Users/haewonkim/.codex-fabric/worktrees/CF-636cebcd88631ae64e47fa3c/frontend/tests/smoke.spec.ts:7:11',
      cause: undefined
    }
  }
}
  ✘  196 tests/smoke.spec.ts:12:5 › Smoke Tests › Canonical Page Load: settings-standards (/settings?tab=standards) (174ms)
(node:86801) Warning: The 'NO_COLOR' env is ignored due to the 'FORCE_COLOR' env being set.
(Use `node --trace-warnings ...` to show where the warning was created)
Failed to clear backend settings: apiRequestContext.post: connect ECONNREFUSED 127.0.0.1:8000
Call log:
  - → POST http://127.0.0.1:8000/api/v1/settings/user/settings
    - user-agent: Mozilla/5.0 (Macintosh; Intel Mac OS X 10_15_7) AppleWebKit/537.36 (KHTML, like Gecko) HeadlessChrome/153.0.8010.12 Safari/537.36
    - accept: */*
    - accept-encoding: gzip,deflate,br
    - X-User-Id: haewon.kim
    - X-Tenant-Id: 1
    - content-type: application/json
    - content-length: 1880

    at resetBrowserState (/Users/haewonkim/.codex-fabric/worktrees/CF-636cebcd88631ae64e47fa3c/frontend/tests/helpers/sysgrid.ts:126:24)
    at /Users/haewonkim/.codex-fabric/worktrees/CF-636cebcd88631ae64e47fa3c/frontend/tests/smoke.spec.ts:7:11 {
  log: [
    '  - → POST http://127.0.0.1:8000/api/v1/settings/user/settings',
    '    - user-agent: Mozilla/5.0 (Macintosh; Intel Mac OS X 10_15_7) AppleWebKit/537.36 (KHTML, like Gecko) HeadlessChrome/153.0.8010.12 Safari/537.36',
    '    - accept: */*',
    '    - accept-encoding: gzip,deflate,br',
    '    - X-User-Id: haewon.kim',
    '    - X-Tenant-Id: 1',
    '    - content-type: application/json',
    '    - content-length: 1880'
  ],
  name: 'Error',
  [Symbol(step)]: {
    location: {
      file: '/Users/haewonkim/.codex-fabric/worktrees/CF-636cebcd88631ae64e47fa3c/frontend/tests/helpers/sysgrid.ts',
      line: 126,
      column: 24,
      function: 'resetBrowserState'
    },
    category: 'pw:api',
    title: 'POST',
    subtitle: '127.0.0.1:8000/api/v1/settings/user/settings',
    params: {
      url: 'http://127.0.0.1:8000/api/v1/settings/user/settings',
      method: 'POST'
    },
    group: undefined,
    stepId: 'pw:api@42',
    boxedStack: undefined,
    steps: [],
    attachmentIndices: [],
    info: TestStepInfoImpl {
      annotations: [],
      _testInfo: [TestInfoImpl],
      _stepId: 'pw:api@42',
      _title: 'POST',
      _parentStep: [TestStepInfoImpl],
      skip: [Function (anonymous)]
    },
    complete: [Function: complete],
    endWallTime: 1789758757981,
    error: {
      message: 'Error: apiRequestContext.post: connect ECONNREFUSED 127.0.0.1:8000\n' +
        'Call log:\n' +
        '\x1B[2m  - → POST http://127.0.0.1:8000/api/v1/settings/user/settings\x1B[22m\n' +
        '\x1B[2m    - user-agent: Mozilla/5.0 (Macintosh; Intel Mac OS X 10_15_7) AppleWebKit/537.36 (KHTML, like Gecko) HeadlessChrome/153.0.8010.12 Safari/537.36\x1B[22m\n' +
        '\x1B[2m    - accept: */*\x1B[22m\n' +
        '\x1B[2m    - accept-encoding: gzip,deflate,br\x1B[22m\n' +
        '\x1B[2m    - X-User-Id: haewon.kim\x1B[22m\n' +
        '\x1B[2m    - X-Tenant-Id: 1\x1B[22m\n' +
        '\x1B[2m    - content-type: application/json\x1B[22m\n' +
        '\x1B[2m    - content-length: 1880\x1B[22m\n',
      stack: 'Error: apiRequestContext.post: connect ECONNREFUSED 127.0.0.1:8000\n' +
        'Call log:\n' +
        '\x1B[2m  - → POST http://127.0.0.1:8000/api/v1/settings/user/settings\x1B[22m\n' +
        '\x1B[2m    - user-agent: Mozilla/5.0 (Macintosh; Intel Mac OS X 10_15_7) AppleWebKit/537.36 (KHTML, like Gecko) HeadlessChrome/153.0.8010.12 Safari/537.36\x1B[22m\n' +
        '\x1B[2m    - accept: */*\x1B[22m\n' +
        '\x1B[2m    - accept-encoding: gzip,deflate,br\x1B[22m\n' +
        '\x1B[2m    - X-User-Id: haewon.kim\x1B[22m\n' +
        '\x1B[2m    - X-Tenant-Id: 1\x1B[22m\n' +
        '\x1B[2m    - content-type: application/json\x1B[22m\n' +
        '\x1B[2m    - content-length: 1880\x1B[22m\n' +
        '\n' +
        '    at resetBrowserState (/Users/haewonkim/.codex-fabric/worktrees/CF-636cebcd88631ae64e47fa3c/frontend/tests/helpers/sysgrid.ts:126:24)\n' +
        '    at /Users/haewonkim/.codex-fabric/worktrees/CF-636cebcd88631ae64e47fa3c/frontend/tests/smoke.spec.ts:7:11',
      cause: undefined
    }
  }
}
  ✘  197 tests/smoke.spec.ts:31:5 › Smoke Tests › Page Load: / (183ms)
(node:86811) Warning: The 'NO_COLOR' env is ignored due to the 'FORCE_COLOR' env being set.
(Use `node --trace-warnings ...` to show where the warning was created)
Failed to clear backend settings: apiRequestContext.post: connect ECONNREFUSED 127.0.0.1:8000
Call log:
  - → POST http://127.0.0.1:8000/api/v1/settings/user/settings
    - user-agent: Mozilla/5.0 (Macintosh; Intel Mac OS X 10_15_7) AppleWebKit/537.36 (KHTML, like Gecko) HeadlessChrome/153.0.8010.12 Safari/537.36
    - accept: */*
    - accept-encoding: gzip,deflate,br
    - X-User-Id: haewon.kim
    - X-Tenant-Id: 1
    - content-type: application/json
    - content-length: 1880

    at resetBrowserState (/Users/haewonkim/.codex-fabric/worktrees/CF-636cebcd88631ae64e47fa3c/frontend/tests/helpers/sysgrid.ts:126:24)
    at /Users/haewonkim/.codex-fabric/worktrees/CF-636cebcd88631ae64e47fa3c/frontend/tests/smoke.spec.ts:7:11 {
  log: [
    '  - → POST http://127.0.0.1:8000/api/v1/settings/user/settings',
    '    - user-agent: Mozilla/5.0 (Macintosh; Intel Mac OS X 10_15_7) AppleWebKit/537.36 (KHTML, like Gecko) HeadlessChrome/153.0.8010.12 Safari/537.36',
    '    - accept: */*',
    '    - accept-encoding: gzip,deflate,br',
    '    - X-User-Id: haewon.kim',
    '    - X-Tenant-Id: 1',
    '    - content-type: application/json',
    '    - content-length: 1880'
  ],
  name: 'Error',
  [Symbol(step)]: {
    location: {
      file: '/Users/haewonkim/.codex-fabric/worktrees/CF-636cebcd88631ae64e47fa3c/frontend/tests/helpers/sysgrid.ts',
      line: 126,
      column: 24,
      function: 'resetBrowserState'
    },
    category: 'pw:api',
    title: 'POST',
    subtitle: '127.0.0.1:8000/api/v1/settings/user/settings',
    params: {
      url: 'http://127.0.0.1:8000/api/v1/settings/user/settings',
      method: 'POST'
    },
    group: undefined,
    stepId: 'pw:api@42',
    boxedStack: undefined,
    steps: [],
    attachmentIndices: [],
    info: TestStepInfoImpl {
      annotations: [],
      _testInfo: [TestInfoImpl],
      _stepId: 'pw:api@42',
      _title: 'POST',
      _parentStep: [TestStepInfoImpl],
      skip: [Function (anonymous)]
    },
    complete: [Function: complete],
    endWallTime: 1789758758459,
    error: {
      message: 'Error: apiRequestContext.post: connect ECONNREFUSED 127.0.0.1:8000\n' +
        'Call log:\n' +
        '\x1B[2m  - → POST http://127.0.0.1:8000/api/v1/settings/user/settings\x1B[22m\n' +
        '\x1B[2m    - user-agent: Mozilla/5.0 (Macintosh; Intel Mac OS X 10_15_7) AppleWebKit/537.36 (KHTML, like Gecko) HeadlessChrome/153.0.8010.12 Safari/537.36\x1B[22m\n' +
        '\x1B[2m    - accept: */*\x1B[22m\n' +
        '\x1B[2m    - accept-encoding: gzip,deflate,br\x1B[22m\n' +
        '\x1B[2m    - X-User-Id: haewon.kim\x1B[22m\n' +
        '\x1B[2m    - X-Tenant-Id: 1\x1B[22m\n' +
        '\x1B[2m    - content-type: application/json\x1B[22m\n' +
        '\x1B[2m    - content-length: 1880\x1B[22m\n',
      stack: 'Error: apiRequestContext.post: connect ECONNREFUSED 127.0.0.1:8000\n' +
        'Call log:\n' +
        '\x1B[2m  - → POST http://127.0.0.1:8000/api/v1/settings/user/settings\x1B[22m\n' +
        '\x1B[2m    - user-agent: Mozilla/5.0 (Macintosh; Intel Mac OS X 10_15_7) AppleWebKit/537.36 (KHTML, like Gecko) HeadlessChrome/153.0.8010.12 Safari/537.36\x1B[22m\n' +
        '\x1B[2m    - accept: */*\x1B[22m\n' +
        '\x1B[2m    - accept-encoding: gzip,deflate,br\x1B[22m\n' +
        '\x1B[2m    - X-User-Id: haewon.kim\x1B[22m\n' +
        '\x1B[2m    - X-Tenant-Id: 1\x1B[22m\n' +
        '\x1B[2m    - content-type: application/json\x1B[22m\n' +
        '\x1B[2m    - content-length: 1880\x1B[22m\n' +
        '\n' +
        '    at resetBrowserState (/Users/haewonkim/.codex-fabric/worktrees/CF-636cebcd88631ae64e47fa3c/frontend/tests/helpers/sysgrid.ts:126:24)\n' +
        '    at /Users/haewonkim/.codex-fabric/worktrees/CF-636cebcd88631ae64e47fa3c/frontend/tests/smoke.spec.ts:7:11',
      cause: undefined
    }
  }
}
  ✘  198 tests/smoke.spec.ts:31:5 › Smoke Tests › Page Load: /projects (181ms)
(node:86820) Warning: The 'NO_COLOR' env is ignored due to the 'FORCE_COLOR' env being set.
(Use `node --trace-warnings ...` to show where the warning was created)
Failed to clear backend settings: apiRequestContext.post: connect ECONNREFUSED 127.0.0.1:8000
Call log:
  - → POST http://127.0.0.1:8000/api/v1/settings/user/settings
    - user-agent: Mozilla/5.0 (Macintosh; Intel Mac OS X 10_15_7) AppleWebKit/537.36 (KHTML, like Gecko) HeadlessChrome/153.0.8010.12 Safari/537.36
    - accept: */*
    - accept-encoding: gzip,deflate,br
    - X-User-Id: haewon.kim
    - X-Tenant-Id: 1
    - content-type: application/json
    - content-length: 1880

    at resetBrowserState (/Users/haewonkim/.codex-fabric/worktrees/CF-636cebcd88631ae64e47fa3c/frontend/tests/helpers/sysgrid.ts:126:24)
    at /Users/haewonkim/.codex-fabric/worktrees/CF-636cebcd88631ae64e47fa3c/frontend/tests/smoke.spec.ts:7:11 {
  log: [
    '  - → POST http://127.0.0.1:8000/api/v1/settings/user/settings',
    '    - user-agent: Mozilla/5.0 (Macintosh; Intel Mac OS X 10_15_7) AppleWebKit/537.36 (KHTML, like Gecko) HeadlessChrome/153.0.8010.12 Safari/537.36',
    '    - accept: */*',
    '    - accept-encoding: gzip,deflate,br',
    '    - X-User-Id: haewon.kim',
    '    - X-Tenant-Id: 1',
    '    - content-type: application/json',
    '    - content-length: 1880'
  ],
  name: 'Error',
  [Symbol(step)]: {
    location: {
      file: '/Users/haewonkim/.codex-fabric/worktrees/CF-636cebcd88631ae64e47fa3c/frontend/tests/helpers/sysgrid.ts',
      line: 126,
      column: 24,
      function: 'resetBrowserState'
    },
    category: 'pw:api',
    title: 'POST',
    subtitle: '127.0.0.1:8000/api/v1/settings/user/settings',
    params: {
      url: 'http://127.0.0.1:8000/api/v1/settings/user/settings',
      method: 'POST'
    },
    group: undefined,
    stepId: 'pw:api@42',
    boxedStack: undefined,
    steps: [],
    attachmentIndices: [],
    info: TestStepInfoImpl {
      annotations: [],
      _testInfo: [TestInfoImpl],
      _stepId: 'pw:api@42',
      _title: 'POST',
      _parentStep: [TestStepInfoImpl],
      skip: [Function (anonymous)]
    },
    complete: [Function: complete],
    endWallTime: 1789758758933,
    error: {
      message: 'Error: apiRequestContext.post: connect ECONNREFUSED 127.0.0.1:8000\n' +
        'Call log:\n' +
        '\x1B[2m  - → POST http://127.0.0.1:8000/api/v1/settings/user/settings\x1B[22m\n' +
        '\x1B[2m    - user-agent: Mozilla/5.0 (Macintosh; Intel Mac OS X 10_15_7) AppleWebKit/537.36 (KHTML, like Gecko) HeadlessChrome/153.0.8010.12 Safari/537.36\x1B[22m\n' +
        '\x1B[2m    - accept: */*\x1B[22m\n' +
        '\x1B[2m    - accept-encoding: gzip,deflate,br\x1B[22m\n' +
        '\x1B[2m    - X-User-Id: haewon.kim\x1B[22m\n' +
        '\x1B[2m    - X-Tenant-Id: 1\x1B[22m\n' +
        '\x1B[2m    - content-type: application/json\x1B[22m\n' +
        '\x1B[2m    - content-length: 1880\x1B[22m\n',
      stack: 'Error: apiRequestContext.post: connect ECONNREFUSED 127.0.0.1:8000\n' +
        'Call log:\n' +
        '\x1B[2m  - → POST http://127.0.0.1:8000/api/v1/settings/user/settings\x1B[22m\n' +
        '\x1B[2m    - user-agent: Mozilla/5.0 (Macintosh; Intel Mac OS X 10_15_7) AppleWebKit/537.36 (KHTML, like Gecko) HeadlessChrome/153.0.8010.12 Safari/537.36\x1B[22m\n' +
        '\x1B[2m    - accept: */*\x1B[22m\n' +
        '\x1B[2m    - accept-encoding: gzip,deflate,br\x1B[22m\n' +
        '\x1B[2m    - X-User-Id: haewon.kim\x1B[22m\n' +
        '\x1B[2m    - X-Tenant-Id: 1\x1B[22m\n' +
        '\x1B[2m    - content-type: application/json\x1B[22m\n' +
        '\x1B[2m    - content-length: 1880\x1B[22m\n' +
        '\n' +
        '    at resetBrowserState (/Users/haewonkim/.codex-fabric/worktrees/CF-636cebcd88631ae64e47fa3c/frontend/tests/helpers/sysgrid.ts:126:24)\n' +
        '    at /Users/haewonkim/.codex-fabric/worktrees/CF-636cebcd88631ae64e47fa3c/frontend/tests/smoke.spec.ts:7:11',
      cause: undefined
    }
  }
}
  ✘  199 tests/smoke.spec.ts:31:5 › Smoke Tests › Page Load: /racks (176ms)
(node:86832) Warning: The 'NO_COLOR' env is ignored due to the 'FORCE_COLOR' env being set.
(Use `node --trace-warnings ...` to show where the warning was created)
[ChaosController] Registered: interaction-chaos
[ChaosController] Registered: network-chaos
[ChaosController] Enabled: interaction-chaos
[ChaosController] Enabled: network-chaos
Failed to clear backend settings: apiRequestContext.post: connect ECONNREFUSED 127.0.0.1:8000
Call log:
  - → POST http://127.0.0.1:8000/api/v1/settings/user/settings
    - user-agent: Mozilla/5.0 (Macintosh; Intel Mac OS X 10_15_7) AppleWebKit/537.36 (KHTML, like Gecko) HeadlessChrome/153.0.8010.12 Safari/537.36
    - accept: */*
    - accept-encoding: gzip,deflate,br
    - X-User-Id: haewon.kim
    - X-Tenant-Id: 1
    - content-type: application/json
    - content-length: 1880

    at resetBrowserState (/Users/haewonkim/.codex-fabric/worktrees/CF-636cebcd88631ae64e47fa3c/frontend/tests/helpers/sysgrid.ts:126:24)
    at /Users/haewonkim/.codex-fabric/worktrees/CF-636cebcd88631ae64e47fa3c/frontend/tests/universal-crawler.spec.ts:17:13 {
  log: [
    '  - → POST http://127.0.0.1:8000/api/v1/settings/user/settings',
    '    - user-agent: Mozilla/5.0 (Macintosh; Intel Mac OS X 10_15_7) AppleWebKit/537.36 (KHTML, like Gecko) HeadlessChrome/153.0.8010.12 Safari/537.36',
    '    - accept: */*',
    '    - accept-encoding: gzip,deflate,br',
    '    - X-User-Id: haewon.kim',
    '    - X-Tenant-Id: 1',
    '    - content-type: application/json',
    '    - content-length: 1880'
  ],
  name: 'Error',
  [Symbol(step)]: {
    location: {
      file: '/Users/haewonkim/.codex-fabric/worktrees/CF-636cebcd88631ae64e47fa3c/frontend/tests/helpers/sysgrid.ts',
      line: 126,
      column: 24,
      function: 'resetBrowserState'
    },
    category: 'pw:api',
    title: 'POST',
    subtitle: '127.0.0.1:8000/api/v1/settings/user/settings',
    params: {
      url: 'http://127.0.0.1:8000/api/v1/settings/user/settings',
      method: 'POST'
    },
    group: undefined,
    stepId: 'pw:api@45',
    boxedStack: undefined,
    steps: [],
    attachmentIndices: [],
    info: TestStepInfoImpl {
      annotations: [],
      _testInfo: [TestInfoImpl],
      _stepId: 'pw:api@45',
      _title: 'POST',
      _parentStep: undefined,
      skip: [Function (anonymous)]
    },
    complete: [Function: complete],
    endWallTime: 1789758759408,
    error: {
      message: 'Error: apiRequestContext.post: connect ECONNREFUSED 127.0.0.1:8000\n' +
        'Call log:\n' +
        '\x1B[2m  - → POST http://127.0.0.1:8000/api/v1/settings/user/settings\x1B[22m\n' +
        '\x1B[2m    - user-agent: Mozilla/5.0 (Macintosh; Intel Mac OS X 10_15_7) AppleWebKit/537.36 (KHTML, like Gecko) HeadlessChrome/153.0.8010.12 Safari/537.36\x1B[22m\n' +
        '\x1B[2m    - accept: */*\x1B[22m\n' +
        '\x1B[2m    - accept-encoding: gzip,deflate,br\x1B[22m\n' +
        '\x1B[2m    - X-User-Id: haewon.kim\x1B[22m\n' +
        '\x1B[2m    - X-Tenant-Id: 1\x1B[22m\n' +
        '\x1B[2m    - content-type: application/json\x1B[22m\n' +
        '\x1B[2m    - content-length: 1880\x1B[22m\n',
      stack: 'Error: apiRequestContext.post: connect ECONNREFUSED 127.0.0.1:8000\n' +
        'Call log:\n' +
        '\x1B[2m  - → POST http://127.0.0.1:8000/api/v1/settings/user/settings\x1B[22m\n' +
        '\x1B[2m    - user-agent: Mozilla/5.0 (Macintosh; Intel Mac OS X 10_15_7) AppleWebKit/537.36 (KHTML, like Gecko) HeadlessChrome/153.0.8010.12 Safari/537.36\x1B[22m\n' +
        '\x1B[2m    - accept: */*\x1B[22m\n' +
        '\x1B[2m    - accept-encoding: gzip,deflate,br\x1B[22m\n' +
        '\x1B[2m    - X-User-Id: haewon.kim\x1B[22m\n' +
        '\x1B[2m    - X-Tenant-Id: 1\x1B[22m\n' +
        '\x1B[2m    - content-type: application/json\x1B[22m\n' +
        '\x1B[2m    - content-length: 1880\x1B[22m\n' +
        '\n' +
        '    at resetBrowserState (/Users/haewonkim/.codex-fabric/worktrees/CF-636cebcd88631ae64e47fa3c/frontend/tests/helpers/sysgrid.ts:126:24)\n' +
        '    at /Users/haewonkim/.codex-fabric/worktrees/CF-636cebcd88631ae64e47fa3c/frontend/tests/universal-crawler.spec.ts:17:13',
      cause: undefined
    }
  }
}
[ChaosController] Kill Switch: Disabling all chaos tools.
[ChaosController] Kill Switch: Disabling all chaos tools.
  ✘  200 tests/universal-crawler.spec.ts:6:3 › Universal View Resilience Crawler (Automated Chaos) › Automatically crawls all canonical views and injects bounded chaos @chaos (211ms)
(node:86846) Warning: The 'NO_COLOR' env is ignored due to the 'FORCE_COLOR' env being set.
(Use `node --trace-warnings ...` to show where the warning was created)
Failed to clear backend settings: apiRequestContext.post: connect ECONNREFUSED 127.0.0.1:8000
Call log:
  - → POST http://127.0.0.1:8000/api/v1/settings/user/settings
    - user-agent: Mozilla/5.0 (Macintosh; Intel Mac OS X 10_15_7) AppleWebKit/537.36 (KHTML, like Gecko) HeadlessChrome/153.0.8010.12 Safari/537.36
    - accept: */*
    - accept-encoding: gzip,deflate,br
    - X-User-Id: haewon.kim
    - X-Tenant-Id: 1
    - content-type: application/json
    - content-length: 1880

    at resetBrowserState (/Users/haewonkim/.codex-fabric/worktrees/CF-636cebcd88631ae64e47fa3c/frontend/tests/helpers/sysgrid.ts:126:24)
    at /Users/haewonkim/.codex-fabric/worktrees/CF-636cebcd88631ae64e47fa3c/frontend/tests/vendor-workflows.spec.ts:8:11 {
  log: [
    '  - → POST http://127.0.0.1:8000/api/v1/settings/user/settings',
    '    - user-agent: Mozilla/5.0 (Macintosh; Intel Mac OS X 10_15_7) AppleWebKit/537.36 (KHTML, like Gecko) HeadlessChrome/153.0.8010.12 Safari/537.36',
    '    - accept: */*',
    '    - accept-encoding: gzip,deflate,br',
    '    - X-User-Id: haewon.kim',
    '    - X-Tenant-Id: 1',
    '    - content-type: application/json',
    '    - content-length: 1880'
  ],
  name: 'Error',
  [Symbol(step)]: {
    location: {
      file: '/Users/haewonkim/.codex-fabric/worktrees/CF-636cebcd88631ae64e47fa3c/frontend/tests/helpers/sysgrid.ts',
      line: 126,
      column: 24,
      function: 'resetBrowserState'
    },
    category: 'pw:api',
    title: 'POST',
    subtitle: '127.0.0.1:8000/api/v1/settings/user/settings',
    params: {
      url: 'http://127.0.0.1:8000/api/v1/settings/user/settings',
      method: 'POST'
    },
    group: undefined,
    stepId: 'pw:api@41',
    boxedStack: undefined,
    steps: [],
    attachmentIndices: [],
    info: TestStepInfoImpl {
      annotations: [],
      _testInfo: [TestInfoImpl],
      _stepId: 'pw:api@41',
      _title: 'POST',
      _parentStep: undefined,
      skip: [Function (anonymous)]
    },
    complete: [Function: complete],
    endWallTime: 1789758759908,
    error: {
      message: 'Error: apiRequestContext.post: connect ECONNREFUSED 127.0.0.1:8000\n' +
        'Call log:\n' +
        '\x1B[2m  - → POST http://127.0.0.1:8000/api/v1/settings/user/settings\x1B[22m\n' +
        '\x1B[2m    - user-agent: Mozilla/5.0 (Macintosh; Intel Mac OS X 10_15_7) AppleWebKit/537.36 (KHTML, like Gecko) HeadlessChrome/153.0.8010.12 Safari/537.36\x1B[22m\n' +
        '\x1B[2m    - accept: */*\x1B[22m\n' +
        '\x1B[2m    - accept-encoding: gzip,deflate,br\x1B[22m\n' +
        '\x1B[2m    - X-User-Id: haewon.kim\x1B[22m\n' +
        '\x1B[2m    - X-Tenant-Id: 1\x1B[22m\n' +
        '\x1B[2m    - content-type: application/json\x1B[22m\n' +
        '\x1B[2m    - content-length: 1880\x1B[22m\n',
      stack: 'Error: apiRequestContext.post: connect ECONNREFUSED 127.0.0.1:8000\n' +
        'Call log:\n' +
        '\x1B[2m  - → POST http://127.0.0.1:8000/api/v1/settings/user/settings\x1B[22m\n' +
        '\x1B[2m    - user-agent: Mozilla/5.0 (Macintosh; Intel Mac OS X 10_15_7) AppleWebKit/537.36 (KHTML, like Gecko) HeadlessChrome/153.0.8010.12 Safari/537.36\x1B[22m\n' +
        '\x1B[2m    - accept: */*\x1B[22m\n' +
        '\x1B[2m    - accept-encoding: gzip,deflate,br\x1B[22m\n' +
        '\x1B[2m    - X-User-Id: haewon.kim\x1B[22m\n' +
        '\x1B[2m    - X-Tenant-Id: 1\x1B[22m\n' +
        '\x1B[2m    - content-type: application/json\x1B[22m\n' +
        '\x1B[2m    - content-length: 1880\x1B[22m\n' +
        '\n' +
        '    at resetBrowserState (/Users/haewonkim/.codex-fabric/worktrees/CF-636cebcd88631ae64e47fa3c/frontend/tests/helpers/sysgrid.ts:126:24)\n' +
        '    at /Users/haewonkim/.codex-fabric/worktrees/CF-636cebcd88631ae64e47fa3c/frontend/tests/vendor-workflows.spec.ts:8:11',
      cause: undefined
    }
  }
}
  ✘  201 tests/vendor-workflows.spec.ts:7:3 › Vendor workflows › creates a vendor, updates the profile, and registers a contract (171ms)
(node:86857) Warning: The 'NO_COLOR' env is ignored due to the 'FORCE_COLOR' env being set.
(Use `node --trace-warnings ...` to show where the warning was created)
Failed to clear backend settings: apiRequestContext.post: connect ECONNREFUSED 127.0.0.1:8000
Call log:
  - → POST http://127.0.0.1:8000/api/v1/settings/user/settings
    - user-agent: Mozilla/5.0 (Macintosh; Intel Mac OS X 10_15_7) AppleWebKit/537.36 (KHTML, like Gecko) HeadlessChrome/153.0.8010.12 Safari/537.36
    - accept: */*
    - accept-encoding: gzip,deflate,br
    - X-User-Id: haewon.kim
    - X-Tenant-Id: 1
    - content-type: application/json
    - content-length: 1880

    at resetBrowserState (/Users/haewonkim/.codex-fabric/worktrees/CF-636cebcd88631ae64e47fa3c/frontend/tests/helpers/sysgrid.ts:126:24)
    at /Users/haewonkim/.codex-fabric/worktrees/CF-636cebcd88631ae64e47fa3c/frontend/tests/vendors-real-runtime.spec.ts:192:11 {
  log: [
    '  - → POST http://127.0.0.1:8000/api/v1/settings/user/settings',
    '    - user-agent: Mozilla/5.0 (Macintosh; Intel Mac OS X 10_15_7) AppleWebKit/537.36 (KHTML, like Gecko) HeadlessChrome/153.0.8010.12 Safari/537.36',
    '    - accept: */*',
    '    - accept-encoding: gzip,deflate,br',
    '    - X-User-Id: haewon.kim',
    '    - X-Tenant-Id: 1',
    '    - content-type: application/json',
    '    - content-length: 1880'
  ],
  name: 'Error',
  [Symbol(step)]: {
    location: {
      file: '/Users/haewonkim/.codex-fabric/worktrees/CF-636cebcd88631ae64e47fa3c/frontend/tests/helpers/sysgrid.ts',
      line: 126,
      column: 24,
      function: 'resetBrowserState'
    },
    category: 'pw:api',
    title: 'POST',
    subtitle: '127.0.0.1:8000/api/v1/settings/user/settings',
    params: {
      url: 'http://127.0.0.1:8000/api/v1/settings/user/settings',
      method: 'POST'
    },
    group: undefined,
    stepId: 'pw:api@42',
    boxedStack: undefined,
    steps: [],
    attachmentIndices: [],
    info: TestStepInfoImpl {
      annotations: [],
      _testInfo: [TestInfoImpl],
      _stepId: 'pw:api@42',
      _title: 'POST',
      _parentStep: undefined,
      skip: [Function (anonymous)]
    },
    complete: [Function: complete],
    endWallTime: 1789758760392,
    error: {
      message: 'Error: apiRequestContext.post: connect ECONNREFUSED 127.0.0.1:8000\n' +
        'Call log:\n' +
        '\x1B[2m  - → POST http://127.0.0.1:8000/api/v1/settings/user/settings\x1B[22m\n' +
        '\x1B[2m    - user-agent: Mozilla/5.0 (Macintosh; Intel Mac OS X 10_15_7) AppleWebKit/537.36 (KHTML, like Gecko) HeadlessChrome/153.0.8010.12 Safari/537.36\x1B[22m\n' +
        '\x1B[2m    - accept: */*\x1B[22m\n' +
        '\x1B[2m    - accept-encoding: gzip,deflate,br\x1B[22m\n' +
        '\x1B[2m    - X-User-Id: haewon.kim\x1B[22m\n' +
        '\x1B[2m    - X-Tenant-Id: 1\x1B[22m\n' +
        '\x1B[2m    - content-type: application/json\x1B[22m\n' +
        '\x1B[2m    - content-length: 1880\x1B[22m\n',
      stack: 'Error: apiRequestContext.post: connect ECONNREFUSED 127.0.0.1:8000\n' +
        'Call log:\n' +
        '\x1B[2m  - → POST http://127.0.0.1:8000/api/v1/settings/user/settings\x1B[22m\n' +
        '\x1B[2m    - user-agent: Mozilla/5.0 (Macintosh; Intel Mac OS X 10_15_7) AppleWebKit/537.36 (KHTML, like Gecko) HeadlessChrome/153.0.8010.12 Safari/537.36\x1B[22m\n' +
        '\x1B[2m    - accept: */*\x1B[22m\n' +
        '\x1B[2m    - accept-encoding: gzip,deflate,br\x1B[22m\n' +
        '\x1B[2m    - X-User-Id: haewon.kim\x1B[22m\n' +
        '\x1B[2m    - X-Tenant-Id: 1\x1B[22m\n' +
        '\x1B[2m    - content-type: application/json\x1B[22m\n' +
        '\x1B[2m    - content-length: 1880\x1B[22m\n' +
        '\n' +
        '    at resetBrowserState (/Users/haewonkim/.codex-fabric/worktrees/CF-636cebcd88631ae64e47fa3c/frontend/tests/helpers/sysgrid.ts:126:24)\n' +
        '    at /Users/haewonkim/.codex-fabric/worktrees/CF-636cebcd88631ae64e47fa3c/frontend/tests/vendors-real-runtime.spec.ts:192:11',
      cause: undefined
    }
  }
}
  ✘  202 tests/vendors-real-runtime.spec.ts:191:3 › VendorsReal canonical runtime › preserves shell actions, import/export/copy, row actions, context menu, and details on /vendors (199ms)
(node:86866) Warning: The 'NO_COLOR' env is ignored due to the 'FORCE_COLOR' env being set.
(Use `node --trace-warnings ...` to show where the warning was created)
Failed to clear backend settings: apiRequestContext.post: connect ECONNREFUSED 127.0.0.1:8000
Call log:
  - → POST http://127.0.0.1:8000/api/v1/settings/user/settings
    - user-agent: Mozilla/5.0 (Macintosh; Intel Mac OS X 10_15_7) AppleWebKit/537.36 (KHTML, like Gecko) HeadlessChrome/153.0.8010.12 Safari/537.36
    - accept: */*
    - accept-encoding: gzip,deflate,br
    - X-User-Id: haewon.kim
    - X-Tenant-Id: 1
    - content-type: application/json
    - content-length: 1880

    at resetBrowserState (/Users/haewonkim/.codex-fabric/worktrees/CF-636cebcd88631ae64e47fa3c/frontend/tests/helpers/sysgrid.ts:126:24)
    at /Users/haewonkim/.codex-fabric/worktrees/CF-636cebcd88631ae64e47fa3c/frontend/tests/vendors-real-runtime.spec.ts:277:11 {
  log: [
    '  - → POST http://127.0.0.1:8000/api/v1/settings/user/settings',
    '    - user-agent: Mozilla/5.0 (Macintosh; Intel Mac OS X 10_15_7) AppleWebKit/537.36 (KHTML, like Gecko) HeadlessChrome/153.0.8010.12 Safari/537.36',
    '    - accept: */*',
    '    - accept-encoding: gzip,deflate,br',
    '    - X-User-Id: haewon.kim',
    '    - X-Tenant-Id: 1',
    '    - content-type: application/json',
    '    - content-length: 1880'
  ],
  name: 'Error',
  [Symbol(step)]: {
    location: {
      file: '/Users/haewonkim/.codex-fabric/worktrees/CF-636cebcd88631ae64e47fa3c/frontend/tests/helpers/sysgrid.ts',
      line: 126,
      column: 24,
      function: 'resetBrowserState'
    },
    category: 'pw:api',
    title: 'POST',
    subtitle: '127.0.0.1:8000/api/v1/settings/user/settings',
    params: {
      url: 'http://127.0.0.1:8000/api/v1/settings/user/settings',
      method: 'POST'
    },
    group: undefined,
    stepId: 'pw:api@42',
    boxedStack: undefined,
    steps: [],
    attachmentIndices: [],
    info: TestStepInfoImpl {
      annotations: [],
      _testInfo: [TestInfoImpl],
      _stepId: 'pw:api@42',
      _title: 'POST',
      _parentStep: undefined,
      skip: [Function (anonymous)]
    },
    complete: [Function: complete],
    endWallTime: 1789758760899,
    error: {
      message: 'Error: apiRequestContext.post: connect ECONNREFUSED 127.0.0.1:8000\n' +
        'Call log:\n' +
        '\x1B[2m  - → POST http://127.0.0.1:8000/api/v1/settings/user/settings\x1B[22m\n' +
        '\x1B[2m    - user-agent: Mozilla/5.0 (Macintosh; Intel Mac OS X 10_15_7) AppleWebKit/537.36 (KHTML, like Gecko) HeadlessChrome/153.0.8010.12 Safari/537.36\x1B[22m\n' +
        '\x1B[2m    - accept: */*\x1B[22m\n' +
        '\x1B[2m    - accept-encoding: gzip,deflate,br\x1B[22m\n' +
        '\x1B[2m    - X-User-Id: haewon.kim\x1B[22m\n' +
        '\x1B[2m    - X-Tenant-Id: 1\x1B[22m\n' +
        '\x1B[2m    - content-type: application/json\x1B[22m\n' +
        '\x1B[2m    - content-length: 1880\x1B[22m\n',
      stack: 'Error: apiRequestContext.post: connect ECONNREFUSED 127.0.0.1:8000\n' +
        'Call log:\n' +
        '\x1B[2m  - → POST http://127.0.0.1:8000/api/v1/settings/user/settings\x1B[22m\n' +
        '\x1B[2m    - user-agent: Mozilla/5.0 (Macintosh; Intel Mac OS X 10_15_7) AppleWebKit/537.36 (KHTML, like Gecko) HeadlessChrome/153.0.8010.12 Safari/537.36\x1B[22m\n' +
        '\x1B[2m    - accept: */*\x1B[22m\n' +
        '\x1B[2m    - accept-encoding: gzip,deflate,br\x1B[22m\n' +
        '\x1B[2m    - X-User-Id: haewon.kim\x1B[22m\n' +
        '\x1B[2m    - X-Tenant-Id: 1\x1B[22m\n' +
        '\x1B[2m    - content-type: application/json\x1B[22m\n' +
        '\x1B[2m    - content-length: 1880\x1B[22m\n' +
        '\n' +
        '    at resetBrowserState (/Users/haewonkim/.codex-fabric/worktrees/CF-636cebcd88631ae64e47fa3c/frontend/tests/helpers/sysgrid.ts:126:24)\n' +
        '    at /Users/haewonkim/.codex-fabric/worktrees/CF-636cebcd88631ae64e47fa3c/frontend/tests/vendors-real-runtime.spec.ts:277:11',
      cause: undefined
    }
  }
}
  ✘  203 tests/vendors-real-runtime.spec.ts:276:3 › VendorsReal canonical runtime › preserves /vendors?id= deep-link dossier and personnel accounts/pcs behavior (184ms)
(node:86875) Warning: The 'NO_COLOR' env is ignored due to the 'FORCE_COLOR' env being set.
(Use `node --trace-warnings ...` to show where the warning was created)
Failed to clear backend settings: apiRequestContext.post: connect ECONNREFUSED 127.0.0.1:8000
Call log:
  - → POST http://127.0.0.1:8000/api/v1/settings/user/settings
    - user-agent: Mozilla/5.0 (Macintosh; Intel Mac OS X 10_15_7) AppleWebKit/537.36 (KHTML, like Gecko) HeadlessChrome/153.0.8010.12 Safari/537.36
    - accept: */*
    - accept-encoding: gzip,deflate,br
    - X-User-Id: haewon.kim
    - X-Tenant-Id: 1
    - content-type: application/json
    - content-length: 1880

    at resetBrowserState (/Users/haewonkim/.codex-fabric/worktrees/CF-636cebcd88631ae64e47fa3c/frontend/tests/helpers/sysgrid.ts:126:24)
    at /Users/haewonkim/.codex-fabric/worktrees/CF-636cebcd88631ae64e47fa3c/frontend/tests/vendors-real-runtime.spec.ts:304:11 {
  log: [
    '  - → POST http://127.0.0.1:8000/api/v1/settings/user/settings',
    '    - user-agent: Mozilla/5.0 (Macintosh; Intel Mac OS X 10_15_7) AppleWebKit/537.36 (KHTML, like Gecko) HeadlessChrome/153.0.8010.12 Safari/537.36',
    '    - accept: */*',
    '    - accept-encoding: gzip,deflate,br',
    '    - X-User-Id: haewon.kim',
    '    - X-Tenant-Id: 1',
    '    - content-type: application/json',
    '    - content-length: 1880'
  ],
  name: 'Error',
  [Symbol(step)]: {
    location: {
      file: '/Users/haewonkim/.codex-fabric/worktrees/CF-636cebcd88631ae64e47fa3c/frontend/tests/helpers/sysgrid.ts',
      line: 126,
      column: 24,
      function: 'resetBrowserState'
    },
    category: 'pw:api',
    title: 'POST',
    subtitle: '127.0.0.1:8000/api/v1/settings/user/settings',
    params: {
      url: 'http://127.0.0.1:8000/api/v1/settings/user/settings',
      method: 'POST'
    },
    group: undefined,
    stepId: 'pw:api@42',
    boxedStack: undefined,
    steps: [],
    attachmentIndices: [],
    info: TestStepInfoImpl {
      annotations: [],
      _testInfo: [TestInfoImpl],
      _stepId: 'pw:api@42',
      _title: 'POST',
      _parentStep: undefined,
      skip: [Function (anonymous)]
    },
    complete: [Function: complete],
    endWallTime: 1789758761366,
    error: {
      message: 'Error: apiRequestContext.post: connect ECONNREFUSED 127.0.0.1:8000\n' +
        'Call log:\n' +
        '\x1B[2m  - → POST http://127.0.0.1:8000/api/v1/settings/user/settings\x1B[22m\n' +
        '\x1B[2m    - user-agent: Mozilla/5.0 (Macintosh; Intel Mac OS X 10_15_7) AppleWebKit/537.36 (KHTML, like Gecko) HeadlessChrome/153.0.8010.12 Safari/537.36\x1B[22m\n' +
        '\x1B[2m    - accept: */*\x1B[22m\n' +
        '\x1B[2m    - accept-encoding: gzip,deflate,br\x1B[22m\n' +
        '\x1B[2m    - X-User-Id: haewon.kim\x1B[22m\n' +
        '\x1B[2m    - X-Tenant-Id: 1\x1B[22m\n' +
        '\x1B[2m    - content-type: application/json\x1B[22m\n' +
        '\x1B[2m    - content-length: 1880\x1B[22m\n',
      stack: 'Error: apiRequestContext.post: connect ECONNREFUSED 127.0.0.1:8000\n' +
        'Call log:\n' +
        '\x1B[2m  - → POST http://127.0.0.1:8000/api/v1/settings/user/settings\x1B[22m\n' +
        '\x1B[2m    - user-agent: Mozilla/5.0 (Macintosh; Intel Mac OS X 10_15_7) AppleWebKit/537.36 (KHTML, like Gecko) HeadlessChrome/153.0.8010.12 Safari/537.36\x1B[22m\n' +
        '\x1B[2m    - accept: */*\x1B[22m\n' +
        '\x1B[2m    - accept-encoding: gzip,deflate,br\x1B[22m\n' +
        '\x1B[2m    - X-User-Id: haewon.kim\x1B[22m\n' +
        '\x1B[2m    - X-Tenant-Id: 1\x1B[22m\n' +
        '\x1B[2m    - content-type: application/json\x1B[22m\n' +
        '\x1B[2m    - content-length: 1880\x1B[22m\n' +
        '\n' +
        '    at resetBrowserState (/Users/haewonkim/.codex-fabric/worktrees/CF-636cebcd88631ae64e47fa3c/frontend/tests/helpers/sysgrid.ts:126:24)\n' +
        '    at /Users/haewonkim/.codex-fabric/worktrees/CF-636cebcd88631ae64e47fa3c/frontend/tests/vendors-real-runtime.spec.ts:304:11',
      cause: undefined
    }
  }
}
  ✘  204 tests/vendors-real-runtime.spec.ts:303:3 › VendorsReal canonical runtime › registers a contract and preserves rich contract detail behavior on /vendors (173ms)
(node:86885) Warning: The 'NO_COLOR' env is ignored due to the 'FORCE_COLOR' env being set.
(Use `node --trace-warnings ...` to show where the warning was created)
Failed to clear backend settings: apiRequestContext.post: connect ECONNREFUSED 127.0.0.1:8000
Call log:
  - → POST http://127.0.0.1:8000/api/v1/settings/user/settings
    - user-agent: Mozilla/5.0 (Macintosh; Intel Mac OS X 10_15_7) AppleWebKit/537.36 (KHTML, like Gecko) HeadlessChrome/153.0.8010.12 Safari/537.36
    - accept: */*
    - accept-encoding: gzip,deflate,br
    - X-User-Id: haewon.kim
    - X-Tenant-Id: 1
    - content-type: application/json
    - content-length: 1880

    at resetBrowserState (/Users/haewonkim/.codex-fabric/worktrees/CF-636cebcd88631ae64e47fa3c/frontend/tests/helpers/sysgrid.ts:126:24)
    at /Users/haewonkim/.codex-fabric/worktrees/CF-636cebcd88631ae64e47fa3c/frontend/tests/vendors-real-runtime.spec.ts:356:11 {
  log: [
    '  - → POST http://127.0.0.1:8000/api/v1/settings/user/settings',
    '    - user-agent: Mozilla/5.0 (Macintosh; Intel Mac OS X 10_15_7) AppleWebKit/537.36 (KHTML, like Gecko) HeadlessChrome/153.0.8010.12 Safari/537.36',
    '    - accept: */*',
    '    - accept-encoding: gzip,deflate,br',
    '    - X-User-Id: haewon.kim',
    '    - X-Tenant-Id: 1',
    '    - content-type: application/json',
    '    - content-length: 1880'
  ],
  name: 'Error',
  [Symbol(step)]: {
    location: {
      file: '/Users/haewonkim/.codex-fabric/worktrees/CF-636cebcd88631ae64e47fa3c/frontend/tests/helpers/sysgrid.ts',
      line: 126,
      column: 24,
      function: 'resetBrowserState'
    },
    category: 'pw:api',
    title: 'POST',
    subtitle: '127.0.0.1:8000/api/v1/settings/user/settings',
    params: {
      url: 'http://127.0.0.1:8000/api/v1/settings/user/settings',
      method: 'POST'
    },
    group: undefined,
    stepId: 'pw:api@42',
    boxedStack: undefined,
    steps: [],
    attachmentIndices: [],
    info: TestStepInfoImpl {
      annotations: [],
      _testInfo: [TestInfoImpl],
      _stepId: 'pw:api@42',
      _title: 'POST',
      _parentStep: undefined,
      skip: [Function (anonymous)]
    },
    complete: [Function: complete],
    endWallTime: 1789758761828,
    error: {
      message: 'Error: apiRequestContext.post: connect ECONNREFUSED 127.0.0.1:8000\n' +
        'Call log:\n' +
        '\x1B[2m  - → POST http://127.0.0.1:8000/api/v1/settings/user/settings\x1B[22m\n' +
        '\x1B[2m    - user-agent: Mozilla/5.0 (Macintosh; Intel Mac OS X 10_15_7) AppleWebKit/537.36 (KHTML, like Gecko) HeadlessChrome/153.0.8010.12 Safari/537.36\x1B[22m\n' +
        '\x1B[2m    - accept: */*\x1B[22m\n' +
        '\x1B[2m    - accept-encoding: gzip,deflate,br\x1B[22m\n' +
        '\x1B[2m    - X-User-Id: haewon.kim\x1B[22m\n' +
        '\x1B[2m    - X-Tenant-Id: 1\x1B[22m\n' +
        '\x1B[2m    - content-type: application/json\x1B[22m\n' +
        '\x1B[2m    - content-length: 1880\x1B[22m\n',
      stack: 'Error: apiRequestContext.post: connect ECONNREFUSED 127.0.0.1:8000\n' +
        'Call log:\n' +
        '\x1B[2m  - → POST http://127.0.0.1:8000/api/v1/settings/user/settings\x1B[22m\n' +
        '\x1B[2m    - user-agent: Mozilla/5.0 (Macintosh; Intel Mac OS X 10_15_7) AppleWebKit/537.36 (KHTML, like Gecko) HeadlessChrome/153.0.8010.12 Safari/537.36\x1B[22m\n' +
        '\x1B[2m    - accept: */*\x1B[22m\n' +
        '\x1B[2m    - accept-encoding: gzip,deflate,br\x1B[22m\n' +
        '\x1B[2m    - X-User-Id: haewon.kim\x1B[22m\n' +
        '\x1B[2m    - X-Tenant-Id: 1\x1B[22m\n' +
        '\x1B[2m    - content-type: application/json\x1B[22m\n' +
        '\x1B[2m    - content-length: 1880\x1B[22m\n' +
        '\n' +
        '    at resetBrowserState (/Users/haewonkim/.codex-fabric/worktrees/CF-636cebcd88631ae64e47fa3c/frontend/tests/helpers/sysgrid.ts:126:24)\n' +
        '    at /Users/haewonkim/.codex-fabric/worktrees/CF-636cebcd88631ae64e47fa3c/frontend/tests/vendors-real-runtime.spec.ts:356:11',
      cause: undefined
    }
  }
}
  ✘  205 tests/vendors-real-runtime.spec.ts:355:3 › VendorsReal canonical runtime › retains /vendors-real alias as a VendorsReal smoke route (176ms)
(node:86894) Warning: The 'NO_COLOR' env is ignored due to the 'FORCE_COLOR' env being set.
(Use `node --trace-warnings ...` to show where the warning was created)
Failed to clear backend settings: apiRequestContext.post: connect ECONNREFUSED 127.0.0.1:8000
Call log:
  - → POST http://127.0.0.1:8000/api/v1/settings/user/settings
    - user-agent: Mozilla/5.0 (Macintosh; Intel Mac OS X 10_15_7) AppleWebKit/537.36 (KHTML, like Gecko) HeadlessChrome/153.0.8010.12 Safari/537.36
    - accept: */*
    - accept-encoding: gzip,deflate,br
    - X-User-Id: haewon.kim
    - X-Tenant-Id: 1
    - content-type: application/json
    - content-length: 1880

    at resetBrowserState (/Users/haewonkim/.codex-fabric/worktrees/CF-636cebcd88631ae64e47fa3c/frontend/tests/helpers/sysgrid.ts:126:24)
    at /Users/haewonkim/.codex-fabric/worktrees/CF-636cebcd88631ae64e47fa3c/frontend/tests/view-deeplink-matrix.spec.ts:13:11 {
  log: [
    '  - → POST http://127.0.0.1:8000/api/v1/settings/user/settings',
    '    - user-agent: Mozilla/5.0 (Macintosh; Intel Mac OS X 10_15_7) AppleWebKit/537.36 (KHTML, like Gecko) HeadlessChrome/153.0.8010.12 Safari/537.36',
    '    - accept: */*',
    '    - accept-encoding: gzip,deflate,br',
    '    - X-User-Id: haewon.kim',
    '    - X-Tenant-Id: 1',
    '    - content-type: application/json',
    '    - content-length: 1880'
  ],
  name: 'Error',
  [Symbol(step)]: {
    location: {
      file: '/Users/haewonkim/.codex-fabric/worktrees/CF-636cebcd88631ae64e47fa3c/frontend/tests/helpers/sysgrid.ts',
      line: 126,
      column: 24,
      function: 'resetBrowserState'
    },
    category: 'pw:api',
    title: 'POST',
    subtitle: '127.0.0.1:8000/api/v1/settings/user/settings',
    params: {
      url: 'http://127.0.0.1:8000/api/v1/settings/user/settings',
      method: 'POST'
    },
    group: undefined,
    stepId: 'pw:api@44',
    boxedStack: undefined,
    steps: [],
    attachmentIndices: [],
    info: TestStepInfoImpl {
      annotations: [],
      _testInfo: [TestInfoImpl],
      _stepId: 'pw:api@44',
      _title: 'POST',
      _parentStep: undefined,
      skip: [Function (anonymous)]
    },
    complete: [Function: complete],
    endWallTime: 1789758762287,
    error: {
      message: 'Error: apiRequestContext.post: connect ECONNREFUSED 127.0.0.1:8000\n' +
        'Call log:\n' +
        '\x1B[2m  - → POST http://127.0.0.1:8000/api/v1/settings/user/settings\x1B[22m\n' +
        '\x1B[2m    - user-agent: Mozilla/5.0 (Macintosh; Intel Mac OS X 10_15_7) AppleWebKit/537.36 (KHTML, like Gecko) HeadlessChrome/153.0.8010.12 Safari/537.36\x1B[22m\n' +
        '\x1B[2m    - accept: */*\x1B[22m\n' +
        '\x1B[2m    - accept-encoding: gzip,deflate,br\x1B[22m\n' +
        '\x1B[2m    - X-User-Id: haewon.kim\x1B[22m\n' +
        '\x1B[2m    - X-Tenant-Id: 1\x1B[22m\n' +
        '\x1B[2m    - content-type: application/json\x1B[22m\n' +
        '\x1B[2m    - content-length: 1880\x1B[22m\n',
      stack: 'Error: apiRequestContext.post: connect ECONNREFUSED 127.0.0.1:8000\n' +
        'Call log:\n' +
        '\x1B[2m  - → POST http://127.0.0.1:8000/api/v1/settings/user/settings\x1B[22m\n' +
        '\x1B[2m    - user-agent: Mozilla/5.0 (Macintosh; Intel Mac OS X 10_15_7) AppleWebKit/537.36 (KHTML, like Gecko) HeadlessChrome/153.0.8010.12 Safari/537.36\x1B[22m\n' +
        '\x1B[2m    - accept: */*\x1B[22m\n' +
        '\x1B[2m    - accept-encoding: gzip,deflate,br\x1B[22m\n' +
        '\x1B[2m    - X-User-Id: haewon.kim\x1B[22m\n' +
        '\x1B[2m    - X-Tenant-Id: 1\x1B[22m\n' +
        '\x1B[2m    - content-type: application/json\x1B[22m\n' +
        '\x1B[2m    - content-length: 1880\x1B[22m\n' +
        '\n' +
        '    at resetBrowserState (/Users/haewonkim/.codex-fabric/worktrees/CF-636cebcd88631ae64e47fa3c/frontend/tests/helpers/sysgrid.ts:126:24)\n' +
        '    at /Users/haewonkim/.codex-fabric/worktrees/CF-636cebcd88631ae64e47fa3c/frontend/tests/view-deeplink-matrix.spec.ts:13:11',
      cause: undefined
    }
  }
}
  ✘  206 tests/view-deeplink-matrix.spec.ts:12:3 › View deep-link matrix › opens critical deep links without crashing and resolves the targeted record (179ms)
(node:86904) Warning: The 'NO_COLOR' env is ignored due to the 'FORCE_COLOR' env being set.
(Use `node --trace-warnings ...` to show where the warning was created)
Failed to clear backend settings: apiRequestContext.post: connect ECONNREFUSED 127.0.0.1:8000
Call log:
  - → POST http://127.0.0.1:8000/api/v1/settings/user/settings
    - user-agent: Mozilla/5.0 (Macintosh; Intel Mac OS X 10_15_7) AppleWebKit/537.36 (KHTML, like Gecko) HeadlessChrome/153.0.8010.12 Safari/537.36
    - accept: */*
    - accept-encoding: gzip,deflate,br
    - X-User-Id: haewon.kim
    - X-Tenant-Id: 1
    - content-type: application/json
    - content-length: 1880

    at resetBrowserState (/Users/haewonkim/.codex-fabric/worktrees/CF-636cebcd88631ae64e47fa3c/frontend/tests/helpers/sysgrid.ts:126:24)
    at /Users/haewonkim/.codex-fabric/worktrees/CF-636cebcd88631ae64e47fa3c/frontend/tests/view-empty-states.spec.ts:8:11 {
  log: [
    '  - → POST http://127.0.0.1:8000/api/v1/settings/user/settings',
    '    - user-agent: Mozilla/5.0 (Macintosh; Intel Mac OS X 10_15_7) AppleWebKit/537.36 (KHTML, like Gecko) HeadlessChrome/153.0.8010.12 Safari/537.36',
    '    - accept: */*',
    '    - accept-encoding: gzip,deflate,br',
    '    - X-User-Id: haewon.kim',
    '    - X-Tenant-Id: 1',
    '    - content-type: application/json',
    '    - content-length: 1880'
  ],
  name: 'Error',
  [Symbol(step)]: {
    location: {
      file: '/Users/haewonkim/.codex-fabric/worktrees/CF-636cebcd88631ae64e47fa3c/frontend/tests/helpers/sysgrid.ts',
      line: 126,
      column: 24,
      function: 'resetBrowserState'
    },
    category: 'pw:api',
    title: 'POST',
    subtitle: '127.0.0.1:8000/api/v1/settings/user/settings',
    params: {
      url: 'http://127.0.0.1:8000/api/v1/settings/user/settings',
      method: 'POST'
    },
    group: undefined,
    stepId: 'pw:api@41',
    boxedStack: undefined,
    steps: [],
    attachmentIndices: [],
    info: TestStepInfoImpl {
      annotations: [],
      _testInfo: [TestInfoImpl],
      _stepId: 'pw:api@41',
      _title: 'POST',
      _parentStep: undefined,
      skip: [Function (anonymous)]
    },
    complete: [Function: complete],
    endWallTime: 1789758762743,
    error: {
      message: 'Error: apiRequestContext.post: connect ECONNREFUSED 127.0.0.1:8000\n' +
        'Call log:\n' +
        '\x1B[2m  - → POST http://127.0.0.1:8000/api/v1/settings/user/settings\x1B[22m\n' +
        '\x1B[2m    - user-agent: Mozilla/5.0 (Macintosh; Intel Mac OS X 10_15_7) AppleWebKit/537.36 (KHTML, like Gecko) HeadlessChrome/153.0.8010.12 Safari/537.36\x1B[22m\n' +
        '\x1B[2m    - accept: */*\x1B[22m\n' +
        '\x1B[2m    - accept-encoding: gzip,deflate,br\x1B[22m\n' +
        '\x1B[2m    - X-User-Id: haewon.kim\x1B[22m\n' +
        '\x1B[2m    - X-Tenant-Id: 1\x1B[22m\n' +
        '\x1B[2m    - content-type: application/json\x1B[22m\n' +
        '\x1B[2m    - content-length: 1880\x1B[22m\n',
      stack: 'Error: apiRequestContext.post: connect ECONNREFUSED 127.0.0.1:8000\n' +
        'Call log:\n' +
        '\x1B[2m  - → POST http://127.0.0.1:8000/api/v1/settings/user/settings\x1B[22m\n' +
        '\x1B[2m    - user-agent: Mozilla/5.0 (Macintosh; Intel Mac OS X 10_15_7) AppleWebKit/537.36 (KHTML, like Gecko) HeadlessChrome/153.0.8010.12 Safari/537.36\x1B[22m\n' +
        '\x1B[2m    - accept: */*\x1B[22m\n' +
        '\x1B[2m    - accept-encoding: gzip,deflate,br\x1B[22m\n' +
        '\x1B[2m    - X-User-Id: haewon.kim\x1B[22m\n' +
        '\x1B[2m    - X-Tenant-Id: 1\x1B[22m\n' +
        '\x1B[2m    - content-type: application/json\x1B[22m\n' +
        '\x1B[2m    - content-length: 1880\x1B[22m\n' +
        '\n' +
        '    at resetBrowserState (/Users/haewonkim/.codex-fabric/worktrees/CF-636cebcd88631ae64e47fa3c/frontend/tests/helpers/sysgrid.ts:126:24)\n' +
        '    at /Users/haewonkim/.codex-fabric/worktrees/CF-636cebcd88631ae64e47fa3c/frontend/tests/view-empty-states.spec.ts:8:11',
      cause: undefined
    }
  }
}
  ✘  207 tests/view-empty-states.spec.ts:7:3 › View empty states › renders explicit empty-state guidance for deterministic no-result filters (174ms)
(node:86914) Warning: The 'NO_COLOR' env is ignored due to the 'FORCE_COLOR' env being set.
(Use `node --trace-warnings ...` to show where the warning was created)
Failed to clear backend settings: apiRequestContext.post: connect ECONNREFUSED 127.0.0.1:8000
Call log:
  - → POST http://127.0.0.1:8000/api/v1/settings/user/settings
    - user-agent: Mozilla/5.0 (Macintosh; Intel Mac OS X 10_15_7) AppleWebKit/537.36 (KHTML, like Gecko) HeadlessChrome/153.0.8010.12 Safari/537.36
    - accept: */*
    - accept-encoding: gzip,deflate,br
    - X-User-Id: haewon.kim
    - X-Tenant-Id: 1
    - content-type: application/json
    - content-length: 1880

    at resetBrowserState (/Users/haewonkim/.codex-fabric/worktrees/CF-636cebcd88631ae64e47fa3c/frontend/tests/helpers/sysgrid.ts:126:24)
    at /Users/haewonkim/.codex-fabric/worktrees/CF-636cebcd88631ae64e47fa3c/frontend/tests/workspace-collaborative-views.spec.ts:15:11 {
  log: [
    '  - → POST http://127.0.0.1:8000/api/v1/settings/user/settings',
    '    - user-agent: Mozilla/5.0 (Macintosh; Intel Mac OS X 10_15_7) AppleWebKit/537.36 (KHTML, like Gecko) HeadlessChrome/153.0.8010.12 Safari/537.36',
    '    - accept: */*',
    '    - accept-encoding: gzip,deflate,br',
    '    - X-User-Id: haewon.kim',
    '    - X-Tenant-Id: 1',
    '    - content-type: application/json',
    '    - content-length: 1880'
  ],
  name: 'Error',
  [Symbol(step)]: {
    location: {
      file: '/Users/haewonkim/.codex-fabric/worktrees/CF-636cebcd88631ae64e47fa3c/frontend/tests/helpers/sysgrid.ts',
      line: 126,
      column: 24,
      function: 'resetBrowserState'
    },
    category: 'pw:api',
    title: 'POST',
    subtitle: '127.0.0.1:8000/api/v1/settings/user/settings',
    params: {
      url: 'http://127.0.0.1:8000/api/v1/settings/user/settings',
      method: 'POST'
    },
    group: undefined,
    stepId: 'pw:api@44',
    boxedStack: undefined,
    steps: [],
    attachmentIndices: [],
    info: TestStepInfoImpl {
      annotations: [],
      _testInfo: [TestInfoImpl],
      _stepId: 'pw:api@44',
      _title: 'POST',
      _parentStep: undefined,
      skip: [Function (anonymous)]
    },
    complete: [Function: complete],
    endWallTime: 1789758763221,
    error: {
      message: 'Error: apiRequestContext.post: connect ECONNREFUSED 127.0.0.1:8000\n' +
        'Call log:\n' +
        '\x1B[2m  - → POST http://127.0.0.1:8000/api/v1/settings/user/settings\x1B[22m\n' +
        '\x1B[2m    - user-agent: Mozilla/5.0 (Macintosh; Intel Mac OS X 10_15_7) AppleWebKit/537.36 (KHTML, like Gecko) HeadlessChrome/153.0.8010.12 Safari/537.36\x1B[22m\n' +
        '\x1B[2m    - accept: */*\x1B[22m\n' +
        '\x1B[2m    - accept-encoding: gzip,deflate,br\x1B[22m\n' +
        '\x1B[2m    - X-User-Id: haewon.kim\x1B[22m\n' +
        '\x1B[2m    - X-Tenant-Id: 1\x1B[22m\n' +
        '\x1B[2m    - content-type: application/json\x1B[22m\n' +
        '\x1B[2m    - content-length: 1880\x1B[22m\n',
      stack: 'Error: apiRequestContext.post: connect ECONNREFUSED 127.0.0.1:8000\n' +
        'Call log:\n' +
        '\x1B[2m  - → POST http://127.0.0.1:8000/api/v1/settings/user/settings\x1B[22m\n' +
        '\x1B[2m    - user-agent: Mozilla/5.0 (Macintosh; Intel Mac OS X 10_15_7) AppleWebKit/537.36 (KHTML, like Gecko) HeadlessChrome/153.0.8010.12 Safari/537.36\x1B[22m\n' +
        '\x1B[2m    - accept: */*\x1B[22m\n' +
        '\x1B[2m    - accept-encoding: gzip,deflate,br\x1B[22m\n' +
        '\x1B[2m    - X-User-Id: haewon.kim\x1B[22m\n' +
        '\x1B[2m    - X-Tenant-Id: 1\x1B[22m\n' +
        '\x1B[2m    - content-type: application/json\x1B[22m\n' +
        '\x1B[2m    - content-length: 1880\x1B[22m\n' +
        '\n' +
        '    at resetBrowserState (/Users/haewonkim/.codex-fabric/worktrees/CF-636cebcd88631ae64e47fa3c/frontend/tests/helpers/sysgrid.ts:126:24)\n' +
        '    at /Users/haewonkim/.codex-fabric/worktrees/CF-636cebcd88631ae64e47fa3c/frontend/tests/workspace-collaborative-views.spec.ts:15:11',
      cause: undefined
    }
  }
}
  ✘  208 tests/workspace-collaborative-views.spec.ts:14:3 › Collaborative workspace views › persists personal views through the backend and restores stable view links (186ms)


  1) tests/architecture-workflows.spec.ts:9:3 › Architecture workflows › creates an architecture, adds internal and external inventory, and persists the manifest 

    Error: apiRequestContext.post: connect ECONNREFUSED 127.0.0.1:8000
    Call log:
      - → POST http://127.0.0.1:8000/api/v1/devices
        - user-agent: Playwright/1.63.0 (arm64; macOS 26.6) node/22.23
        - accept: */*
        - accept-encoding: gzip,deflate,br
        - X-User-Id: haewon.kim
        - X-Tenant-Id: 1
        - content-type: application/json
        - content-length: 321


       at helpers/sysgrid-test.ts:42

      40 |     const customRequest = {
      41 |       post: async (path: string, options?: any) => {
    > 42 |         return request.post(path, {
         |                        ^
      43 |           ...options,
      44 |           headers: {
      45 |             ...testApiHeaders,
        at Object.post (/Users/haewonkim/.codex-fabric/worktrees/CF-636cebcd88631ae64e47fa3c/frontend/tests/helpers/sysgrid-test.ts:42:24)
        at post (/Users/haewonkim/.codex-fabric/worktrees/CF-636cebcd88631ae64e47fa3c/frontend/tests/helpers/sysgrid.ts:42:34)
        at createAsset (/Users/haewonkim/.codex-fabric/worktrees/CF-636cebcd88631ae64e47fa3c/frontend/tests/helpers/sysgrid.ts:183:10)
        at seedOperationalScenario (/Users/haewonkim/.codex-fabric/worktrees/CF-636cebcd88631ae64e47fa3c/frontend/tests/helpers/sysgrid.ts:366:25)
        at /Users/haewonkim/.codex-fabric/worktrees/CF-636cebcd88631ae64e47fa3c/frontend/tests/architecture-workflows.spec.ts:11:59

    attachment #1: screenshot (image/png) ──────────────────────────────────────────────────────────
    test-results/architecture-workflows-Arc-6a796-y-and-persists-the-manifest/test-failed-1.png
    ────────────────────────────────────────────────────────────────────────────────────────────────

    attachment #2: video (video/webm) ──────────────────────────────────────────────────────────────
    test-results/architecture-workflows-Arc-6a796-y-and-persists-the-manifest/video.webm
    ────────────────────────────────────────────────────────────────────────────────────────────────

    Error Context: test-results/architecture-workflows-Arc-6a796-y-and-persists-the-manifest/error-context.md

    attachment #4: trace (application/zip) ─────────────────────────────────────────────────────────
    test-results/architecture-workflows-Arc-6a796-y-and-persists-the-manifest/trace.zip
    Usage:

        npx playwright show-trace test-results/architecture-workflows-Arc-6a796-y-and-persists-the-manifest/trace.zip

    ────────────────────────────────────────────────────────────────────────────────────────────────

  2) tests/architecture-workflows.spec.ts:148:3 › Architecture workflows › persists service-level swimlane workflows and protects against accidental exit 

    Error: apiRequestContext.post: connect ECONNREFUSED 127.0.0.1:8000
    Call log:
      - → POST http://127.0.0.1:8000/api/v1/devices
        - user-agent: Playwright/1.63.0 (arm64; macOS 26.6) node/22.23
        - accept: */*
        - accept-encoding: gzip,deflate,br
        - X-User-Id: haewon.kim
        - X-Tenant-Id: 1
        - content-type: application/json
        - content-length: 323


       at helpers/sysgrid-test.ts:42

      40 |     const customRequest = {
      41 |       post: async (path: string, options?: any) => {
    > 42 |         return request.post(path, {
         |                        ^
      43 |           ...options,
      44 |           headers: {
      45 |             ...testApiHeaders,
        at Object.post (/Users/haewonkim/.codex-fabric/worktrees/CF-636cebcd88631ae64e47fa3c/frontend/tests/helpers/sysgrid-test.ts:42:24)
        at post (/Users/haewonkim/.codex-fabric/worktrees/CF-636cebcd88631ae64e47fa3c/frontend/tests/helpers/sysgrid.ts:42:34)
        at createAsset (/Users/haewonkim/.codex-fabric/worktrees/CF-636cebcd88631ae64e47fa3c/frontend/tests/helpers/sysgrid.ts:183:10)
        at seedOperationalScenario (/Users/haewonkim/.codex-fabric/worktrees/CF-636cebcd88631ae64e47fa3c/frontend/tests/helpers/sysgrid.ts:366:25)
        at /Users/haewonkim/.codex-fabric/worktrees/CF-636cebcd88631ae64e47fa3c/frontend/tests/architecture-workflows.spec.ts:150:51

    attachment #1: screenshot (image/png) ──────────────────────────────────────────────────────────
    test-results/architecture-workflows-Arc-d39dd-cts-against-accidental-exit/test-failed-1.png
    ────────────────────────────────────────────────────────────────────────────────────────────────

    attachment #2: video (video/webm) ──────────────────────────────────────────────────────────────
    test-results/architecture-workflows-Arc-d39dd-cts-against-accidental-exit/video.webm
    ────────────────────────────────────────────────────────────────────────────────────────────────

    Error Context: test-results/architecture-workflows-Arc-d39dd-cts-against-accidental-exit/error-context.md

    attachment #4: trace (application/zip) ─────────────────────────────────────────────────────────
    test-results/architecture-workflows-Arc-d39dd-cts-against-accidental-exit/trace.zip
    Usage:

        npx playwright show-trace test-results/architecture-workflows-Arc-d39dd-cts-against-accidental-exit/trace.zip

    ────────────────────────────────────────────────────────────────────────────────────────────────

  3) tests/assets-golden-evidence.spec.ts:690:3 › Assets golden evidence capture › captures stage31 workspace evidence 

    Error: apiRequestContext.post: connect ECONNREFUSED 127.0.0.1:8000
    Call log:
      - → POST http://127.0.0.1:8000/api/v1/devices
        - user-agent: Playwright/1.63.0 (arm64; macOS 26.6) node/22.23
        - accept: */*
        - accept-encoding: gzip,deflate,br
        - X-User-Id: haewon.kim
        - X-Tenant-Id: 1
        - content-type: application/json
        - content-length: 325


       at helpers/sysgrid-test.ts:42

      40 |     const customRequest = {
      41 |       post: async (path: string, options?: any) => {
    > 42 |         return request.post(path, {
         |                        ^
      43 |           ...options,
      44 |           headers: {
      45 |             ...testApiHeaders,
        at Object.post (/Users/haewonkim/.codex-fabric/worktrees/CF-636cebcd88631ae64e47fa3c/frontend/tests/helpers/sysgrid-test.ts:42:24)
        at post (/Users/haewonkim/.codex-fabric/worktrees/CF-636cebcd88631ae64e47fa3c/frontend/tests/helpers/sysgrid.ts:42:34)
        at createAsset (/Users/haewonkim/.codex-fabric/worktrees/CF-636cebcd88631ae64e47fa3c/frontend/tests/helpers/sysgrid.ts:183:10)
        at seedOperationalScenario (/Users/haewonkim/.codex-fabric/worktrees/CF-636cebcd88631ae64e47fa3c/frontend/tests/helpers/sysgrid.ts:366:25)
        at /Users/haewonkim/.codex-fabric/worktrees/CF-636cebcd88631ae64e47fa3c/frontend/tests/assets-golden-evidence.spec.ts:696:26

    attachment #1: screenshot (image/png) ──────────────────────────────────────────────────────────
    test-results/assets-golden-evidence-Ass-df6c2--stage31-workspace-evidence/test-failed-1.png
    ────────────────────────────────────────────────────────────────────────────────────────────────

    attachment #2: video (video/webm) ──────────────────────────────────────────────────────────────
    test-results/assets-golden-evidence-Ass-df6c2--stage31-workspace-evidence/video.webm
    ────────────────────────────────────────────────────────────────────────────────────────────────

    Error Context: test-results/assets-golden-evidence-Ass-df6c2--stage31-workspace-evidence/error-context.md

    attachment #4: trace (application/zip) ─────────────────────────────────────────────────────────
    test-results/assets-golden-evidence-Ass-df6c2--stage31-workspace-evidence/trace.zip
    Usage:

        npx playwright show-trace test-results/assets-golden-evidence-Ass-df6c2--stage31-workspace-evidence/trace.zip

    ────────────────────────────────────────────────────────────────────────────────────────────────

  4) tests/assets-revert.spec.ts:6:3 › Assets Revert lifecycle › reverts the immutable completed row operation after selection changes 

    Error: apiRequestContext.post: connect ECONNREFUSED 127.0.0.1:8000
    Call log:
      - → POST http://127.0.0.1:8000/api/v1/devices
        - user-agent: Playwright/1.63.0 (arm64; macOS 26.6) node/22.23
        - accept: */*
        - accept-encoding: gzip,deflate,br
        - X-User-Id: haewon.kim
        - X-Tenant-Id: 1
        - content-type: application/json
        - content-length: 325


       at helpers/sysgrid-test.ts:42

      40 |     const customRequest = {
      41 |       post: async (path: string, options?: any) => {
    > 42 |         return request.post(path, {
         |                        ^
      43 |           ...options,
      44 |           headers: {
      45 |             ...testApiHeaders,
        at Object.post (/Users/haewonkim/.codex-fabric/worktrees/CF-636cebcd88631ae64e47fa3c/frontend/tests/helpers/sysgrid-test.ts:42:24)
        at post (/Users/haewonkim/.codex-fabric/worktrees/CF-636cebcd88631ae64e47fa3c/frontend/tests/helpers/sysgrid.ts:42:34)
        at createAsset (/Users/haewonkim/.codex-fabric/worktrees/CF-636cebcd88631ae64e47fa3c/frontend/tests/helpers/sysgrid.ts:183:10)
        at seedOperationalScenario (/Users/haewonkim/.codex-fabric/worktrees/CF-636cebcd88631ae64e47fa3c/frontend/tests/helpers/sysgrid.ts:366:25)
        at /Users/haewonkim/.codex-fabric/worktrees/CF-636cebcd88631ae64e47fa3c/frontend/tests/assets-revert.spec.ts:8:54

    attachment #1: screenshot (image/png) ──────────────────────────────────────────────────────────
    test-results/assets-revert-Assets-Rever-3c90c-ion-after-selection-changes/test-failed-1.png
    ────────────────────────────────────────────────────────────────────────────────────────────────

    attachment #2: video (video/webm) ──────────────────────────────────────────────────────────────
    test-results/assets-revert-Assets-Rever-3c90c-ion-after-selection-changes/video.webm
    ────────────────────────────────────────────────────────────────────────────────────────────────

    Error Context: test-results/assets-revert-Assets-Rever-3c90c-ion-after-selection-changes/error-context.md

    attachment #4: trace (application/zip) ─────────────────────────────────────────────────────────
    test-results/assets-revert-Assets-Rever-3c90c-ion-after-selection-changes/trace.zip
    Usage:

        npx playwright show-trace test-results/assets-revert-Assets-Rever-3c90c-ion-after-selection-changes/trace.zip

    ────────────────────────────────────────────────────────────────────────────────────────────────

  5) tests/assets-stage33-evidence.spec.ts:694:3 › Assets Stage 33 evidence capture › captures stage33 lock-proof evidence 

    Error: apiRequestContext.post: connect ECONNREFUSED 127.0.0.1:8000
    Call log:
      - → POST http://127.0.0.1:8000/api/v1/devices
        - user-agent: Playwright/1.63.0 (arm64; macOS 26.6) node/22.23
        - accept: */*
        - accept-encoding: gzip,deflate,br
        - X-User-Id: haewon.kim
        - X-Tenant-Id: 1
        - content-type: application/json
        - content-length: 323


       at helpers/sysgrid-test.ts:42

      40 |     const customRequest = {
      41 |       post: async (path: string, options?: any) => {
    > 42 |         return request.post(path, {
         |                        ^
      43 |           ...options,
      44 |           headers: {
      45 |             ...testApiHeaders,
        at Object.post (/Users/haewonkim/.codex-fabric/worktrees/CF-636cebcd88631ae64e47fa3c/frontend/tests/helpers/sysgrid-test.ts:42:24)
        at post (/Users/haewonkim/.codex-fabric/worktrees/CF-636cebcd88631ae64e47fa3c/frontend/tests/helpers/sysgrid.ts:42:34)
        at createAsset (/Users/haewonkim/.codex-fabric/worktrees/CF-636cebcd88631ae64e47fa3c/frontend/tests/helpers/sysgrid.ts:183:10)
        at seedOperationalScenario (/Users/haewonkim/.codex-fabric/worktrees/CF-636cebcd88631ae64e47fa3c/frontend/tests/helpers/sysgrid.ts:366:25)
        at /Users/haewonkim/.codex-fabric/worktrees/CF-636cebcd88631ae64e47fa3c/frontend/tests/assets-stage33-evidence.spec.ts:700:26

    attachment #1: screenshot (image/png) ──────────────────────────────────────────────────────────
    test-results/assets-stage33-evidence-As-8015f-stage33-lock-proof-evidence/test-failed-1.png
    ────────────────────────────────────────────────────────────────────────────────────────────────

    attachment #2: video (video/webm) ──────────────────────────────────────────────────────────────
    test-results/assets-stage33-evidence-As-8015f-stage33-lock-proof-evidence/video.webm
    ────────────────────────────────────────────────────────────────────────────────────────────────

    Error Context: test-results/assets-stage33-evidence-As-8015f-stage33-lock-proof-evidence/error-context.md

    attachment #4: trace (application/zip) ─────────────────────────────────────────────────────────
    test-results/assets-stage33-evidence-As-8015f-stage33-lock-proof-evidence/trace.zip
    Usage:

        npx playwright show-trace test-results/assets-stage33-evidence-As-8015f-stage33-lock-proof-evidence/trace.zip

    ────────────────────────────────────────────────────────────────────────────────────────────────

  6) tests/assets-stage34-evidence.spec.ts:710:3 › Assets Stage 34 evidence capture › captures stage34 lock-proof evidence 

    Error: apiRequestContext.post: connect ECONNREFUSED 127.0.0.1:8000
    Call log:
      - → POST http://127.0.0.1:8000/api/v1/devices
        - user-agent: Playwright/1.63.0 (arm64; macOS 26.6) node/22.23
        - accept: */*
        - accept-encoding: gzip,deflate,br
        - X-User-Id: haewon.kim
        - X-Tenant-Id: 1
        - content-type: application/json
        - content-length: 325


       at helpers/sysgrid-test.ts:42

      40 |     const customRequest = {
      41 |       post: async (path: string, options?: any) => {
    > 42 |         return request.post(path, {
         |                        ^
      43 |           ...options,
      44 |           headers: {
      45 |             ...testApiHeaders,
        at Object.post (/Users/haewonkim/.codex-fabric/worktrees/CF-636cebcd88631ae64e47fa3c/frontend/tests/helpers/sysgrid-test.ts:42:24)
        at post (/Users/haewonkim/.codex-fabric/worktrees/CF-636cebcd88631ae64e47fa3c/frontend/tests/helpers/sysgrid.ts:42:34)
        at createAsset (/Users/haewonkim/.codex-fabric/worktrees/CF-636cebcd88631ae64e47fa3c/frontend/tests/helpers/sysgrid.ts:183:10)
        at seedOperationalScenario (/Users/haewonkim/.codex-fabric/worktrees/CF-636cebcd88631ae64e47fa3c/frontend/tests/helpers/sysgrid.ts:366:25)
        at /Users/haewonkim/.codex-fabric/worktrees/CF-636cebcd88631ae64e47fa3c/frontend/tests/assets-stage34-evidence.spec.ts:718:26

    attachment #1: screenshot (image/png) ──────────────────────────────────────────────────────────
    test-results/assets-stage34-evidence-As-3c11a-stage34-lock-proof-evidence/test-failed-1.png
    ────────────────────────────────────────────────────────────────────────────────────────────────

    attachment #2: video (video/webm) ──────────────────────────────────────────────────────────────
    test-results/assets-stage34-evidence-As-3c11a-stage34-lock-proof-evidence/video.webm
    ────────────────────────────────────────────────────────────────────────────────────────────────

    Error Context: test-results/assets-stage34-evidence-As-3c11a-stage34-lock-proof-evidence/error-context.md

    attachment #4: trace (application/zip) ─────────────────────────────────────────────────────────
    test-results/assets-stage34-evidence-As-3c11a-stage34-lock-proof-evidence/trace.zip
    Usage:

        npx playwright show-trace test-results/assets-stage34-evidence-As-3c11a-stage34-lock-proof-evidence/trace.zip

    ────────────────────────────────────────────────────────────────────────────────────────────────

  7) tests/assets-stage35-evidence.spec.ts:709:3 › Assets Stage 35 evidence capture › captures stage35 lock-proof evidence 

    Error: apiRequestContext.post: connect ECONNREFUSED 127.0.0.1:8000
    Call log:
      - → POST http://127.0.0.1:8000/api/v1/devices
        - user-agent: Playwright/1.63.0 (arm64; macOS 26.6) node/22.23
        - accept: */*
        - accept-encoding: gzip,deflate,br
        - X-User-Id: haewon.kim
        - X-Tenant-Id: 1
        - content-type: application/json
        - content-length: 325


       at helpers/sysgrid-test.ts:42

      40 |     const customRequest = {
      41 |       post: async (path: string, options?: any) => {
    > 42 |         return request.post(path, {
         |                        ^
      43 |           ...options,
      44 |           headers: {
      45 |             ...testApiHeaders,
        at Object.post (/Users/haewonkim/.codex-fabric/worktrees/CF-636cebcd88631ae64e47fa3c/frontend/tests/helpers/sysgrid-test.ts:42:24)
        at post (/Users/haewonkim/.codex-fabric/worktrees/CF-636cebcd88631ae64e47fa3c/frontend/tests/helpers/sysgrid.ts:42:34)
        at createAsset (/Users/haewonkim/.codex-fabric/worktrees/CF-636cebcd88631ae64e47fa3c/frontend/tests/helpers/sysgrid.ts:183:10)
        at seedOperationalScenario (/Users/haewonkim/.codex-fabric/worktrees/CF-636cebcd88631ae64e47fa3c/frontend/tests/helpers/sysgrid.ts:366:25)
        at /Users/haewonkim/.codex-fabric/worktrees/CF-636cebcd88631ae64e47fa3c/frontend/tests/assets-stage35-evidence.spec.ts:717:26

    attachment #1: screenshot (image/png) ──────────────────────────────────────────────────────────
    test-results/assets-stage35-evidence-As-9a4fd-stage35-lock-proof-evidence/test-failed-1.png
    ────────────────────────────────────────────────────────────────────────────────────────────────

    attachment #2: video (video/webm) ──────────────────────────────────────────────────────────────
    test-results/assets-stage35-evidence-As-9a4fd-stage35-lock-proof-evidence/video.webm
    ────────────────────────────────────────────────────────────────────────────────────────────────

    Error Context: test-results/assets-stage35-evidence-As-9a4fd-stage35-lock-proof-evidence/error-context.md

    attachment #4: trace (application/zip) ─────────────────────────────────────────────────────────
    test-results/assets-stage35-evidence-As-9a4fd-stage35-lock-proof-evidence/trace.zip
    Usage:

        npx playwright show-trace test-results/assets-stage35-evidence-As-9a4fd-stage35-lock-proof-evidence/trace.zip

    ────────────────────────────────────────────────────────────────────────────────────────────────

  8) tests/assets-stage36-evidence.spec.ts:620:3 › Assets Stage 36 targeted acceptance cleanup › captures stage36 lock-proof evidence 

    Error: apiRequestContext.post: connect ECONNREFUSED 127.0.0.1:8000
    Call log:
      - → POST http://127.0.0.1:8000/api/v1/devices
        - user-agent: Playwright/1.63.0 (arm64; macOS 26.6) node/22.23
        - accept: */*
        - accept-encoding: gzip,deflate,br
        - X-User-Id: haewon.kim
        - X-Tenant-Id: 1
        - content-type: application/json
        - content-length: 325


       at helpers/sysgrid-test.ts:42

      40 |     const customRequest = {
      41 |       post: async (path: string, options?: any) => {
    > 42 |         return request.post(path, {
         |                        ^
      43 |           ...options,
      44 |           headers: {
      45 |             ...testApiHeaders,
        at Object.post (/Users/haewonkim/.codex-fabric/worktrees/CF-636cebcd88631ae64e47fa3c/frontend/tests/helpers/sysgrid-test.ts:42:24)
        at post (/Users/haewonkim/.codex-fabric/worktrees/CF-636cebcd88631ae64e47fa3c/frontend/tests/helpers/sysgrid.ts:42:34)
        at createAsset (/Users/haewonkim/.codex-fabric/worktrees/CF-636cebcd88631ae64e47fa3c/frontend/tests/helpers/sysgrid.ts:183:10)
        at seedOperationalScenario (/Users/haewonkim/.codex-fabric/worktrees/CF-636cebcd88631ae64e47fa3c/frontend/tests/helpers/sysgrid.ts:366:25)
        at /Users/haewonkim/.codex-fabric/worktrees/CF-636cebcd88631ae64e47fa3c/frontend/tests/assets-stage36-evidence.spec.ts:628:26

    attachment #1: screenshot (image/png) ──────────────────────────────────────────────────────────
    test-results/assets-stage36-evidence-As-20039-stage36-lock-proof-evidence/test-failed-1.png
    ────────────────────────────────────────────────────────────────────────────────────────────────

    attachment #2: video (video/webm) ──────────────────────────────────────────────────────────────
    test-results/assets-stage36-evidence-As-20039-stage36-lock-proof-evidence/video.webm
    ────────────────────────────────────────────────────────────────────────────────────────────────

    Error Context: test-results/assets-stage36-evidence-As-20039-stage36-lock-proof-evidence/error-context.md

    attachment #4: trace (application/zip) ─────────────────────────────────────────────────────────
    test-results/assets-stage36-evidence-As-20039-stage36-lock-proof-evidence/trace.zip
    Usage:

        npx playwright show-trace test-results/assets-stage36-evidence-As-20039-stage36-lock-proof-evidence/trace.zip

    ────────────────────────────────────────────────────────────────────────────────────────────────

  9) tests/assets-vendors-bulk-preview.spec.ts:31:3 › Assets and Vendors authoritative bulk completion › previews, confirms, receipts, and undoes exact shared changes 

    Error: apiRequestContext.post: connect ECONNREFUSED 127.0.0.1:8000
    Call log:
      - → POST http://127.0.0.1:8000/api/v1/devices
        - user-agent: Playwright/1.63.0 (arm64; macOS 26.6) node/22.23
        - accept: */*
        - accept-encoding: gzip,deflate,br
        - X-User-Id: haewon.kim
        - X-Tenant-Id: 1
        - content-type: application/json
        - content-length: 219


       at helpers/sysgrid-test.ts:42

      40 |     const customRequest = {
      41 |       post: async (path: string, options?: any) => {
    > 42 |         return request.post(path, {
         |                        ^
      43 |           ...options,
      44 |           headers: {
      45 |             ...testApiHeaders,
        at Object.post (/Users/haewonkim/.codex-fabric/worktrees/CF-636cebcd88631ae64e47fa3c/frontend/tests/helpers/sysgrid-test.ts:42:24)
        at /Users/haewonkim/.codex-fabric/worktrees/CF-636cebcd88631ae64e47fa3c/frontend/tests/assets-vendors-bulk-preview.spec.ts:37:38

    attachment #1: screenshot (image/png) ──────────────────────────────────────────────────────────
    test-results/assets-vendors-bulk-previe-f2d39-undoes-exact-shared-changes/test-failed-1.png
    ────────────────────────────────────────────────────────────────────────────────────────────────

    attachment #2: video (video/webm) ──────────────────────────────────────────────────────────────
    test-results/assets-vendors-bulk-previe-f2d39-undoes-exact-shared-changes/video.webm
    ────────────────────────────────────────────────────────────────────────────────────────────────

    Error Context: test-results/assets-vendors-bulk-previe-f2d39-undoes-exact-shared-changes/error-context.md

    attachment #4: trace (application/zip) ─────────────────────────────────────────────────────────
    test-results/assets-vendors-bulk-previe-f2d39-undoes-exact-shared-changes/trace.zip
    Usage:

        npx playwright show-trace test-results/assets-vendors-bulk-previe-f2d39-undoes-exact-shared-changes/trace.zip

    ────────────────────────────────────────────────────────────────────────────────────────────────

  10) tests/assets-workflows.spec.ts:9:3 › Assets workflows › simulates the changed Assets workflows end-to-end 

    Error: apiRequestContext.post: connect ECONNREFUSED 127.0.0.1:8000
    Call log:
      - → POST http://127.0.0.1:8000/api/v1/devices
        - user-agent: Playwright/1.63.0 (arm64; macOS 26.6) node/22.23
        - accept: */*
        - accept-encoding: gzip,deflate,br
        - X-User-Id: haewon.kim
        - X-Tenant-Id: 1
        - content-type: application/json
        - content-length: 325


       at helpers/sysgrid-test.ts:42

      40 |     const customRequest = {
      41 |       post: async (path: string, options?: any) => {
    > 42 |         return request.post(path, {
         |                        ^
      43 |           ...options,
      44 |           headers: {
      45 |             ...testApiHeaders,
        at Object.post (/Users/haewonkim/.codex-fabric/worktrees/CF-636cebcd88631ae64e47fa3c/frontend/tests/helpers/sysgrid-test.ts:42:24)
        at post (/Users/haewonkim/.codex-fabric/worktrees/CF-636cebcd88631ae64e47fa3c/frontend/tests/helpers/sysgrid.ts:42:34)
        at createAsset (/Users/haewonkim/.codex-fabric/worktrees/CF-636cebcd88631ae64e47fa3c/frontend/tests/helpers/sysgrid.ts:183:10)
        at seedOperationalScenario (/Users/haewonkim/.codex-fabric/worktrees/CF-636cebcd88631ae64e47fa3c/frontend/tests/helpers/sysgrid.ts:366:25)
        at /Users/haewonkim/.codex-fabric/worktrees/CF-636cebcd88631ae64e47fa3c/frontend/tests/assets-workflows.spec.ts:11:88

    attachment #1: screenshot (image/png) ──────────────────────────────────────────────────────────
    test-results/assets-workflows-Assets-wo-d2945-Assets-workflows-end-to-end/test-failed-1.png
    ────────────────────────────────────────────────────────────────────────────────────────────────

    attachment #2: video (video/webm) ──────────────────────────────────────────────────────────────
    test-results/assets-workflows-Assets-wo-d2945-Assets-workflows-end-to-end/video.webm
    ────────────────────────────────────────────────────────────────────────────────────────────────

    Error Context: test-results/assets-workflows-Assets-wo-d2945-Assets-workflows-end-to-end/error-context.md

    attachment #4: trace (application/zip) ─────────────────────────────────────────────────────────
    test-results/assets-workflows-Assets-wo-d2945-Assets-workflows-end-to-end/trace.zip
    Usage:

        npx playwright show-trace test-results/assets-workflows-Assets-wo-d2945-Assets-workflows-end-to-end/trace.zip

    ────────────────────────────────────────────────────────────────────────────────────────────────

  11) tests/audit-logs-workflows.spec.ts:10:3 › Audit Logs Workflows › AuditLogs view loads and is compliant 

    Error: page.goto: net::ERR_CONNECTION_REFUSED at http://127.0.0.1:5173/audit
    Call log:
      - navigating to "http://127.0.0.1:5173/audit", waiting until "load"


      10 |   test('AuditLogs view loads and is compliant', async ({ page }) => {
      11 |     const auditLogs = new AuditLogsView(page);
    > 12 |     await page.goto('/audit');
         |                ^
      13 |     await auditLogs.waitForAppIdle();
      14 |
      15 |     // Check Golden Template Primitives
        at /Users/haewonkim/.codex-fabric/worktrees/CF-636cebcd88631ae64e47fa3c/frontend/tests/audit-logs-workflows.spec.ts:12:16

    attachment #1: screenshot (image/png) ──────────────────────────────────────────────────────────
    test-results/audit-logs-workflows-Audit-adfb3-view-loads-and-is-compliant/test-failed-1.png
    ────────────────────────────────────────────────────────────────────────────────────────────────

    attachment #2: video (video/webm) ──────────────────────────────────────────────────────────────
    test-results/audit-logs-workflows-Audit-adfb3-view-loads-and-is-compliant/video.webm
    ────────────────────────────────────────────────────────────────────────────────────────────────

    Error Context: test-results/audit-logs-workflows-Audit-adfb3-view-loads-and-is-compliant/error-context.md

    attachment #4: trace (application/zip) ─────────────────────────────────────────────────────────
    test-results/audit-logs-workflows-Audit-adfb3-view-loads-and-is-compliant/trace.zip
    Usage:

        npx playwright show-trace test-results/audit-logs-workflows-Audit-adfb3-view-loads-and-is-compliant/trace.zip

    ────────────────────────────────────────────────────────────────────────────────────────────────

  12) tests/blank-slate-audit.spec.ts:6:5 › Blank Slate Crash Audit › Navigates all views in a pristine, unseeded tenant to guarantee zero fatal React crashes 

    Error: apiRequestContext.post: connect ECONNREFUSED 127.0.0.1:5173
    Call log:
      - → POST http://127.0.0.1:5173/settings/tenants
        - user-agent: Playwright/1.63.0 (arm64; macOS 26.6) node/22.23
        - accept: */*
        - accept-encoding: gzip,deflate,br
        - X-User-Id: haewon.kim
        - X-Tenant-Id: blank-slate-tenant-1789758678556
        - content-type: application/json
        - content-length: 92


       at helpers/sysgrid-test.ts:42

      40 |     const customRequest = {
      41 |       post: async (path: string, options?: any) => {
    > 42 |         return request.post(path, {
         |                        ^
      43 |           ...options,
      44 |           headers: {
      45 |             ...testApiHeaders,
        at Object.post (/Users/haewonkim/.codex-fabric/worktrees/CF-636cebcd88631ae64e47fa3c/frontend/tests/helpers/sysgrid-test.ts:42:24)
        at Object.post (/Users/haewonkim/.codex-fabric/worktrees/CF-636cebcd88631ae64e47fa3c/frontend/tests/blank-slate-audit.spec.ts:14:56)
        at /Users/haewonkim/.codex-fabric/worktrees/CF-636cebcd88631ae64e47fa3c/frontend/tests/blank-slate-audit.spec.ts:19:24

    attachment #1: screenshot (image/png) ──────────────────────────────────────────────────────────
    test-results/blank-slate-audit-Blank-Sl-1fdd5-ee-zero-fatal-React-crashes/test-failed-1.png
    ────────────────────────────────────────────────────────────────────────────────────────────────

    attachment #2: video (video/webm) ──────────────────────────────────────────────────────────────
    test-results/blank-slate-audit-Blank-Sl-1fdd5-ee-zero-fatal-React-crashes/video.webm
    ────────────────────────────────────────────────────────────────────────────────────────────────

    Error Context: test-results/blank-slate-audit-Blank-Sl-1fdd5-ee-zero-fatal-React-crashes/error-context.md

    attachment #4: trace (application/zip) ─────────────────────────────────────────────────────────
    test-results/blank-slate-audit-Blank-Sl-1fdd5-ee-zero-fatal-React-crashes/trace.zip
    Usage:

        npx playwright show-trace test-results/blank-slate-audit-Blank-Sl-1fdd5-ee-zero-fatal-React-crashes/trace.zip

    ────────────────────────────────────────────────────────────────────────────────────────────────

  13) tests/crud-api-contracts.spec.ts:18:3 › CRUD API contracts › keeps assets, services, and monitoring CRUD free of write-time ORM errors 

    Error: apiRequestContext.post: connect ECONNREFUSED 127.0.0.1:8000
    Call log:
      - → POST http://127.0.0.1:8000/api/v1/devices
        - user-agent: Playwright/1.63.0 (arm64; macOS 26.6) node/22.23
        - accept: */*
        - accept-encoding: gzip,deflate,br
        - X-User-Id: haewon.kim
        - X-Tenant-Id: 1
        - content-type: application/json
        - content-length: 288


       at helpers/sysgrid-test.ts:42

      40 |     const customRequest = {
      41 |       post: async (path: string, options?: any) => {
    > 42 |         return request.post(path, {
         |                        ^
      43 |           ...options,
      44 |           headers: {
      45 |             ...testApiHeaders,
        at Object.post (/Users/haewonkim/.codex-fabric/worktrees/CF-636cebcd88631ae64e47fa3c/frontend/tests/helpers/sysgrid-test.ts:42:24)
        at post (/Users/haewonkim/.codex-fabric/worktrees/CF-636cebcd88631ae64e47fa3c/frontend/tests/helpers/sysgrid.ts:42:34)
        at createAsset (/Users/haewonkim/.codex-fabric/worktrees/CF-636cebcd88631ae64e47fa3c/frontend/tests/helpers/sysgrid.ts:183:10)
        at /Users/haewonkim/.codex-fabric/worktrees/CF-636cebcd88631ae64e47fa3c/frontend/tests/crud-api-contracts.spec.ts:21:25

    Error Context: test-results/crud-api-contracts-CRUD-AP-b5c13-ee-of-write-time-ORM-errors/error-context.md

    attachment #2: trace (application/zip) ─────────────────────────────────────────────────────────
    test-results/crud-api-contracts-CRUD-AP-b5c13-ee-of-write-time-ORM-errors/trace.zip
    Usage:

        npx playwright show-trace test-results/crud-api-contracts-CRUD-AP-b5c13-ee-of-write-time-ORM-errors/trace.zip

    ────────────────────────────────────────────────────────────────────────────────────────────────

  14) tests/crud-api-contracts.spec.ts:89:3 › CRUD API contracts › keeps knowledge, research, and projects CRUD durable through read-update-delete cycles 

    Error: apiRequestContext.post: connect ECONNREFUSED 127.0.0.1:8000
    Call log:
      - → POST http://127.0.0.1:8000/api/v1/knowledge
        - user-agent: Playwright/1.63.0 (arm64; macOS 26.6) node/22.23
        - accept: */*
        - accept-encoding: gzip,deflate,br
        - X-User-Id: haewon.kim
        - X-Tenant-Id: 1
        - content-type: application/json
        - content-length: 131


       at helpers/sysgrid-test.ts:42

      40 |     const customRequest = {
      41 |       post: async (path: string, options?: any) => {
    > 42 |         return request.post(path, {
         |                        ^
      43 |           ...options,
      44 |           headers: {
      45 |             ...testApiHeaders,
        at Object.post (/Users/haewonkim/.codex-fabric/worktrees/CF-636cebcd88631ae64e47fa3c/frontend/tests/helpers/sysgrid-test.ts:42:24)
        at /Users/haewonkim/.codex-fabric/worktrees/CF-636cebcd88631ae64e47fa3c/frontend/tests/crud-api-contracts.spec.ts:92:43

    Error Context: test-results/crud-api-contracts-CRUD-AP-88631-h-read-update-delete-cycles/error-context.md

    attachment #2: trace (application/zip) ─────────────────────────────────────────────────────────
    test-results/crud-api-contracts-CRUD-AP-88631-h-read-update-delete-cycles/trace.zip
    Usage:

        npx playwright show-trace test-results/crud-api-contracts-CRUD-AP-88631-h-read-update-delete-cycles/trace.zip

    ────────────────────────────────────────────────────────────────────────────────────────────────

  15) tests/crud-api-contracts.spec.ts:161:3 › CRUD API contracts › keeps network, external, and FAR CRUD flows stable with realistic payloads 

    Error: apiRequestContext.post: connect ECONNREFUSED 127.0.0.1:8000
    Call log:
      - → POST http://127.0.0.1:8000/api/v1/devices
        - user-agent: Playwright/1.63.0 (arm64; macOS 26.6) node/22.23
        - accept: */*
        - accept-encoding: gzip,deflate,br
        - X-User-Id: haewon.kim
        - X-Tenant-Id: 1
        - content-type: application/json
        - content-length: 295


       at helpers/sysgrid-test.ts:42

      40 |     const customRequest = {
      41 |       post: async (path: string, options?: any) => {
    > 42 |         return request.post(path, {
         |                        ^
      43 |           ...options,
      44 |           headers: {
      45 |             ...testApiHeaders,
        at Object.post (/Users/haewonkim/.codex-fabric/worktrees/CF-636cebcd88631ae64e47fa3c/frontend/tests/helpers/sysgrid-test.ts:42:24)
        at post (/Users/haewonkim/.codex-fabric/worktrees/CF-636cebcd88631ae64e47fa3c/frontend/tests/helpers/sysgrid.ts:42:34)
        at createAsset (/Users/haewonkim/.codex-fabric/worktrees/CF-636cebcd88631ae64e47fa3c/frontend/tests/helpers/sysgrid.ts:183:10)
        at /Users/haewonkim/.codex-fabric/worktrees/CF-636cebcd88631ae64e47fa3c/frontend/tests/crud-api-contracts.spec.ts:164:26

    Error Context: test-results/crud-api-contracts-CRUD-AP-17a1a-ble-with-realistic-payloads/error-context.md

    attachment #2: trace (application/zip) ─────────────────────────────────────────────────────────
    test-results/crud-api-contracts-CRUD-AP-17a1a-ble-with-realistic-payloads/trace.zip
    Usage:

        npx playwright show-trace test-results/crud-api-contracts-CRUD-AP-17a1a-ble-with-realistic-payloads/trace.zip

    ────────────────────────────────────────────────────────────────────────────────────────────────

  16) tests/dashboard-workflows.spec.ts:10:3 › Dashboard Workflows › navigates to tabs and syncs URL parameter 

    Error: page.goto: net::ERR_CONNECTION_REFUSED at http://127.0.0.1:5173/
    Call log:
      - navigating to "http://127.0.0.1:5173/", waiting until "load"


      10 |   test('navigates to tabs and syncs URL parameter', async ({ page }) => {
      11 |     const dashboard = new DashboardView(page);
    > 12 |     await page.goto('/');
         |                ^
      13 |     await dashboard.waitForAppIdle();
      14 |
      15 |     // Verify navigating to a tab updates the URL
        at /Users/haewonkim/.codex-fabric/worktrees/CF-636cebcd88631ae64e47fa3c/frontend/tests/dashboard-workflows.spec.ts:12:16

    attachment #1: screenshot (image/png) ──────────────────────────────────────────────────────────
    test-results/dashboard-workflows-Dashbo-e6bde-abs-and-syncs-URL-parameter/test-failed-1.png
    ────────────────────────────────────────────────────────────────────────────────────────────────

    attachment #2: video (video/webm) ──────────────────────────────────────────────────────────────
    test-results/dashboard-workflows-Dashbo-e6bde-abs-and-syncs-URL-parameter/video.webm
    ────────────────────────────────────────────────────────────────────────────────────────────────

    Error Context: test-results/dashboard-workflows-Dashbo-e6bde-abs-and-syncs-URL-parameter/error-context.md

    attachment #4: trace (application/zip) ─────────────────────────────────────────────────────────
    test-results/dashboard-workflows-Dashbo-e6bde-abs-and-syncs-URL-parameter/trace.zip
    Usage:

        npx playwright show-trace test-results/dashboard-workflows-Dashbo-e6bde-abs-and-syncs-URL-parameter/trace.zip

    ────────────────────────────────────────────────────────────────────────────────────────────────

  17) tests/debug.spec.ts:5:1 › debug settings reload ──────────────────────────────────────────────

    Error: page.goto: net::ERR_CONNECTION_REFUSED at http://127.0.0.1:5173/settings
    Call log:
      - navigating to "http://127.0.0.1:5173/settings", waiting until "load"


      4 |
      5 | test('debug settings reload', async ({ page }) => {
    > 6 |   await page.goto('/settings')
        |              ^
      7 |   await page.waitForTimeout(2000)
      8 |   
      9 |   console.log('CHANGING THEME TO LIGHT')
        at /Users/haewonkim/.codex-fabric/worktrees/CF-636cebcd88631ae64e47fa3c/frontend/tests/debug.spec.ts:6:14

    attachment #1: screenshot (image/png) ──────────────────────────────────────────────────────────
    test-results/debug-debug-settings-reload/test-failed-1.png
    ────────────────────────────────────────────────────────────────────────────────────────────────

    attachment #2: video (video/webm) ──────────────────────────────────────────────────────────────
    test-results/debug-debug-settings-reload/video.webm
    ────────────────────────────────────────────────────────────────────────────────────────────────

    Error Context: test-results/debug-debug-settings-reload/error-context.md

    attachment #4: trace (application/zip) ─────────────────────────────────────────────────────────
    test-results/debug-debug-settings-reload/trace.zip
    Usage:

        npx playwright show-trace test-results/debug-debug-settings-reload/trace.zip

    ────────────────────────────────────────────────────────────────────────────────────────────────

  18) tests/external-services-bulk-preview.spec.ts:37:3 › External and Services authoritative bulk preview › previews and confirms exact environment changes in both goldenized workspaces 

    Error: apiRequestContext.post: connect ECONNREFUSED 127.0.0.1:8000
    Call log:
      - → POST http://127.0.0.1:8000/api/v1/logical-services
        - user-agent: Playwright/1.63.0 (arm64; macOS 26.6) node/22.23
        - accept: */*
        - accept-encoding: gzip,deflate,br
        - X-User-Id: haewon.kim
        - X-Tenant-Id: 1
        - content-type: application/json
        - content-length: 116


       at helpers/sysgrid-test.ts:42

      40 |     const customRequest = {
      41 |       post: async (path: string, options?: any) => {
    > 42 |         return request.post(path, {
         |                        ^
      43 |           ...options,
      44 |           headers: {
      45 |             ...testApiHeaders,
        at Object.post (/Users/haewonkim/.codex-fabric/worktrees/CF-636cebcd88631ae64e47fa3c/frontend/tests/helpers/sysgrid-test.ts:42:24)
        at post (/Users/haewonkim/.codex-fabric/worktrees/CF-636cebcd88631ae64e47fa3c/frontend/tests/helpers/sysgrid.ts:42:34)
        at createService (/Users/haewonkim/.codex-fabric/worktrees/CF-636cebcd88631ae64e47fa3c/frontend/tests/helpers/sysgrid.ts:253:10)
        at /Users/haewonkim/.codex-fabric/worktrees/CF-636cebcd88631ae64e47fa3c/frontend/tests/external-services-bulk-preview.spec.ts:42:7

    attachment #1: screenshot (image/png) ──────────────────────────────────────────────────────────
    test-results/external-services-bulk-pre-fc250--both-goldenized-workspaces/test-failed-1.png
    ────────────────────────────────────────────────────────────────────────────────────────────────

    attachment #2: video (video/webm) ──────────────────────────────────────────────────────────────
    test-results/external-services-bulk-pre-fc250--both-goldenized-workspaces/video.webm
    ────────────────────────────────────────────────────────────────────────────────────────────────

    Error Context: test-results/external-services-bulk-pre-fc250--both-goldenized-workspaces/error-context.md

    attachment #4: trace (application/zip) ─────────────────────────────────────────────────────────
    test-results/external-services-bulk-pre-fc250--both-goldenized-workspaces/trace.zip
    Usage:

        npx playwright show-trace test-results/external-services-bulk-pre-fc250--both-goldenized-workspaces/trace.zip

    ────────────────────────────────────────────────────────────────────────────────────────────────

  19) tests/external-workflows.spec.ts:7:3 › External workflows › matches the workspace shell contract and opens the shared import modal 

    Error: apiRequestContext.get: connect ECONNREFUSED 127.0.0.1:8000
    Call log:
      - → GET http://127.0.0.1:8000/api/v1/settings/operators
        - user-agent: Playwright/1.63.0 (arm64; macOS 26.6) node/22.23
        - accept: */*
        - accept-encoding: gzip,deflate,br
        - X-User-Id: haewon.kim
        - X-Tenant-Id: 1


       at helpers/sysgrid-test.ts:51

      49 |       },
      50 |       get: async (path: string, options?: any) => {
    > 51 |         return request.get(path, {
         |                        ^
      52 |           ...options,
      53 |           headers: {
      54 |             ...testApiHeaders,
        at Object.get (/Users/haewonkim/.codex-fabric/worktrees/CF-636cebcd88631ae64e47fa3c/frontend/tests/helpers/sysgrid-test.ts:51:24)
        at get (/Users/haewonkim/.codex-fabric/worktrees/CF-636cebcd88631ae64e47fa3c/frontend/tests/helpers/sysgrid.ts:68:34)
        at createExternalEntity (/Users/haewonkim/.codex-fabric/worktrees/CF-636cebcd88631ae64e47fa3c/frontend/tests/helpers/sysgrid.ts:212:29)
        at /Users/haewonkim/.codex-fabric/worktrees/CF-636cebcd88631ae64e47fa3c/frontend/tests/external-workflows.spec.ts:10:34

    attachment #1: screenshot (image/png) ──────────────────────────────────────────────────────────
    test-results/external-workflows-Externa-acaaf-ens-the-shared-import-modal/test-failed-1.png
    ────────────────────────────────────────────────────────────────────────────────────────────────

    attachment #2: video (video/webm) ──────────────────────────────────────────────────────────────
    test-results/external-workflows-Externa-acaaf-ens-the-shared-import-modal/video.webm
    ────────────────────────────────────────────────────────────────────────────────────────────────

    Error Context: test-results/external-workflows-Externa-acaaf-ens-the-shared-import-modal/error-context.md

    attachment #4: trace (application/zip) ─────────────────────────────────────────────────────────
    test-results/external-workflows-Externa-acaaf-ens-the-shared-import-modal/trace.zip
    Usage:

        npx playwright show-trace test-results/external-workflows-Externa-acaaf-ens-the-shared-import-modal/trace.zip

    ────────────────────────────────────────────────────────────────────────────────────────────────

  20) tests/external-workflows.spec.ts:51:3 › External workflows › preserves metadata, supports credentials, and surfaces link failures clearly 

    Error: apiRequestContext.post: connect ECONNREFUSED 127.0.0.1:8000
    Call log:
      - → POST http://127.0.0.1:8000/api/v1/devices
        - user-agent: Playwright/1.63.0 (arm64; macOS 26.6) node/22.23
        - accept: */*
        - accept-encoding: gzip,deflate,br
        - X-User-Id: haewon.kim
        - X-Tenant-Id: 1
        - content-type: application/json
        - content-length: 285


       at helpers/sysgrid-test.ts:42

      40 |     const customRequest = {
      41 |       post: async (path: string, options?: any) => {
    > 42 |         return request.post(path, {
         |                        ^
      43 |           ...options,
      44 |           headers: {
      45 |             ...testApiHeaders,
        at Object.post (/Users/haewonkim/.codex-fabric/worktrees/CF-636cebcd88631ae64e47fa3c/frontend/tests/helpers/sysgrid-test.ts:42:24)
        at post (/Users/haewonkim/.codex-fabric/worktrees/CF-636cebcd88631ae64e47fa3c/frontend/tests/helpers/sysgrid.ts:42:34)
        at createAsset (/Users/haewonkim/.codex-fabric/worktrees/CF-636cebcd88631ae64e47fa3c/frontend/tests/helpers/sysgrid.ts:183:10)
        at /Users/haewonkim/.codex-fabric/worktrees/CF-636cebcd88631ae64e47fa3c/frontend/tests/external-workflows.spec.ts:54:33

    attachment #1: screenshot (image/png) ──────────────────────────────────────────────────────────
    test-results/external-workflows-Externa-5344d-faces-link-failures-clearly/test-failed-1.png
    ────────────────────────────────────────────────────────────────────────────────────────────────

    attachment #2: video (video/webm) ──────────────────────────────────────────────────────────────
    test-results/external-workflows-Externa-5344d-faces-link-failures-clearly/video.webm
    ────────────────────────────────────────────────────────────────────────────────────────────────

    Error Context: test-results/external-workflows-Externa-5344d-faces-link-failures-clearly/error-context.md

    attachment #4: trace (application/zip) ─────────────────────────────────────────────────────────
    test-results/external-workflows-Externa-5344d-faces-link-failures-clearly/trace.zip
    Usage:

        npx playwright show-trace test-results/external-workflows-Externa-5344d-faces-link-failures-clearly/trace.zip

    ────────────────────────────────────────────────────────────────────────────────────────────────

  21) tests/far-golden-controls.spec.ts:6:3 › FAR Monitoring-golden controls › keeps FAR domain depth while exposing the golden command and interaction surfaces 

    Error: apiRequestContext.post: connect ECONNREFUSED 127.0.0.1:5173
    Call log:
      - → POST http://127.0.0.1:5173/far/modes
        - user-agent: Playwright/1.63.0 (arm64; macOS 26.6) node/22.23
        - accept: */*
        - accept-encoding: gzip,deflate,br
        - X-User-Id: haewon.kim
        - X-Tenant-Id: 1
        - content-type: application/json
        - content-length: 163


       at helpers/sysgrid-test.ts:42

      40 |     const customRequest = {
      41 |       post: async (path: string, options?: any) => {
    > 42 |         return request.post(path, {
         |                        ^
      43 |           ...options,
      44 |           headers: {
      45 |             ...testApiHeaders,
        at Object.post (/Users/haewonkim/.codex-fabric/worktrees/CF-636cebcd88631ae64e47fa3c/frontend/tests/helpers/sysgrid-test.ts:42:24)
        at /Users/haewonkim/.codex-fabric/worktrees/CF-636cebcd88631ae64e47fa3c/frontend/tests/far-golden-controls.spec.ts:13:35

    attachment #1: screenshot (image/png) ──────────────────────────────────────────────────────────
    test-results/far-golden-controls-FAR-Mo-4e806-nd-and-interaction-surfaces/test-failed-1.png
    ────────────────────────────────────────────────────────────────────────────────────────────────

    attachment #2: video (video/webm) ──────────────────────────────────────────────────────────────
    test-results/far-golden-controls-FAR-Mo-4e806-nd-and-interaction-surfaces/video.webm
    ────────────────────────────────────────────────────────────────────────────────────────────────

    Error Context: test-results/far-golden-controls-FAR-Mo-4e806-nd-and-interaction-surfaces/error-context.md

    attachment #4: trace (application/zip) ─────────────────────────────────────────────────────────
    test-results/far-golden-controls-FAR-Mo-4e806-nd-and-interaction-surfaces/trace.zip
    Usage:

        npx playwright show-trace test-results/far-golden-controls-FAR-Mo-4e806-nd-and-interaction-surfaces/trace.zip

    ────────────────────────────────────────────────────────────────────────────────────────────────

  22) tests/far-visible-grid.spec.ts:6:3 › FAR visible grid contract › repairs persisted collapse and paints analytical cells in the operator viewport 

    Error: page.goto: net::ERR_CONNECTION_REFUSED at http://127.0.0.1:5173/far?view=local-collapsed
    Call log:
      - navigating to "http://127.0.0.1:5173/far?view=local-collapsed", waiting until "domcontentloaded"


      23 |     })
      24 |
    > 25 |     await page.goto('/far?view=local-collapsed', { waitUntil: 'domcontentloaded' })
         |                ^
      26 |     const modesResponse = await modesResponsePromise
      27 |     expect(modesResponse.ok()).toBeTruthy()
      28 |
        at /Users/haewonkim/.codex-fabric/worktrees/CF-636cebcd88631ae64e47fa3c/frontend/tests/far-visible-grid.spec.ts:25:16

    Error: page.waitForResponse: Test ended.

      18 |     }, { columnIds: PERSISTED_FAR_COLUMN_IDS })
      19 |
    > 20 |     const modesResponsePromise = page.waitForResponse((response) => {
         |                                       ^
      21 |       const url = new URL(response.url())
      22 |       return response.request().method() === 'GET' && url.pathname === '/api/v1/far/modes'
      23 |     })
        at /Users/haewonkim/.codex-fabric/worktrees/CF-636cebcd88631ae64e47fa3c/frontend/tests/far-visible-grid.spec.ts:20:39

    attachment #1: screenshot (image/png) ──────────────────────────────────────────────────────────
    test-results/far-visible-grid-FAR-visib-780ba-ls-in-the-operator-viewport/test-failed-1.png
    ────────────────────────────────────────────────────────────────────────────────────────────────

    Error Context: test-results/far-visible-grid-FAR-visib-780ba-ls-in-the-operator-viewport/error-context.md

    attachment #3: video (video/webm) ──────────────────────────────────────────────────────────────
    test-results/far-visible-grid-FAR-visib-780ba-ls-in-the-operator-viewport/video.webm
    ────────────────────────────────────────────────────────────────────────────────────────────────

    attachment #4: trace (application/zip) ─────────────────────────────────────────────────────────
    test-results/far-visible-grid-FAR-visib-780ba-ls-in-the-operator-viewport/trace.zip
    Usage:

        npx playwright show-trace test-results/far-visible-grid-FAR-visib-780ba-ls-in-the-operator-viewport/trace.zip

    ────────────────────────────────────────────────────────────────────────────────────────────────

  23) tests/far-workflows.spec.ts:31:3 › FAR workflows › opens deep links and refreshes the wizard when the selected mode changes 

    Error: apiRequestContext.post: connect ECONNREFUSED 127.0.0.1:8000
    Call log:
      - → POST http://127.0.0.1:8000/api/v1/devices
        - user-agent: Playwright/1.63.0 (arm64; macOS 26.6) node/22.23
        - accept: */*
        - accept-encoding: gzip,deflate,br
        - X-User-Id: haewon.kim
        - X-Tenant-Id: 1
        - content-type: application/json
        - content-length: 323


       at helpers/sysgrid-test.ts:42

      40 |     const customRequest = {
      41 |       post: async (path: string, options?: any) => {
    > 42 |         return request.post(path, {
         |                        ^
      43 |           ...options,
      44 |           headers: {
      45 |             ...testApiHeaders,
        at Object.post (/Users/haewonkim/.codex-fabric/worktrees/CF-636cebcd88631ae64e47fa3c/frontend/tests/helpers/sysgrid-test.ts:42:24)
        at post (/Users/haewonkim/.codex-fabric/worktrees/CF-636cebcd88631ae64e47fa3c/frontend/tests/helpers/sysgrid.ts:42:34)
        at createAsset (/Users/haewonkim/.codex-fabric/worktrees/CF-636cebcd88631ae64e47fa3c/frontend/tests/helpers/sysgrid.ts:183:10)
        at seedOperationalScenario (/Users/haewonkim/.codex-fabric/worktrees/CF-636cebcd88631ae64e47fa3c/frontend/tests/helpers/sysgrid.ts:366:25)
        at /Users/haewonkim/.codex-fabric/worktrees/CF-636cebcd88631ae64e47fa3c/frontend/tests/far-workflows.spec.ts:33:39

    attachment #1: screenshot (image/png) ──────────────────────────────────────────────────────────
    test-results/far-workflows-FAR-workflow-912e5-n-the-selected-mode-changes/test-failed-1.png
    ────────────────────────────────────────────────────────────────────────────────────────────────

    attachment #2: video (video/webm) ──────────────────────────────────────────────────────────────
    test-results/far-workflows-FAR-workflow-912e5-n-the-selected-mode-changes/video.webm
    ────────────────────────────────────────────────────────────────────────────────────────────────

    Error Context: test-results/far-workflows-FAR-workflow-912e5-n-the-selected-mode-changes/error-context.md

    attachment #4: trace (application/zip) ─────────────────────────────────────────────────────────
    test-results/far-workflows-FAR-workflow-912e5-n-the-selected-mode-changes/trace.zip
    Usage:

        npx playwright show-trace test-results/far-workflows-FAR-workflow-912e5-n-the-selected-mode-changes/trace.zip

    ────────────────────────────────────────────────────────────────────────────────────────────────

  24) tests/far-workflows.spec.ts:61:3 › FAR workflows › uses the golden grid and previews failure-vector retirement without changing data 

    Error: apiRequestContext.post: connect ECONNREFUSED 127.0.0.1:8000
    Call log:
      - → POST http://127.0.0.1:8000/api/v1/devices
        - user-agent: Playwright/1.63.0 (arm64; macOS 26.6) node/22.23
        - accept: */*
        - accept-encoding: gzip,deflate,br
        - X-User-Id: haewon.kim
        - X-Tenant-Id: 1
        - content-type: application/json
        - content-length: 325


       at helpers/sysgrid-test.ts:42

      40 |     const customRequest = {
      41 |       post: async (path: string, options?: any) => {
    > 42 |         return request.post(path, {
         |                        ^
      43 |           ...options,
      44 |           headers: {
      45 |             ...testApiHeaders,
        at Object.post (/Users/haewonkim/.codex-fabric/worktrees/CF-636cebcd88631ae64e47fa3c/frontend/tests/helpers/sysgrid-test.ts:42:24)
        at post (/Users/haewonkim/.codex-fabric/worktrees/CF-636cebcd88631ae64e47fa3c/frontend/tests/helpers/sysgrid.ts:42:34)
        at createAsset (/Users/haewonkim/.codex-fabric/worktrees/CF-636cebcd88631ae64e47fa3c/frontend/tests/helpers/sysgrid.ts:183:10)
        at seedOperationalScenario (/Users/haewonkim/.codex-fabric/worktrees/CF-636cebcd88631ae64e47fa3c/frontend/tests/helpers/sysgrid.ts:366:25)
        at /Users/haewonkim/.codex-fabric/worktrees/CF-636cebcd88631ae64e47fa3c/frontend/tests/far-workflows.spec.ts:63:27

    attachment #1: screenshot (image/png) ──────────────────────────────────────────────────────────
    test-results/far-workflows-FAR-workflow-4bfdd-ement-without-changing-data/test-failed-1.png
    ────────────────────────────────────────────────────────────────────────────────────────────────

    attachment #2: video (video/webm) ──────────────────────────────────────────────────────────────
    test-results/far-workflows-FAR-workflow-4bfdd-ement-without-changing-data/video.webm
    ────────────────────────────────────────────────────────────────────────────────────────────────

    Error Context: test-results/far-workflows-FAR-workflow-4bfdd-ement-without-changing-data/error-context.md

    attachment #4: trace (application/zip) ─────────────────────────────────────────────────────────
    test-results/far-workflows-FAR-workflow-4bfdd-ement-without-changing-data/trace.zip
    Usage:

        npx playwright show-trace test-results/far-workflows-FAR-workflow-4bfdd-ement-without-changing-data/trace.zip

    ────────────────────────────────────────────────────────────────────────────────────────────────

  25) tests/far-workflows.spec.ts:94:3 › FAR workflows › edits mitigation provenance and preserves FAR version history invariants 

    Error: apiRequestContext.post: connect ECONNREFUSED 127.0.0.1:8000
    Call log:
      - → POST http://127.0.0.1:8000/api/v1/devices
        - user-agent: Playwright/1.63.0 (arm64; macOS 26.6) node/22.23
        - accept: */*
        - accept-encoding: gzip,deflate,br
        - X-User-Id: haewon.kim
        - X-Tenant-Id: 1
        - content-type: application/json
        - content-length: 323


       at helpers/sysgrid-test.ts:42

      40 |     const customRequest = {
      41 |       post: async (path: string, options?: any) => {
    > 42 |         return request.post(path, {
         |                        ^
      43 |           ...options,
      44 |           headers: {
      45 |             ...testApiHeaders,
        at Object.post (/Users/haewonkim/.codex-fabric/worktrees/CF-636cebcd88631ae64e47fa3c/frontend/tests/helpers/sysgrid-test.ts:42:24)
        at post (/Users/haewonkim/.codex-fabric/worktrees/CF-636cebcd88631ae64e47fa3c/frontend/tests/helpers/sysgrid.ts:42:34)
        at createAsset (/Users/haewonkim/.codex-fabric/worktrees/CF-636cebcd88631ae64e47fa3c/frontend/tests/helpers/sysgrid.ts:183:10)
        at seedOperationalScenario (/Users/haewonkim/.codex-fabric/worktrees/CF-636cebcd88631ae64e47fa3c/frontend/tests/helpers/sysgrid.ts:366:25)
        at /Users/haewonkim/.codex-fabric/worktrees/CF-636cebcd88631ae64e47fa3c/frontend/tests/far-workflows.spec.ts:96:27

    attachment #1: screenshot (image/png) ──────────────────────────────────────────────────────────
    test-results/far-workflows-FAR-workflow-6c90f--version-history-invariants/test-failed-1.png
    ────────────────────────────────────────────────────────────────────────────────────────────────

    attachment #2: video (video/webm) ──────────────────────────────────────────────────────────────
    test-results/far-workflows-FAR-workflow-6c90f--version-history-invariants/video.webm
    ────────────────────────────────────────────────────────────────────────────────────────────────

    Error Context: test-results/far-workflows-FAR-workflow-6c90f--version-history-invariants/error-context.md

    attachment #4: trace (application/zip) ─────────────────────────────────────────────────────────
    test-results/far-workflows-FAR-workflow-6c90f--version-history-invariants/trace.zip
    Usage:

        npx playwright show-trace test-results/far-workflows-FAR-workflow-6c90f--version-history-invariants/trace.zip

    ────────────────────────────────────────────────────────────────────────────────────────────────

  26) tests/far-workflows.spec.ts:267:3 › FAR workflows › navigates to Research and can unlink linked research artifacts 

    Error: apiRequestContext.post: connect ECONNREFUSED 127.0.0.1:8000
    Call log:
      - → POST http://127.0.0.1:8000/api/v1/devices
        - user-agent: Playwright/1.63.0 (arm64; macOS 26.6) node/22.23
        - accept: */*
        - accept-encoding: gzip,deflate,br
        - X-User-Id: haewon.kim
        - X-Tenant-Id: 1
        - content-type: application/json
        - content-length: 323


       at helpers/sysgrid-test.ts:42

      40 |     const customRequest = {
      41 |       post: async (path: string, options?: any) => {
    > 42 |         return request.post(path, {
         |                        ^
      43 |           ...options,
      44 |           headers: {
      45 |             ...testApiHeaders,
        at Object.post (/Users/haewonkim/.codex-fabric/worktrees/CF-636cebcd88631ae64e47fa3c/frontend/tests/helpers/sysgrid-test.ts:42:24)
        at post (/Users/haewonkim/.codex-fabric/worktrees/CF-636cebcd88631ae64e47fa3c/frontend/tests/helpers/sysgrid.ts:42:34)
        at createAsset (/Users/haewonkim/.codex-fabric/worktrees/CF-636cebcd88631ae64e47fa3c/frontend/tests/helpers/sysgrid.ts:183:10)
        at seedOperationalScenario (/Users/haewonkim/.codex-fabric/worktrees/CF-636cebcd88631ae64e47fa3c/frontend/tests/helpers/sysgrid.ts:366:25)
        at /Users/haewonkim/.codex-fabric/worktrees/CF-636cebcd88631ae64e47fa3c/frontend/tests/far-workflows.spec.ts:269:27

    attachment #1: screenshot (image/png) ──────────────────────────────────────────────────────────
    test-results/far-workflows-FAR-workflow-4533c-k-linked-research-artifacts/test-failed-1.png
    ────────────────────────────────────────────────────────────────────────────────────────────────

    attachment #2: video (video/webm) ──────────────────────────────────────────────────────────────
    test-results/far-workflows-FAR-workflow-4533c-k-linked-research-artifacts/video.webm
    ────────────────────────────────────────────────────────────────────────────────────────────────

    Error Context: test-results/far-workflows-FAR-workflow-4533c-k-linked-research-artifacts/error-context.md

    attachment #4: trace (application/zip) ─────────────────────────────────────────────────────────
    test-results/far-workflows-FAR-workflow-4533c-k-linked-research-artifacts/trace.zip
    Usage:

        npx playwright show-trace test-results/far-workflows-FAR-workflow-4533c-k-linked-research-artifacts/trace.zip

    ────────────────────────────────────────────────────────────────────────────────────────────────

  27) tests/golden-eight-seeded-visual-matrix.spec.ts:28:3 › Golden Eight deterministic populated visual matrix › renders representative populated desktop states for every completed target view 

    Error: apiRequestContext.post: connect ECONNREFUSED 127.0.0.1:8000
    Call log:
      - → POST http://127.0.0.1:8000/api/v1/devices
        - user-agent: Playwright/1.63.0 (arm64; macOS 26.6) node/22.23
        - accept: */*
        - accept-encoding: gzip,deflate,br
        - X-User-Id: haewon.kim
        - X-Tenant-Id: 1
        - content-type: application/json
        - content-length: 325


       at helpers/sysgrid-test.ts:42

      40 |     const customRequest = {
      41 |       post: async (path: string, options?: any) => {
    > 42 |         return request.post(path, {
         |                        ^
      43 |           ...options,
      44 |           headers: {
      45 |             ...testApiHeaders,
        at Object.post (/Users/haewonkim/.codex-fabric/worktrees/CF-636cebcd88631ae64e47fa3c/frontend/tests/helpers/sysgrid-test.ts:42:24)
        at post (/Users/haewonkim/.codex-fabric/worktrees/CF-636cebcd88631ae64e47fa3c/frontend/tests/helpers/sysgrid.ts:42:34)
        at createAsset (/Users/haewonkim/.codex-fabric/worktrees/CF-636cebcd88631ae64e47fa3c/frontend/tests/helpers/sysgrid.ts:183:10)
        at seedOperationalScenario (/Users/haewonkim/.codex-fabric/worktrees/CF-636cebcd88631ae64e47fa3c/frontend/tests/helpers/sysgrid.ts:366:25)
        at /Users/haewonkim/.codex-fabric/worktrees/CF-636cebcd88631ae64e47fa3c/frontend/tests/golden-eight-seeded-visual-matrix.spec.ts:30:26

    attachment #1: screenshot (image/png) ──────────────────────────────────────────────────────────
    test-results/golden-eight-seeded-visual-7e328-every-completed-target-view/test-failed-1.png
    ────────────────────────────────────────────────────────────────────────────────────────────────

    attachment #2: video (video/webm) ──────────────────────────────────────────────────────────────
    test-results/golden-eight-seeded-visual-7e328-every-completed-target-view/video.webm
    ────────────────────────────────────────────────────────────────────────────────────────────────

    Error Context: test-results/golden-eight-seeded-visual-7e328-every-completed-target-view/error-context.md

    attachment #4: trace (application/zip) ─────────────────────────────────────────────────────────
    test-results/golden-eight-seeded-visual-7e328-every-completed-target-view/trace.zip
    Usage:

        npx playwright show-trace test-results/golden-eight-seeded-visual-7e328-every-completed-target-view/trace.zip

    ────────────────────────────────────────────────────────────────────────────────────────────────

  28) tests/knowledge-workflows.spec.ts:9:3 › Knowledge workflows › supports command-center summaries, architecture linkage, export, and operational actions 

    Error: apiRequestContext.post: connect ECONNREFUSED 127.0.0.1:8000
    Call log:
      - → POST http://127.0.0.1:8000/api/v1/devices
        - user-agent: Playwright/1.63.0 (arm64; macOS 26.6) node/22.23
        - accept: */*
        - accept-encoding: gzip,deflate,br
        - X-User-Id: haewon.kim
        - X-Tenant-Id: 1
        - content-type: application/json
        - content-length: 323


       at helpers/sysgrid-test.ts:42

      40 |     const customRequest = {
      41 |       post: async (path: string, options?: any) => {
    > 42 |         return request.post(path, {
         |                        ^
      43 |           ...options,
      44 |           headers: {
      45 |             ...testApiHeaders,
        at Object.post (/Users/haewonkim/.codex-fabric/worktrees/CF-636cebcd88631ae64e47fa3c/frontend/tests/helpers/sysgrid-test.ts:42:24)
        at post (/Users/haewonkim/.codex-fabric/worktrees/CF-636cebcd88631ae64e47fa3c/frontend/tests/helpers/sysgrid.ts:42:34)
        at createAsset (/Users/haewonkim/.codex-fabric/worktrees/CF-636cebcd88631ae64e47fa3c/frontend/tests/helpers/sysgrid.ts:183:10)
        at seedOperationalScenario (/Users/haewonkim/.codex-fabric/worktrees/CF-636cebcd88631ae64e47fa3c/frontend/tests/helpers/sysgrid.ts:366:25)
        at /Users/haewonkim/.codex-fabric/worktrees/CF-636cebcd88631ae64e47fa3c/frontend/tests/knowledge-workflows.spec.ts:11:52

    attachment #1: screenshot (image/png) ──────────────────────────────────────────────────────────
    test-results/knowledge-workflows-Knowle-f0046-ort-and-operational-actions/test-failed-1.png
    ────────────────────────────────────────────────────────────────────────────────────────────────

    attachment #2: video (video/webm) ──────────────────────────────────────────────────────────────
    test-results/knowledge-workflows-Knowle-f0046-ort-and-operational-actions/video.webm
    ────────────────────────────────────────────────────────────────────────────────────────────────

    Error Context: test-results/knowledge-workflows-Knowle-f0046-ort-and-operational-actions/error-context.md

    attachment #4: trace (application/zip) ─────────────────────────────────────────────────────────
    test-results/knowledge-workflows-Knowle-f0046-ort-and-operational-actions/trace.zip
    Usage:

        npx playwright show-trace test-results/knowledge-workflows-Knowle-f0046-ort-and-operational-actions/trace.zip

    ────────────────────────────────────────────────────────────────────────────────────────────────

  29) tests/knowledge-workflows.spec.ts:114:3 › Knowledge workflows › supports richer Q&A collaboration and answer verification 

    Error: apiRequestContext.post: connect ECONNREFUSED 127.0.0.1:8000
    Call log:
      - → POST http://127.0.0.1:8000/api/v1/knowledge
        - user-agent: Playwright/1.63.0 (arm64; macOS 26.6) node/22.23
        - accept: */*
        - accept-encoding: gzip,deflate,br
        - X-User-Id: haewon.kim
        - X-Tenant-Id: 1
        - content-type: application/json
        - content-length: 303


       at helpers/sysgrid-test.ts:42

      40 |     const customRequest = {
      41 |       post: async (path: string, options?: any) => {
    > 42 |         return request.post(path, {
         |                        ^
      43 |           ...options,
      44 |           headers: {
      45 |             ...testApiHeaders,
        at Object.post (/Users/haewonkim/.codex-fabric/worktrees/CF-636cebcd88631ae64e47fa3c/frontend/tests/helpers/sysgrid-test.ts:42:24)
        at /Users/haewonkim/.codex-fabric/worktrees/CF-636cebcd88631ae64e47fa3c/frontend/tests/knowledge-workflows.spec.ts:116:44

    attachment #1: screenshot (image/png) ──────────────────────────────────────────────────────────
    test-results/knowledge-workflows-Knowle-5daa8-ion-and-answer-verification/test-failed-1.png
    ────────────────────────────────────────────────────────────────────────────────────────────────

    attachment #2: video (video/webm) ──────────────────────────────────────────────────────────────
    test-results/knowledge-workflows-Knowle-5daa8-ion-and-answer-verification/video.webm
    ────────────────────────────────────────────────────────────────────────────────────────────────

    Error Context: test-results/knowledge-workflows-Knowle-5daa8-ion-and-answer-verification/error-context.md

    attachment #4: trace (application/zip) ─────────────────────────────────────────────────────────
    test-results/knowledge-workflows-Knowle-5daa8-ion-and-answer-verification/trace.zip
    Usage:

        npx playwright show-trace test-results/knowledge-workflows-Knowle-5daa8-ion-and-answer-verification/trace.zip

    ────────────────────────────────────────────────────────────────────────────────────────────────

  30) tests/monitoring-comprehensive.spec.ts:32:3 › Monitoring Comprehensive Functional Coverage › Add Monitor: Validate field sanitization and success 

    Error: page.goto: net::ERR_CONNECTION_REFUSED at http://127.0.0.1:5173/monitoring
    Call log:
      - navigating to "http://127.0.0.1:5173/monitoring", waiting until "load"


      20 |     page.on('pageerror', err => { throw new Error(err.message); });
      21 |     await resetBrowserState(page);
    > 22 |     await page.goto('/monitoring');
         |                ^
      23 |     const workspace = getWorkspaceRoot(page, 'monitoring');
      24 |     await expect(workspace).toBeVisible({ timeout: 30000 });
      25 |     const matrixSearch = workspace.getByPlaceholder('Scan matrix...');
        at /Users/haewonkim/.codex-fabric/worktrees/CF-636cebcd88631ae64e47fa3c/frontend/tests/monitoring-comprehensive.spec.ts:22:16

    Error: Failed to read the 'sessionStorage' property from 'Window': Access is denied for this document.

      18 |     // 1. Hardened Error Monitoring
      19 |     page.on('console', msg => { if (msg.type() === 'error') throw new Error(msg.text()); });
    > 20 |     page.on('pageerror', err => { throw new Error(err.message); });
         |                                         ^
      21 |     await resetBrowserState(page);
      22 |     await page.goto('/monitoring');
      23 |     const workspace = getWorkspaceRoot(page, 'monitoring');
        at _Page.<anonymous> (/Users/haewonkim/.codex-fabric/worktrees/CF-636cebcd88631ae64e47fa3c/frontend/tests/monitoring-comprehensive.spec.ts:20:41)

    attachment #1: screenshot (image/png) ──────────────────────────────────────────────────────────
    test-results/monitoring-comprehensive-M-00fc8-ld-sanitization-and-success/test-failed-1.png
    ────────────────────────────────────────────────────────────────────────────────────────────────

    attachment #2: video (video/webm) ──────────────────────────────────────────────────────────────
    test-results/monitoring-comprehensive-M-00fc8-ld-sanitization-and-success/video.webm
    ────────────────────────────────────────────────────────────────────────────────────────────────

    Error Context: test-results/monitoring-comprehensive-M-00fc8-ld-sanitization-and-success/error-context.md

    attachment #4: trace (application/zip) ─────────────────────────────────────────────────────────
    test-results/monitoring-comprehensive-M-00fc8-ld-sanitization-and-success/trace.zip
    Usage:

        npx playwright show-trace test-results/monitoring-comprehensive-M-00fc8-ld-sanitization-and-success/trace.zip

    ────────────────────────────────────────────────────────────────────────────────────────────────

  31) tests/monitoring-comprehensive.spec.ts:44:3 › Monitoring Comprehensive Functional Coverage › Edit Monitor: Validate state propagation and save 

    Error: page.goto: net::ERR_CONNECTION_REFUSED at http://127.0.0.1:5173/monitoring
    Call log:
      - navigating to "http://127.0.0.1:5173/monitoring", waiting until "load"


      20 |     page.on('pageerror', err => { throw new Error(err.message); });
      21 |     await resetBrowserState(page);
    > 22 |     await page.goto('/monitoring');
         |                ^
      23 |     const workspace = getWorkspaceRoot(page, 'monitoring');
      24 |     await expect(workspace).toBeVisible({ timeout: 30000 });
      25 |     const matrixSearch = workspace.getByPlaceholder('Scan matrix...');
        at /Users/haewonkim/.codex-fabric/worktrees/CF-636cebcd88631ae64e47fa3c/frontend/tests/monitoring-comprehensive.spec.ts:22:16

    Error: Failed to read the 'sessionStorage' property from 'Window': Access is denied for this document.

      18 |     // 1. Hardened Error Monitoring
      19 |     page.on('console', msg => { if (msg.type() === 'error') throw new Error(msg.text()); });
    > 20 |     page.on('pageerror', err => { throw new Error(err.message); });
         |                                         ^
      21 |     await resetBrowserState(page);
      22 |     await page.goto('/monitoring');
      23 |     const workspace = getWorkspaceRoot(page, 'monitoring');
        at _Page.<anonymous> (/Users/haewonkim/.codex-fabric/worktrees/CF-636cebcd88631ae64e47fa3c/frontend/tests/monitoring-comprehensive.spec.ts:20:41)

    attachment #1: screenshot (image/png) ──────────────────────────────────────────────────────────
    test-results/monitoring-comprehensive-M-c5f75--state-propagation-and-save/test-failed-1.png
    ────────────────────────────────────────────────────────────────────────────────────────────────

    attachment #2: video (video/webm) ──────────────────────────────────────────────────────────────
    test-results/monitoring-comprehensive-M-c5f75--state-propagation-and-save/video.webm
    ────────────────────────────────────────────────────────────────────────────────────────────────

    Error Context: test-results/monitoring-comprehensive-M-c5f75--state-propagation-and-save/error-context.md

    attachment #4: trace (application/zip) ─────────────────────────────────────────────────────────
    test-results/monitoring-comprehensive-M-c5f75--state-propagation-and-save/trace.zip
    Usage:

        npx playwright show-trace test-results/monitoring-comprehensive-M-c5f75--state-propagation-and-save/trace.zip

    ────────────────────────────────────────────────────────────────────────────────────────────────

  32) tests/monitoring-comprehensive.spec.ts:72:3 › Monitoring Comprehensive Functional Coverage › Validation: Triggers error on empty title 

    Error: page.goto: net::ERR_CONNECTION_REFUSED at http://127.0.0.1:5173/monitoring
    Call log:
      - navigating to "http://127.0.0.1:5173/monitoring", waiting until "load"


      20 |     page.on('pageerror', err => { throw new Error(err.message); });
      21 |     await resetBrowserState(page);
    > 22 |     await page.goto('/monitoring');
         |                ^
      23 |     const workspace = getWorkspaceRoot(page, 'monitoring');
      24 |     await expect(workspace).toBeVisible({ timeout: 30000 });
      25 |     const matrixSearch = workspace.getByPlaceholder('Scan matrix...');
        at /Users/haewonkim/.codex-fabric/worktrees/CF-636cebcd88631ae64e47fa3c/frontend/tests/monitoring-comprehensive.spec.ts:22:16

    Error: Failed to read the 'sessionStorage' property from 'Window': Access is denied for this document.

      18 |     // 1. Hardened Error Monitoring
      19 |     page.on('console', msg => { if (msg.type() === 'error') throw new Error(msg.text()); });
    > 20 |     page.on('pageerror', err => { throw new Error(err.message); });
         |                                         ^
      21 |     await resetBrowserState(page);
      22 |     await page.goto('/monitoring');
      23 |     const workspace = getWorkspaceRoot(page, 'monitoring');
        at _Page.<anonymous> (/Users/haewonkim/.codex-fabric/worktrees/CF-636cebcd88631ae64e47fa3c/frontend/tests/monitoring-comprehensive.spec.ts:20:41)

    attachment #1: screenshot (image/png) ──────────────────────────────────────────────────────────
    test-results/monitoring-comprehensive-M-9e3a3-iggers-error-on-empty-title/test-failed-1.png
    ────────────────────────────────────────────────────────────────────────────────────────────────

    attachment #2: video (video/webm) ──────────────────────────────────────────────────────────────
    test-results/monitoring-comprehensive-M-9e3a3-iggers-error-on-empty-title/video.webm
    ────────────────────────────────────────────────────────────────────────────────────────────────

    Error Context: test-results/monitoring-comprehensive-M-9e3a3-iggers-error-on-empty-title/error-context.md

    attachment #4: trace (application/zip) ─────────────────────────────────────────────────────────
    test-results/monitoring-comprehensive-M-9e3a3-iggers-error-on-empty-title/trace.zip
    Usage:

        npx playwright show-trace test-results/monitoring-comprehensive-M-9e3a3-iggers-error-on-empty-title/trace.zip

    ────────────────────────────────────────────────────────────────────────────────────────────────

  33) tests/monitoring-workflows.spec.ts:58:3 › Monitoring workflows › preserves lifecycle status, recovery linking, and knowledge jump paths 

    Error: apiRequestContext.post: connect ECONNREFUSED 127.0.0.1:8000
    Call log:
      - → POST http://127.0.0.1:8000/api/v1/devices
        - user-agent: Playwright/1.63.0 (arm64; macOS 26.6) node/22.23
        - accept: */*
        - accept-encoding: gzip,deflate,br
        - X-User-Id: haewon.kim
        - X-Tenant-Id: 1
        - content-type: application/json
        - content-length: 323


       at helpers/sysgrid.ts:42

      40 |
      41 | async function post(request: APIRequestContext, path: string, data: Record<string, any>) {
    > 42 |   const response = await request.post(`${apiBase}${path}`, { 
         |                                  ^
      43 |     data,
      44 |     headers: testApiHeaders
      45 |   })
        at post (/Users/haewonkim/.codex-fabric/worktrees/CF-636cebcd88631ae64e47fa3c/frontend/tests/helpers/sysgrid.ts:42:34)
        at createAsset (/Users/haewonkim/.codex-fabric/worktrees/CF-636cebcd88631ae64e47fa3c/frontend/tests/helpers/sysgrid.ts:183:10)
        at seedOperationalScenario (/Users/haewonkim/.codex-fabric/worktrees/CF-636cebcd88631ae64e47fa3c/frontend/tests/helpers/sysgrid.ts:366:25)
        at /Users/haewonkim/.codex-fabric/worktrees/CF-636cebcd88631ae64e47fa3c/frontend/tests/monitoring-workflows.spec.ts:60:52

    attachment #1: screenshot (image/png) ──────────────────────────────────────────────────────────
    test-results/monitoring-workflows-Monit-8eab9-ng-and-knowledge-jump-paths/test-failed-1.png
    ────────────────────────────────────────────────────────────────────────────────────────────────

    attachment #2: video (video/webm) ──────────────────────────────────────────────────────────────
    test-results/monitoring-workflows-Monit-8eab9-ng-and-knowledge-jump-paths/video.webm
    ────────────────────────────────────────────────────────────────────────────────────────────────

    Error Context: test-results/monitoring-workflows-Monit-8eab9-ng-and-knowledge-jump-paths/error-context.md

    attachment #4: trace (application/zip) ─────────────────────────────────────────────────────────
    test-results/monitoring-workflows-Monit-8eab9-ng-and-knowledge-jump-paths/trace.zip
    Usage:

        npx playwright show-trace test-results/monitoring-workflows-Monit-8eab9-ng-and-knowledge-jump-paths/trace.zip

    ────────────────────────────────────────────────────────────────────────────────────────────────

  34) tests/monitoring-workflows.spec.ts:104:3 › Monitoring workflows › supports bulk undo, compare, and persisted display state 

    Error: apiRequestContext.post: connect ECONNREFUSED 127.0.0.1:8000
    Call log:
      - → POST http://127.0.0.1:8000/api/v1/devices
        - user-agent: Playwright/1.63.0 (arm64; macOS 26.6) node/22.23
        - accept: */*
        - accept-encoding: gzip,deflate,br
        - X-User-Id: haewon.kim
        - X-Tenant-Id: 1
        - content-type: application/json
        - content-length: 325


       at helpers/sysgrid.ts:42

      40 |
      41 | async function post(request: APIRequestContext, path: string, data: Record<string, any>) {
    > 42 |   const response = await request.post(`${apiBase}${path}`, { 
         |                                  ^
      43 |     data,
      44 |     headers: testApiHeaders
      45 |   })
        at post (/Users/haewonkim/.codex-fabric/worktrees/CF-636cebcd88631ae64e47fa3c/frontend/tests/helpers/sysgrid.ts:42:34)
        at createAsset (/Users/haewonkim/.codex-fabric/worktrees/CF-636cebcd88631ae64e47fa3c/frontend/tests/helpers/sysgrid.ts:183:10)
        at seedOperationalScenario (/Users/haewonkim/.codex-fabric/worktrees/CF-636cebcd88631ae64e47fa3c/frontend/tests/helpers/sysgrid.ts:366:25)
        at /Users/haewonkim/.codex-fabric/worktrees/CF-636cebcd88631ae64e47fa3c/frontend/tests/monitoring-workflows.spec.ts:106:38

    attachment #1: screenshot (image/png) ──────────────────────────────────────────────────────────
    test-results/monitoring-workflows-Monit-21d0f-and-persisted-display-state/test-failed-1.png
    ────────────────────────────────────────────────────────────────────────────────────────────────

    attachment #2: video (video/webm) ──────────────────────────────────────────────────────────────
    test-results/monitoring-workflows-Monit-21d0f-and-persisted-display-state/video.webm
    ────────────────────────────────────────────────────────────────────────────────────────────────

    Error Context: test-results/monitoring-workflows-Monit-21d0f-and-persisted-display-state/error-context.md

    attachment #4: trace (application/zip) ─────────────────────────────────────────────────────────
    test-results/monitoring-workflows-Monit-21d0f-and-persisted-display-state/trace.zip
    Usage:

        npx playwright show-trace test-results/monitoring-workflows-Monit-21d0f-and-persisted-display-state/trace.zip

    ────────────────────────────────────────────────────────────────────────────────────────────────

  35) tests/monitoring-workflows.spec.ts:171:3 › Monitoring workflows › edits an existing monitor without save errors and persists the updated fields 

    Error: apiRequestContext.post: connect ECONNREFUSED 127.0.0.1:8000
    Call log:
      - → POST http://127.0.0.1:8000/api/v1/devices
        - user-agent: Playwright/1.63.0 (arm64; macOS 26.6) node/22.23
        - accept: */*
        - accept-encoding: gzip,deflate,br
        - X-User-Id: haewon.kim
        - X-Tenant-Id: 1
        - content-type: application/json
        - content-length: 323


       at helpers/sysgrid.ts:42

      40 |
      41 | async function post(request: APIRequestContext, path: string, data: Record<string, any>) {
    > 42 |   const response = await request.post(`${apiBase}${path}`, { 
         |                                  ^
      43 |     data,
      44 |     headers: testApiHeaders
      45 |   })
        at post (/Users/haewonkim/.codex-fabric/worktrees/CF-636cebcd88631ae64e47fa3c/frontend/tests/helpers/sysgrid.ts:42:34)
        at createAsset (/Users/haewonkim/.codex-fabric/worktrees/CF-636cebcd88631ae64e47fa3c/frontend/tests/helpers/sysgrid.ts:183:10)
        at seedOperationalScenario (/Users/haewonkim/.codex-fabric/worktrees/CF-636cebcd88631ae64e47fa3c/frontend/tests/helpers/sysgrid.ts:366:25)
        at /Users/haewonkim/.codex-fabric/worktrees/CF-636cebcd88631ae64e47fa3c/frontend/tests/monitoring-workflows.spec.ts:173:34

    attachment #1: screenshot (image/png) ──────────────────────────────────────────────────────────
    test-results/monitoring-workflows-Monit-bc272-persists-the-updated-fields/test-failed-1.png
    ────────────────────────────────────────────────────────────────────────────────────────────────

    attachment #2: video (video/webm) ──────────────────────────────────────────────────────────────
    test-results/monitoring-workflows-Monit-bc272-persists-the-updated-fields/video.webm
    ────────────────────────────────────────────────────────────────────────────────────────────────

    Error Context: test-results/monitoring-workflows-Monit-bc272-persists-the-updated-fields/error-context.md

    attachment #4: trace (application/zip) ─────────────────────────────────────────────────────────
    test-results/monitoring-workflows-Monit-bc272-persists-the-updated-fields/trace.zip
    Usage:

        npx playwright show-trace test-results/monitoring-workflows-Monit-bc272-persists-the-updated-fields/trace.zip

    ────────────────────────────────────────────────────────────────────────────────────────────────

  36) tests/monitoring-workflows.spec.ts:217:3 › Monitoring workflows › keeps default title sizing dynamic and preserves human resized widths only in saved views 

    Error: apiRequestContext.post: connect ECONNREFUSED 127.0.0.1:8000
    Call log:
      - → POST http://127.0.0.1:8000/api/v1/devices
        - user-agent: Playwright/1.63.0 (arm64; macOS 26.6) node/22.23
        - accept: */*
        - accept-encoding: gzip,deflate,br
        - X-User-Id: haewon.kim
        - X-Tenant-Id: 1
        - content-type: application/json
        - content-length: 325


       at helpers/sysgrid.ts:42

      40 |
      41 | async function post(request: APIRequestContext, path: string, data: Record<string, any>) {
    > 42 |   const response = await request.post(`${apiBase}${path}`, { 
         |                                  ^
      43 |     data,
      44 |     headers: testApiHeaders
      45 |   })
        at post (/Users/haewonkim/.codex-fabric/worktrees/CF-636cebcd88631ae64e47fa3c/frontend/tests/helpers/sysgrid.ts:42:34)
        at createAsset (/Users/haewonkim/.codex-fabric/worktrees/CF-636cebcd88631ae64e47fa3c/frontend/tests/helpers/sysgrid.ts:183:10)
        at seedOperationalScenario (/Users/haewonkim/.codex-fabric/worktrees/CF-636cebcd88631ae64e47fa3c/frontend/tests/helpers/sysgrid.ts:366:25)
        at /Users/haewonkim/.codex-fabric/worktrees/CF-636cebcd88631ae64e47fa3c/frontend/tests/monitoring-workflows.spec.ts:219:43

    attachment #1: screenshot (image/png) ──────────────────────────────────────────────────────────
    test-results/monitoring-workflows-Monit-69911--widths-only-in-saved-views/test-failed-1.png
    ────────────────────────────────────────────────────────────────────────────────────────────────

    attachment #2: video (video/webm) ──────────────────────────────────────────────────────────────
    test-results/monitoring-workflows-Monit-69911--widths-only-in-saved-views/video.webm
    ────────────────────────────────────────────────────────────────────────────────────────────────

    Error Context: test-results/monitoring-workflows-Monit-69911--widths-only-in-saved-views/error-context.md

    attachment #4: trace (application/zip) ─────────────────────────────────────────────────────────
    test-results/monitoring-workflows-Monit-69911--widths-only-in-saved-views/trace.zip
    Usage:

        npx playwright show-trace test-results/monitoring-workflows-Monit-69911--widths-only-in-saved-views/trace.zip

    ────────────────────────────────────────────────────────────────────────────────────────────────

  37) tests/monitoring-workflows.spec.ts:364:3 › Monitoring workflows › imports monitoring rows through the shared operational import modal 

    Error: apiRequestContext.post: connect ECONNREFUSED 127.0.0.1:8000
    Call log:
      - → POST http://127.0.0.1:8000/api/v1/devices
        - user-agent: Playwright/1.63.0 (arm64; macOS 26.6) node/22.23
        - accept: */*
        - accept-encoding: gzip,deflate,br
        - X-User-Id: haewon.kim
        - X-Tenant-Id: 1
        - content-type: application/json
        - content-length: 325


       at helpers/sysgrid.ts:42

      40 |
      41 | async function post(request: APIRequestContext, path: string, data: Record<string, any>) {
    > 42 |   const response = await request.post(`${apiBase}${path}`, { 
         |                                  ^
      43 |     data,
      44 |     headers: testApiHeaders
      45 |   })
        at post (/Users/haewonkim/.codex-fabric/worktrees/CF-636cebcd88631ae64e47fa3c/frontend/tests/helpers/sysgrid.ts:42:34)
        at createAsset (/Users/haewonkim/.codex-fabric/worktrees/CF-636cebcd88631ae64e47fa3c/frontend/tests/helpers/sysgrid.ts:183:10)
        at seedOperationalScenario (/Users/haewonkim/.codex-fabric/worktrees/CF-636cebcd88631ae64e47fa3c/frontend/tests/helpers/sysgrid.ts:366:25)
        at /Users/haewonkim/.codex-fabric/worktrees/CF-636cebcd88631ae64e47fa3c/frontend/tests/monitoring-workflows.spec.ts:366:61

    attachment #1: screenshot (image/png) ──────────────────────────────────────────────────────────
    test-results/monitoring-workflows-Monit-2d4de-ed-operational-import-modal/test-failed-1.png
    ────────────────────────────────────────────────────────────────────────────────────────────────

    attachment #2: video (video/webm) ──────────────────────────────────────────────────────────────
    test-results/monitoring-workflows-Monit-2d4de-ed-operational-import-modal/video.webm
    ────────────────────────────────────────────────────────────────────────────────────────────────

    Error Context: test-results/monitoring-workflows-Monit-2d4de-ed-operational-import-modal/error-context.md

    attachment #4: trace (application/zip) ─────────────────────────────────────────────────────────
    test-results/monitoring-workflows-Monit-2d4de-ed-operational-import-modal/trace.zip
    Usage:

        npx playwright show-trace test-results/monitoring-workflows-Monit-2d4de-ed-operational-import-modal/trace.zip

    ────────────────────────────────────────────────────────────────────────────────────────────────

  38) tests/network-workflows.spec.ts:36:3 › Network workflows › supports deep-linked forensics, unit edits, and bulk sever from the grid 

    Error: apiRequestContext.get: connect ECONNREFUSED 127.0.0.1:8000
    Call log:
      - → GET http://127.0.0.1:8000/api/v1/settings/options?category=NetworkFarm
        - user-agent: Playwright/1.63.0 (arm64; macOS 26.6) node/22.23
        - accept: */*
        - accept-encoding: gzip,deflate,br
        - X-User-Id: haewon.kim
        - X-Tenant-Id: 1


       at helpers/sysgrid-test.ts:51

      49 |       },
      50 |       get: async (path: string, options?: any) => {
    > 51 |         return request.get(path, {
         |                        ^
      52 |           ...options,
      53 |           headers: {
      54 |             ...testApiHeaders,
        at Object.get (/Users/haewonkim/.codex-fabric/worktrees/CF-636cebcd88631ae64e47fa3c/frontend/tests/helpers/sysgrid-test.ts:51:24)
        at get (/Users/haewonkim/.codex-fabric/worktrees/CF-636cebcd88631ae64e47fa3c/frontend/tests/helpers/sysgrid.ts:68:34)
        at ensureSettingOption (/Users/haewonkim/.codex-fabric/worktrees/CF-636cebcd88631ae64e47fa3c/frontend/tests/helpers/sysgrid.ts:81:25)
        at /Users/haewonkim/.codex-fabric/worktrees/CF-636cebcd88631ae64e47fa3c/frontend/tests/network-workflows.spec.ts:41:11

    attachment #1: screenshot (image/png) ──────────────────────────────────────────────────────────
    test-results/network-workflows-Network--c7b59-nd-bulk-sever-from-the-grid/test-failed-1.png
    ────────────────────────────────────────────────────────────────────────────────────────────────

    attachment #2: video (video/webm) ──────────────────────────────────────────────────────────────
    test-results/network-workflows-Network--c7b59-nd-bulk-sever-from-the-grid/video.webm
    ────────────────────────────────────────────────────────────────────────────────────────────────

    Error Context: test-results/network-workflows-Network--c7b59-nd-bulk-sever-from-the-grid/error-context.md

    attachment #4: trace (application/zip) ─────────────────────────────────────────────────────────
    test-results/network-workflows-Network--c7b59-nd-bulk-sever-from-the-grid/trace.zip
    Usage:

        npx playwright show-trace test-results/network-workflows-Network--c7b59-nd-bulk-sever-from-the-grid/trace.zip

    ────────────────────────────────────────────────────────────────────────────────────────────────

  39) tests/network-workflows.spec.ts:146:3 › Network workflows › supports manual selection, modifiers, menu overlays, display configurations, and grouped grid parity 

    Error: apiRequestContext.get: connect ECONNREFUSED 127.0.0.1:8000
    Call log:
      - → GET http://127.0.0.1:8000/api/v1/settings/options?category=NetworkFarm
        - user-agent: Playwright/1.63.0 (arm64; macOS 26.6) node/22.23
        - accept: */*
        - accept-encoding: gzip,deflate,br
        - X-User-Id: haewon.kim
        - X-Tenant-Id: 1


       at helpers/sysgrid-test.ts:51

      49 |       },
      50 |       get: async (path: string, options?: any) => {
    > 51 |         return request.get(path, {
         |                        ^
      52 |           ...options,
      53 |           headers: {
      54 |             ...testApiHeaders,
        at Object.get (/Users/haewonkim/.codex-fabric/worktrees/CF-636cebcd88631ae64e47fa3c/frontend/tests/helpers/sysgrid-test.ts:51:24)
        at get (/Users/haewonkim/.codex-fabric/worktrees/CF-636cebcd88631ae64e47fa3c/frontend/tests/helpers/sysgrid.ts:68:34)
        at ensureSettingOption (/Users/haewonkim/.codex-fabric/worktrees/CF-636cebcd88631ae64e47fa3c/frontend/tests/helpers/sysgrid.ts:81:25)
        at /Users/haewonkim/.codex-fabric/worktrees/CF-636cebcd88631ae64e47fa3c/frontend/tests/network-workflows.spec.ts:151:11

    attachment #1: screenshot (image/png) ──────────────────────────────────────────────────────────
    test-results/network-workflows-Network--fefef-ons-and-grouped-grid-parity/test-failed-1.png
    ────────────────────────────────────────────────────────────────────────────────────────────────

    attachment #2: video (video/webm) ──────────────────────────────────────────────────────────────
    test-results/network-workflows-Network--fefef-ons-and-grouped-grid-parity/video.webm
    ────────────────────────────────────────────────────────────────────────────────────────────────

    Error Context: test-results/network-workflows-Network--fefef-ons-and-grouped-grid-parity/error-context.md

    attachment #4: trace (application/zip) ─────────────────────────────────────────────────────────
    test-results/network-workflows-Network--fefef-ons-and-grouped-grid-parity/trace.zip
    Usage:

        npx playwright show-trace test-results/network-workflows-Network--fefef-ons-and-grouped-grid-parity/trace.zip

    ────────────────────────────────────────────────────────────────────────────────────────────────

  40) tests/network-workflows.spec.ts:457:3 › Network workflows › verifies golden column labels, domain order, pinning, resizability, bulk-edit dirty-close safety, context menu structure, and irreversible purge confirmation 

    Error: page.goto: net::ERR_CONNECTION_REFUSED at http://127.0.0.1:5173/
    Call log:
      - navigating to "http://127.0.0.1:5173/", waiting until "load"


      460 |
      461 |     // Seed an old bad layout state (version 1) in localStorage to prove that the preference migration/reset guard automatically restores domain order on page load!
    > 462 |     await page.goto('/') // Navigate to landing first to mount localStorage context
          |                ^
      463 |     await page.evaluate(() => {
      464 |       window.localStorage.setItem('network_workspace_state_v1', JSON.stringify({
      465 |         version: 1, // Stale version!
        at /Users/haewonkim/.codex-fabric/worktrees/CF-636cebcd88631ae64e47fa3c/frontend/tests/network-workflows.spec.ts:462:16

    attachment #1: screenshot (image/png) ──────────────────────────────────────────────────────────
    test-results/network-workflows-Network--8e240-versible-purge-confirmation/test-failed-1.png
    ────────────────────────────────────────────────────────────────────────────────────────────────

    attachment #2: video (video/webm) ──────────────────────────────────────────────────────────────
    test-results/network-workflows-Network--8e240-versible-purge-confirmation/video.webm
    ────────────────────────────────────────────────────────────────────────────────────────────────

    Error Context: test-results/network-workflows-Network--8e240-versible-purge-confirmation/error-context.md

    attachment #4: trace (application/zip) ─────────────────────────────────────────────────────────
    test-results/network-workflows-Network--8e240-versible-purge-confirmation/trace.zip
    Usage:

        npx playwright show-trace test-results/network-workflows-Network--8e240-versible-purge-confirmation/trace.zip

    ────────────────────────────────────────────────────────────────────────────────────────────────

  41) tests/pre-test-check.spec.ts:3:1 › verify backend and frontend are up ────────────────────────

    Error: apiRequestContext.get: connect ECONNREFUSED 127.0.0.1:8000
    Call log:
      - → GET http://127.0.0.1:8000/api/v1/health
        - user-agent: Playwright/1.63.0 (arm64; macOS 26.6) node/22.23
        - accept: */*
        - accept-encoding: gzip,deflate,br
        - X-User-Id: haewon.kim


      3 | test('verify backend and frontend are up', async ({ request }) => {
      4 |   // Check backend
    > 5 |   const backendResponse = await request.get('http://127.0.0.1:8000/api/v1/health');
        |                                         ^
      6 |   expect(backendResponse.status()).toBe(200);
      7 |   
      8 |   // Check frontend (just by fetching the root)
        at /Users/haewonkim/.codex-fabric/worktrees/CF-636cebcd88631ae64e47fa3c/frontend/tests/pre-test-check.spec.ts:5:41

    Error Context: test-results/pre-test-check-verify-backend-and-frontend-are-up/error-context.md

    attachment #2: trace (application/zip) ─────────────────────────────────────────────────────────
    test-results/pre-test-check-verify-backend-and-frontend-are-up/trace.zip
    Usage:

        npx playwright show-trace test-results/pre-test-check-verify-backend-and-frontend-are-up/trace.zip

    ────────────────────────────────────────────────────────────────────────────────────────────────

  42) tests/projects-creation-flow.spec.ts:7:3 › Projects Creation Workflow › should create a new project with cascading multi-selects and month/year dates 

    Error: apiRequestContext.post: connect ECONNREFUSED 127.0.0.1:8000
    Call log:
      - → POST http://127.0.0.1:8000/api/v1/devices
        - user-agent: Playwright/1.63.0 (arm64; macOS 26.6) node/22.23
        - accept: */*
        - accept-encoding: gzip,deflate,br
        - X-User-Id: haewon.kim
        - X-Tenant-Id: 1
        - content-type: application/json
        - content-length: 325


       at helpers/sysgrid-test.ts:42

      40 |     const customRequest = {
      41 |       post: async (path: string, options?: any) => {
    > 42 |         return request.post(path, {
         |                        ^
      43 |           ...options,
      44 |           headers: {
      45 |             ...testApiHeaders,
        at Object.post (/Users/haewonkim/.codex-fabric/worktrees/CF-636cebcd88631ae64e47fa3c/frontend/tests/helpers/sysgrid-test.ts:42:24)
        at post (/Users/haewonkim/.codex-fabric/worktrees/CF-636cebcd88631ae64e47fa3c/frontend/tests/helpers/sysgrid.ts:42:34)
        at createAsset (/Users/haewonkim/.codex-fabric/worktrees/CF-636cebcd88631ae64e47fa3c/frontend/tests/helpers/sysgrid.ts:183:10)
        at seedOperationalScenario (/Users/haewonkim/.codex-fabric/worktrees/CF-636cebcd88631ae64e47fa3c/frontend/tests/helpers/sysgrid.ts:366:25)
        at /Users/haewonkim/.codex-fabric/worktrees/CF-636cebcd88631ae64e47fa3c/frontend/tests/projects-creation-flow.spec.ts:9:24

    attachment #1: screenshot (image/png) ──────────────────────────────────────────────────────────
    test-results/projects-creation-flow-Pro-26478-elects-and-month-year-dates/test-failed-1.png
    ────────────────────────────────────────────────────────────────────────────────────────────────

    attachment #2: video (video/webm) ──────────────────────────────────────────────────────────────
    test-results/projects-creation-flow-Pro-26478-elects-and-month-year-dates/video.webm
    ────────────────────────────────────────────────────────────────────────────────────────────────

    Error Context: test-results/projects-creation-flow-Pro-26478-elects-and-month-year-dates/error-context.md

    attachment #4: trace (application/zip) ─────────────────────────────────────────────────────────
    test-results/projects-creation-flow-Pro-26478-elects-and-month-year-dates/trace.zip
    Usage:

        npx playwright show-trace test-results/projects-creation-flow-Pro-26478-elects-and-month-year-dates/trace.zip

    ────────────────────────────────────────────────────────────────────────────────────────────────

  43) tests/projects-golden-evidence.spec.ts:42:3 › Projects Iteration 4A collaboration and reporting foundation › Iteration 4A task comment authoring persists exact comment and @mentions on canonical task truth 

    Error: page.goto: net::ERR_CONNECTION_REFUSED at http://127.0.0.1:5173/projects?id=1001&view=tasks&task=101
    Call log:
      - navigating to "http://127.0.0.1:5173/projects?id=1001&view=tasks&task=101", waiting until "load"


      44 |     const state = await supportProjectApis(page, baseProject())
      45 |
    > 46 |     await page.goto('/projects?id=1001&view=tasks&task=101')
         |                ^
      47 |     await expect(page.locator('[data-project-task-drawer="true"]')).toBeVisible()
      48 |     await page.getByLabel('Add task comment').fill('Coordinate with @Alice and @bob before release')
      49 |     await page.getByRole('button', { name: 'Post comment', exact: true }).click()
        at /Users/haewonkim/.codex-fabric/worktrees/CF-636cebcd88631ae64e47fa3c/frontend/tests/projects-golden-evidence.spec.ts:46:16

    attachment #1: screenshot (image/png) ──────────────────────────────────────────────────────────
    test-results/projects-golden-evidence-P-3ecfa-ons-on-canonical-task-truth/test-failed-1.png
    ────────────────────────────────────────────────────────────────────────────────────────────────

    attachment #2: video (video/webm) ──────────────────────────────────────────────────────────────
    test-results/projects-golden-evidence-P-3ecfa-ons-on-canonical-task-truth/video.webm
    ────────────────────────────────────────────────────────────────────────────────────────────────

    Error Context: test-results/projects-golden-evidence-P-3ecfa-ons-on-canonical-task-truth/error-context.md

    attachment #4: trace (application/zip) ─────────────────────────────────────────────────────────
    test-results/projects-golden-evidence-P-3ecfa-ons-on-canonical-task-truth/trace.zip
    Usage:

        npx playwright show-trace test-results/projects-golden-evidence-P-3ecfa-ons-on-canonical-task-truth/trace.zip

    ────────────────────────────────────────────────────────────────────────────────────────────────

  44) tests/projects-golden-evidence.spec.ts:58:3 › Projects Iteration 4A collaboration and reporting foundation › Iteration 4A project material authoring persists one exact link through canonical Project PUT 

    Error: page.goto: net::ERR_CONNECTION_REFUSED at http://127.0.0.1:5173/projects?id=1001&view=files
    Call log:
      - navigating to "http://127.0.0.1:5173/projects?id=1001&view=files", waiting until "load"


      60 |     const state = await supportProjectApis(page, baseProject())
      61 |
    > 62 |     await page.goto('/projects?id=1001&view=files')
         |                ^
      63 |     await expect(page.locator('[data-project-material-authoring="true"]')).toBeVisible()
      64 |     await page.getByLabel('Project material title').fill('Release decision log')
      65 |     await page.getByLabel('Project material URL').fill('https://example.test/release/decision')
        at /Users/haewonkim/.codex-fabric/worktrees/CF-636cebcd88631ae64e47fa3c/frontend/tests/projects-golden-evidence.spec.ts:62:16

    attachment #1: screenshot (image/png) ──────────────────────────────────────────────────────────
    test-results/projects-golden-evidence-P-796c2-rough-canonical-Project-PUT/test-failed-1.png
    ────────────────────────────────────────────────────────────────────────────────────────────────

    attachment #2: video (video/webm) ──────────────────────────────────────────────────────────────
    test-results/projects-golden-evidence-P-796c2-rough-canonical-Project-PUT/video.webm
    ────────────────────────────────────────────────────────────────────────────────────────────────

    Error Context: test-results/projects-golden-evidence-P-796c2-rough-canonical-Project-PUT/error-context.md

    attachment #4: trace (application/zip) ─────────────────────────────────────────────────────────
    test-results/projects-golden-evidence-P-796c2-rough-canonical-Project-PUT/trace.zip
    Usage:

        npx playwright show-trace test-results/projects-golden-evidence-P-796c2-rough-canonical-Project-PUT/trace.zip

    ────────────────────────────────────────────────────────────────────────────────────────────────

  45) tests/projects-golden-evidence.spec.ts:74:3 › Projects Iteration 4A collaboration and reporting foundation › Iteration 4A report capture creates immutable history and restores the exact snapshot by deep link 

    Error: page.goto: net::ERR_CONNECTION_REFUSED at http://127.0.0.1:5173/projects?id=1001&view=reports
    Call log:
      - navigating to "http://127.0.0.1:5173/projects?id=1001&view=reports", waiting until "load"


      76 |     const state = await supportProjectApis(page, baseProject())
      77 |
    > 78 |     await page.goto('/projects?id=1001&view=reports')
         |                ^
      79 |     await expect(page.locator('[data-project-report-history="true"]')).toBeVisible()
      80 |     await page.getByRole('button', { name: 'Capture snapshot', exact: true }).click()
      81 |
        at /Users/haewonkim/.codex-fabric/worktrees/CF-636cebcd88631ae64e47fa3c/frontend/tests/projects-golden-evidence.spec.ts:78:16

    attachment #1: screenshot (image/png) ──────────────────────────────────────────────────────────
    test-results/projects-golden-evidence-P-668e4-exact-snapshot-by-deep-link/test-failed-1.png
    ────────────────────────────────────────────────────────────────────────────────────────────────

    attachment #2: video (video/webm) ──────────────────────────────────────────────────────────────
    test-results/projects-golden-evidence-P-668e4-exact-snapshot-by-deep-link/video.webm
    ────────────────────────────────────────────────────────────────────────────────────────────────

    Error Context: test-results/projects-golden-evidence-P-668e4-exact-snapshot-by-deep-link/error-context.md

    attachment #4: trace (application/zip) ─────────────────────────────────────────────────────────
    test-results/projects-golden-evidence-P-668e4-exact-snapshot-by-deep-link/trace.zip
    Usage:

        npx playwright show-trace test-results/projects-golden-evidence-P-668e4-exact-snapshot-by-deep-link/trace.zip

    ────────────────────────────────────────────────────────────────────────────────────────────────

  46) tests/projects-golden-evidence.spec.ts:105:3 › Projects Iteration 4B authoritative mention interaction › Iteration 4B mention click selection persists the exact canonical operator username 

    Error: page.goto: net::ERR_CONNECTION_REFUSED at http://127.0.0.1:5173/projects?id=1001&view=tasks&task=101
    Call log:
      - navigating to "http://127.0.0.1:5173/projects?id=1001&view=tasks&task=101", waiting until "load"


      107 |     const state = await supportProjectApis(page, baseProject(), operators)
      108 |
    > 109 |     await page.goto('/projects?id=1001&view=tasks&task=101')
          |                ^
      110 |     const composer = page.getByLabel('Add task comment')
      111 |     await composer.fill('Coordinate with @ali')
      112 |     const suggestions = page.getByRole('listbox', { name: 'Mention suggestions' })
        at /Users/haewonkim/.codex-fabric/worktrees/CF-636cebcd88631ae64e47fa3c/frontend/tests/projects-golden-evidence.spec.ts:109:16

    attachment #1: screenshot (image/png) ──────────────────────────────────────────────────────────
    test-results/projects-golden-evidence-P-0b233-canonical-operator-username/test-failed-1.png
    ────────────────────────────────────────────────────────────────────────────────────────────────

    attachment #2: video (video/webm) ──────────────────────────────────────────────────────────────
    test-results/projects-golden-evidence-P-0b233-canonical-operator-username/video.webm
    ────────────────────────────────────────────────────────────────────────────────────────────────

    Error Context: test-results/projects-golden-evidence-P-0b233-canonical-operator-username/error-context.md

    attachment #4: trace (application/zip) ─────────────────────────────────────────────────────────
    test-results/projects-golden-evidence-P-0b233-canonical-operator-username/trace.zip
    Usage:

        npx playwright show-trace test-results/projects-golden-evidence-P-0b233-canonical-operator-username/trace.zip

    ────────────────────────────────────────────────────────────────────────────────────────────────

  47) tests/projects-golden-evidence.spec.ts:125:3 › Projects Iteration 4B authoritative mention interaction › Iteration 4B mention keyboard selection inserts one canonical handle before persistence 

    Error: page.goto: net::ERR_CONNECTION_REFUSED at http://127.0.0.1:5173/projects?id=1001&view=tasks&task=101
    Call log:
      - navigating to "http://127.0.0.1:5173/projects?id=1001&view=tasks&task=101", waiting until "load"


      127 |     const state = await supportProjectApis(page, baseProject(), operators)
      128 |
    > 129 |     await page.goto('/projects?id=1001&view=tasks&task=101')
          |                ^
      130 |     const composer = page.getByLabel('Add task comment')
      131 |     await composer.fill('Escalate to @bo')
      132 |     await expect(page.getByRole('option', { name: 'Mention @bob · Bob Stone', exact: true })).toBeVisible()
        at /Users/haewonkim/.codex-fabric/worktrees/CF-636cebcd88631ae64e47fa3c/frontend/tests/projects-golden-evidence.spec.ts:129:16

    attachment #1: screenshot (image/png) ──────────────────────────────────────────────────────────
    test-results/projects-golden-evidence-P-3777d-l-handle-before-persistence/test-failed-1.png
    ────────────────────────────────────────────────────────────────────────────────────────────────

    attachment #2: video (video/webm) ──────────────────────────────────────────────────────────────
    test-results/projects-golden-evidence-P-3777d-l-handle-before-persistence/video.webm
    ────────────────────────────────────────────────────────────────────────────────────────────────

    Error Context: test-results/projects-golden-evidence-P-3777d-l-handle-before-persistence/error-context.md

    attachment #4: trace (application/zip) ─────────────────────────────────────────────────────────
    test-results/projects-golden-evidence-P-3777d-l-handle-before-persistence/trace.zip
    Usage:

        npx playwright show-trace test-results/projects-golden-evidence-P-3777d-l-handle-before-persistence/trace.zip

    ────────────────────────────────────────────────────────────────────────────────────────────────

  48) tests/projects-golden-evidence.spec.ts:151:3 › Projects Iteration 4C native project updates collaboration › Iteration 4C project update click selection posts one canonical human update through Project PUT 

    Error: page.goto: net::ERR_CONNECTION_REFUSED at http://127.0.0.1:5173/projects?id=1001&view=updates
    Call log:
      - navigating to "http://127.0.0.1:5173/projects?id=1001&view=updates", waiting until "load"


      153 |     const state = await supportProjectApis(page, baseProject(), operators)
      154 |
    > 155 |     await page.goto('/projects?id=1001&view=updates')
          |                ^
      156 |     await expect(page.locator('[data-project-updates-native="true"]')).toBeVisible()
      157 |     const composer = page.getByLabel('Add project update')
      158 |     await composer.fill('Release status ready for @ali')
        at /Users/haewonkim/.codex-fabric/worktrees/CF-636cebcd88631ae64e47fa3c/frontend/tests/projects-golden-evidence.spec.ts:155:16

    attachment #1: screenshot (image/png) ──────────────────────────────────────────────────────────
    test-results/projects-golden-evidence-P-85fd6--update-through-Project-PUT/test-failed-1.png
    ────────────────────────────────────────────────────────────────────────────────────────────────

    attachment #2: video (video/webm) ──────────────────────────────────────────────────────────────
    test-results/projects-golden-evidence-P-85fd6--update-through-Project-PUT/video.webm
    ────────────────────────────────────────────────────────────────────────────────────────────────

    Error Context: test-results/projects-golden-evidence-P-85fd6--update-through-Project-PUT/error-context.md

    attachment #4: trace (application/zip) ─────────────────────────────────────────────────────────
    test-results/projects-golden-evidence-P-85fd6--update-through-Project-PUT/trace.zip
    Usage:

        npx playwright show-trace test-results/projects-golden-evidence-P-85fd6--update-through-Project-PUT/trace.zip

    ────────────────────────────────────────────────────────────────────────────────────────────────

  49) tests/projects-golden-evidence.spec.ts:172:3 › Projects Iteration 4C native project updates collaboration › Iteration 4C project update keyboard selection persists and restores from canonical Project truth 

    Error: page.goto: net::ERR_CONNECTION_REFUSED at http://127.0.0.1:5173/projects?id=1001&view=updates
    Call log:
      - navigating to "http://127.0.0.1:5173/projects?id=1001&view=updates", waiting until "load"


      174 |     const state = await supportProjectApis(page, baseProject(), operators)
      175 |
    > 176 |     await page.goto('/projects?id=1001&view=updates')
          |                ^
      177 |     const composer = page.getByLabel('Add project update')
      178 |     await composer.fill('Escalation owner @bo')
      179 |     await expect(page.getByRole('option', { name: 'Update mention @bob · Bob Stone', exact: true })).toBeVisible()
        at /Users/haewonkim/.codex-fabric/worktrees/CF-636cebcd88631ae64e47fa3c/frontend/tests/projects-golden-evidence.spec.ts:176:16

    attachment #1: screenshot (image/png) ──────────────────────────────────────────────────────────
    test-results/projects-golden-evidence-P-e5810-rom-canonical-Project-truth/test-failed-1.png
    ────────────────────────────────────────────────────────────────────────────────────────────────

    attachment #2: video (video/webm) ──────────────────────────────────────────────────────────────
    test-results/projects-golden-evidence-P-e5810-rom-canonical-Project-truth/video.webm
    ────────────────────────────────────────────────────────────────────────────────────────────────

    Error Context: test-results/projects-golden-evidence-P-e5810-rom-canonical-Project-truth/error-context.md

    attachment #4: trace (application/zip) ─────────────────────────────────────────────────────────
    test-results/projects-golden-evidence-P-e5810-rom-canonical-Project-truth/trace.zip
    Usage:

        npx playwright show-trace test-results/projects-golden-evidence-P-e5810-rom-canonical-Project-truth/trace.zip

    ────────────────────────────────────────────────────────────────────────────────────────────────

  50) tests/projects-golden-evidence.spec.ts:202:3 › Projects Iteration 4D collaboration reporting integration › Iteration 4D report snapshot freezes the canonical human update and mention evidence 

    Error: page.goto: net::ERR_CONNECTION_REFUSED at http://127.0.0.1:5173/projects?id=1001&view=updates
    Call log:
      - navigating to "http://127.0.0.1:5173/projects?id=1001&view=updates", waiting until "load"


      203 |     await page.setViewportSize({ width: 1680, height: 1050 })
      204 |     const state = await supportProjectApis(page, baseProject(), operators)
    > 205 |     await page.goto('/projects?id=1001&view=updates')
          |                ^
      206 |     const composer = page.getByLabel('Add project update')
      207 |     await composer.fill('Report context ready for @ali')
      208 |     await page.getByRole('option', { name: 'Update mention @alice · Alice Nguyen', exact: true }).click()
        at /Users/haewonkim/.codex-fabric/worktrees/CF-636cebcd88631ae64e47fa3c/frontend/tests/projects-golden-evidence.spec.ts:205:16

    attachment #1: screenshot (image/png) ──────────────────────────────────────────────────────────
    test-results/projects-golden-evidence-P-60c18-update-and-mention-evidence/test-failed-1.png
    ────────────────────────────────────────────────────────────────────────────────────────────────

    attachment #2: video (video/webm) ──────────────────────────────────────────────────────────────
    test-results/projects-golden-evidence-P-60c18-update-and-mention-evidence/video.webm
    ────────────────────────────────────────────────────────────────────────────────────────────────

    Error Context: test-results/projects-golden-evidence-P-60c18-update-and-mention-evidence/error-context.md

    attachment #4: trace (application/zip) ─────────────────────────────────────────────────────────
    test-results/projects-golden-evidence-P-60c18-update-and-mention-evidence/trace.zip
    Usage:

        npx playwright show-trace test-results/projects-golden-evidence-P-60c18-update-and-mention-evidence/trace.zip

    ────────────────────────────────────────────────────────────────────────────────────────────────

  51) tests/projects-golden-evidence.spec.ts:220:3 › Projects Iteration 4D collaboration reporting integration › Iteration 4D captured report remains immutable after a later live Project update 

    Error: page.goto: net::ERR_CONNECTION_REFUSED at http://127.0.0.1:5173/projects?id=1001&view=reports
    Call log:
      - navigating to "http://127.0.0.1:5173/projects?id=1001&view=reports", waiting until "load"


      223 |     seeded.metadata_json = { project_updates_v1: { updates: [{ id: 'seed-update', content: 'Frozen release context for @alice', text: 'Frozen release context for @alice', mentions: ['@alice'], created_at: '2026-08-29T18:00:00Z', timestamp: '2026-08-29T18:00:00Z' }] } }
      224 |     const state = await supportProjectApis(page, seeded, operators)
    > 225 |     await page.goto('/projects?id=1001&view=reports')
          |                ^
      226 |     await page.getByRole('button', { name: 'Capture snapshot', exact: true }).click()
      227 |     await expect.poll(() => state.getLastPut()?.metadata_json?.project_reporting_v1?.snapshots?.length).toBe(1)
      228 |     const snapshotId = state.getLastPut().metadata_json.project_reporting_v1.snapshots[0].id
        at /Users/haewonkim/.codex-fabric/worktrees/CF-636cebcd88631ae64e47fa3c/frontend/tests/projects-golden-evidence.spec.ts:225:16

    attachment #1: screenshot (image/png) ──────────────────────────────────────────────────────────
    test-results/projects-golden-evidence-P-4ea59-a-later-live-Project-update/test-failed-1.png
    ────────────────────────────────────────────────────────────────────────────────────────────────

    attachment #2: video (video/webm) ──────────────────────────────────────────────────────────────
    test-results/projects-golden-evidence-P-4ea59-a-later-live-Project-update/video.webm
    ────────────────────────────────────────────────────────────────────────────────────────────────

    Error Context: test-results/projects-golden-evidence-P-4ea59-a-later-live-Project-update/error-context.md

    attachment #4: trace (application/zip) ─────────────────────────────────────────────────────────
    test-results/projects-golden-evidence-P-4ea59-a-later-live-Project-update/trace.zip
    Usage:

        npx playwright show-trace test-results/projects-golden-evidence-P-4ea59-a-later-live-Project-update/trace.zip

    ────────────────────────────────────────────────────────────────────────────────────────────────

  52) tests/projects-golden-evidence.spec.ts:247:3 › Projects Iteration 4E collaboration and reporting certification smoke › Iteration 4E certification preserves the canonical collaboration chain through immutable report review 

    Error: page.goto: net::ERR_CONNECTION_REFUSED at http://127.0.0.1:5173/projects?id=1001&view=tasks&task=101
    Call log:
      - navigating to "http://127.0.0.1:5173/projects?id=1001&view=tasks&task=101", waiting until "load"


      249 |     const state = await supportProjectApis(page, baseProject(), operators)
      250 |
    > 251 |     await page.goto('/projects?id=1001&view=tasks&task=101')
          |                ^
      252 |     const taskComposer = page.getByLabel('Add task comment')
      253 |     await taskComposer.fill('Certification review with @ali')
      254 |     await page.getByRole('option', { name: 'Mention @alice · Alice Nguyen', exact: true }).click()
        at /Users/haewonkim/.codex-fabric/worktrees/CF-636cebcd88631ae64e47fa3c/frontend/tests/projects-golden-evidence.spec.ts:251:16

    attachment #1: screenshot (image/png) ──────────────────────────────────────────────────────────
    test-results/projects-golden-evidence-P-a7f5f-ugh-immutable-report-review/test-failed-1.png
    ────────────────────────────────────────────────────────────────────────────────────────────────

    attachment #2: video (video/webm) ──────────────────────────────────────────────────────────────
    test-results/projects-golden-evidence-P-a7f5f-ugh-immutable-report-review/video.webm
    ────────────────────────────────────────────────────────────────────────────────────────────────

    Error Context: test-results/projects-golden-evidence-P-a7f5f-ugh-immutable-report-review/error-context.md

    attachment #4: trace (application/zip) ─────────────────────────────────────────────────────────
    test-results/projects-golden-evidence-P-a7f5f-ugh-immutable-report-review/trace.zip
    Usage:

        npx playwright show-trace test-results/projects-golden-evidence-P-a7f5f-ugh-immutable-report-review/trace.zip

    ────────────────────────────────────────────────────────────────────────────────────────────────

  53) tests/projects-hierarchy.spec.ts:64:1 › P10 hierarchy rehearsal shows ten roots and one nested child @hierarchy-rehearsal 

    Error: page.goto: net::ERR_CONNECTION_REFUSED at http://127.0.0.1:5173/projects?id=81010&view=overview
    Call log:
      - navigating to "http://127.0.0.1:5173/projects?id=81010&view=overview", waiting until "load"


      64 | test('P10 hierarchy rehearsal shows ten roots and one nested child @hierarchy-rehearsal', async ({ page }) => {
      65 |   await page.setViewportSize({ width: 1440, height: 900 })
    > 66 |   await page.goto(`/projects?id=${p10.id}&view=overview`)
         |              ^
      67 |   await expect(page.locator('[data-workspace="projects"]')).toBeVisible()
      68 |   await expect(page.locator('[data-project-hierarchy-depth="0"]')).toHaveCount(10)
      69 |   await expect(page.locator('[data-project-subproject="true"]')).toHaveCount(1)
        at /Users/haewonkim/.codex-fabric/worktrees/CF-636cebcd88631ae64e47fa3c/frontend/tests/projects-hierarchy.spec.ts:66:14

    attachment #1: screenshot (image/png) ──────────────────────────────────────────────────────────
    test-results/projects-hierarchy-P10-hie-c3528-d-child-hierarchy-rehearsal/test-failed-1.png
    ────────────────────────────────────────────────────────────────────────────────────────────────

    attachment #2: video (video/webm) ──────────────────────────────────────────────────────────────
    test-results/projects-hierarchy-P10-hie-c3528-d-child-hierarchy-rehearsal/video.webm
    ────────────────────────────────────────────────────────────────────────────────────────────────

    Error Context: test-results/projects-hierarchy-P10-hie-c3528-d-child-hierarchy-rehearsal/error-context.md

    attachment #4: trace (application/zip) ─────────────────────────────────────────────────────────
    test-results/projects-hierarchy-P10-hie-c3528-d-child-hierarchy-rehearsal/trace.zip
    Usage:

        npx playwright show-trace test-results/projects-hierarchy-P10-hie-c3528-d-child-hierarchy-rehearsal/trace.zip

    ────────────────────────────────────────────────────────────────────────────────────────────────

  54) tests/projects-hierarchy.spec.ts:74:1 › child deep link restores explicit parent context @hierarchy-acceptance 

    Error: page.goto: net::ERR_CONNECTION_REFUSED at http://127.0.0.1:5173/projects?id=81011&view=overview
    Call log:
      - navigating to "http://127.0.0.1:5173/projects?id=81011&view=overview", waiting until "load"


      74 | test('child deep link restores explicit parent context @hierarchy-acceptance', async ({ page }) => {
      75 |   await page.setViewportSize({ width: 1440, height: 900 })
    > 76 |   await page.goto(`/projects?id=${p10Child.id}&view=overview`)
         |              ^
      77 |   const context = page.locator('[data-project-parent-context="true"]')
      78 |   await expect(context).toBeVisible()
      79 |   await expect(context).toContainText(p10.name)
        at /Users/haewonkim/.codex-fabric/worktrees/CF-636cebcd88631ae64e47fa3c/frontend/tests/projects-hierarchy.spec.ts:76:14

    attachment #1: screenshot (image/png) ──────────────────────────────────────────────────────────
    test-results/projects-hierarchy-child-d-d283a-ontext-hierarchy-acceptance/test-failed-1.png
    ────────────────────────────────────────────────────────────────────────────────────────────────

    attachment #2: video (video/webm) ──────────────────────────────────────────────────────────────
    test-results/projects-hierarchy-child-d-d283a-ontext-hierarchy-acceptance/video.webm
    ────────────────────────────────────────────────────────────────────────────────────────────────

    Error Context: test-results/projects-hierarchy-child-d-d283a-ontext-hierarchy-acceptance/error-context.md

    attachment #4: trace (application/zip) ─────────────────────────────────────────────────────────
    test-results/projects-hierarchy-child-d-d283a-ontext-hierarchy-acceptance/trace.zip
    Usage:

        npx playwright show-trace test-results/projects-hierarchy-child-d-d283a-ontext-hierarchy-acceptance/trace.zip

    ────────────────────────────────────────────────────────────────────────────────────────────────

  55) tests/projects-hierarchy.spec.ts:84:1 › portfolio counts only top-level outcomes and excludes child card @hierarchy-acceptance 

    Error: page.goto: net::ERR_CONNECTION_REFUSED at http://127.0.0.1:5173/projects?view=portfolio&section=control
    Call log:
      - navigating to "http://127.0.0.1:5173/projects?view=portfolio&section=control", waiting until "load"


      84 | test('portfolio counts only top-level outcomes and excludes child card @hierarchy-acceptance', async ({ page }) => {
      85 |   await page.setViewportSize({ width: 1440, height: 900 })
    > 86 |   await page.goto('/projects?view=portfolio&section=control')
         |              ^
      87 |   await expect(page.locator('[data-project-control-tower="true"]')).toBeVisible()
      88 |   await expect(page.getByText('10 active', { exact: true })).toBeVisible()
      89 |   await expect(page.locator('[data-project-control-tower="true"]')).not.toContainText(p10Child.name)
        at /Users/haewonkim/.codex-fabric/worktrees/CF-636cebcd88631ae64e47fa3c/frontend/tests/projects-hierarchy.spec.ts:86:14

    attachment #1: screenshot (image/png) ──────────────────────────────────────────────────────────
    test-results/projects-hierarchy-portfol-38acc-d-card-hierarchy-acceptance/test-failed-1.png
    ────────────────────────────────────────────────────────────────────────────────────────────────

    attachment #2: video (video/webm) ──────────────────────────────────────────────────────────────
    test-results/projects-hierarchy-portfol-38acc-d-card-hierarchy-acceptance/video.webm
    ────────────────────────────────────────────────────────────────────────────────────────────────

    Error Context: test-results/projects-hierarchy-portfol-38acc-d-card-hierarchy-acceptance/error-context.md

    attachment #4: trace (application/zip) ─────────────────────────────────────────────────────────
    test-results/projects-hierarchy-portfol-38acc-d-card-hierarchy-acceptance/trace.zip
    Usage:

        npx playwright show-trace test-results/projects-hierarchy-portfol-38acc-d-card-hierarchy-acceptance/trace.zip

    ────────────────────────────────────────────────────────────────────────────────────────────────

  56) tests/projects-hierarchy.spec.ts:92:1 › create flow exposes top-level versus subproject semantics with required parent chooser @hierarchy-acceptance 

    Error: page.goto: net::ERR_CONNECTION_REFUSED at http://127.0.0.1:5173/projects?id=81010&view=overview
    Call log:
      - navigating to "http://127.0.0.1:5173/projects?id=81010&view=overview", waiting until "load"


      92 | test('create flow exposes top-level versus subproject semantics with required parent chooser @hierarchy-acceptance', async ({ page }) => {
      93 |   await page.setViewportSize({ width: 1440, height: 900 })
    > 94 |   await page.goto(`/projects?id=${p10.id}&view=overview`)
         |              ^
      95 |   await page.getByRole('button', { name: 'Project', exact: true }).click()
      96 |   const dialog = page.getByRole('dialog')
      97 |   await expect(dialog).toBeVisible()
        at /Users/haewonkim/.codex-fabric/worktrees/CF-636cebcd88631ae64e47fa3c/frontend/tests/projects-hierarchy.spec.ts:94:14

    attachment #1: screenshot (image/png) ──────────────────────────────────────────────────────────
    test-results/projects-hierarchy-create--c133f-hooser-hierarchy-acceptance/test-failed-1.png
    ────────────────────────────────────────────────────────────────────────────────────────────────

    attachment #2: video (video/webm) ──────────────────────────────────────────────────────────────
    test-results/projects-hierarchy-create--c133f-hooser-hierarchy-acceptance/video.webm
    ────────────────────────────────────────────────────────────────────────────────────────────────

    Error Context: test-results/projects-hierarchy-create--c133f-hooser-hierarchy-acceptance/error-context.md

    attachment #4: trace (application/zip) ─────────────────────────────────────────────────────────
    test-results/projects-hierarchy-create--c133f-hooser-hierarchy-acceptance/trace.zip
    Usage:

        npx playwright show-trace test-results/projects-hierarchy-create--c133f-hooser-hierarchy-acceptance/trace.zip

    ────────────────────────────────────────────────────────────────────────────────────────────────

  57) tests/projects-hierarchy.spec.ts:108:1 › edit child flow restores parent selection and can explicitly promote to top level @hierarchy-acceptance 

    Error: page.goto: net::ERR_CONNECTION_REFUSED at http://127.0.0.1:5173/projects?id=81011&view=overview
    Call log:
      - navigating to "http://127.0.0.1:5173/projects?id=81011&view=overview", waiting until "load"


      108 | test('edit child flow restores parent selection and can explicitly promote to top level @hierarchy-acceptance', async ({ page }) => {
      109 |   await page.setViewportSize({ width: 1440, height: 900 })
    > 110 |   await page.goto(`/projects?id=${p10Child.id}&view=overview`)
          |              ^
      111 |   await page.getByRole('button', { name: 'Edit outcome', exact: true }).click()
      112 |   const dialog = page.getByRole('dialog')
      113 |   await expect(dialog).toBeVisible()
        at /Users/haewonkim/.codex-fabric/worktrees/CF-636cebcd88631ae64e47fa3c/frontend/tests/projects-hierarchy.spec.ts:110:14

    attachment #1: screenshot (image/png) ──────────────────────────────────────────────────────────
    test-results/projects-hierarchy-edit-ch-59188--level-hierarchy-acceptance/test-failed-1.png
    ────────────────────────────────────────────────────────────────────────────────────────────────

    attachment #2: video (video/webm) ──────────────────────────────────────────────────────────────
    test-results/projects-hierarchy-edit-ch-59188--level-hierarchy-acceptance/video.webm
    ────────────────────────────────────────────────────────────────────────────────────────────────

    Error Context: test-results/projects-hierarchy-edit-ch-59188--level-hierarchy-acceptance/error-context.md

    attachment #4: trace (application/zip) ─────────────────────────────────────────────────────────
    test-results/projects-hierarchy-edit-ch-59188--level-hierarchy-acceptance/trace.zip
    Usage:

        npx playwright show-trace test-results/projects-hierarchy-edit-ch-59188--level-hierarchy-acceptance/trace.zip

    ────────────────────────────────────────────────────────────────────────────────────────────────

  58) tests/projects-navigation.spec.ts:85:1 › P01 central-navigation rehearsal exposes six intents and persistent context @navigation-rehearsal 

    Error: page.goto: net::ERR_CONNECTION_REFUSED at http://127.0.0.1:5173/projects?id=901&view=overview
    Call log:
      - navigating to "http://127.0.0.1:5173/projects?id=901&view=overview", waiting until "load"


      85 | test('P01 central-navigation rehearsal exposes six intents and persistent context @navigation-rehearsal', async ({ page }) => {
      86 |   await page.setViewportSize({ width: 1440, height: 900 })
    > 87 |   await page.goto('/projects?id=901&view=overview')
         |              ^
      88 |   await expect(page).toHaveURL('/projects/901/home')
      89 |   await expect(page.locator('[data-p04-project-home="true"]')).toContainText('P01 — Yield Guardian')
      90 |   await expect(page.locator('[data-p04-project-home="true"]')).toContainText('independently valuable outcome')
        at /Users/haewonkim/.codex-fabric/worktrees/CF-636cebcd88631ae64e47fa3c/frontend/tests/projects-navigation.spec.ts:87:14

    attachment #1: screenshot (image/png) ──────────────────────────────────────────────────────────
    test-results/projects-navigation-P01-ce-092bb-ontext-navigation-rehearsal/test-failed-1.png
    ────────────────────────────────────────────────────────────────────────────────────────────────

    attachment #2: video (video/webm) ──────────────────────────────────────────────────────────────
    test-results/projects-navigation-P01-ce-092bb-ontext-navigation-rehearsal/video.webm
    ────────────────────────────────────────────────────────────────────────────────────────────────

    Error Context: test-results/projects-navigation-P01-ce-092bb-ontext-navigation-rehearsal/error-context.md

    attachment #4: trace (application/zip) ─────────────────────────────────────────────────────────
    test-results/projects-navigation-P01-ce-092bb-ontext-navigation-rehearsal/trace.zip
    Usage:

        npx playwright show-trace test-results/projects-navigation-P01-ce-092bb-ontext-navigation-rehearsal/trace.zip

    ────────────────────────────────────────────────────────────────────────────────────────────────

  59) tests/projects-navigation.spec.ts:95:1 › P01 Work deep link opens the canonical task graph and Board projection @navigation-acceptance 

    Error: page.goto: net::ERR_CONNECTION_REFUSED at http://127.0.0.1:5173/projects?id=901&view=overview
    Call log:
      - navigating to "http://127.0.0.1:5173/projects?id=901&view=overview", waiting until "load"


      94 |
      95 | test('P01 Work deep link opens the canonical task graph and Board projection @navigation-acceptance', async ({ page }) => {
    > 96 |   await page.goto('/projects?id=901&view=overview')
         |              ^
      97 |   const primary = page.getByRole('navigation', { name: 'Project primary navigation' })
      98 |   await primary.getByRole('link', { name: 'Work', exact: true }).click()
      99 |   await expect(page).toHaveURL(/\/projects\/901\/work\?layout=list$/)
        at /Users/haewonkim/.codex-fabric/worktrees/CF-636cebcd88631ae64e47fa3c/frontend/tests/projects-navigation.spec.ts:96:14

    attachment #1: screenshot (image/png) ──────────────────────────────────────────────────────────
    test-results/projects-navigation-P01-Wo-4363d-ction-navigation-acceptance/test-failed-1.png
    ────────────────────────────────────────────────────────────────────────────────────────────────

    attachment #2: video (video/webm) ──────────────────────────────────────────────────────────────
    test-results/projects-navigation-P01-Wo-4363d-ction-navigation-acceptance/video.webm
    ────────────────────────────────────────────────────────────────────────────────────────────────

    Error Context: test-results/projects-navigation-P01-Wo-4363d-ction-navigation-acceptance/error-context.md

    attachment #4: trace (application/zip) ─────────────────────────────────────────────────────────
    test-results/projects-navigation-P01-Wo-4363d-ction-navigation-acceptance/trace.zip
    Usage:

        npx playwright show-trace test-results/projects-navigation-P01-Wo-4363d-ction-navigation-acceptance/trace.zip

    ────────────────────────────────────────────────────────────────────────────────────────────────

  60) tests/projects-navigation.spec.ts:106:1 › P02 fixed project navigation exposes canonical Plan, Timeline, Updates and Outcomes deep links @navigation-acceptance 

    Error: page.goto: net::ERR_CONNECTION_REFUSED at http://127.0.0.1:5173/projects?id=902&view=overview
    Call log:
      - navigating to "http://127.0.0.1:5173/projects?id=902&view=overview", waiting until "load"


      105 |
      106 | test('P02 fixed project navigation exposes canonical Plan, Timeline, Updates and Outcomes deep links @navigation-acceptance', async ({ page }) => {
    > 107 |   await page.goto('/projects?id=902&view=overview')
          |              ^
      108 |   const primary = page.getByRole('navigation', { name: 'Project primary navigation' })
      109 |   await expect(primary.getByRole('link', { name: 'Plan', exact: true })).toHaveAttribute('href', '/projects/902/plan?section=brief')
      110 |   await expect(primary.getByRole('link', { name: 'Timeline', exact: true })).toHaveAttribute('href', '/projects/902/timeline')
        at /Users/haewonkim/.codex-fabric/worktrees/CF-636cebcd88631ae64e47fa3c/frontend/tests/projects-navigation.spec.ts:107:14

    attachment #1: screenshot (image/png) ──────────────────────────────────────────────────────────
    test-results/projects-navigation-P02-fi-270e7-links-navigation-acceptance/test-failed-1.png
    ────────────────────────────────────────────────────────────────────────────────────────────────

    attachment #2: video (video/webm) ──────────────────────────────────────────────────────────────
    test-results/projects-navigation-P02-fi-270e7-links-navigation-acceptance/video.webm
    ────────────────────────────────────────────────────────────────────────────────────────────────

    Error Context: test-results/projects-navigation-P02-fi-270e7-links-navigation-acceptance/error-context.md

    attachment #4: trace (application/zip) ─────────────────────────────────────────────────────────
    test-results/projects-navigation-P02-fi-270e7-links-navigation-acceptance/trace.zip
    Usage:

        npx playwright show-trace test-results/projects-navigation-P02-fi-270e7-links-navigation-acceptance/trace.zip

    ────────────────────────────────────────────────────────────────────────────────────────────────

  61) tests/projects-navigation.spec.ts:117:1 › P09 Outcomes reveals Reports and Insights and legacy governance link canonicalizes @navigation-acceptance 

    Error: page.goto: net::ERR_CONNECTION_REFUSED at http://127.0.0.1:5173/projects?id=909&view=overview
    Call log:
      - navigating to "http://127.0.0.1:5173/projects?id=909&view=overview", waiting until "load"


      116 |
      117 | test('P09 Outcomes reveals Reports and Insights and legacy governance link canonicalizes @navigation-acceptance', async ({ page }) => {
    > 118 |   await page.goto('/projects?id=909&view=overview')
          |              ^
      119 |   const primary = page.getByRole('navigation', { name: 'Project primary navigation' })
      120 |   await expect(primary.getByRole('link', { name: 'Outcomes', exact: true })).toHaveAttribute('href', '/projects/909/outcomes?section=summary')
      121 |   await page.goto('/projects?id=909&view=governance')
        at /Users/haewonkim/.codex-fabric/worktrees/CF-636cebcd88631ae64e47fa3c/frontend/tests/projects-navigation.spec.ts:118:14

    attachment #1: screenshot (image/png) ──────────────────────────────────────────────────────────
    test-results/projects-navigation-P09-Ou-4c407-lizes-navigation-acceptance/test-failed-1.png
    ────────────────────────────────────────────────────────────────────────────────────────────────

    attachment #2: video (video/webm) ──────────────────────────────────────────────────────────────
    test-results/projects-navigation-P09-Ou-4c407-lizes-navigation-acceptance/video.webm
    ────────────────────────────────────────────────────────────────────────────────────────────────

    Error Context: test-results/projects-navigation-P09-Ou-4c407-lizes-navigation-acceptance/error-context.md

    attachment #4: trace (application/zip) ─────────────────────────────────────────────────────────
    test-results/projects-navigation-P09-Ou-4c407-lizes-navigation-acceptance/trace.zip
    Usage:

        npx playwright show-trace test-results/projects-navigation-P09-Ou-4c407-lizes-navigation-acceptance/trace.zip

    ────────────────────────────────────────────────────────────────────────────────────────────────

  62) tests/projects-navigation.spec.ts:126:1 › all retained project view aliases history-replace to canonical destinations @navigation-acceptance 

    Error: page.goto: net::ERR_CONNECTION_REFUSED at http://127.0.0.1:5173/projects?id=901&view=tasks
    Call log:
      - navigating to "http://127.0.0.1:5173/projects?id=901&view=tasks", waiting until "load"


      135 |   ] as const
      136 |   for (const [legacyQuery, canonicalPath] of aliases) {
    > 137 |     await page.goto(`/projects?id=901&view=${legacyQuery}`)
          |                ^
      138 |     await expect(page).toHaveURL(canonicalPath)
      139 |   }
      140 | })
        at /Users/haewonkim/.codex-fabric/worktrees/CF-636cebcd88631ae64e47fa3c/frontend/tests/projects-navigation.spec.ts:137:16

    attachment #1: screenshot (image/png) ──────────────────────────────────────────────────────────
    test-results/projects-navigation-all-re-b397f-tions-navigation-acceptance/test-failed-1.png
    ────────────────────────────────────────────────────────────────────────────────────────────────

    attachment #2: video (video/webm) ──────────────────────────────────────────────────────────────
    test-results/projects-navigation-all-re-b397f-tions-navigation-acceptance/video.webm
    ────────────────────────────────────────────────────────────────────────────────────────────────

    Error Context: test-results/projects-navigation-all-re-b397f-tions-navigation-acceptance/error-context.md

    attachment #4: trace (application/zip) ─────────────────────────────────────────────────────────
    test-results/projects-navigation-all-re-b397f-tions-navigation-acceptance/trace.zip
    Usage:

        npx playwright show-trace test-results/projects-navigation-all-re-b397f-tions-navigation-acceptance/trace.zip

    ────────────────────────────────────────────────────────────────────────────────────────────────

  63) tests/projects-navigation.spec.ts:142:1 › central Add/edit and intent navigation reuse existing project flows @navigation-acceptance 

    Error: page.goto: net::ERR_CONNECTION_REFUSED at http://127.0.0.1:5173/projects?id=901&view=overview
    Call log:
      - navigating to "http://127.0.0.1:5173/projects?id=901&view=overview", waiting until "load"


      141 |
      142 | test('central Add/edit and intent navigation reuse existing project flows @navigation-acceptance', async ({ page }) => {
    > 143 |   await page.goto('/projects?id=901&view=overview')
          |              ^
      144 |   const primary = page.getByRole('navigation', { name: 'Project primary navigation' })
      145 |   await primary.getByRole('link', { name: 'Updates', exact: true }).click(); await expect(page).toHaveURL(/\/projects\/901\/updates\?section=updates$/)
      146 |   await page.goto('/projects?id=901&view=overview')
        at /Users/haewonkim/.codex-fabric/worktrees/CF-636cebcd88631ae64e47fa3c/frontend/tests/projects-navigation.spec.ts:143:14

    attachment #1: screenshot (image/png) ──────────────────────────────────────────────────────────
    test-results/projects-navigation-centra-1c966-flows-navigation-acceptance/test-failed-1.png
    ────────────────────────────────────────────────────────────────────────────────────────────────

    attachment #2: video (video/webm) ──────────────────────────────────────────────────────────────
    test-results/projects-navigation-centra-1c966-flows-navigation-acceptance/video.webm
    ────────────────────────────────────────────────────────────────────────────────────────────────

    Error Context: test-results/projects-navigation-centra-1c966-flows-navigation-acceptance/error-context.md

    attachment #4: trace (application/zip) ─────────────────────────────────────────────────────────
    test-results/projects-navigation-centra-1c966-flows-navigation-acceptance/trace.zip
    Usage:

        npx playwright show-trace test-results/projects-navigation-centra-1c966-flows-navigation-acceptance/trace.zip

    ────────────────────────────────────────────────────────────────────────────────────────────────

  64) tests/projects-navigation.spec.ts:152:1 › Portfolio remains a separate cross-project utility @navigation-acceptance 

    Error: page.goto: net::ERR_CONNECTION_REFUSED at http://127.0.0.1:5173/projects?view=portfolio&section=control
    Call log:
      - navigating to "http://127.0.0.1:5173/projects?view=portfolio&section=control", waiting until "load"


      151 |
      152 | test('Portfolio remains a separate cross-project utility @navigation-acceptance', async ({ page }) => {
    > 153 |   await page.goto('/projects?view=portfolio&section=control')
          |              ^
      154 |   await expect(page.locator('[data-p04-portfolio="true"]')).toBeVisible()
      155 |   await expect(page.locator('[data-project-workbench-header="true"]')).toHaveCount(0)
      156 |   await expect(page.locator('[data-project-primary-nav="true"]')).toHaveCount(0)
        at /Users/haewonkim/.codex-fabric/worktrees/CF-636cebcd88631ae64e47fa3c/frontend/tests/projects-navigation.spec.ts:153:14

    attachment #1: screenshot (image/png) ──────────────────────────────────────────────────────────
    test-results/projects-navigation-Portfo-7ae8d-ility-navigation-acceptance/test-failed-1.png
    ────────────────────────────────────────────────────────────────────────────────────────────────

    attachment #2: video (video/webm) ──────────────────────────────────────────────────────────────
    test-results/projects-navigation-Portfo-7ae8d-ility-navigation-acceptance/video.webm
    ────────────────────────────────────────────────────────────────────────────────────────────────

    Error Context: test-results/projects-navigation-Portfo-7ae8d-ility-navigation-acceptance/error-context.md

    attachment #4: trace (application/zip) ─────────────────────────────────────────────────────────
    test-results/projects-navigation-Portfo-7ae8d-ility-navigation-acceptance/trace.zip
    Usage:

        npx playwright show-trace test-results/projects-navigation-Portfo-7ae8d-ility-navigation-acceptance/trace.zip

    ────────────────────────────────────────────────────────────────────────────────────────────────

  65) tests/projects-out40-slice-c-board-a11y.spec.ts:77:1 › OUT-40 Slice C Board move alternatives expose exact names and minimum targets @out40-slice-c-rehearsal 

    Error: page.goto: net::ERR_CONNECTION_REFUSED at http://127.0.0.1:5173/projects?id=901&view=board
    Call log:
      - navigating to "http://127.0.0.1:5173/projects?id=901&view=board", waiting until "load"


      79 |   await installIdentity(page)
      80 |   await installRoutes(page)
    > 81 |   await page.goto('/projects?id=901&view=board')
         |              ^
      82 |
      83 |   const card = page.locator('[data-project-board-card="true"][data-task-id="9012"]')
      84 |   await expect(card).toBeVisible()
        at /Users/haewonkim/.codex-fabric/worktrees/CF-636cebcd88631ae64e47fa3c/frontend/tests/projects-out40-slice-c-board-a11y.spec.ts:81:14

    attachment #1: screenshot (image/png) ──────────────────────────────────────────────────────────
    test-results/projects-out40-slice-c-boa-33ffd-ets-out40-slice-c-rehearsal/test-failed-1.png
    ────────────────────────────────────────────────────────────────────────────────────────────────

    attachment #2: video (video/webm) ──────────────────────────────────────────────────────────────
    test-results/projects-out40-slice-c-boa-33ffd-ets-out40-slice-c-rehearsal/video.webm
    ────────────────────────────────────────────────────────────────────────────────────────────────

    Error Context: test-results/projects-out40-slice-c-boa-33ffd-ets-out40-slice-c-rehearsal/error-context.md

    attachment #4: trace (application/zip) ─────────────────────────────────────────────────────────
    test-results/projects-out40-slice-c-boa-33ffd-ets-out40-slice-c-rehearsal/trace.zip
    Usage:

        npx playwright show-trace test-results/projects-out40-slice-c-boa-33ffd-ets-out40-slice-c-rehearsal/trace.zip

    ────────────────────────────────────────────────────────────────────────────────────────────────

  66) tests/projects-out40-slice-c-board-a11y.spec.ts:94:1 › OUT-40 Slice C keyboard status move persists canonical PUT, announces success, and restores focus @out40-slice-c-acceptance 

    Error: page.goto: net::ERR_CONNECTION_REFUSED at http://127.0.0.1:5173/projects/901/work?layout=board
    Call log:
      - navigating to "http://127.0.0.1:5173/projects/901/work?layout=board", waiting until "load"


       97 |   await installIdentity(page)
       98 |   const state = await installRoutes(page)
    >  99 |   await page.goto('/projects/901/work?layout=board')
          |              ^
      100 |
      101 |   const sourceCard = page.locator('.p05-card').filter({ hasText: 'Yield Guardian task B' }).first()
      102 |   const move = sourceCard.getByRole('combobox', { name: 'Move Yield Guardian task B to', exact: true })
        at /Users/haewonkim/.codex-fabric/worktrees/CF-636cebcd88631ae64e47fa3c/frontend/tests/projects-out40-slice-c-board-a11y.spec.ts:99:14

    attachment #1: screenshot (image/png) ──────────────────────────────────────────────────────────
    test-results/projects-out40-slice-c-boa-b465b-us-out40-slice-c-acceptance/test-failed-1.png
    ────────────────────────────────────────────────────────────────────────────────────────────────

    attachment #2: video (video/webm) ──────────────────────────────────────────────────────────────
    test-results/projects-out40-slice-c-boa-b465b-us-out40-slice-c-acceptance/video.webm
    ────────────────────────────────────────────────────────────────────────────────────────────────

    Error Context: test-results/projects-out40-slice-c-boa-b465b-us-out40-slice-c-acceptance/error-context.md

    attachment #4: trace (application/zip) ─────────────────────────────────────────────────────────
    test-results/projects-out40-slice-c-boa-b465b-us-out40-slice-c-acceptance/trace.zip
    Usage:

        npx playwright show-trace test-results/projects-out40-slice-c-boa-b465b-us-out40-slice-c-acceptance/trace.zip

    ────────────────────────────────────────────────────────────────────────────────────────────────

  67) tests/projects-out40-slice-d-wbs-keyboard.spec.ts:85:1 › OUT-40 Slice D WBS keyboard reorder exposes exact native controls and minimum targets @out40-slice-d-rehearsal 

    Error: page.goto: net::ERR_CONNECTION_REFUSED at http://127.0.0.1:5173/projects?id=901&view=tasks
    Call log:
      - navigating to "http://127.0.0.1:5173/projects?id=901&view=tasks", waiting until "load"


      87 |   await installIdentity(page)
      88 |   await installRoutes(page)
    > 89 |   await page.goto('/projects?id=901&view=tasks')
         |              ^
      90 |
      91 |   const workbench = page.locator('[data-project-task-workbench="true"]')
      92 |   await expect(workbench).toBeVisible()
        at /Users/haewonkim/.codex-fabric/worktrees/CF-636cebcd88631ae64e47fa3c/frontend/tests/projects-out40-slice-d-wbs-keyboard.spec.ts:89:14

    attachment #1: screenshot (image/png) ──────────────────────────────────────────────────────────
    test-results/projects-out40-slice-d-wbs-e2bfe-ets-out40-slice-d-rehearsal/test-failed-1.png
    ────────────────────────────────────────────────────────────────────────────────────────────────

    attachment #2: video (video/webm) ──────────────────────────────────────────────────────────────
    test-results/projects-out40-slice-d-wbs-e2bfe-ets-out40-slice-d-rehearsal/video.webm
    ────────────────────────────────────────────────────────────────────────────────────────────────

    Error Context: test-results/projects-out40-slice-d-wbs-e2bfe-ets-out40-slice-d-rehearsal/error-context.md

    attachment #4: trace (application/zip) ─────────────────────────────────────────────────────────
    test-results/projects-out40-slice-d-wbs-e2bfe-ets-out40-slice-d-rehearsal/trace.zip
    Usage:

        npx playwright show-trace test-results/projects-out40-slice-d-wbs-e2bfe-ets-out40-slice-d-rehearsal/trace.zip

    ────────────────────────────────────────────────────────────────────────────────────────────────

  68) tests/projects-out40-slice-d-wbs-keyboard.spec.ts:108:1 › OUT-40 Slice D Enter reorder persists canonical PUT, preserves subtree, announces, and restores row focus @out40-slice-d-acceptance 

    Error: page.goto: net::ERR_CONNECTION_REFUSED at http://127.0.0.1:5173/projects/901/work
    Call log:
      - navigating to "http://127.0.0.1:5173/projects/901/work", waiting until "load"


      111 |   await installIdentity(page)
      112 |   const state = await installRoutes(page)
    > 113 |   await page.goto('/projects/901/work')
          |              ^
      114 |
      115 |   const rowB = page.getByRole('row').filter({ hasText: 'Yield Guardian task B' }).first()
      116 |   const expand = rowB.getByRole('button', { name: 'Expand Yield Guardian task B', exact: true })
        at /Users/haewonkim/.codex-fabric/worktrees/CF-636cebcd88631ae64e47fa3c/frontend/tests/projects-out40-slice-d-wbs-keyboard.spec.ts:113:14

    attachment #1: screenshot (image/png) ──────────────────────────────────────────────────────────
    test-results/projects-out40-slice-d-wbs-59ef9-us-out40-slice-d-acceptance/test-failed-1.png
    ────────────────────────────────────────────────────────────────────────────────────────────────

    attachment #2: video (video/webm) ──────────────────────────────────────────────────────────────
    test-results/projects-out40-slice-d-wbs-59ef9-us-out40-slice-d-acceptance/video.webm
    ────────────────────────────────────────────────────────────────────────────────────────────────

    Error Context: test-results/projects-out40-slice-d-wbs-59ef9-us-out40-slice-d-acceptance/error-context.md

    attachment #4: trace (application/zip) ─────────────────────────────────────────────────────────
    test-results/projects-out40-slice-d-wbs-59ef9-us-out40-slice-d-acceptance/trace.zip
    Usage:

        npx playwright show-trace test-results/projects-out40-slice-d-wbs-59ef9-us-out40-slice-d-acceptance/trace.zip

    ────────────────────────────────────────────────────────────────────────────────────────────────

  69) tests/projects-out40-slice-e-timeline-dependency-a11y.spec.ts:106:1 › OUT-40 Slice E Timeline controls expose keyboard dependency and named Gantt interactions @out40-slice-e-rehearsal 

    Error: page.goto: net::ERR_CONNECTION_REFUSED at http://127.0.0.1:5173/projects?id=901&view=timeline
    Call log:
      - navigating to "http://127.0.0.1:5173/projects?id=901&view=timeline", waiting until "load"


      108 |   await installIdentity(page)
      109 |   await installRoutes(page)
    > 110 |   await page.goto('/projects?id=901&view=timeline')
          |              ^
      111 |
      112 |   const gantt = page.locator('[data-project-flagship-gantt="true"]')
      113 |   await expect(gantt).toBeVisible()
        at /Users/haewonkim/.codex-fabric/worktrees/CF-636cebcd88631ae64e47fa3c/frontend/tests/projects-out40-slice-e-timeline-dependency-a11y.spec.ts:110:14

    attachment #1: screenshot (image/png) ──────────────────────────────────────────────────────────
    test-results/projects-out40-slice-e-tim-81a35-ons-out40-slice-e-rehearsal/test-failed-1.png
    ────────────────────────────────────────────────────────────────────────────────────────────────

    attachment #2: video (video/webm) ──────────────────────────────────────────────────────────────
    test-results/projects-out40-slice-e-tim-81a35-ons-out40-slice-e-rehearsal/video.webm
    ────────────────────────────────────────────────────────────────────────────────────────────────

    Error Context: test-results/projects-out40-slice-e-tim-81a35-ons-out40-slice-e-rehearsal/error-context.md

    attachment #4: trace (application/zip) ─────────────────────────────────────────────────────────
    test-results/projects-out40-slice-e-tim-81a35-ons-out40-slice-e-rehearsal/trace.zip
    Usage:

        npx playwright show-trace test-results/projects-out40-slice-e-tim-81a35-ons-out40-slice-e-rehearsal/trace.zip

    ────────────────────────────────────────────────────────────────────────────────────────────────

  70) tests/projects-out40-slice-e-timeline-dependency-a11y.spec.ts:134:1 › OUT-40 Slice E Enter add/remove uses canonical PUT, announces, and restores target focus @out40-slice-e-acceptance 

    Error: page.goto: net::ERR_CONNECTION_REFUSED at http://127.0.0.1:5173/projects?id=901&view=timeline
    Call log:
      - navigating to "http://127.0.0.1:5173/projects?id=901&view=timeline", waiting until "load"


      137 |   await installIdentity(page)
      138 |   const state = await installRoutes(page)
    > 139 |   await page.goto('/projects?id=901&view=timeline')
          |              ^
      140 |
      141 |   const source = page.getByRole('button', { name: 'Start dependency from Timeline task A', exact: true })
      142 |   await source.focus()
        at /Users/haewonkim/.codex-fabric/worktrees/CF-636cebcd88631ae64e47fa3c/frontend/tests/projects-out40-slice-e-timeline-dependency-a11y.spec.ts:139:14

    attachment #1: screenshot (image/png) ──────────────────────────────────────────────────────────
    test-results/projects-out40-slice-e-tim-4396c-us-out40-slice-e-acceptance/test-failed-1.png
    ────────────────────────────────────────────────────────────────────────────────────────────────

    attachment #2: video (video/webm) ──────────────────────────────────────────────────────────────
    test-results/projects-out40-slice-e-tim-4396c-us-out40-slice-e-acceptance/video.webm
    ────────────────────────────────────────────────────────────────────────────────────────────────

    Error Context: test-results/projects-out40-slice-e-tim-4396c-us-out40-slice-e-acceptance/error-context.md

    attachment #4: trace (application/zip) ─────────────────────────────────────────────────────────
    test-results/projects-out40-slice-e-tim-4396c-us-out40-slice-e-acceptance/trace.zip
    Usage:

        npx playwright show-trace test-results/projects-out40-slice-e-tim-4396c-us-out40-slice-e-acceptance/trace.zip

    ────────────────────────────────────────────────────────────────────────────────────────────────

  71) tests/projects-out40-slice-f-task-drawer-a11y.spec.ts:95:1 › OUT-40 Slice F Task Drawer required controls are explicitly named and icon targets are >=40px @out40-slice-f-rehearsal 

    Error: page.goto: net::ERR_CONNECTION_REFUSED at http://127.0.0.1:5173/projects/901/work
    Call log:
      - navigating to "http://127.0.0.1:5173/projects/901/work", waiting until "load"


       97 |   await installIdentity(page)
       98 |   await installRoutes(page)
    >  99 |   await page.goto('/projects/901/work')
          |              ^
      100 |
      101 |   await page.getByRole('button', { name: 'Yield Guardian task B', exact: true }).click()
      102 |   const drawer = page.locator('.p05-task-panel')
        at /Users/haewonkim/.codex-fabric/worktrees/CF-636cebcd88631ae64e47fa3c/frontend/tests/projects-out40-slice-f-task-drawer-a11y.spec.ts:99:14

    attachment #1: screenshot (image/png) ──────────────────────────────────────────────────────────
    test-results/projects-out40-slice-f-tas-0252a-0px-out40-slice-f-rehearsal/test-failed-1.png
    ────────────────────────────────────────────────────────────────────────────────────────────────

    attachment #2: video (video/webm) ──────────────────────────────────────────────────────────────
    test-results/projects-out40-slice-f-tas-0252a-0px-out40-slice-f-rehearsal/video.webm
    ────────────────────────────────────────────────────────────────────────────────────────────────

    Error Context: test-results/projects-out40-slice-f-tas-0252a-0px-out40-slice-f-rehearsal/error-context.md

    attachment #4: trace (application/zip) ─────────────────────────────────────────────────────────
    test-results/projects-out40-slice-f-tas-0252a-0px-out40-slice-f-rehearsal/trace.zip
    Usage:

        npx playwright show-trace test-results/projects-out40-slice-f-tas-0252a-0px-out40-slice-f-rehearsal/trace.zip

    ────────────────────────────────────────────────────────────────────────────────────────────────

  72) tests/projects-out40-slice-f-task-drawer-a11y.spec.ts:113:1 › OUT-40 Slice F named dependency removal keeps native Enter activation and canonical Project PUT @out40-slice-f-acceptance 

    Error: page.goto: net::ERR_CONNECTION_REFUSED at http://127.0.0.1:5173/projects/901/work
    Call log:
      - navigating to "http://127.0.0.1:5173/projects/901/work", waiting until "load"


      116 |   await installIdentity(page)
      117 |   const state = await installRoutes(page)
    > 118 |   await page.goto('/projects/901/work')
          |              ^
      119 |
      120 |   await page.getByRole('button', { name: 'Yield Guardian task B', exact: true }).click()
      121 |   const drawer = page.locator('.p05-task-panel')
        at /Users/haewonkim/.codex-fabric/worktrees/CF-636cebcd88631ae64e47fa3c/frontend/tests/projects-out40-slice-f-task-drawer-a11y.spec.ts:118:14

    attachment #1: screenshot (image/png) ──────────────────────────────────────────────────────────
    test-results/projects-out40-slice-f-tas-3942c-UT-out40-slice-f-acceptance/test-failed-1.png
    ────────────────────────────────────────────────────────────────────────────────────────────────

    attachment #2: video (video/webm) ──────────────────────────────────────────────────────────────
    test-results/projects-out40-slice-f-tas-3942c-UT-out40-slice-f-acceptance/video.webm
    ────────────────────────────────────────────────────────────────────────────────────────────────

    Error Context: test-results/projects-out40-slice-f-tas-3942c-UT-out40-slice-f-acceptance/error-context.md

    attachment #4: trace (application/zip) ─────────────────────────────────────────────────────────
    test-results/projects-out40-slice-f-tas-3942c-UT-out40-slice-f-acceptance/trace.zip
    Usage:

        npx playwright show-trace test-results/projects-out40-slice-f-tas-3942c-UT-out40-slice-f-acceptance/trace.zip

    ────────────────────────────────────────────────────────────────────────────────────────────────

  73) tests/projects-out40-slice-g-accessible-name-audit.spec.ts:123:1 › OUT-40 Slice G persistent Projects surfaces have no unnamed required controls @out40-slice-g-rehearsal 

    Error: page.goto: net::ERR_CONNECTION_REFUSED at http://127.0.0.1:5173/projects?view=portfolio&section=control
    Call log:
      - navigating to "http://127.0.0.1:5173/projects?view=portfolio&section=control", waiting until "load"


      110 |
      111 | const openProjects = async (page: Page, path: string) => {
    > 112 |   await page.goto(path)
          |              ^
      113 |   const workspace = page.locator('[data-workspace="projects"]')
      114 |   await expect(workspace).toBeVisible()
      115 |   return workspace
        at openProjects (/Users/haewonkim/.codex-fabric/worktrees/CF-636cebcd88631ae64e47fa3c/frontend/tests/projects-out40-slice-g-accessible-name-audit.spec.ts:112:14)
        at auditStaticRoute (/Users/haewonkim/.codex-fabric/worktrees/CF-636cebcd88631ae64e47fa3c/frontend/tests/projects-out40-slice-g-accessible-name-audit.spec.ts:119:27)
        at /Users/haewonkim/.codex-fabric/worktrees/CF-636cebcd88631ae64e47fa3c/frontend/tests/projects-out40-slice-g-accessible-name-audit.spec.ts:141:45

    attachment #1: screenshot (image/png) ──────────────────────────────────────────────────────────
    test-results/projects-out40-slice-g-acc-cb495-ols-out40-slice-g-rehearsal/test-failed-1.png
    ────────────────────────────────────────────────────────────────────────────────────────────────

    attachment #2: video (video/webm) ──────────────────────────────────────────────────────────────
    test-results/projects-out40-slice-g-acc-cb495-ols-out40-slice-g-rehearsal/video.webm
    ────────────────────────────────────────────────────────────────────────────────────────────────

    Error Context: test-results/projects-out40-slice-g-acc-cb495-ols-out40-slice-g-rehearsal/error-context.md

    attachment #4: trace (application/zip) ─────────────────────────────────────────────────────────
    test-results/projects-out40-slice-g-acc-cb495-ols-out40-slice-g-rehearsal/trace.zip
    Usage:

        npx playwright show-trace test-results/projects-out40-slice-g-acc-cb495-ols-out40-slice-g-rehearsal/trace.zip

    ────────────────────────────────────────────────────────────────────────────────────────────────

  74) tests/projects-out40-slice-g-accessible-name-audit.spec.ts:144:1 › OUT-40 Slice G transient Projects surfaces have no unnamed required controls @out40-slice-g-acceptance 

    Error: page.goto: net::ERR_CONNECTION_REFUSED at http://127.0.0.1:5173/projects/901/work
    Call log:
      - navigating to "http://127.0.0.1:5173/projects/901/work", waiting until "load"


      110 |
      111 | const openProjects = async (page: Page, path: string) => {
    > 112 |   await page.goto(path)
          |              ^
      113 |   const workspace = page.locator('[data-workspace="projects"]')
      114 |   await expect(workspace).toBeVisible()
      115 |   return workspace
        at openProjects (/Users/haewonkim/.codex-fabric/worktrees/CF-636cebcd88631ae64e47fa3c/frontend/tests/projects-out40-slice-g-accessible-name-audit.spec.ts:112:14)
        at /Users/haewonkim/.codex-fabric/worktrees/CF-636cebcd88631ae64e47fa3c/frontend/tests/projects-out40-slice-g-accessible-name-audit.spec.ts:150:9

    attachment #1: screenshot (image/png) ──────────────────────────────────────────────────────────
    test-results/projects-out40-slice-g-acc-7cdf1-ls-out40-slice-g-acceptance/test-failed-1.png
    ────────────────────────────────────────────────────────────────────────────────────────────────

    attachment #2: video (video/webm) ──────────────────────────────────────────────────────────────
    test-results/projects-out40-slice-g-acc-7cdf1-ls-out40-slice-g-acceptance/video.webm
    ────────────────────────────────────────────────────────────────────────────────────────────────

    Error Context: test-results/projects-out40-slice-g-acc-7cdf1-ls-out40-slice-g-acceptance/error-context.md

    attachment #4: trace (application/zip) ─────────────────────────────────────────────────────────
    test-results/projects-out40-slice-g-acc-7cdf1-ls-out40-slice-g-acceptance/trace.zip
    Usage:

        npx playwright show-trace test-results/projects-out40-slice-g-acc-7cdf1-ls-out40-slice-g-acceptance/trace.zip

    ────────────────────────────────────────────────────────────────────────────────────────────────

  75) tests/projects-out40-slice-h-gantt-modernization.spec.ts:127:1 › OUT-40 Slice H P10 Gantt is bounded, aligned and connector-anchored @out40-slice-h-rehearsal 

    Error: page.goto: net::ERR_CONNECTION_REFUSED at http://127.0.0.1:5173/projects?id=901&view=timeline
    Call log:
      - navigating to "http://127.0.0.1:5173/projects?id=901&view=timeline", waiting until "load"


      118 |
      119 | const openTimeline = async (page: Page) => {
    > 120 |   await page.goto('/projects?id=901&view=timeline')
          |              ^
      121 |   const gantt = page.locator('[data-project-modern-gantt="true"]')
      122 |   await expect(gantt).toBeVisible()
      123 |   await expect(gantt).toHaveCount(1)
        at openTimeline (/Users/haewonkim/.codex-fabric/worktrees/CF-636cebcd88631ae64e47fa3c/frontend/tests/projects-out40-slice-h-gantt-modernization.spec.ts:120:14)
        at /Users/haewonkim/.codex-fabric/worktrees/CF-636cebcd88631ae64e47fa3c/frontend/tests/projects-out40-slice-h-gantt-modernization.spec.ts:129:119

    attachment #1: screenshot (image/png) ──────────────────────────────────────────────────────────
    test-results/projects-out40-slice-h-gan-b5d37-red-out40-slice-h-rehearsal/test-failed-1.png
    ────────────────────────────────────────────────────────────────────────────────────────────────

    attachment #2: video (video/webm) ──────────────────────────────────────────────────────────────
    test-results/projects-out40-slice-h-gan-b5d37-red-out40-slice-h-rehearsal/video.webm
    ────────────────────────────────────────────────────────────────────────────────────────────────

    Error Context: test-results/projects-out40-slice-h-gan-b5d37-red-out40-slice-h-rehearsal/error-context.md

    attachment #4: trace (application/zip) ─────────────────────────────────────────────────────────
    test-results/projects-out40-slice-h-gan-b5d37-red-out40-slice-h-rehearsal/trace.zip
    Usage:

        npx playwright show-trace test-results/projects-out40-slice-h-gan-b5d37-red-out40-slice-h-rehearsal/trace.zip

    ────────────────────────────────────────────────────────────────────────────────────────────────

  76) tests/projects-out40-slice-h-gantt-modernization.spec.ts:157:1 › OUT-40 Slice H keyboard dependency add/remove is explicit, canonical and focus-stable @out40-slice-h-acceptance 

    Error: page.goto: net::ERR_CONNECTION_REFUSED at http://127.0.0.1:5173/projects?id=901&view=timeline
    Call log:
      - navigating to "http://127.0.0.1:5173/projects?id=901&view=timeline", waiting until "load"


      118 |
      119 | const openTimeline = async (page: Page) => {
    > 120 |   await page.goto('/projects?id=901&view=timeline')
          |              ^
      121 |   const gantt = page.locator('[data-project-modern-gantt="true"]')
      122 |   await expect(gantt).toBeVisible()
      123 |   await expect(gantt).toHaveCount(1)
        at openTimeline (/Users/haewonkim/.codex-fabric/worktrees/CF-636cebcd88631ae64e47fa3c/frontend/tests/projects-out40-slice-h-gantt-modernization.spec.ts:120:14)
        at /Users/haewonkim/.codex-fabric/worktrees/CF-636cebcd88631ae64e47fa3c/frontend/tests/projects-out40-slice-h-gantt-modernization.spec.ts:159:133

    attachment #1: screenshot (image/png) ──────────────────────────────────────────────────────────
    test-results/projects-out40-slice-h-gan-cee70-le-out40-slice-h-acceptance/test-failed-1.png
    ────────────────────────────────────────────────────────────────────────────────────────────────

    attachment #2: video (video/webm) ──────────────────────────────────────────────────────────────
    test-results/projects-out40-slice-h-gan-cee70-le-out40-slice-h-acceptance/video.webm
    ────────────────────────────────────────────────────────────────────────────────────────────────

    Error Context: test-results/projects-out40-slice-h-gan-cee70-le-out40-slice-h-acceptance/error-context.md

    attachment #4: trace (application/zip) ─────────────────────────────────────────────────────────
    test-results/projects-out40-slice-h-gan-cee70-le-out40-slice-h-acceptance/trace.zip
    Usage:

        npx playwright show-trace test-results/projects-out40-slice-h-gan-cee70-le-out40-slice-h-acceptance/trace.zip

    ────────────────────────────────────────────────────────────────────────────────────────────────

  77) tests/projects-out40-slice-h-gantt-modernization.spec.ts:185:1 › OUT-40 Slice H scroll zoom filter collapse are mutation-free and stay bounded @out40-slice-h-acceptance 

    Error: page.goto: net::ERR_CONNECTION_REFUSED at http://127.0.0.1:5173/projects?id=901&view=timeline
    Call log:
      - navigating to "http://127.0.0.1:5173/projects?id=901&view=timeline", waiting until "load"


      118 |
      119 | const openTimeline = async (page: Page) => {
    > 120 |   await page.goto('/projects?id=901&view=timeline')
          |              ^
      121 |   const gantt = page.locator('[data-project-modern-gantt="true"]')
      122 |   await expect(gantt).toBeVisible()
      123 |   await expect(gantt).toHaveCount(1)
        at openTimeline (/Users/haewonkim/.codex-fabric/worktrees/CF-636cebcd88631ae64e47fa3c/frontend/tests/projects-out40-slice-h-gantt-modernization.spec.ts:120:14)
        at /Users/haewonkim/.codex-fabric/worktrees/CF-636cebcd88631ae64e47fa3c/frontend/tests/projects-out40-slice-h-gantt-modernization.spec.ts:187:133

    attachment #1: screenshot (image/png) ──────────────────────────────────────────────────────────
    test-results/projects-out40-slice-h-gan-63566-ed-out40-slice-h-acceptance/test-failed-1.png
    ────────────────────────────────────────────────────────────────────────────────────────────────

    attachment #2: video (video/webm) ──────────────────────────────────────────────────────────────
    test-results/projects-out40-slice-h-gan-63566-ed-out40-slice-h-acceptance/video.webm
    ────────────────────────────────────────────────────────────────────────────────────────────────

    Error Context: test-results/projects-out40-slice-h-gan-63566-ed-out40-slice-h-acceptance/error-context.md

    attachment #4: trace (application/zip) ─────────────────────────────────────────────────────────
    test-results/projects-out40-slice-h-gan-63566-ed-out40-slice-h-acceptance/trace.zip
    Usage:

        npx playwright show-trace test-results/projects-out40-slice-h-gan-63566-ed-out40-slice-h-acceptance/trace.zip

    ────────────────────────────────────────────────────────────────────────────────────────────────

  78) tests/projects-out40-slice-h-gantt-modernization.spec.ts:217:1 › OUT-40 Slice H bar move and resize each commit one Project PUT @out40-slice-h-acceptance 

    Error: page.goto: net::ERR_CONNECTION_REFUSED at http://127.0.0.1:5173/projects?id=901&view=timeline
    Call log:
      - navigating to "http://127.0.0.1:5173/projects?id=901&view=timeline", waiting until "load"


      118 |
      119 | const openTimeline = async (page: Page) => {
    > 120 |   await page.goto('/projects?id=901&view=timeline')
          |              ^
      121 |   const gantt = page.locator('[data-project-modern-gantt="true"]')
      122 |   await expect(gantt).toBeVisible()
      123 |   await expect(gantt).toHaveCount(1)
        at openTimeline (/Users/haewonkim/.codex-fabric/worktrees/CF-636cebcd88631ae64e47fa3c/frontend/tests/projects-out40-slice-h-gantt-modernization.spec.ts:120:14)
        at /Users/haewonkim/.codex-fabric/worktrees/CF-636cebcd88631ae64e47fa3c/frontend/tests/projects-out40-slice-h-gantt-modernization.spec.ts:219:133

    attachment #1: screenshot (image/png) ──────────────────────────────────────────────────────────
    test-results/projects-out40-slice-h-gan-01bfd-UT-out40-slice-h-acceptance/test-failed-1.png
    ────────────────────────────────────────────────────────────────────────────────────────────────

    attachment #2: video (video/webm) ──────────────────────────────────────────────────────────────
    test-results/projects-out40-slice-h-gan-01bfd-UT-out40-slice-h-acceptance/video.webm
    ────────────────────────────────────────────────────────────────────────────────────────────────

    Error Context: test-results/projects-out40-slice-h-gan-01bfd-UT-out40-slice-h-acceptance/error-context.md

    attachment #4: trace (application/zip) ─────────────────────────────────────────────────────────
    test-results/projects-out40-slice-h-gan-01bfd-UT-out40-slice-h-acceptance/trace.zip
    Usage:

        npx playwright show-trace test-results/projects-out40-slice-h-gan-01bfd-UT-out40-slice-h-acceptance/trace.zip

    ────────────────────────────────────────────────────────────────────────────────────────────────

  79) tests/projects-out40-slice-h-gantt-modernization.spec.ts:238:1 › OUT-40 Slice H narrow Gantt contains page overflow and keeps primary controls >=40px @out40-slice-h-acceptance 

    Error: page.goto: net::ERR_CONNECTION_REFUSED at http://127.0.0.1:5173/projects?id=901&view=timeline
    Call log:
      - navigating to "http://127.0.0.1:5173/projects?id=901&view=timeline", waiting until "load"


      118 |
      119 | const openTimeline = async (page: Page) => {
    > 120 |   await page.goto('/projects?id=901&view=timeline')
          |              ^
      121 |   const gantt = page.locator('[data-project-modern-gantt="true"]')
      122 |   await expect(gantt).toBeVisible()
      123 |   await expect(gantt).toHaveCount(1)
        at openTimeline (/Users/haewonkim/.codex-fabric/worktrees/CF-636cebcd88631ae64e47fa3c/frontend/tests/projects-out40-slice-h-gantt-modernization.spec.ts:120:14)
        at /Users/haewonkim/.codex-fabric/worktrees/CF-636cebcd88631ae64e47fa3c/frontend/tests/projects-out40-slice-h-gantt-modernization.spec.ts:240:119

    attachment #1: screenshot (image/png) ──────────────────────────────────────────────────────────
    test-results/projects-out40-slice-h-gan-e05d6-px-out40-slice-h-acceptance/test-failed-1.png
    ────────────────────────────────────────────────────────────────────────────────────────────────

    attachment #2: video (video/webm) ──────────────────────────────────────────────────────────────
    test-results/projects-out40-slice-h-gan-e05d6-px-out40-slice-h-acceptance/video.webm
    ────────────────────────────────────────────────────────────────────────────────────────────────

    Error Context: test-results/projects-out40-slice-h-gan-e05d6-px-out40-slice-h-acceptance/error-context.md

    attachment #4: trace (application/zip) ─────────────────────────────────────────────────────────
    test-results/projects-out40-slice-h-gan-e05d6-px-out40-slice-h-acceptance/trace.zip
    Usage:

        npx playwright show-trace test-results/projects-out40-slice-h-gan-e05d6-px-out40-slice-h-acceptance/trace.zip

    ────────────────────────────────────────────────────────────────────────────────────────────────

  80) tests/projects-outcomes.spec.ts:47:1 › P03 completed delivery remains visibly at risk when adoption is weak @outcomes-rehearsal 

    Error: page.goto: net::ERR_CONNECTION_REFUSED at http://127.0.0.1:5173/projects?id=80103&view=overview
    Call log:
      - navigating to "http://127.0.0.1:5173/projects?id=80103&view=overview", waiting until "load"


      46 |
      47 | test('P03 completed delivery remains visibly at risk when adoption is weak @outcomes-rehearsal', async ({ page }) => {
    > 48 |   await page.goto('/projects?id=80103&view=overview')
         |              ^
      49 |   const state = page.locator('[data-project-outcome-state="true"]')
      50 |   await expect(state).toContainText('At Risk')
      51 |   await expect(page.locator('[data-project-outcome-realization="true"]')).toContainText('20%')
        at /Users/haewonkim/.codex-fabric/worktrees/CF-636cebcd88631ae64e47fa3c/frontend/tests/projects-outcomes.spec.ts:48:14

    attachment #1: screenshot (image/png) ──────────────────────────────────────────────────────────
    test-results/projects-outcomes-P03-comp-788e7--is-weak-outcomes-rehearsal/test-failed-1.png
    ────────────────────────────────────────────────────────────────────────────────────────────────

    attachment #2: video (video/webm) ──────────────────────────────────────────────────────────────
    test-results/projects-outcomes-P03-comp-788e7--is-weak-outcomes-rehearsal/video.webm
    ────────────────────────────────────────────────────────────────────────────────────────────────

    Error Context: test-results/projects-outcomes-P03-comp-788e7--is-weak-outcomes-rehearsal/error-context.md

    attachment #4: trace (application/zip) ─────────────────────────────────────────────────────────
    test-results/projects-outcomes-P03-comp-788e7--is-weak-outcomes-rehearsal/trace.zip
    Usage:

        npx playwright show-trace test-results/projects-outcomes-P03-comp-788e7--is-weak-outcomes-rehearsal/trace.zip

    ────────────────────────────────────────────────────────────────────────────────────────────────

  81) tests/projects-outcomes.spec.ts:55:1 › P01 and P08 expose traceable measured adoption and realized value @outcomes-acceptance 

    Error: page.goto: net::ERR_CONNECTION_REFUSED at http://127.0.0.1:5173/projects?id=80101&view=overview
    Call log:
      - navigating to "http://127.0.0.1:5173/projects?id=80101&view=overview", waiting until "load"


      55 | test('P01 and P08 expose traceable measured adoption and realized value @outcomes-acceptance', async ({ page }) => {
      56 |   for (const [id, adoption, value] of [[80101, '92%', '135'], [80108, '88%', '150']] as const) {
    > 57 |     await page.goto(`/projects?id=${id}&view=overview`)
         |                ^
      58 |     const panel = page.locator('[data-project-outcome-realization="true"]')
      59 |     await expect(panel).toBeVisible(); await expect(panel).toContainText('Realized'); await expect(panel).toContainText(adoption); await expect(panel).toContainText(value); await expect(panel).toContainText('High confidence')
      60 |   }
        at /Users/haewonkim/.codex-fabric/worktrees/CF-636cebcd88631ae64e47fa3c/frontend/tests/projects-outcomes.spec.ts:57:16

    attachment #1: screenshot (image/png) ──────────────────────────────────────────────────────────
    test-results/projects-outcomes-P01-and--49694-d-value-outcomes-acceptance/test-failed-1.png
    ────────────────────────────────────────────────────────────────────────────────────────────────

    attachment #2: video (video/webm) ──────────────────────────────────────────────────────────────
    test-results/projects-outcomes-P01-and--49694-d-value-outcomes-acceptance/video.webm
    ────────────────────────────────────────────────────────────────────────────────────────────────

    Error Context: test-results/projects-outcomes-P01-and--49694-d-value-outcomes-acceptance/error-context.md

    attachment #4: trace (application/zip) ─────────────────────────────────────────────────────────
    test-results/projects-outcomes-P01-and--49694-d-value-outcomes-acceptance/trace.zip
    Usage:

        npx playwright show-trace test-results/projects-outcomes-P01-and--49694-d-value-outcomes-acceptance/trace.zip

    ────────────────────────────────────────────────────────────────────────────────────────────────

  82) tests/projects-outcomes.spec.ts:63:1 › missing outcome measurement renders Unknown and Not measured @outcomes-acceptance 

    Error: page.goto: net::ERR_CONNECTION_REFUSED at http://127.0.0.1:5173/projects?id=80104&view=overview
    Call log:
      - navigating to "http://127.0.0.1:5173/projects?id=80104&view=overview", waiting until "load"


      62 |
      63 | test('missing outcome measurement renders Unknown and Not measured @outcomes-acceptance', async ({ page }) => {
    > 64 |   await page.goto('/projects?id=80104&view=overview')
         |              ^
      65 |   await expect(page.locator('[data-project-outcome-state="true"]')).toContainText('Unknown')
      66 |   const panel = page.locator('[data-project-outcome-realization="true"]')
      67 |   await expect(panel).toContainText('Not measured')
        at /Users/haewonkim/.codex-fabric/worktrees/CF-636cebcd88631ae64e47fa3c/frontend/tests/projects-outcomes.spec.ts:64:14

    attachment #1: screenshot (image/png) ──────────────────────────────────────────────────────────
    test-results/projects-outcomes-missing--83a2d-easured-outcomes-acceptance/test-failed-1.png
    ────────────────────────────────────────────────────────────────────────────────────────────────

    attachment #2: video (video/webm) ──────────────────────────────────────────────────────────────
    test-results/projects-outcomes-missing--83a2d-easured-outcomes-acceptance/video.webm
    ────────────────────────────────────────────────────────────────────────────────────────────────

    Error Context: test-results/projects-outcomes-missing--83a2d-easured-outcomes-acceptance/error-context.md

    attachment #4: trace (application/zip) ─────────────────────────────────────────────────────────
    test-results/projects-outcomes-missing--83a2d-easured-outcomes-acceptance/trace.zip
    Usage:

        npx playwright show-trace test-results/projects-outcomes-missing--83a2d-easured-outcomes-acceptance/trace.zip

    ────────────────────────────────────────────────────────────────────────────────────────────────

  83) tests/projects-outcomes.spec.ts:71:1 › portfolio outcome summary excludes child population and child value @outcomes-acceptance 

    Error: page.goto: net::ERR_CONNECTION_REFUSED at http://127.0.0.1:5173/projects?view=portfolio&section=control
    Call log:
      - navigating to "http://127.0.0.1:5173/projects?view=portfolio&section=control", waiting until "load"


      70 |
      71 | test('portfolio outcome summary excludes child population and child value @outcomes-acceptance', async ({ page }) => {
    > 72 |   await page.goto('/projects?view=portfolio&section=control')
         |              ^
      73 |   const summary = page.locator('[data-project-outcome-portfolio="true"]')
      74 |   await expect(summary).toBeVisible()
      75 |   await expect(summary).toContainText('420 measured population')
        at /Users/haewonkim/.codex-fabric/worktrees/CF-636cebcd88631ae64e47fa3c/frontend/tests/projects-outcomes.spec.ts:72:14

    attachment #1: screenshot (image/png) ──────────────────────────────────────────────────────────
    test-results/projects-outcomes-portfoli-f2dd9-d-value-outcomes-acceptance/test-failed-1.png
    ────────────────────────────────────────────────────────────────────────────────────────────────

    attachment #2: video (video/webm) ──────────────────────────────────────────────────────────────
    test-results/projects-outcomes-portfoli-f2dd9-d-value-outcomes-acceptance/video.webm
    ────────────────────────────────────────────────────────────────────────────────────────────────

    Error Context: test-results/projects-outcomes-portfoli-f2dd9-d-value-outcomes-acceptance/error-context.md

    attachment #4: trace (application/zip) ─────────────────────────────────────────────────────────
    test-results/projects-outcomes-portfoli-f2dd9-d-value-outcomes-acceptance/trace.zip
    Usage:

        npx playwright show-trace test-results/projects-outcomes-portfoli-f2dd9-d-value-outcomes-acceptance/trace.zip

    ────────────────────────────────────────────────────────────────────────────────────────────────

  84) tests/projects-outcomes.spec.ts:82:1 › measurement edit uses canonical Project PUT and preserves legacy ROI fields @outcomes-acceptance 

    Error: page.goto: net::ERR_CONNECTION_REFUSED at http://127.0.0.1:5173/projects?id=80101&view=insights&section=review
    Call log:
      - navigating to "http://127.0.0.1:5173/projects?id=80101&view=insights&section=review", waiting until "load"


      81 |
      82 | test('measurement edit uses canonical Project PUT and preserves legacy ROI fields @outcomes-acceptance', async ({ page }) => {
    > 83 |   await page.goto('/projects?id=80101&view=insights&section=review')
         |              ^
      84 |   await page.getByRole('button', { name: 'Measure outcome', exact: false }).click()
      85 |   const dialog = page.getByRole('dialog')
      86 |   await expect(dialog).toBeVisible()
        at /Users/haewonkim/.codex-fabric/worktrees/CF-636cebcd88631ae64e47fa3c/frontend/tests/projects-outcomes.spec.ts:83:14

    attachment #1: screenshot (image/png) ──────────────────────────────────────────────────────────
    test-results/projects-outcomes-measurem-3f47f--fields-outcomes-acceptance/test-failed-1.png
    ────────────────────────────────────────────────────────────────────────────────────────────────

    attachment #2: video (video/webm) ──────────────────────────────────────────────────────────────
    test-results/projects-outcomes-measurem-3f47f--fields-outcomes-acceptance/video.webm
    ────────────────────────────────────────────────────────────────────────────────────────────────

    Error Context: test-results/projects-outcomes-measurem-3f47f--fields-outcomes-acceptance/error-context.md

    attachment #4: trace (application/zip) ─────────────────────────────────────────────────────────
    test-results/projects-outcomes-measurem-3f47f--fields-outcomes-acceptance/trace.zip
    Usage:

        npx playwright show-trace test-results/projects-outcomes-measurem-3f47f--fields-outcomes-acceptance/trace.zip

    ────────────────────────────────────────────────────────────────────────────────────────────────

  85) tests/projects-outcomes.spec.ts:96:1 › captured report snapshot freezes measured outcome values @outcomes-acceptance 

    Error: page.goto: net::ERR_CONNECTION_REFUSED at http://127.0.0.1:5173/projects?id=80101&view=reports
    Call log:
      - navigating to "http://127.0.0.1:5173/projects?id=80101&view=reports", waiting until "load"


       95 |
       96 | test('captured report snapshot freezes measured outcome values @outcomes-acceptance', async ({ page }) => {
    >  97 |   await page.goto('/projects?id=80101&view=reports')
          |              ^
       98 |   const captureButton = page.getByRole('button', { name: 'Capture snapshot', exact: true })
       99 |   await expect(captureButton).toBeVisible(); await expect(captureButton).toBeEnabled(); await captureButton.focus(); await expect(captureButton).toBeFocused(); await page.keyboard.press('Enter')
      100 |   const report = page.locator('[data-project-report-outcome="true"]')
        at /Users/haewonkim/.codex-fabric/worktrees/CF-636cebcd88631ae64e47fa3c/frontend/tests/projects-outcomes.spec.ts:97:14

    attachment #1: screenshot (image/png) ──────────────────────────────────────────────────────────
    test-results/projects-outcomes-captured-83a12--values-outcomes-acceptance/test-failed-1.png
    ────────────────────────────────────────────────────────────────────────────────────────────────

    attachment #2: video (video/webm) ──────────────────────────────────────────────────────────────
    test-results/projects-outcomes-captured-83a12--values-outcomes-acceptance/video.webm
    ────────────────────────────────────────────────────────────────────────────────────────────────

    Error Context: test-results/projects-outcomes-captured-83a12--values-outcomes-acceptance/error-context.md

    attachment #4: trace (application/zip) ─────────────────────────────────────────────────────────
    test-results/projects-outcomes-captured-83a12--values-outcomes-acceptance/trace.zip
    Usage:

        npx playwright show-trace test-results/projects-outcomes-captured-83a12--values-outcomes-acceptance/trace.zip

    ────────────────────────────────────────────────────────────────────────────────────────────────

  86) tests/projects-overhaul.spec.ts:9:3 › Projects Overhaul 2.0 › verifies shell and tab navigation 

    Error: apiRequestContext.post: connect ECONNREFUSED 127.0.0.1:8000
    Call log:
      - → POST http://127.0.0.1:8000/api/v1/projects
        - user-agent: Playwright/1.63.0 (arm64; macOS 26.6) node/22.23
        - accept: */*
        - accept-encoding: gzip,deflate,br
        - X-User-Id: haewon.kim
        - X-Tenant-Id: 1
        - content-type: application/json
        - content-length: 51


       at helpers/sysgrid-test.ts:42

      40 |     const customRequest = {
      41 |       post: async (path: string, options?: any) => {
    > 42 |         return request.post(path, {
         |                        ^
      43 |           ...options,
      44 |           headers: {
      45 |             ...testApiHeaders,
        at Object.post (/Users/haewonkim/.codex-fabric/worktrees/CF-636cebcd88631ae64e47fa3c/frontend/tests/helpers/sysgrid-test.ts:42:24)
        at post (/Users/haewonkim/.codex-fabric/worktrees/CF-636cebcd88631ae64e47fa3c/frontend/tests/helpers/sysgrid.ts:42:34)
        at createProject (/Users/haewonkim/.codex-fabric/worktrees/CF-636cebcd88631ae64e47fa3c/frontend/tests/helpers/sysgrid.ts:245:10)
        at /Users/haewonkim/.codex-fabric/worktrees/CF-636cebcd88631ae64e47fa3c/frontend/tests/projects-overhaul.spec.ts:14:11

    attachment #1: screenshot (image/png) ──────────────────────────────────────────────────────────
    test-results/projects-overhaul-Projects-7d961-es-shell-and-tab-navigation/test-failed-1.png
    ────────────────────────────────────────────────────────────────────────────────────────────────

    attachment #2: video (video/webm) ──────────────────────────────────────────────────────────────
    test-results/projects-overhaul-Projects-7d961-es-shell-and-tab-navigation/video.webm
    ────────────────────────────────────────────────────────────────────────────────────────────────

    Error Context: test-results/projects-overhaul-Projects-7d961-es-shell-and-tab-navigation/error-context.md

    attachment #4: trace (application/zip) ─────────────────────────────────────────────────────────
    test-results/projects-overhaul-Projects-7d961-es-shell-and-tab-navigation/trace.zip
    Usage:

        npx playwright show-trace test-results/projects-overhaul-Projects-7d961-es-shell-and-tab-navigation/trace.zip

    ────────────────────────────────────────────────────────────────────────────────────────────────

  87) tests/projects-overhaul.spec.ts:41:3 › Projects Overhaul 2.0 › verifies dashboard view ───────

    Error: page.goto: net::ERR_CONNECTION_REFUSED at http://127.0.0.1:5173/projects
    Call log:
      - navigating to "http://127.0.0.1:5173/projects", waiting until "load"


      40 |
      41 |   test('verifies dashboard view', async ({ page }) => {
    > 42 |     await page.goto('/projects')
         |                ^
      43 |     await expect(page.getByText('Synchronizing Matrix...')).not.toBeVisible()
      44 |     // Wait for dashboard button
      45 |     const dashboardBtn = page.getByRole('button').filter({ hasText: 'Tactical Huddle' })
        at /Users/haewonkim/.codex-fabric/worktrees/CF-636cebcd88631ae64e47fa3c/frontend/tests/projects-overhaul.spec.ts:42:16

    attachment #1: screenshot (image/png) ──────────────────────────────────────────────────────────
    test-results/projects-overhaul-Projects-60ab7-2-0-verifies-dashboard-view/test-failed-1.png
    ────────────────────────────────────────────────────────────────────────────────────────────────

    attachment #2: video (video/webm) ──────────────────────────────────────────────────────────────
    test-results/projects-overhaul-Projects-60ab7-2-0-verifies-dashboard-view/video.webm
    ────────────────────────────────────────────────────────────────────────────────────────────────

    Error Context: test-results/projects-overhaul-Projects-60ab7-2-0-verifies-dashboard-view/error-context.md

    attachment #4: trace (application/zip) ─────────────────────────────────────────────────────────
    test-results/projects-overhaul-Projects-60ab7-2-0-verifies-dashboard-view/trace.zip
    Usage:

        npx playwright show-trace test-results/projects-overhaul-Projects-60ab7-2-0-verifies-dashboard-view/trace.zip

    ────────────────────────────────────────────────────────────────────────────────────────────────

  88) tests/projects-p04-project-story.spec.ts:35:1 › real backend creation survives one failed save and reload without duplicate Projects 

    Error: apiRequestContext.post: connect ECONNREFUSED 127.0.0.1:8000
    Call log:
      - → POST http://127.0.0.1:8000/api/v1/settings/teams
        - user-agent: Playwright/1.63.0 (arm64; macOS 26.6) node/22.23
        - accept: */*
        - accept-encoding: gzip,deflate,br
        - X-User-Id: haewon.kim
        - X-Tenant-Id: 1
        - content-type: application/json
        - content-length: 82


      34 |
      35 | test('real backend creation survives one failed save and reload without duplicate Projects', async ({ page, request }, testInfo) => {
    > 36 |   const teamResponse = await request.post(`${apiOrigin}/api/v1/settings/teams`, { headers, data: { name: 'P04 Automation Engineering', description: 'Isolated P04 browser fixture' } })
         |                                      ^
      37 |   expect(teamResponse.ok(), await teamResponse.text()).toBeTruthy()
      38 |   const team = await teamResponse.json()
      39 |   await bootstrapBrowser(page)
        at /Users/haewonkim/.codex-fabric/worktrees/CF-636cebcd88631ae64e47fa3c/frontend/tests/projects-p04-project-story.spec.ts:36:38

    attachment #1: screenshot (image/png) ──────────────────────────────────────────────────────────
    test-results/projects-p04-project-story-94176--without-duplicate-Projects/test-failed-1.png
    ────────────────────────────────────────────────────────────────────────────────────────────────

    attachment #2: video (video/webm) ──────────────────────────────────────────────────────────────
    test-results/projects-p04-project-story-94176--without-duplicate-Projects/video.webm
    ────────────────────────────────────────────────────────────────────────────────────────────────

    Error Context: test-results/projects-p04-project-story-94176--without-duplicate-Projects/error-context.md

    attachment #4: trace (application/zip) ─────────────────────────────────────────────────────────
    test-results/projects-p04-project-story-94176--without-duplicate-Projects/trace.zip
    Usage:

        npx playwright show-trace test-results/projects-p04-project-story-94176--without-duplicate-Projects/trace.zip

    ────────────────────────────────────────────────────────────────────────────────────────────────

  89) tests/projects-p05-work-plan.spec.ts:15:1 › P05 Work treegrid exposes expanded row geometry and keyboard status projection 

    Error: page.goto: net::ERR_CONNECTION_REFUSED at http://127.0.0.1:5173/projects/p1/work
    Call log:
      - navigating to "http://127.0.0.1:5173/projects/p1/work", waiting until "load"


      31 |     return route.fulfill({ status: 200, contentType: 'application/json', body: JSON.stringify({ status: 'applied' }) })
      32 |   })
    > 33 |   await page.goto('/projects/p1/work')
         |              ^
      34 |   const grid = page.getByRole('treegrid', { name: 'Project work breakdown' })
      35 |   await expect(grid).toBeVisible()
      36 |   await expect(grid).toHaveAttribute('aria-rowcount', '3')
        at /Users/haewonkim/.codex-fabric/worktrees/CF-636cebcd88631ae64e47fa3c/frontend/tests/projects-p05-work-plan.spec.ts:33:14

    attachment #1: screenshot (image/png) ──────────────────────────────────────────────────────────
    test-results/projects-p05-work-plan-P05-c07a5--keyboard-status-projection/test-failed-1.png
    ────────────────────────────────────────────────────────────────────────────────────────────────

    attachment #2: video (video/webm) ──────────────────────────────────────────────────────────────
    test-results/projects-p05-work-plan-P05-c07a5--keyboard-status-projection/video.webm
    ────────────────────────────────────────────────────────────────────────────────────────────────

    Error Context: test-results/projects-p05-work-plan-P05-c07a5--keyboard-status-projection/error-context.md

    attachment #4: trace (application/zip) ─────────────────────────────────────────────────────────
    test-results/projects-p05-work-plan-P05-c07a5--keyboard-status-projection/trace.zip
    Usage:

        npx playwright show-trace test-results/projects-p05-work-plan-P05-c07a5--keyboard-status-projection/trace.zip

    ────────────────────────────────────────────────────────────────────────────────────────────────

  90) tests/projects-p05-work-plan.spec.ts:49:1 › P05 Board keeps Move to keyboard control in the same task projection 

    Error: page.goto: net::ERR_CONNECTION_REFUSED at http://127.0.0.1:5173/projects/p1/work?layout=board
    Call log:
      - navigating to "http://127.0.0.1:5173/projects/p1/work?layout=board", waiting until "load"


      65 |     return route.fulfill({ status: 200, contentType: 'application/json', body: JSON.stringify({ status: 'applied' }) })
      66 |   })
    > 67 |   await page.goto('/projects/p1/work?layout=board')
         |              ^
      68 |   await expect(page.getByRole('heading', { name: 'Board' })).toHaveCount(0)
      69 |   await expect(page.getByLabel('Move Canonical task to')).toBeVisible()
      70 |   await page.getByLabel('Move Canonical task to').focus()
        at /Users/haewonkim/.codex-fabric/worktrees/CF-636cebcd88631ae64e47fa3c/frontend/tests/projects-p05-work-plan.spec.ts:67:14

    attachment #1: screenshot (image/png) ──────────────────────────────────────────────────────────
    test-results/projects-p05-work-plan-P05-4da2f-in-the-same-task-projection/test-failed-1.png
    ────────────────────────────────────────────────────────────────────────────────────────────────

    attachment #2: video (video/webm) ──────────────────────────────────────────────────────────────
    test-results/projects-p05-work-plan-P05-4da2f-in-the-same-task-projection/video.webm
    ────────────────────────────────────────────────────────────────────────────────────────────────

    Error Context: test-results/projects-p05-work-plan-P05-4da2f-in-the-same-task-projection/error-context.md

    attachment #4: trace (application/zip) ─────────────────────────────────────────────────────────
    test-results/projects-p05-work-plan-P05-4da2f-in-the-same-task-projection/trace.zip
    Usage:

        npx playwright show-trace test-results/projects-p05-work-plan-P05-4da2f-in-the-same-task-projection/trace.zip

    ────────────────────────────────────────────────────────────────────────────────────────────────

  91) tests/projects-p11-portfolio-regression.spec.ts:8:1 › P11 Portfolio keeps migrated and native Projects in one canonical story projection 

    TypeError: apiRequestContext.post: Invalid URL

      13 |   page.on('console', (message) => { if (message.type() === 'error') consoleErrors.push(message.text()) })
      14 |   try {
    > 15 |     const teamResponse = await api.post('/api/v1/settings/teams', { data: { name: 'P11 Portfolio Team', description: 'Isolated Portfolio regression fixture' } })
         |                                    ^
      16 |     expect(teamResponse.ok(), await teamResponse.text()).toBeTruthy()
      17 |     const team = await teamResponse.json()
      18 |     const commandId = globalThis.crypto.randomUUID()
        at /Users/haewonkim/.codex-fabric/worktrees/CF-636cebcd88631ae64e47fa3c/frontend/tests/projects-p11-portfolio-regression.spec.ts:15:36

    attachment #1: screenshot (image/png) ──────────────────────────────────────────────────────────
    test-results/projects-p11-portfolio-reg-43746--canonical-story-projection/test-failed-1.png
    ────────────────────────────────────────────────────────────────────────────────────────────────

    attachment #2: video (video/webm) ──────────────────────────────────────────────────────────────
    test-results/projects-p11-portfolio-reg-43746--canonical-story-projection/video.webm
    ────────────────────────────────────────────────────────────────────────────────────────────────

    Error Context: test-results/projects-p11-portfolio-reg-43746--canonical-story-projection/error-context.md

    attachment #4: trace (application/zip) ─────────────────────────────────────────────────────────
    test-results/projects-p11-portfolio-reg-43746--canonical-story-projection/trace.zip
    Usage:

        npx playwright show-trace test-results/projects-p11-portfolio-reg-43746--canonical-story-projection/trace.zip

    ────────────────────────────────────────────────────────────────────────────────────────────────

  92) tests/projects-readability.spec.ts:230:1 › P01 readability rehearsal @readability-rehearsal ──

    Error: page.goto: net::ERR_CONNECTION_REFUSED at http://127.0.0.1:5173/projects?id=80101&view=overview
    Call log:
      - navigating to "http://127.0.0.1:5173/projects?id=80101&view=overview", waiting until "load"


      230 | test('P01 readability rehearsal @readability-rehearsal', async ({ page }) => {
      231 |   await page.setViewportSize({ width: 1440, height: 900 })
    > 232 |   await page.goto('/projects?id=80101&view=overview')
          |              ^
      233 |   await expect(page.locator('[data-project-overview="true"]')).toBeVisible()
      234 |   await assertReadable(page)
      235 |   await assertSurfaceLadder(page)
        at /Users/haewonkim/.codex-fabric/worktrees/CF-636cebcd88631ae64e47fa3c/frontend/tests/projects-readability.spec.ts:232:14

    attachment #1: screenshot (image/png) ──────────────────────────────────────────────────────────
    test-results/projects-readability-P01-r-42bbf-arsal-readability-rehearsal/test-failed-1.png
    ────────────────────────────────────────────────────────────────────────────────────────────────

    attachment #2: video (video/webm) ──────────────────────────────────────────────────────────────
    test-results/projects-readability-P01-r-42bbf-arsal-readability-rehearsal/video.webm
    ────────────────────────────────────────────────────────────────────────────────────────────────

    Error Context: test-results/projects-readability-P01-r-42bbf-arsal-readability-rehearsal/error-context.md

    attachment #4: trace (application/zip) ─────────────────────────────────────────────────────────
    test-results/projects-readability-P01-r-42bbf-arsal-readability-rehearsal/trace.zip
    Usage:

        npx playwright show-trace test-results/projects-readability-P01-r-42bbf-arsal-readability-rehearsal/trace.zip

    ────────────────────────────────────────────────────────────────────────────────────────────────

  93) tests/projects-readability.spec.ts:239:1 › P01 high-value Overview stays readable at 1280x720 @readability-acceptance 

    Error: page.goto: net::ERR_CONNECTION_REFUSED at http://127.0.0.1:5173/projects?id=80101&view=overview
    Call log:
      - navigating to "http://127.0.0.1:5173/projects?id=80101&view=overview", waiting until "load"


      239 | test('P01 high-value Overview stays readable at 1280x720 @readability-acceptance', async ({ page }) => {
      240 |   await page.setViewportSize({ width: 1280, height: 720 })
    > 241 |   await page.goto('/projects?id=80101&view=overview')
          |              ^
      242 |   await expect(page.locator('[data-project-overview="true"]')).toBeVisible()
      243 |   await assertReadable(page)
      244 |   await assertSurfaceLadder(page)
        at /Users/haewonkim/.codex-fabric/worktrees/CF-636cebcd88631ae64e47fa3c/frontend/tests/projects-readability.spec.ts:241:14

    attachment #1: screenshot (image/png) ──────────────────────────────────────────────────────────
    test-results/projects-readability-P01-h-9e9da-x720-readability-acceptance/test-failed-1.png
    ────────────────────────────────────────────────────────────────────────────────────────────────

    attachment #2: video (video/webm) ──────────────────────────────────────────────────────────────
    test-results/projects-readability-P01-h-9e9da-x720-readability-acceptance/video.webm
    ────────────────────────────────────────────────────────────────────────────────────────────────

    Error Context: test-results/projects-readability-P01-h-9e9da-x720-readability-acceptance/error-context.md

    attachment #4: trace (application/zip) ─────────────────────────────────────────────────────────
    test-results/projects-readability-P01-h-9e9da-x720-readability-acceptance/trace.zip
    Usage:

        npx playwright show-trace test-results/projects-readability-P01-h-9e9da-x720-readability-acceptance/trace.zip

    ────────────────────────────────────────────────────────────────────────────────────────────────

  94) tests/projects-readability.spec.ts:248:1 › P02 blocked project preserves clear hierarchy at 1440x900 @readability-acceptance 

    Error: page.goto: net::ERR_CONNECTION_REFUSED at http://127.0.0.1:5173/projects?id=80202&view=overview
    Call log:
      - navigating to "http://127.0.0.1:5173/projects?id=80202&view=overview", waiting until "load"


      248 | test('P02 blocked project preserves clear hierarchy at 1440x900 @readability-acceptance', async ({ page }) => {
      249 |   await page.setViewportSize({ width: 1440, height: 900 })
    > 250 |   await page.goto('/projects?id=80202&view=overview')
          |              ^
      251 |   await expect(page.locator('[data-project-workbench-header="true"]')).toBeVisible()
      252 |   await assertReadable(page)
      253 |   const header = page.locator('[data-project-workbench-header="true"]')
        at /Users/haewonkim/.codex-fabric/worktrees/CF-636cebcd88631ae64e47fa3c/frontend/tests/projects-readability.spec.ts:250:14

    attachment #1: screenshot (image/png) ──────────────────────────────────────────────────────────
    test-results/projects-readability-P02-b-13f68-x900-readability-acceptance/test-failed-1.png
    ────────────────────────────────────────────────────────────────────────────────────────────────

    attachment #2: video (video/webm) ──────────────────────────────────────────────────────────────
    test-results/projects-readability-P02-b-13f68-x900-readability-acceptance/video.webm
    ────────────────────────────────────────────────────────────────────────────────────────────────

    Error Context: test-results/projects-readability-P02-b-13f68-x900-readability-acceptance/error-context.md

    attachment #4: trace (application/zip) ─────────────────────────────────────────────────────────
    test-results/projects-readability-P02-b-13f68-x900-readability-acceptance/trace.zip
    Usage:

        npx playwright show-trace test-results/projects-readability-P02-b-13f68-x900-readability-acceptance/trace.zip

    ────────────────────────────────────────────────────────────────────────────────────────────────

  95) tests/projects-readability.spec.ts:257:1 › P10 large Gantt remains contained and readable at 1920x1080 @readability-acceptance 

    Error: page.goto: net::ERR_CONNECTION_REFUSED at http://127.0.0.1:5173/projects?id=81010&view=timeline
    Call log:
      - navigating to "http://127.0.0.1:5173/projects?id=81010&view=timeline", waiting until "load"


      257 | test('P10 large Gantt remains contained and readable at 1920x1080 @readability-acceptance', async ({ page }) => {
      258 |   await page.setViewportSize({ width: 1920, height: 1080 })
    > 259 |   await page.goto('/projects?id=81010&view=timeline')
          |              ^
      260 |   const gantt = page.locator('[data-project-flagship-gantt="true"]')
      261 |   await expect(gantt).toBeVisible()
      262 |   await assertReadable(page)
        at /Users/haewonkim/.codex-fabric/worktrees/CF-636cebcd88631ae64e47fa3c/frontend/tests/projects-readability.spec.ts:259:14

    attachment #1: screenshot (image/png) ──────────────────────────────────────────────────────────
    test-results/projects-readability-P10-l-58e0c-1080-readability-acceptance/test-failed-1.png
    ────────────────────────────────────────────────────────────────────────────────────────────────

    attachment #2: video (video/webm) ──────────────────────────────────────────────────────────────
    test-results/projects-readability-P10-l-58e0c-1080-readability-acceptance/video.webm
    ────────────────────────────────────────────────────────────────────────────────────────────────

    Error Context: test-results/projects-readability-P10-l-58e0c-1080-readability-acceptance/error-context.md

    attachment #4: trace (application/zip) ─────────────────────────────────────────────────────────
    test-results/projects-readability-P10-l-58e0c-1080-readability-acceptance/trace.zip
    Usage:

        npx playwright show-trace test-results/projects-readability-P10-l-58e0c-1080-readability-acceptance/trace.zip

    ────────────────────────────────────────────────────────────────────────────────────────────────

  96) tests/projects-readability.spec.ts:268:1 › narrow Projects navigation remains reachable at 390x844 @readability-acceptance 

    Error: page.goto: net::ERR_CONNECTION_REFUSED at http://127.0.0.1:5173/projects/80101/home
    Call log:
      - navigating to "http://127.0.0.1:5173/projects/80101/home", waiting until "load"


      268 | test('narrow Projects navigation remains reachable at 390x844 @readability-acceptance', async ({ page }) => {
      269 |   await page.setViewportSize({ width: 390, height: 844 })
    > 270 |   await page.goto('/projects/80101/home')
          |              ^
      271 |   const nav = page.locator('[data-project-primary-nav="true"]')
      272 |   await expect(nav).toBeVisible()
      273 |   await assertReadable(page)
        at /Users/haewonkim/.codex-fabric/worktrees/CF-636cebcd88631ae64e47fa3c/frontend/tests/projects-readability.spec.ts:270:14

    attachment #1: screenshot (image/png) ──────────────────────────────────────────────────────────
    test-results/projects-readability-narro-4e8e4-x844-readability-acceptance/test-failed-1.png
    ────────────────────────────────────────────────────────────────────────────────────────────────

    attachment #2: video (video/webm) ──────────────────────────────────────────────────────────────
    test-results/projects-readability-narro-4e8e4-x844-readability-acceptance/video.webm
    ────────────────────────────────────────────────────────────────────────────────────────────────

    Error Context: test-results/projects-readability-narro-4e8e4-x844-readability-acceptance/error-context.md

    attachment #4: trace (application/zip) ─────────────────────────────────────────────────────────
    test-results/projects-readability-narro-4e8e4-x844-readability-acceptance/trace.zip
    Usage:

        npx playwright show-trace test-results/projects-readability-narro-4e8e4-x844-readability-acceptance/trace.zip

    ────────────────────────────────────────────────────────────────────────────────────────────────

  97) tests/projects-readability.spec.ts:282:1 › Projects modal inherits elevated readability without changing the shared modal @readability-acceptance 

    Error: page.goto: net::ERR_CONNECTION_REFUSED at http://127.0.0.1:5173/projects?id=80101&view=overview
    Call log:
      - navigating to "http://127.0.0.1:5173/projects?id=80101&view=overview", waiting until "load"


      282 | test('Projects modal inherits elevated readability without changing the shared modal @readability-acceptance', async ({ page }) => {
      283 |   await page.setViewportSize({ width: 1440, height: 900 })
    > 284 |   await page.goto('/projects?id=80101&view=overview')
          |              ^
      285 |   await page.getByRole('button', { name: 'Project', exact: true }).click()
      286 |   const dialog = page.getByRole('dialog')
      287 |   await expect(dialog).toBeVisible()
        at /Users/haewonkim/.codex-fabric/worktrees/CF-636cebcd88631ae64e47fa3c/frontend/tests/projects-readability.spec.ts:284:14

    attachment #1: screenshot (image/png) ──────────────────────────────────────────────────────────
    test-results/projects-readability-Proje-ddb65-odal-readability-acceptance/test-failed-1.png
    ────────────────────────────────────────────────────────────────────────────────────────────────

    attachment #2: video (video/webm) ──────────────────────────────────────────────────────────────
    test-results/projects-readability-Proje-ddb65-odal-readability-acceptance/video.webm
    ────────────────────────────────────────────────────────────────────────────────────────────────

    Error Context: test-results/projects-readability-Proje-ddb65-odal-readability-acceptance/error-context.md

    attachment #4: trace (application/zip) ─────────────────────────────────────────────────────────
    test-results/projects-readability-Proje-ddb65-odal-readability-acceptance/trace.zip
    Usage:

        npx playwright show-trace test-results/projects-readability-Proje-ddb65-odal-readability-acceptance/trace.zip

    ────────────────────────────────────────────────────────────────────────────────────────────────

  98) tests/projects-readability.spec.ts:294:1 › readability diagnostics expose computed contract @readability-diagnostic 

    Error: page.goto: net::ERR_CONNECTION_REFUSED at http://127.0.0.1:5173/projects?id=80101&view=overview
    Call log:
      - navigating to "http://127.0.0.1:5173/projects?id=80101&view=overview", waiting until "load"


      294 | test('readability diagnostics expose computed contract @readability-diagnostic', async ({ page }) => {
      295 |   await page.setViewportSize({ width: 1440, height: 900 })
    > 296 |   await page.goto('/projects?id=80101&view=overview')
          |              ^
      297 |   const evidence = await page.evaluate(() => {
      298 |     const workspace = document.querySelector('[data-workspace="projects"]') as HTMLElement
      299 |     const header = document.querySelector('[data-project-workbench-header="true"]') as HTMLElement
        at /Users/haewonkim/.codex-fabric/worktrees/CF-636cebcd88631ae64e47fa3c/frontend/tests/projects-readability.spec.ts:296:14

    attachment #1: screenshot (image/png) ──────────────────────────────────────────────────────────
    test-results/projects-readability-reada-90c82-ract-readability-diagnostic/test-failed-1.png
    ────────────────────────────────────────────────────────────────────────────────────────────────

    attachment #2: video (video/webm) ──────────────────────────────────────────────────────────────
    test-results/projects-readability-reada-90c82-ract-readability-diagnostic/video.webm
    ────────────────────────────────────────────────────────────────────────────────────────────────

    Error Context: test-results/projects-readability-reada-90c82-ract-readability-diagnostic/error-context.md

    attachment #4: trace (application/zip) ─────────────────────────────────────────────────────────
    test-results/projects-readability-reada-90c82-ract-readability-diagnostic/trace.zip
    Usage:

        npx playwright show-trace test-results/projects-readability-reada-90c82-ract-readability-diagnostic/trace.zip

    ────────────────────────────────────────────────────────────────────────────────────────────────

  99) tests/projects-saved-views.spec.ts:66:3 › Projects shared saved views › hydrates without applying, then applies a normalized personal remote view only after explicit selection 

    Error: apiRequestContext.post: connect ECONNREFUSED 127.0.0.1:8000
    Call log:
      - → POST http://127.0.0.1:8000/api/v1/workspaces/projects/views
        - user-agent: Mozilla/5.0 (Macintosh; Intel Mac OS X 10_15_7) AppleWebKit/537.36 (KHTML, like Gecko) HeadlessChrome/153.0.8010.12 Safari/537.36
        - accept: */*
        - accept-encoding: gzip,deflate,br
        - X-User-Id: haewon.kim
        - X-Tenant-Id: 1
        - content-type: application/json
        - content-length: 223


      66 |   test('hydrates without applying, then applies a normalized personal remote view only after explicit selection', async ({ page }) => {
      67 |     await resetBrowserState(page)
    > 68 |     const create = await page.request.post(`${apiBase}/workspaces/projects/views`, {
         |                                       ^
      69 |       headers: testApiHeaders,
      70 |       data: { name: 'Daily Focus', scope: 'personal', definition: { searchTerm: 'remote needle', filters: { status: ['In Progress'], priority: ['High'], watch: ['watched'] }, activeTab: 'portfolio', mode: 'deadline' }, schema_version: 1 },
      71 |     })
        at /Users/haewonkim/.codex-fabric/worktrees/CF-636cebcd88631ae64e47fa3c/frontend/tests/projects-saved-views.spec.ts:68:39

    attachment #1: screenshot (image/png) ──────────────────────────────────────────────────────────
    test-results/projects-saved-views-Proje-debb3-ly-after-explicit-selection/test-failed-1.png
    ────────────────────────────────────────────────────────────────────────────────────────────────

    attachment #2: video (video/webm) ──────────────────────────────────────────────────────────────
    test-results/projects-saved-views-Proje-debb3-ly-after-explicit-selection/video.webm
    ────────────────────────────────────────────────────────────────────────────────────────────────

    Error Context: test-results/projects-saved-views-Proje-debb3-ly-after-explicit-selection/error-context.md

    attachment #4: trace (application/zip) ─────────────────────────────────────────────────────────
    test-results/projects-saved-views-Proje-debb3-ly-after-explicit-selection/trace.zip
    Usage:

        npx playwright show-trace test-results/projects-saved-views-Proje-debb3-ly-after-explicit-selection/trace.zip

    ────────────────────────────────────────────────────────────────────────────────────────────────

  100) tests/projects-saved-views.spec.ts:89:3 › Projects shared saved views › restores the exact nested Portfolio section from a synced saved view 

    Error: apiRequestContext.post: connect ECONNREFUSED 127.0.0.1:8000
    Call log:
      - → POST http://127.0.0.1:8000/api/v1/workspaces/projects/views
        - user-agent: Mozilla/5.0 (Macintosh; Intel Mac OS X 10_15_7) AppleWebKit/537.36 (KHTML, like Gecko) HeadlessChrome/153.0.8010.12 Safari/537.36
        - accept: */*
        - accept-encoding: gzip,deflate,br
        - X-User-Id: haewon.kim
        - X-Tenant-Id: 1
        - content-type: application/json
        - content-length: 247


      90 |     await resetBrowserState(page)
      91 |     const viewName = `Iteration 6 Roadmap ${Date.now()}`
    > 92 |     const create = await page.request.post(`${apiBase}/workspaces/projects/views`, {
         |                                       ^
      93 |       headers: testApiHeaders,
      94 |       data: { name: viewName, scope: 'personal', definition: projectViewDefinition('roadmap lens', 'portfolio', 'health', 'roadmap'), schema_version: 1 },
      95 |     })
        at /Users/haewonkim/.codex-fabric/worktrees/CF-636cebcd88631ae64e47fa3c/frontend/tests/projects-saved-views.spec.ts:92:39

    attachment #1: screenshot (image/png) ──────────────────────────────────────────────────────────
    test-results/projects-saved-views-Proje-30e00-on-from-a-synced-saved-view/test-failed-1.png
    ────────────────────────────────────────────────────────────────────────────────────────────────

    attachment #2: video (video/webm) ──────────────────────────────────────────────────────────────
    test-results/projects-saved-views-Proje-30e00-on-from-a-synced-saved-view/video.webm
    ────────────────────────────────────────────────────────────────────────────────────────────────

    Error Context: test-results/projects-saved-views-Proje-30e00-on-from-a-synced-saved-view/error-context.md

    attachment #4: trace (application/zip) ─────────────────────────────────────────────────────────
    test-results/projects-saved-views-Proje-30e00-on-from-a-synced-saved-view/trace.zip
    Usage:

        npx playwright show-trace test-results/projects-saved-views-Proje-30e00-on-from-a-synced-saved-view/trace.zip

    ────────────────────────────────────────────────────────────────────────────────────────────────

  101) tests/projects-saved-views.spec.ts:109:3 › Projects shared saved views › restores a locally saved nested Portfolio section after leaving the view 

    Error: page.evaluate: SecurityError: Failed to read the 'localStorage' property from 'Window': Access is denied for this document.
        at UtilityScript.evaluate (<anonymous>:313:16)
        at UtilityScript.<anonymous> (<anonymous>:1:44)
        at UtilityScript.evaluate (<anonymous>:313:16)
        at UtilityScript.<anonymous> (<anonymous>:1:44)
        at installProjectState (/Users/haewonkim/.codex-fabric/worktrees/CF-636cebcd88631ae64e47fa3c/frontend/tests/projects-saved-views.spec.ts:12:14)
        at /Users/haewonkim/.codex-fabric/worktrees/CF-636cebcd88631ae64e47fa3c/frontend/tests/projects-saved-views.spec.ts:111:11

    attachment #1: screenshot (image/png) ──────────────────────────────────────────────────────────
    test-results/projects-saved-views-Proje-db741-tion-after-leaving-the-view/test-failed-1.png
    ────────────────────────────────────────────────────────────────────────────────────────────────

    attachment #2: video (video/webm) ──────────────────────────────────────────────────────────────
    test-results/projects-saved-views-Proje-db741-tion-after-leaving-the-view/video.webm
    ────────────────────────────────────────────────────────────────────────────────────────────────

    Error Context: test-results/projects-saved-views-Proje-db741-tion-after-leaving-the-view/error-context.md

    attachment #4: trace (application/zip) ─────────────────────────────────────────────────────────
    test-results/projects-saved-views-Proje-db741-tion-after-leaving-the-view/trace.zip
    Usage:

        npx playwright show-trace test-results/projects-saved-views-Proje-db741-tion-after-leaving-the-view/trace.zip

    ────────────────────────────────────────────────────────────────────────────────────────────────

  102) tests/projects-saved-views.spec.ts:129:3 › Projects shared saved views › preserves a linked legacy Portfolio subsection instead of falling back to Control Tower 

    Error: apiRequestContext.post: connect ECONNREFUSED 127.0.0.1:8000
    Call log:
      - → POST http://127.0.0.1:8000/api/v1/workspaces/projects/views
        - user-agent: Mozilla/5.0 (Macintosh; Intel Mac OS X 10_15_7) AppleWebKit/537.36 (KHTML, like Gecko) HeadlessChrome/153.0.8010.12 Safari/537.36
        - accept: */*
        - accept-encoding: gzip,deflate,br
        - X-User-Id: haewon.kim
        - X-Tenant-Id: 1
        - content-type: application/json
        - content-length: 219


      130 |     await resetBrowserState(page)
      131 |     const viewName = `Iteration 6 Legacy Owners ${Date.now()}`
    > 132 |     const create = await page.request.post(`${apiBase}/workspaces/projects/views`, {
          |                                       ^
      133 |       headers: testApiHeaders,
      134 |       data: { name: viewName, scope: 'personal', definition: projectViewDefinition('owners link', 'portfolio', 'health'), schema_version: 1 },
      135 |     })
        at /Users/haewonkim/.codex-fabric/worktrees/CF-636cebcd88631ae64e47fa3c/frontend/tests/projects-saved-views.spec.ts:132:39

    attachment #1: screenshot (image/png) ──────────────────────────────────────────────────────────
    test-results/projects-saved-views-Proje-49a62-lling-back-to-Control-Tower/test-failed-1.png
    ────────────────────────────────────────────────────────────────────────────────────────────────

    attachment #2: video (video/webm) ──────────────────────────────────────────────────────────────
    test-results/projects-saved-views-Proje-49a62-lling-back-to-Control-Tower/video.webm
    ────────────────────────────────────────────────────────────────────────────────────────────────

    Error Context: test-results/projects-saved-views-Proje-49a62-lling-back-to-Control-Tower/error-context.md

    attachment #4: trace (application/zip) ─────────────────────────────────────────────────────────
    test-results/projects-saved-views-Proje-49a62-lling-back-to-Control-Tower/trace.zip
    Usage:

        npx playwright show-trace test-results/projects-saved-views-Proje-49a62-lling-back-to-Control-Tower/trace.zip

    ────────────────────────────────────────────────────────────────────────────────────────────────

  103) tests/projects-saved-views.spec.ts:149:3 › Projects shared saved views › saved-view URL identity follows explicit remote selection and local replacement 

    Error: apiRequestContext.post: connect ECONNREFUSED 127.0.0.1:8000
    Call log:
      - → POST http://127.0.0.1:8000/api/v1/workspaces/projects/views
        - user-agent: Mozilla/5.0 (Macintosh; Intel Mac OS X 10_15_7) AppleWebKit/537.36 (KHTML, like Gecko) HeadlessChrome/153.0.8010.12 Safari/537.36
        - accept: */*
        - accept-encoding: gzip,deflate,br
        - X-User-Id: haewon.kim
        - X-Tenant-Id: 1
        - content-type: application/json
        - content-length: 260


      150 |     await resetBrowserState(page)
      151 |     const viewName = `Iteration 7 Identity Selection ${Date.now()}`
    > 152 |     const create = await page.request.post(`${apiBase}/workspaces/projects/views`, {
          |                                       ^
      153 |       headers: testApiHeaders,
      154 |       data: { name: viewName, scope: 'personal', definition: projectViewDefinition('identity remote', 'portfolio', 'health', 'owners'), schema_version: 1 },
      155 |     })
        at /Users/haewonkim/.codex-fabric/worktrees/CF-636cebcd88631ae64e47fa3c/frontend/tests/projects-saved-views.spec.ts:152:39

    attachment #1: screenshot (image/png) ──────────────────────────────────────────────────────────
    test-results/projects-saved-views-Proje-24a9e-ction-and-local-replacement/test-failed-1.png
    ────────────────────────────────────────────────────────────────────────────────────────────────

    attachment #2: video (video/webm) ──────────────────────────────────────────────────────────────
    test-results/projects-saved-views-Proje-24a9e-ction-and-local-replacement/video.webm
    ────────────────────────────────────────────────────────────────────────────────────────────────

    Error Context: test-results/projects-saved-views-Proje-24a9e-ction-and-local-replacement/error-context.md

    attachment #4: trace (application/zip) ─────────────────────────────────────────────────────────
    test-results/projects-saved-views-Proje-24a9e-ction-and-local-replacement/trace.zip
    Usage:

        npx playwright show-trace test-results/projects-saved-views-Proje-24a9e-ction-and-local-replacement/trace.zip

    ────────────────────────────────────────────────────────────────────────────────────────────────

  104) tests/projects-saved-views.spec.ts:177:3 › Projects shared saved views › saved-view URL identity follows synced creation and deletion 

    Error: page.evaluate: SecurityError: Failed to read the 'localStorage' property from 'Window': Access is denied for this document.
        at UtilityScript.evaluate (<anonymous>:313:16)
        at UtilityScript.<anonymous> (<anonymous>:1:44)
        at UtilityScript.evaluate (<anonymous>:313:16)
        at UtilityScript.<anonymous> (<anonymous>:1:44)
        at installProjectState (/Users/haewonkim/.codex-fabric/worktrees/CF-636cebcd88631ae64e47fa3c/frontend/tests/projects-saved-views.spec.ts:12:14)
        at /Users/haewonkim/.codex-fabric/worktrees/CF-636cebcd88631ae64e47fa3c/frontend/tests/projects-saved-views.spec.ts:180:11

    attachment #1: screenshot (image/png) ──────────────────────────────────────────────────────────
    test-results/projects-saved-views-Proje-4f687-ynced-creation-and-deletion/test-failed-1.png
    ────────────────────────────────────────────────────────────────────────────────────────────────

    attachment #2: video (video/webm) ──────────────────────────────────────────────────────────────
    test-results/projects-saved-views-Proje-4f687-ynced-creation-and-deletion/video.webm
    ────────────────────────────────────────────────────────────────────────────────────────────────

    Error Context: test-results/projects-saved-views-Proje-4f687-ynced-creation-and-deletion/error-context.md

    attachment #4: trace (application/zip) ─────────────────────────────────────────────────────────
    test-results/projects-saved-views-Proje-4f687-ynced-creation-and-deletion/trace.zip
    Usage:

        npx playwright show-trace test-results/projects-saved-views-Proje-4f687-ynced-creation-and-deletion/trace.zip

    ────────────────────────────────────────────────────────────────────────────────────────────────

  105) tests/projects-saved-views.spec.ts:200:3 › Projects shared saved views › saved-view URL identity removes authoritative stale links but preserves them while hydration is offline 

    Error: page.evaluate: SecurityError: Failed to read the 'localStorage' property from 'Window': Access is denied for this document.
        at UtilityScript.evaluate (<anonymous>:313:16)
        at UtilityScript.<anonymous> (<anonymous>:1:44)
        at UtilityScript.evaluate (<anonymous>:313:16)
        at UtilityScript.<anonymous> (<anonymous>:1:44)
        at installProjectState (/Users/haewonkim/.codex-fabric/worktrees/CF-636cebcd88631ae64e47fa3c/frontend/tests/projects-saved-views.spec.ts:12:14)
        at /Users/haewonkim/.codex-fabric/worktrees/CF-636cebcd88631ae64e47fa3c/frontend/tests/projects-saved-views.spec.ts:202:11

    attachment #1: screenshot (image/png) ──────────────────────────────────────────────────────────
    test-results/projects-saved-views-Proje-5b43c--while-hydration-is-offline/test-failed-1.png
    ────────────────────────────────────────────────────────────────────────────────────────────────

    attachment #2: video (video/webm) ──────────────────────────────────────────────────────────────
    test-results/projects-saved-views-Proje-5b43c--while-hydration-is-offline/video.webm
    ────────────────────────────────────────────────────────────────────────────────────────────────

    Error Context: test-results/projects-saved-views-Proje-5b43c--while-hydration-is-offline/error-context.md

    attachment #4: trace (application/zip) ─────────────────────────────────────────────────────────
    test-results/projects-saved-views-Proje-5b43c--while-hydration-is-offline/trace.zip
    Usage:

        npx playwright show-trace test-results/projects-saved-views-Proje-5b43c--while-hydration-is-offline/trace.zip

    ────────────────────────────────────────────────────────────────────────────────────────────────

  106) tests/projects-saved-views.spec.ts:222:3 › Projects shared saved views › preserves active state and local saved-view use when personal remote hydration fails 

    Error: page.evaluate: SecurityError: Failed to read the 'localStorage' property from 'Window': Access is denied for this document.
        at UtilityScript.evaluate (<anonymous>:313:16)
        at UtilityScript.<anonymous> (<anonymous>:1:44)
        at UtilityScript.evaluate (<anonymous>:313:16)
        at UtilityScript.<anonymous> (<anonymous>:1:44)
        at installProjectState (/Users/haewonkim/.codex-fabric/worktrees/CF-636cebcd88631ae64e47fa3c/frontend/tests/projects-saved-views.spec.ts:12:14)
        at /Users/haewonkim/.codex-fabric/worktrees/CF-636cebcd88631ae64e47fa3c/frontend/tests/projects-saved-views.spec.ts:224:11

    attachment #1: screenshot (image/png) ──────────────────────────────────────────────────────────
    test-results/projects-saved-views-Proje-61ba9-onal-remote-hydration-fails/test-failed-1.png
    ────────────────────────────────────────────────────────────────────────────────────────────────

    attachment #2: video (video/webm) ──────────────────────────────────────────────────────────────
    test-results/projects-saved-views-Proje-61ba9-onal-remote-hydration-fails/video.webm
    ────────────────────────────────────────────────────────────────────────────────────────────────

    Error Context: test-results/projects-saved-views-Proje-61ba9-onal-remote-hydration-fails/error-context.md

    attachment #4: trace (application/zip) ─────────────────────────────────────────────────────────
    test-results/projects-saved-views-Proje-61ba9-onal-remote-hydration-fails/trace.zip
    Usage:

        npx playwright show-trace test-results/projects-saved-views-Proje-61ba9-onal-remote-hydration-fails/trace.zip

    ────────────────────────────────────────────────────────────────────────────────────────────────

  107) tests/projects-saved-views.spec.ts:236:3 › Projects shared saved views › creates and updates an explicit personal synced Project view, then reloads a stale-revision conflict without clobbering the client draft 

    Error: page.evaluate: SecurityError: Failed to read the 'localStorage' property from 'Window': Access is denied for this document.
        at UtilityScript.evaluate (<anonymous>:313:16)
        at UtilityScript.<anonymous> (<anonymous>:1:44)
        at UtilityScript.evaluate (<anonymous>:313:16)
        at UtilityScript.<anonymous> (<anonymous>:1:44)
        at installProjectState (/Users/haewonkim/.codex-fabric/worktrees/CF-636cebcd88631ae64e47fa3c/frontend/tests/projects-saved-views.spec.ts:12:14)
        at /Users/haewonkim/.codex-fabric/worktrees/CF-636cebcd88631ae64e47fa3c/frontend/tests/projects-saved-views.spec.ts:238:11

    attachment #1: screenshot (image/png) ──────────────────────────────────────────────────────────
    test-results/projects-saved-views-Proje-66de8-clobbering-the-client-draft/test-failed-1.png
    ────────────────────────────────────────────────────────────────────────────────────────────────

    attachment #2: video (video/webm) ──────────────────────────────────────────────────────────────
    test-results/projects-saved-views-Proje-66de8-clobbering-the-client-draft/video.webm
    ────────────────────────────────────────────────────────────────────────────────────────────────

    Error Context: test-results/projects-saved-views-Proje-66de8-clobbering-the-client-draft/error-context.md

    attachment #4: trace (application/zip) ─────────────────────────────────────────────────────────
    test-results/projects-saved-views-Proje-66de8-clobbering-the-client-draft/trace.zip
    Usage:

        npx playwright show-trace test-results/projects-saved-views-Proje-66de8-clobbering-the-client-draft/trace.zip

    ────────────────────────────────────────────────────────────────────────────────────────────────

  108) tests/projects-saved-views.spec.ts:265:3 › Projects shared saved views › saves a stale personal client draft as a new synced copy and deletes that copy explicitly without touching legacy local views 

    Error: apiRequestContext.post: connect ECONNREFUSED 127.0.0.1:8000
    Call log:
      - → POST http://127.0.0.1:8000/api/v1/workspaces/projects/views
        - user-agent: Mozilla/5.0 (Macintosh; Intel Mac OS X 10_15_7) AppleWebKit/537.36 (KHTML, like Gecko) HeadlessChrome/153.0.8010.12 Safari/537.36
        - accept: */*
        - accept-encoding: gzip,deflate,br
        - X-User-Id: haewon.kim
        - X-Tenant-Id: 1
        - content-type: application/json
        - content-length: 193


      265 |   test('saves a stale personal client draft as a new synced copy and deletes that copy explicitly without touching legacy local views', async ({ page }) => {
      266 |     await resetBrowserState(page)
    > 267 |     const create = await page.request.post(`${apiBase}/workspaces/projects/views`, { headers: testApiHeaders, data: { name: 'Conflict Source', scope: 'personal', definition: projectViewDefinition('source lens'), schema_version: 1 } })
          |                                       ^
      268 |     expect(create.ok()).toBeTruthy()
      269 |     await installProjectState(page, { search: 'active local', statusFilter: 'ALL', priorityFilter: 'ALL', sortMode: 'order', watchedOnly: false, savedViews: [{ id: 'legacy-keep', name: 'Legacy Keep', search: 'local only', view: 'tasks' }], lastView: 'overview' })
      270 |     await page.goto('/projects?view=overview')
        at /Users/haewonkim/.codex-fabric/worktrees/CF-636cebcd88631ae64e47fa3c/frontend/tests/projects-saved-views.spec.ts:267:39

    attachment #1: screenshot (image/png) ──────────────────────────────────────────────────────────
    test-results/projects-saved-views-Proje-5d4f2-touching-legacy-local-views/test-failed-1.png
    ────────────────────────────────────────────────────────────────────────────────────────────────

    attachment #2: video (video/webm) ──────────────────────────────────────────────────────────────
    test-results/projects-saved-views-Proje-5d4f2-touching-legacy-local-views/video.webm
    ────────────────────────────────────────────────────────────────────────────────────────────────

    Error Context: test-results/projects-saved-views-Proje-5d4f2-touching-legacy-local-views/error-context.md

    attachment #4: trace (application/zip) ─────────────────────────────────────────────────────────
    test-results/projects-saved-views-Proje-5d4f2-touching-legacy-local-views/trace.zip
    Usage:

        npx playwright show-trace test-results/projects-saved-views-Proje-5d4f2-touching-legacy-local-views/trace.zip

    ────────────────────────────────────────────────────────────────────────────────────────────────

  109) tests/projects-saved-views.spec.ts:288:3 › Projects shared saved views › reconciles personal, current-team and local views and runs an authorized team write/conflict/delete lifecycle 

    Error: apiRequestContext.get: connect ECONNREFUSED 127.0.0.1:8000
    Call log:
      - → GET http://127.0.0.1:8000/api/v1/settings/teams
        - user-agent: Mozilla/5.0 (Macintosh; Intel Mac OS X 10_15_7) AppleWebKit/537.36 (KHTML, like Gecko) HeadlessChrome/153.0.8010.12 Safari/537.36
        - accept: */*
        - accept-encoding: gzip,deflate,br
        - X-User-Id: haewon.kim
        - X-Tenant-Id: 1


      35 |
      36 | const ensureCurrentUserTeam = async (page: any, name: string) => {
    > 37 |   const teamsResponse = await page.request.get(`${apiBase}/settings/teams`, { headers: testApiHeaders })
         |                                            ^
      38 |   expect(teamsResponse.ok()).toBeTruthy()
      39 |   const teams = await teamsResponse.json()
      40 |   let team = teams.find((row: any) => row.name === name)
        at ensureCurrentUserTeam (/Users/haewonkim/.codex-fabric/worktrees/CF-636cebcd88631ae64e47fa3c/frontend/tests/projects-saved-views.spec.ts:37:44)
        at /Users/haewonkim/.codex-fabric/worktrees/CF-636cebcd88631ae64e47fa3c/frontend/tests/projects-saved-views.spec.ts:290:24

    attachment #1: screenshot (image/png) ──────────────────────────────────────────────────────────
    test-results/projects-saved-views-Proje-afb2e-e-conflict-delete-lifecycle/test-failed-1.png
    ────────────────────────────────────────────────────────────────────────────────────────────────

    attachment #2: video (video/webm) ──────────────────────────────────────────────────────────────
    test-results/projects-saved-views-Proje-afb2e-e-conflict-delete-lifecycle/video.webm
    ────────────────────────────────────────────────────────────────────────────────────────────────

    Error Context: test-results/projects-saved-views-Proje-afb2e-e-conflict-delete-lifecycle/error-context.md

    attachment #4: trace (application/zip) ─────────────────────────────────────────────────────────
    test-results/projects-saved-views-Proje-afb2e-e-conflict-delete-lifecycle/trace.zip
    Usage:

        npx playwright show-trace test-results/projects-saved-views-Proje-afb2e-e-conflict-delete-lifecycle/trace.zip

    ────────────────────────────────────────────────────────────────────────────────────────────────

  110) tests/projects-saved-views.spec.ts:331:3 › Projects shared saved views › never fabricates a local team view when team persistence is offline 

    Error: apiRequestContext.get: connect ECONNREFUSED 127.0.0.1:8000
    Call log:
      - → GET http://127.0.0.1:8000/api/v1/settings/teams
        - user-agent: Mozilla/5.0 (Macintosh; Intel Mac OS X 10_15_7) AppleWebKit/537.36 (KHTML, like Gecko) HeadlessChrome/153.0.8010.12 Safari/537.36
        - accept: */*
        - accept-encoding: gzip,deflate,br
        - X-User-Id: haewon.kim
        - X-Tenant-Id: 1


      35 |
      36 | const ensureCurrentUserTeam = async (page: any, name: string) => {
    > 37 |   const teamsResponse = await page.request.get(`${apiBase}/settings/teams`, { headers: testApiHeaders })
         |                                            ^
      38 |   expect(teamsResponse.ok()).toBeTruthy()
      39 |   const teams = await teamsResponse.json()
      40 |   let team = teams.find((row: any) => row.name === name)
        at ensureCurrentUserTeam (/Users/haewonkim/.codex-fabric/worktrees/CF-636cebcd88631ae64e47fa3c/frontend/tests/projects-saved-views.spec.ts:37:44)
        at /Users/haewonkim/.codex-fabric/worktrees/CF-636cebcd88631ae64e47fa3c/frontend/tests/projects-saved-views.spec.ts:333:24

    attachment #1: screenshot (image/png) ──────────────────────────────────────────────────────────
    test-results/projects-saved-views-Proje-21290-team-persistence-is-offline/test-failed-1.png
    ────────────────────────────────────────────────────────────────────────────────────────────────

    attachment #2: video (video/webm) ──────────────────────────────────────────────────────────────
    test-results/projects-saved-views-Proje-21290-team-persistence-is-offline/video.webm
    ────────────────────────────────────────────────────────────────────────────────────────────────

    Error Context: test-results/projects-saved-views-Proje-21290-team-persistence-is-offline/error-context.md

    attachment #4: trace (application/zip) ─────────────────────────────────────────────────────────
    test-results/projects-saved-views-Proje-21290-team-persistence-is-offline/trace.zip
    Usage:

        npx playwright show-trace test-results/projects-saved-views-Proje-21290-team-persistence-is-offline/trace.zip

    ────────────────────────────────────────────────────────────────────────────────────────────────

  111) tests/projects-saved-views.spec.ts:355:3 › Projects shared saved views › copies a collision-safe saved_view link and restores it exactly once without replacing the Projects view parameter 

    Error: apiRequestContext.post: connect ECONNREFUSED 127.0.0.1:8000
    Call log:
      - → POST http://127.0.0.1:8000/api/v1/workspaces/projects/views
        - user-agent: Mozilla/5.0 (Macintosh; Intel Mac OS X 10_15_7) AppleWebKit/537.36 (KHTML, like Gecko) HeadlessChrome/153.0.8010.12 Safari/537.36
        - accept: */*
        - accept-encoding: gzip,deflate,br
        - X-User-Id: haewon.kim
        - X-Tenant-Id: 1
        - content-type: application/json
        - content-length: 196


      355 |   test('copies a collision-safe saved_view link and restores it exactly once without replacing the Projects view parameter', async ({ page, context }) => {
      356 |     await resetBrowserState(page)
    > 357 |     const create = await page.request.post(`${apiBase}/workspaces/projects/views`, { headers: testApiHeaders, data: { name: 'Linked Portfolio', scope: 'personal', definition: projectViewDefinition('linked lens', 'portfolio', 'health'), schema_version: 1 } })
          |                                       ^
      358 |     expect(create.ok()).toBeTruthy()
      359 |     const linked = await create.json()
      360 |     await installProjectState(page, { search: 'before link', statusFilter: 'ALL', priorityFilter: 'ALL', sortMode: 'order', watchedOnly: false, savedViews: [], lastView: 'portfolio' })
        at /Users/haewonkim/.codex-fabric/worktrees/CF-636cebcd88631ae64e47fa3c/frontend/tests/projects-saved-views.spec.ts:357:39

    attachment #1: screenshot (image/png) ──────────────────────────────────────────────────────────
    test-results/projects-saved-views-Proje-6d0f9-the-Projects-view-parameter/test-failed-1.png
    ────────────────────────────────────────────────────────────────────────────────────────────────

    attachment #2: video (video/webm) ──────────────────────────────────────────────────────────────
    test-results/projects-saved-views-Proje-6d0f9-the-Projects-view-parameter/video.webm
    ────────────────────────────────────────────────────────────────────────────────────────────────

    Error Context: test-results/projects-saved-views-Proje-6d0f9-the-Projects-view-parameter/error-context.md

    attachment #4: trace (application/zip) ─────────────────────────────────────────────────────────
    test-results/projects-saved-views-Proje-6d0f9-the-Projects-view-parameter/trace.zip
    Usage:

        npx playwright show-trace test-results/projects-saved-views-Proje-6d0f9-the-Projects-view-parameter/trace.zip

    ────────────────────────────────────────────────────────────────────────────────────────────────

  112) tests/projects-saved-views.spec.ts:380:3 › Projects shared saved views › leaves inaccessible saved_view links inert and cancels delayed restoration after user interaction 

    Error: page.evaluate: SecurityError: Failed to read the 'localStorage' property from 'Window': Access is denied for this document.
        at UtilityScript.evaluate (<anonymous>:313:16)
        at UtilityScript.<anonymous> (<anonymous>:1:44)
        at UtilityScript.evaluate (<anonymous>:313:16)
        at UtilityScript.<anonymous> (<anonymous>:1:44)
        at installProjectState (/Users/haewonkim/.codex-fabric/worktrees/CF-636cebcd88631ae64e47fa3c/frontend/tests/projects-saved-views.spec.ts:12:14)
        at /Users/haewonkim/.codex-fabric/worktrees/CF-636cebcd88631ae64e47fa3c/frontend/tests/projects-saved-views.spec.ts:382:11

    attachment #1: screenshot (image/png) ──────────────────────────────────────────────────────────
    test-results/projects-saved-views-Proje-4c83d-tion-after-user-interaction/test-failed-1.png
    ────────────────────────────────────────────────────────────────────────────────────────────────

    attachment #2: video (video/webm) ──────────────────────────────────────────────────────────────
    test-results/projects-saved-views-Proje-4c83d-tion-after-user-interaction/video.webm
    ────────────────────────────────────────────────────────────────────────────────────────────────

    Error Context: test-results/projects-saved-views-Proje-4c83d-tion-after-user-interaction/error-context.md

    attachment #4: trace (application/zip) ─────────────────────────────────────────────────────────
    test-results/projects-saved-views-Proje-4c83d-tion-after-user-interaction/trace.zip
    Usage:

        npx playwright show-trace test-results/projects-saved-views-Proje-4c83d-tion-after-user-interaction/trace.zip

    ────────────────────────────────────────────────────────────────────────────────────────────────

  113) tests/projects-scheduling-completion.spec.ts:68:1 › advanced schedule control completes the existing Timeline without replacing it @scheduling-rehearsal 

    Error: page.goto: net::ERR_CONNECTION_REFUSED at http://127.0.0.1:5173/projects?id=3801&view=timeline
    Call log:
      - navigating to "http://127.0.0.1:5173/projects?id=3801&view=timeline", waiting until "load"


      67 |
      68 | test('advanced schedule control completes the existing Timeline without replacing it @scheduling-rehearsal', async ({ page }) => {
    > 69 |   await page.goto('/projects?id=3801&view=timeline')
         |              ^
      70 |   await expect(page.locator('[data-projects-scheduling-completion="true"]')).toBeVisible()
      71 |   await expect(page.locator('[data-project-timeline="true"]')).toBeVisible()
      72 |   await page.locator('[data-project-schedule-control-toggle="true"]').click()
        at /Users/haewonkim/.codex-fabric/worktrees/CF-636cebcd88631ae64e47fa3c/frontend/tests/projects-scheduling-completion.spec.ts:69:14

    attachment #1: screenshot (image/png) ──────────────────────────────────────────────────────────
    test-results/projects-scheduling-comple-993c1-ing-it-scheduling-rehearsal/test-failed-1.png
    ────────────────────────────────────────────────────────────────────────────────────────────────

    attachment #2: video (video/webm) ──────────────────────────────────────────────────────────────
    test-results/projects-scheduling-comple-993c1-ing-it-scheduling-rehearsal/video.webm
    ────────────────────────────────────────────────────────────────────────────────────────────────

    Error Context: test-results/projects-scheduling-comple-993c1-ing-it-scheduling-rehearsal/error-context.md

    attachment #4: trace (application/zip) ─────────────────────────────────────────────────────────
    test-results/projects-scheduling-comple-993c1-ing-it-scheduling-rehearsal/trace.zip
    Usage:

        npx playwright show-trace test-results/projects-scheduling-comple-993c1-ing-it-scheduling-rehearsal/trace.zip

    ────────────────────────────────────────────────────────────────────────────────────────────────

  114) tests/projects-scheduling-completion.spec.ts:79:1 › typed dependency and calendar save through canonical Project PUT @scheduling-acceptance 

    Error: page.goto: net::ERR_CONNECTION_REFUSED at http://127.0.0.1:5173/projects?id=3801&view=timeline
    Call log:
      - navigating to "http://127.0.0.1:5173/projects?id=3801&view=timeline", waiting until "load"


      78 |
      79 | test('typed dependency and calendar save through canonical Project PUT @scheduling-acceptance', async ({ page }) => {
    > 80 |   await page.goto('/projects?id=3801&view=timeline')
         |              ^
      81 |   await page.locator('[data-project-schedule-control-toggle="true"]').click()
      82 |   const network = page.locator('[data-project-schedule-network="true"]')
      83 |   await network.getByLabel('Task').selectOption('2')
        at /Users/haewonkim/.codex-fabric/worktrees/CF-636cebcd88631ae64e47fa3c/frontend/tests/projects-scheduling-completion.spec.ts:80:14

    attachment #1: screenshot (image/png) ──────────────────────────────────────────────────────────
    test-results/projects-scheduling-comple-70ff7-t-PUT-scheduling-acceptance/test-failed-1.png
    ────────────────────────────────────────────────────────────────────────────────────────────────

    attachment #2: video (video/webm) ──────────────────────────────────────────────────────────────
    test-results/projects-scheduling-comple-70ff7-t-PUT-scheduling-acceptance/video.webm
    ────────────────────────────────────────────────────────────────────────────────────────────────

    Error Context: test-results/projects-scheduling-comple-70ff7-t-PUT-scheduling-acceptance/error-context.md

    attachment #4: trace (application/zip) ─────────────────────────────────────────────────────────
    test-results/projects-scheduling-comple-70ff7-t-PUT-scheduling-acceptance/trace.zip
    Usage:

        npx playwright show-trace test-results/projects-scheduling-comple-70ff7-t-PUT-scheduling-acceptance/trace.zip

    ────────────────────────────────────────────────────────────────────────────────────────────────

  115) tests/projects-scheduling-completion.spec.ts:97:1 › scenario preview is non-mutating, save is metadata-only, and Apply changes live dates @scheduling-acceptance 

    Error: page.goto: net::ERR_CONNECTION_REFUSED at http://127.0.0.1:5173/projects?id=3801&view=timeline
    Call log:
      - navigating to "http://127.0.0.1:5173/projects?id=3801&view=timeline", waiting until "load"


       96 |
       97 | test('scenario preview is non-mutating, save is metadata-only, and Apply changes live dates @scheduling-acceptance', async ({ page }) => {
    >  98 |   await page.goto('/projects?id=3801&view=timeline')
          |              ^
       99 |   await page.locator('[data-project-schedule-control-toggle="true"]').click()
      100 |   const scenarios = page.locator('[data-project-schedule-scenarios="true"]')
      101 |   await expect(scenarios.locator('[data-project-scenario-preview="true"]')).toContainText('Preview is mutation-free')
        at /Users/haewonkim/.codex-fabric/worktrees/CF-636cebcd88631ae64e47fa3c/frontend/tests/projects-scheduling-completion.spec.ts:98:14

    attachment #1: screenshot (image/png) ──────────────────────────────────────────────────────────
    test-results/projects-scheduling-comple-20afa-dates-scheduling-acceptance/test-failed-1.png
    ────────────────────────────────────────────────────────────────────────────────────────────────

    attachment #2: video (video/webm) ──────────────────────────────────────────────────────────────
    test-results/projects-scheduling-comple-20afa-dates-scheduling-acceptance/video.webm
    ────────────────────────────────────────────────────────────────────────────────────────────────

    Error Context: test-results/projects-scheduling-comple-20afa-dates-scheduling-acceptance/error-context.md

    attachment #4: trace (application/zip) ─────────────────────────────────────────────────────────
    test-results/projects-scheduling-comple-20afa-dates-scheduling-acceptance/trace.zip
    Usage:

        npx playwright show-trace test-results/projects-scheduling-comple-20afa-dates-scheduling-acceptance/trace.zip

    ────────────────────────────────────────────────────────────────────────────────────────────────

  116) tests/projects-scheduling-completion.spec.ts:112:1 › baseline history is additive and capacity stays Unknown without authority @scheduling-acceptance 

    Error: page.goto: net::ERR_CONNECTION_REFUSED at http://127.0.0.1:5173/projects?id=3801&view=timeline
    Call log:
      - navigating to "http://127.0.0.1:5173/projects?id=3801&view=timeline", waiting until "load"


      111 |
      112 | test('baseline history is additive and capacity stays Unknown without authority @scheduling-acceptance', async ({ page }) => {
    > 113 |   await page.goto('/projects?id=3801&view=timeline')
          |              ^
      114 |   await page.locator('[data-project-schedule-control-toggle="true"]').click()
      115 |   const baselines = page.locator('[data-project-schedule-baselines="true"]')
      116 |   await baselines.getByPlaceholder('Baseline name').fill('Gate baseline')
        at /Users/haewonkim/.codex-fabric/worktrees/CF-636cebcd88631ae64e47fa3c/frontend/tests/projects-scheduling-completion.spec.ts:113:14

    attachment #1: screenshot (image/png) ──────────────────────────────────────────────────────────
    test-results/projects-scheduling-comple-49c72-ority-scheduling-acceptance/test-failed-1.png
    ────────────────────────────────────────────────────────────────────────────────────────────────

    attachment #2: video (video/webm) ──────────────────────────────────────────────────────────────
    test-results/projects-scheduling-comple-49c72-ority-scheduling-acceptance/video.webm
    ────────────────────────────────────────────────────────────────────────────────────────────────

    Error Context: test-results/projects-scheduling-comple-49c72-ority-scheduling-acceptance/error-context.md

    attachment #4: trace (application/zip) ─────────────────────────────────────────────────────────
    test-results/projects-scheduling-comple-49c72-ority-scheduling-acceptance/trace.zip
    Usage:

        npx playwright show-trace test-results/projects-scheduling-comple-49c72-ority-scheduling-acceptance/trace.zip

    ────────────────────────────────────────────────────────────────────────────────────────────────

  117) tests/projects-scheduling-completion.spec.ts:122:1 › OUT-40 schedule control is keyboard-accessible, announced and contained at 390x844 @out40-slice-b-acceptance 

    Error: page.goto: net::ERR_CONNECTION_REFUSED at http://127.0.0.1:5173/projects?id=3801&view=timeline
    Call log:
      - navigating to "http://127.0.0.1:5173/projects?id=3801&view=timeline", waiting until "load"


      125 |   page.on('requestfailed', (request) => requestFailures.push(`${request.method()} ${request.url()} ${request.failure()?.errorText || ''}`))
      126 |   await page.setViewportSize({ width: 390, height: 844 })
    > 127 |   await page.goto('/projects?id=3801&view=timeline')
          |              ^
      128 |
      129 |   const toggle = page.locator('[data-project-schedule-control-toggle="true"]')
      130 |   await toggle.focus(); await page.keyboard.press('Enter')
        at /Users/haewonkim/.codex-fabric/worktrees/CF-636cebcd88631ae64e47fa3c/frontend/tests/projects-scheduling-completion.spec.ts:127:14

    attachment #1: screenshot (image/png) ──────────────────────────────────────────────────────────
    test-results/projects-scheduling-comple-dd01a-44-out40-slice-b-acceptance/test-failed-1.png
    ────────────────────────────────────────────────────────────────────────────────────────────────

    attachment #2: video (video/webm) ──────────────────────────────────────────────────────────────
    test-results/projects-scheduling-comple-dd01a-44-out40-slice-b-acceptance/video.webm
    ────────────────────────────────────────────────────────────────────────────────────────────────

    Error Context: test-results/projects-scheduling-comple-dd01a-44-out40-slice-b-acceptance/error-context.md

    attachment #4: trace (application/zip) ─────────────────────────────────────────────────────────
    test-results/projects-scheduling-comple-dd01a-44-out40-slice-b-acceptance/trace.zip
    Usage:

        npx playwright show-trace test-results/projects-scheduling-comple-dd01a-44-out40-slice-b-acceptance/trace.zip

    ────────────────────────────────────────────────────────────────────────────────────────────────

  118) tests/projects-scheduling-completion.spec.ts:170:1 › OUT-40 schedule control stays viewport-contained on desktop and wide screens @out40-slice-b-regression 

    Error: page.goto: net::ERR_CONNECTION_REFUSED at http://127.0.0.1:5173/projects?id=3801&view=timeline
    Call log:
      - navigating to "http://127.0.0.1:5173/projects?id=3801&view=timeline", waiting until "load"


      171 |   for (const viewport of [{ width: 1280, height: 720 }, { width: 1920, height: 1080 }]) {
      172 |     await page.setViewportSize(viewport)
    > 173 |     await page.goto('/projects?id=3801&view=timeline')
          |                ^
      174 |     const toggle = page.locator('[data-project-schedule-control-toggle="true"]')
      175 |     await toggle.click()
      176 |     const dialog = page.getByRole('dialog', { name: 'Scheduling, capacity & scenarios' })
        at /Users/haewonkim/.codex-fabric/worktrees/CF-636cebcd88631ae64e47fa3c/frontend/tests/projects-scheduling-completion.spec.ts:173:16

    attachment #1: screenshot (image/png) ──────────────────────────────────────────────────────────
    test-results/projects-scheduling-comple-2d0eb-ns-out40-slice-b-regression/test-failed-1.png
    ────────────────────────────────────────────────────────────────────────────────────────────────

    attachment #2: video (video/webm) ──────────────────────────────────────────────────────────────
    test-results/projects-scheduling-comple-2d0eb-ns-out40-slice-b-regression/video.webm
    ────────────────────────────────────────────────────────────────────────────────────────────────

    Error Context: test-results/projects-scheduling-comple-2d0eb-ns-out40-slice-b-regression/error-context.md

    attachment #4: trace (application/zip) ─────────────────────────────────────────────────────────
    test-results/projects-scheduling-comple-2d0eb-ns-out40-slice-b-regression/trace.zip
    Usage:

        npx playwright show-trace test-results/projects-scheduling-comple-2d0eb-ns-out40-slice-b-regression/trace.zip

    ────────────────────────────────────────────────────────────────────────────────────────────────

  119) tests/projects-showcase.spec.ts:63:1 › executive showcase is question-driven, truthful and sparse @showcase-rehearsal 

    Error: page.goto: net::ERR_CONNECTION_REFUSED at http://127.0.0.1:5173/projects?id=3901&view=reports
    Call log:
      - navigating to "http://127.0.0.1:5173/projects?id=3901&view=reports", waiting until "load"


      62 |
      63 | test('executive showcase is question-driven, truthful and sparse @showcase-rehearsal', async ({ page }) => {
    > 64 |   await page.goto('/projects?id=3901&view=reports')
         |              ^
      65 |   await expect(page.locator('[data-project-overview="true"]')).toHaveCount(0)
      66 |   const open = page.getByRole('button', { name: 'Executive showcase', exact: true })
      67 |   await expect(open).toBeVisible(); await open.click()
        at /Users/haewonkim/.codex-fabric/worktrees/CF-636cebcd88631ae64e47fa3c/frontend/tests/projects-showcase.spec.ts:64:14

    attachment #1: screenshot (image/png) ──────────────────────────────────────────────────────────
    test-results/projects-showcase-executiv-1635b-d-sparse-showcase-rehearsal/test-failed-1.png
    ────────────────────────────────────────────────────────────────────────────────────────────────

    attachment #2: video (video/webm) ──────────────────────────────────────────────────────────────
    test-results/projects-showcase-executiv-1635b-d-sparse-showcase-rehearsal/video.webm
    ────────────────────────────────────────────────────────────────────────────────────────────────

    Error Context: test-results/projects-showcase-executiv-1635b-d-sparse-showcase-rehearsal/error-context.md

    attachment #4: trace (application/zip) ─────────────────────────────────────────────────────────
    test-results/projects-showcase-executiv-1635b-d-sparse-showcase-rehearsal/trace.zip
    Usage:

        npx playwright show-trace test-results/projects-showcase-executiv-1635b-d-sparse-showcase-rehearsal/trace.zip

    ────────────────────────────────────────────────────────────────────────────────────────────────

  120) tests/projects-showcase.spec.ts:84:1 › visual pins use canonical full Project PUT and preserve existing reporting metadata @showcase-acceptance 

    Error: page.goto: net::ERR_CONNECTION_REFUSED at http://127.0.0.1:5173/projects?id=3901&view=reports&showcase=team
    Call log:
      - navigating to "http://127.0.0.1:5173/projects?id=3901&view=reports&showcase=team", waiting until "load"


      83 |
      84 | test('visual pins use canonical full Project PUT and preserve existing reporting metadata @showcase-acceptance', async ({ page }) => {
    > 85 |   await page.goto('/projects?id=3901&view=reports&showcase=team')
         |              ^
      86 |   await expect(page.locator('[data-project-showcase="team"]')).toBeVisible()
      87 |   const next = page.getByRole('button', { name: 'Next', exact: true })
      88 |   await next.click()
        at /Users/haewonkim/.codex-fabric/worktrees/CF-636cebcd88631ae64e47fa3c/frontend/tests/projects-showcase.spec.ts:85:14

    attachment #1: screenshot (image/png) ──────────────────────────────────────────────────────────
    test-results/projects-showcase-visual-p-c29c9-etadata-showcase-acceptance/test-failed-1.png
    ────────────────────────────────────────────────────────────────────────────────────────────────

    attachment #2: video (video/webm) ──────────────────────────────────────────────────────────────
    test-results/projects-showcase-visual-p-c29c9-etadata-showcase-acceptance/video.webm
    ────────────────────────────────────────────────────────────────────────────────────────────────

    Error Context: test-results/projects-showcase-visual-p-c29c9-etadata-showcase-acceptance/error-context.md

    attachment #4: trace (application/zip) ─────────────────────────────────────────────────────────
    test-results/projects-showcase-visual-p-c29c9-etadata-showcase-acceptance/trace.zip
    Usage:

        npx playwright show-trace test-results/projects-showcase-visual-p-c29c9-etadata-showcase-acceptance/trace.zip

    ────────────────────────────────────────────────────────────────────────────────────────────────

  121) tests/projects-showcase.spec.ts:100:1 › captured report showcase stays frozen and does not borrow live schedule truth @showcase-acceptance 

    Error: page.goto: net::ERR_CONNECTION_REFUSED at http://127.0.0.1:5173/projects?id=3901&view=reports
    Call log:
      - navigating to "http://127.0.0.1:5173/projects?id=3901&view=reports", waiting until "load"


       99 |
      100 | test('captured report showcase stays frozen and does not borrow live schedule truth @showcase-acceptance', async ({ page }) => {
    > 101 |   await page.goto('/projects?id=3901&view=reports')
          |              ^
      102 |   await page.getByRole('button', { name: /Capture snapshot/i }).click()
      103 |   await expect.poll(() => lastPutBody?.metadata_json).toBeTruthy()
      104 |   await expect(page.locator('[data-project-report-snapshot]').first()).toBeVisible()
        at /Users/haewonkim/.codex-fabric/worktrees/CF-636cebcd88631ae64e47fa3c/frontend/tests/projects-showcase.spec.ts:101:14

    attachment #1: screenshot (image/png) ──────────────────────────────────────────────────────────
    test-results/projects-showcase-captured-998ad-e-truth-showcase-acceptance/test-failed-1.png
    ────────────────────────────────────────────────────────────────────────────────────────────────

    attachment #2: video (video/webm) ──────────────────────────────────────────────────────────────
    test-results/projects-showcase-captured-998ad-e-truth-showcase-acceptance/video.webm
    ────────────────────────────────────────────────────────────────────────────────────────────────

    Error Context: test-results/projects-showcase-captured-998ad-e-truth-showcase-acceptance/error-context.md

    attachment #4: trace (application/zip) ─────────────────────────────────────────────────────────
    test-results/projects-showcase-captured-998ad-e-truth-showcase-acceptance/trace.zip
    Usage:

        npx playwright show-trace test-results/projects-showcase-captured-998ad-e-truth-showcase-acceptance/trace.zip

    ────────────────────────────────────────────────────────────────────────────────────────────────

  122) tests/projects-visual-repair.spec.ts:49:35 › usable real workspace 390x844 ──────────────────

    Error: page.goto: net::ERR_CONNECTION_REFUSED at http://127.0.0.1:5173/projects?id=901&view=timeline
    Call log:
      - navigating to "http://127.0.0.1:5173/projects?id=901&view=timeline", waiting until "load"


      42 |   await route.fulfill({status:200,contentType:'application/json',body:JSON.stringify(data)})
      43 |  })
    > 44 |  await page.goto('/projects?id=901&view=timeline')
         |             ^
      45 |  await expect(page.locator('[data-project-modern-gantt]')).toBeVisible()
      46 |  return {puts,errors,getProject:()=>project}
      47 | }
        at setup (/Users/haewonkim/.codex-fabric/worktrees/CF-636cebcd88631ae64e47fa3c/frontend/tests/projects-visual-repair.spec.ts:44:13)
        at /Users/haewonkim/.codex-fabric/worktrees/CF-636cebcd88631ae64e47fa3c/frontend/tests/projects-visual-repair.spec.ts:50:57

    attachment #1: screenshot (image/png) ──────────────────────────────────────────────────────────
    test-results/projects-visual-repair-usable-real-workspace-390x844/test-failed-1.png
    ────────────────────────────────────────────────────────────────────────────────────────────────

    attachment #2: video (video/webm) ──────────────────────────────────────────────────────────────
    test-results/projects-visual-repair-usable-real-workspace-390x844/video.webm
    ────────────────────────────────────────────────────────────────────────────────────────────────

    Error Context: test-results/projects-visual-repair-usable-real-workspace-390x844/error-context.md

    attachment #4: trace (application/zip) ─────────────────────────────────────────────────────────
    test-results/projects-visual-repair-usable-real-workspace-390x844/trace.zip
    Usage:

        npx playwright show-trace test-results/projects-visual-repair-usable-real-workspace-390x844/trace.zip

    ────────────────────────────────────────────────────────────────────────────────────────────────

  123) tests/projects-visual-repair.spec.ts:49:35 › usable real workspace 430x932 ──────────────────

    Error: page.goto: net::ERR_CONNECTION_REFUSED at http://127.0.0.1:5173/projects?id=901&view=timeline
    Call log:
      - navigating to "http://127.0.0.1:5173/projects?id=901&view=timeline", waiting until "load"


      42 |   await route.fulfill({status:200,contentType:'application/json',body:JSON.stringify(data)})
      43 |  })
    > 44 |  await page.goto('/projects?id=901&view=timeline')
         |             ^
      45 |  await expect(page.locator('[data-project-modern-gantt]')).toBeVisible()
      46 |  return {puts,errors,getProject:()=>project}
      47 | }
        at setup (/Users/haewonkim/.codex-fabric/worktrees/CF-636cebcd88631ae64e47fa3c/frontend/tests/projects-visual-repair.spec.ts:44:13)
        at /Users/haewonkim/.codex-fabric/worktrees/CF-636cebcd88631ae64e47fa3c/frontend/tests/projects-visual-repair.spec.ts:50:57

    attachment #1: screenshot (image/png) ──────────────────────────────────────────────────────────
    test-results/projects-visual-repair-usable-real-workspace-430x932/test-failed-1.png
    ────────────────────────────────────────────────────────────────────────────────────────────────

    attachment #2: video (video/webm) ──────────────────────────────────────────────────────────────
    test-results/projects-visual-repair-usable-real-workspace-430x932/video.webm
    ────────────────────────────────────────────────────────────────────────────────────────────────

    Error Context: test-results/projects-visual-repair-usable-real-workspace-430x932/error-context.md

    attachment #4: trace (application/zip) ─────────────────────────────────────────────────────────
    test-results/projects-visual-repair-usable-real-workspace-430x932/trace.zip
    Usage:

        npx playwright show-trace test-results/projects-visual-repair-usable-real-workspace-430x932/trace.zip

    ────────────────────────────────────────────────────────────────────────────────────────────────

  124) tests/projects-visual-repair.spec.ts:49:35 › usable real workspace 768x1024 ─────────────────

    Error: page.goto: net::ERR_CONNECTION_REFUSED at http://127.0.0.1:5173/projects?id=901&view=timeline
    Call log:
      - navigating to "http://127.0.0.1:5173/projects?id=901&view=timeline", waiting until "load"


      42 |   await route.fulfill({status:200,contentType:'application/json',body:JSON.stringify(data)})
      43 |  })
    > 44 |  await page.goto('/projects?id=901&view=timeline')
         |             ^
      45 |  await expect(page.locator('[data-project-modern-gantt]')).toBeVisible()
      46 |  return {puts,errors,getProject:()=>project}
      47 | }
        at setup (/Users/haewonkim/.codex-fabric/worktrees/CF-636cebcd88631ae64e47fa3c/frontend/tests/projects-visual-repair.spec.ts:44:13)
        at /Users/haewonkim/.codex-fabric/worktrees/CF-636cebcd88631ae64e47fa3c/frontend/tests/projects-visual-repair.spec.ts:50:57

    attachment #1: screenshot (image/png) ──────────────────────────────────────────────────────────
    test-results/projects-visual-repair-usable-real-workspace-768x1024/test-failed-1.png
    ────────────────────────────────────────────────────────────────────────────────────────────────

    attachment #2: video (video/webm) ──────────────────────────────────────────────────────────────
    test-results/projects-visual-repair-usable-real-workspace-768x1024/video.webm
    ────────────────────────────────────────────────────────────────────────────────────────────────

    Error Context: test-results/projects-visual-repair-usable-real-workspace-768x1024/error-context.md

    attachment #4: trace (application/zip) ─────────────────────────────────────────────────────────
    test-results/projects-visual-repair-usable-real-workspace-768x1024/trace.zip
    Usage:

        npx playwright show-trace test-results/projects-visual-repair-usable-real-workspace-768x1024/trace.zip

    ────────────────────────────────────────────────────────────────────────────────────────────────

  125) tests/projects-visual-repair.spec.ts:49:35 › usable real workspace 1024x768 ─────────────────

    Error: page.goto: net::ERR_CONNECTION_REFUSED at http://127.0.0.1:5173/projects?id=901&view=timeline
    Call log:
      - navigating to "http://127.0.0.1:5173/projects?id=901&view=timeline", waiting until "load"


      42 |   await route.fulfill({status:200,contentType:'application/json',body:JSON.stringify(data)})
      43 |  })
    > 44 |  await page.goto('/projects?id=901&view=timeline')
         |             ^
      45 |  await expect(page.locator('[data-project-modern-gantt]')).toBeVisible()
      46 |  return {puts,errors,getProject:()=>project}
      47 | }
        at setup (/Users/haewonkim/.codex-fabric/worktrees/CF-636cebcd88631ae64e47fa3c/frontend/tests/projects-visual-repair.spec.ts:44:13)
        at /Users/haewonkim/.codex-fabric/worktrees/CF-636cebcd88631ae64e47fa3c/frontend/tests/projects-visual-repair.spec.ts:50:57

    attachment #1: screenshot (image/png) ──────────────────────────────────────────────────────────
    test-results/projects-visual-repair-usable-real-workspace-1024x768/test-failed-1.png
    ────────────────────────────────────────────────────────────────────────────────────────────────

    attachment #2: video (video/webm) ──────────────────────────────────────────────────────────────
    test-results/projects-visual-repair-usable-real-workspace-1024x768/video.webm
    ────────────────────────────────────────────────────────────────────────────────────────────────

    Error Context: test-results/projects-visual-repair-usable-real-workspace-1024x768/error-context.md

    attachment #4: trace (application/zip) ─────────────────────────────────────────────────────────
    test-results/projects-visual-repair-usable-real-workspace-1024x768/trace.zip
    Usage:

        npx playwright show-trace test-results/projects-visual-repair-usable-real-workspace-1024x768/trace.zip

    ────────────────────────────────────────────────────────────────────────────────────────────────

  126) tests/projects-visual-repair.spec.ts:49:35 › usable real workspace 1280x720 ─────────────────

    Error: page.goto: net::ERR_CONNECTION_REFUSED at http://127.0.0.1:5173/projects?id=901&view=timeline
    Call log:
      - navigating to "http://127.0.0.1:5173/projects?id=901&view=timeline", waiting until "load"


      42 |   await route.fulfill({status:200,contentType:'application/json',body:JSON.stringify(data)})
      43 |  })
    > 44 |  await page.goto('/projects?id=901&view=timeline')
         |             ^
      45 |  await expect(page.locator('[data-project-modern-gantt]')).toBeVisible()
      46 |  return {puts,errors,getProject:()=>project}
      47 | }
        at setup (/Users/haewonkim/.codex-fabric/worktrees/CF-636cebcd88631ae64e47fa3c/frontend/tests/projects-visual-repair.spec.ts:44:13)
        at /Users/haewonkim/.codex-fabric/worktrees/CF-636cebcd88631ae64e47fa3c/frontend/tests/projects-visual-repair.spec.ts:50:57

    attachment #1: screenshot (image/png) ──────────────────────────────────────────────────────────
    test-results/projects-visual-repair-usable-real-workspace-1280x720/test-failed-1.png
    ────────────────────────────────────────────────────────────────────────────────────────────────

    attachment #2: video (video/webm) ──────────────────────────────────────────────────────────────
    test-results/projects-visual-repair-usable-real-workspace-1280x720/video.webm
    ────────────────────────────────────────────────────────────────────────────────────────────────

    Error Context: test-results/projects-visual-repair-usable-real-workspace-1280x720/error-context.md

    attachment #4: trace (application/zip) ─────────────────────────────────────────────────────────
    test-results/projects-visual-repair-usable-real-workspace-1280x720/trace.zip
    Usage:

        npx playwright show-trace test-results/projects-visual-repair-usable-real-workspace-1280x720/trace.zip

    ────────────────────────────────────────────────────────────────────────────────────────────────

  127) tests/projects-visual-repair.spec.ts:49:35 › usable real workspace 1440x900 ─────────────────

    Error: page.goto: net::ERR_CONNECTION_REFUSED at http://127.0.0.1:5173/projects?id=901&view=timeline
    Call log:
      - navigating to "http://127.0.0.1:5173/projects?id=901&view=timeline", waiting until "load"


      42 |   await route.fulfill({status:200,contentType:'application/json',body:JSON.stringify(data)})
      43 |  })
    > 44 |  await page.goto('/projects?id=901&view=timeline')
         |             ^
      45 |  await expect(page.locator('[data-project-modern-gantt]')).toBeVisible()
      46 |  return {puts,errors,getProject:()=>project}
      47 | }
        at setup (/Users/haewonkim/.codex-fabric/worktrees/CF-636cebcd88631ae64e47fa3c/frontend/tests/projects-visual-repair.spec.ts:44:13)
        at /Users/haewonkim/.codex-fabric/worktrees/CF-636cebcd88631ae64e47fa3c/frontend/tests/projects-visual-repair.spec.ts:50:57

    attachment #1: screenshot (image/png) ──────────────────────────────────────────────────────────
    test-results/projects-visual-repair-usable-real-workspace-1440x900/test-failed-1.png
    ────────────────────────────────────────────────────────────────────────────────────────────────

    attachment #2: video (video/webm) ──────────────────────────────────────────────────────────────
    test-results/projects-visual-repair-usable-real-workspace-1440x900/video.webm
    ────────────────────────────────────────────────────────────────────────────────────────────────

    Error Context: test-results/projects-visual-repair-usable-real-workspace-1440x900/error-context.md

    attachment #4: trace (application/zip) ─────────────────────────────────────────────────────────
    test-results/projects-visual-repair-usable-real-workspace-1440x900/trace.zip
    Usage:

        npx playwright show-trace test-results/projects-visual-repair-usable-real-workspace-1440x900/trace.zip

    ────────────────────────────────────────────────────────────────────────────────────────────────

  128) tests/projects-visual-repair.spec.ts:49:35 › usable real workspace 1920x1080 ────────────────

    Error: page.goto: net::ERR_CONNECTION_REFUSED at http://127.0.0.1:5173/projects?id=901&view=timeline
    Call log:
      - navigating to "http://127.0.0.1:5173/projects?id=901&view=timeline", waiting until "load"


      42 |   await route.fulfill({status:200,contentType:'application/json',body:JSON.stringify(data)})
      43 |  })
    > 44 |  await page.goto('/projects?id=901&view=timeline')
         |             ^
      45 |  await expect(page.locator('[data-project-modern-gantt]')).toBeVisible()
      46 |  return {puts,errors,getProject:()=>project}
      47 | }
        at setup (/Users/haewonkim/.codex-fabric/worktrees/CF-636cebcd88631ae64e47fa3c/frontend/tests/projects-visual-repair.spec.ts:44:13)
        at /Users/haewonkim/.codex-fabric/worktrees/CF-636cebcd88631ae64e47fa3c/frontend/tests/projects-visual-repair.spec.ts:50:57

    attachment #1: screenshot (image/png) ──────────────────────────────────────────────────────────
    test-results/projects-visual-repair-usable-real-workspace-1920x1080/test-failed-1.png
    ────────────────────────────────────────────────────────────────────────────────────────────────

    attachment #2: video (video/webm) ──────────────────────────────────────────────────────────────
    test-results/projects-visual-repair-usable-real-workspace-1920x1080/video.webm
    ────────────────────────────────────────────────────────────────────────────────────────────────

    Error Context: test-results/projects-visual-repair-usable-real-workspace-1920x1080/error-context.md

    attachment #4: trace (application/zip) ─────────────────────────────────────────────────────────
    test-results/projects-visual-repair-usable-real-workspace-1920x1080/trace.zip
    Usage:

        npx playwright show-trace test-results/projects-visual-repair-usable-real-workspace-1920x1080/trace.zip

    ────────────────────────────────────────────────────────────────────────────────────────────────

  129) tests/projects-visual-repair.spec.ts:49:35 › usable real workspace 2560x1440 ────────────────

    Error: page.goto: net::ERR_CONNECTION_REFUSED at http://127.0.0.1:5173/projects?id=901&view=timeline
    Call log:
      - navigating to "http://127.0.0.1:5173/projects?id=901&view=timeline", waiting until "load"


      42 |   await route.fulfill({status:200,contentType:'application/json',body:JSON.stringify(data)})
      43 |  })
    > 44 |  await page.goto('/projects?id=901&view=timeline')
         |             ^
      45 |  await expect(page.locator('[data-project-modern-gantt]')).toBeVisible()
      46 |  return {puts,errors,getProject:()=>project}
      47 | }
        at setup (/Users/haewonkim/.codex-fabric/worktrees/CF-636cebcd88631ae64e47fa3c/frontend/tests/projects-visual-repair.spec.ts:44:13)
        at /Users/haewonkim/.codex-fabric/worktrees/CF-636cebcd88631ae64e47fa3c/frontend/tests/projects-visual-repair.spec.ts:50:57

    attachment #1: screenshot (image/png) ──────────────────────────────────────────────────────────
    test-results/projects-visual-repair-usable-real-workspace-2560x1440/test-failed-1.png
    ────────────────────────────────────────────────────────────────────────────────────────────────

    attachment #2: video (video/webm) ──────────────────────────────────────────────────────────────
    test-results/projects-visual-repair-usable-real-workspace-2560x1440/video.webm
    ────────────────────────────────────────────────────────────────────────────────────────────────

    Error Context: test-results/projects-visual-repair-usable-real-workspace-2560x1440/error-context.md

    attachment #4: trace (application/zip) ─────────────────────────────────────────────────────────
    test-results/projects-visual-repair-usable-real-workspace-2560x1440/trace.zip
    Usage:

        npx playwright show-trace test-results/projects-visual-repair-usable-real-workspace-2560x1440/trace.zip

    ────────────────────────────────────────────────────────────────────────────────────────────────

  130) tests/projects-visual-repair.spec.ts:61:1 › move, connected preview, cancellation, and history at the formerly failing 1280 viewport 

    Error: page.goto: net::ERR_CONNECTION_REFUSED at http://127.0.0.1:5173/projects?id=901&view=timeline
    Call log:
      - navigating to "http://127.0.0.1:5173/projects?id=901&view=timeline", waiting until "load"


      42 |   await route.fulfill({status:200,contentType:'application/json',body:JSON.stringify(data)})
      43 |  })
    > 44 |  await page.goto('/projects?id=901&view=timeline')
         |             ^
      45 |  await expect(page.locator('[data-project-modern-gantt]')).toBeVisible()
      46 |  return {puts,errors,getProject:()=>project}
      47 | }
        at setup (/Users/haewonkim/.codex-fabric/worktrees/CF-636cebcd88631ae64e47fa3c/frontend/tests/projects-visual-repair.spec.ts:44:13)
        at /Users/haewonkim/.codex-fabric/worktrees/CF-636cebcd88631ae64e47fa3c/frontend/tests/projects-visual-repair.spec.ts:62:10

    attachment #1: screenshot (image/png) ──────────────────────────────────────────────────────────
    test-results/projects-visual-repair-mov-3e158-merly-failing-1280-viewport/test-failed-1.png
    ────────────────────────────────────────────────────────────────────────────────────────────────

    attachment #2: video (video/webm) ──────────────────────────────────────────────────────────────
    test-results/projects-visual-repair-mov-3e158-merly-failing-1280-viewport/video.webm
    ────────────────────────────────────────────────────────────────────────────────────────────────

    Error Context: test-results/projects-visual-repair-mov-3e158-merly-failing-1280-viewport/error-context.md

    attachment #4: trace (application/zip) ─────────────────────────────────────────────────────────
    test-results/projects-visual-repair-mov-3e158-merly-failing-1280-viewport/trace.zip
    Usage:

        npx playwright show-trace test-results/projects-visual-repair-mov-3e158-merly-failing-1280-viewport/trace.zip

    ────────────────────────────────────────────────────────────────────────────────────────────────

  131) tests/projects-visual-repair.spec.ts:72:1 › Fit and short-bar date actions; connector inspection is not deletion 

    Error: page.goto: net::ERR_CONNECTION_REFUSED at http://127.0.0.1:5173/projects?id=901&view=timeline
    Call log:
      - navigating to "http://127.0.0.1:5173/projects?id=901&view=timeline", waiting until "load"


      42 |   await route.fulfill({status:200,contentType:'application/json',body:JSON.stringify(data)})
      43 |  })
    > 44 |  await page.goto('/projects?id=901&view=timeline')
         |             ^
      45 |  await expect(page.locator('[data-project-modern-gantt]')).toBeVisible()
      46 |  return {puts,errors,getProject:()=>project}
      47 | }
        at setup (/Users/haewonkim/.codex-fabric/worktrees/CF-636cebcd88631ae64e47fa3c/frontend/tests/projects-visual-repair.spec.ts:44:13)
        at /Users/haewonkim/.codex-fabric/worktrees/CF-636cebcd88631ae64e47fa3c/frontend/tests/projects-visual-repair.spec.ts:73:10

    attachment #1: screenshot (image/png) ──────────────────────────────────────────────────────────
    test-results/projects-visual-repair-Fit-06655--inspection-is-not-deletion/test-failed-1.png
    ────────────────────────────────────────────────────────────────────────────────────────────────

    attachment #2: video (video/webm) ──────────────────────────────────────────────────────────────
    test-results/projects-visual-repair-Fit-06655--inspection-is-not-deletion/video.webm
    ────────────────────────────────────────────────────────────────────────────────────────────────

    Error Context: test-results/projects-visual-repair-Fit-06655--inspection-is-not-deletion/error-context.md

    attachment #4: trace (application/zip) ─────────────────────────────────────────────────────────
    test-results/projects-visual-repair-Fit-06655--inspection-is-not-deletion/trace.zip
    Usage:

        npx playwright show-trace test-results/projects-visual-repair-Fit-06655--inspection-is-not-deletion/trace.zip

    ────────────────────────────────────────────────────────────────────────────────────────────────

  132) tests/projects-visual-repair.spec.ts:81:1 › wide resize and bounded realized DOM after scroll 

    Error: page.goto: net::ERR_CONNECTION_REFUSED at http://127.0.0.1:5173/projects?id=901&view=timeline
    Call log:
      - navigating to "http://127.0.0.1:5173/projects?id=901&view=timeline", waiting until "load"


      42 |   await route.fulfill({status:200,contentType:'application/json',body:JSON.stringify(data)})
      43 |  })
    > 44 |  await page.goto('/projects?id=901&view=timeline')
         |             ^
      45 |  await expect(page.locator('[data-project-modern-gantt]')).toBeVisible()
      46 |  return {puts,errors,getProject:()=>project}
      47 | }
        at setup (/Users/haewonkim/.codex-fabric/worktrees/CF-636cebcd88631ae64e47fa3c/frontend/tests/projects-visual-repair.spec.ts:44:13)
        at /Users/haewonkim/.codex-fabric/worktrees/CF-636cebcd88631ae64e47fa3c/frontend/tests/projects-visual-repair.spec.ts:82:10

    attachment #1: screenshot (image/png) ──────────────────────────────────────────────────────────
    test-results/projects-visual-repair-wid-43f64-d-realized-DOM-after-scroll/test-failed-1.png
    ────────────────────────────────────────────────────────────────────────────────────────────────

    attachment #2: video (video/webm) ──────────────────────────────────────────────────────────────
    test-results/projects-visual-repair-wid-43f64-d-realized-DOM-after-scroll/video.webm
    ────────────────────────────────────────────────────────────────────────────────────────────────

    Error Context: test-results/projects-visual-repair-wid-43f64-d-realized-DOM-after-scroll/error-context.md

    attachment #4: trace (application/zip) ─────────────────────────────────────────────────────────
    test-results/projects-visual-repair-wid-43f64-d-realized-DOM-after-scroll/trace.zip
    Usage:

        npx playwright show-trace test-results/projects-visual-repair-wid-43f64-d-realized-DOM-after-scroll/trace.zip

    ────────────────────────────────────────────────────────────────────────────────────────────────

  133) tests/projects-visual-repair.spec.ts:94:1 › virtual WBS semantics and keyboard schedule parity stay bounded 

    Error: page.goto: net::ERR_CONNECTION_REFUSED at http://127.0.0.1:5173/projects?id=901&view=timeline
    Call log:
      - navigating to "http://127.0.0.1:5173/projects?id=901&view=timeline", waiting until "load"


      42 |   await route.fulfill({status:200,contentType:'application/json',body:JSON.stringify(data)})
      43 |  })
    > 44 |  await page.goto('/projects?id=901&view=timeline')
         |             ^
      45 |  await expect(page.locator('[data-project-modern-gantt]')).toBeVisible()
      46 |  return {puts,errors,getProject:()=>project}
      47 | }
        at setup (/Users/haewonkim/.codex-fabric/worktrees/CF-636cebcd88631ae64e47fa3c/frontend/tests/projects-visual-repair.spec.ts:44:13)
        at /Users/haewonkim/.codex-fabric/worktrees/CF-636cebcd88631ae64e47fa3c/frontend/tests/projects-visual-repair.spec.ts:95:10

    attachment #1: screenshot (image/png) ──────────────────────────────────────────────────────────
    test-results/projects-visual-repair-vir-6a8ef-chedule-parity-stay-bounded/test-failed-1.png
    ────────────────────────────────────────────────────────────────────────────────────────────────

    attachment #2: video (video/webm) ──────────────────────────────────────────────────────────────
    test-results/projects-visual-repair-vir-6a8ef-chedule-parity-stay-bounded/video.webm
    ────────────────────────────────────────────────────────────────────────────────────────────────

    Error Context: test-results/projects-visual-repair-vir-6a8ef-chedule-parity-stay-bounded/error-context.md

    attachment #4: trace (application/zip) ─────────────────────────────────────────────────────────
    test-results/projects-visual-repair-vir-6a8ef-chedule-parity-stay-bounded/trace.zip
    Usage:

        npx playwright show-trace test-results/projects-visual-repair-vir-6a8ef-chedule-parity-stay-bounded/trace.zip

    ────────────────────────────────────────────────────────────────────────────────────────────────

  134) tests/projects-visual-repair.spec.ts:110:1 › Board and Work preserve status meaning and working space 

    Error: page.goto: net::ERR_CONNECTION_REFUSED at http://127.0.0.1:5173/projects?id=901&view=timeline
    Call log:
      - navigating to "http://127.0.0.1:5173/projects?id=901&view=timeline", waiting until "load"


      42 |   await route.fulfill({status:200,contentType:'application/json',body:JSON.stringify(data)})
      43 |  })
    > 44 |  await page.goto('/projects?id=901&view=timeline')
         |             ^
      45 |  await expect(page.locator('[data-project-modern-gantt]')).toBeVisible()
      46 |  return {puts,errors,getProject:()=>project}
      47 | }
        at setup (/Users/haewonkim/.codex-fabric/worktrees/CF-636cebcd88631ae64e47fa3c/frontend/tests/projects-visual-repair.spec.ts:44:13)
        at /Users/haewonkim/.codex-fabric/worktrees/CF-636cebcd88631ae64e47fa3c/frontend/tests/projects-visual-repair.spec.ts:111:14

    attachment #1: screenshot (image/png) ──────────────────────────────────────────────────────────
    test-results/projects-visual-repair-Boa-a6de5-s-meaning-and-working-space/test-failed-1.png
    ────────────────────────────────────────────────────────────────────────────────────────────────

    attachment #2: video (video/webm) ──────────────────────────────────────────────────────────────
    test-results/projects-visual-repair-Boa-a6de5-s-meaning-and-working-space/video.webm
    ────────────────────────────────────────────────────────────────────────────────────────────────

    Error Context: test-results/projects-visual-repair-Boa-a6de5-s-meaning-and-working-space/error-context.md

    attachment #4: trace (application/zip) ─────────────────────────────────────────────────────────
    test-results/projects-visual-repair-Boa-a6de5-s-meaning-and-working-space/trace.zip
    Usage:

        npx playwright show-trace test-results/projects-visual-repair-Boa-a6de5-s-meaning-and-working-space/trace.zip

    ────────────────────────────────────────────────────────────────────────────────────────────────

  135) tests/projects-visual-repair.spec.ts:121:1 › phone menu keeps focus contained and returns it on Escape 

    Error: page.goto: net::ERR_CONNECTION_REFUSED at http://127.0.0.1:5173/projects?id=901&view=timeline
    Call log:
      - navigating to "http://127.0.0.1:5173/projects?id=901&view=timeline", waiting until "load"


      42 |   await route.fulfill({status:200,contentType:'application/json',body:JSON.stringify(data)})
      43 |  })
    > 44 |  await page.goto('/projects?id=901&view=timeline')
         |             ^
      45 |  await expect(page.locator('[data-project-modern-gantt]')).toBeVisible()
      46 |  return {puts,errors,getProject:()=>project}
      47 | }
        at setup (/Users/haewonkim/.codex-fabric/worktrees/CF-636cebcd88631ae64e47fa3c/frontend/tests/projects-visual-repair.spec.ts:44:13)
        at /Users/haewonkim/.codex-fabric/worktrees/CF-636cebcd88631ae64e47fa3c/frontend/tests/projects-visual-repair.spec.ts:122:53

    attachment #1: screenshot (image/png) ──────────────────────────────────────────────────────────
    test-results/projects-visual-repair-pho-8f589-ed-and-returns-it-on-Escape/test-failed-1.png
    ────────────────────────────────────────────────────────────────────────────────────────────────

    attachment #2: video (video/webm) ──────────────────────────────────────────────────────────────
    test-results/projects-visual-repair-pho-8f589-ed-and-returns-it-on-Escape/video.webm
    ────────────────────────────────────────────────────────────────────────────────────────────────

    Error Context: test-results/projects-visual-repair-pho-8f589-ed-and-returns-it-on-Escape/error-context.md

    attachment #4: trace (application/zip) ─────────────────────────────────────────────────────────
    test-results/projects-visual-repair-pho-8f589-ed-and-returns-it-on-Escape/trace.zip
    Usage:

        npx playwright show-trace test-results/projects-visual-repair-pho-8f589-ed-and-returns-it-on-Escape/trace.zip

    ────────────────────────────────────────────────────────────────────────────────────────────────

  136) tests/projects-visual-repair.spec.ts:130:1 › Projects sidebar has final geometry on first frame and breakpoint changes 

    Error: page.goto: net::ERR_CONNECTION_REFUSED at http://127.0.0.1:5173/projects?id=901&view=timeline
    Call log:
      - navigating to "http://127.0.0.1:5173/projects?id=901&view=timeline", waiting until "load"


      42 |   await route.fulfill({status:200,contentType:'application/json',body:JSON.stringify(data)})
      43 |  })
    > 44 |  await page.goto('/projects?id=901&view=timeline')
         |             ^
      45 |  await expect(page.locator('[data-project-modern-gantt]')).toBeVisible()
      46 |  return {puts,errors,getProject:()=>project}
      47 | }
        at setup (/Users/haewonkim/.codex-fabric/worktrees/CF-636cebcd88631ae64e47fa3c/frontend/tests/projects-visual-repair.spec.ts:44:13)
        at /Users/haewonkim/.codex-fabric/worktrees/CF-636cebcd88631ae64e47fa3c/frontend/tests/projects-visual-repair.spec.ts:147:14

    attachment #1: screenshot (image/png) ──────────────────────────────────────────────────────────
    test-results/projects-visual-repair-Pro-8e17d-rame-and-breakpoint-changes/test-failed-1.png
    ────────────────────────────────────────────────────────────────────────────────────────────────

    attachment #2: video (video/webm) ──────────────────────────────────────────────────────────────
    test-results/projects-visual-repair-Pro-8e17d-rame-and-breakpoint-changes/video.webm
    ────────────────────────────────────────────────────────────────────────────────────────────────

    Error Context: test-results/projects-visual-repair-Pro-8e17d-rame-and-breakpoint-changes/error-context.md

    attachment #4: trace (application/zip) ─────────────────────────────────────────────────────────
    test-results/projects-visual-repair-Pro-8e17d-rame-and-breakpoint-changes/trace.zip
    Usage:

        npx playwright show-trace test-results/projects-visual-repair-Pro-8e17d-rame-and-breakpoint-changes/trace.zip

    ────────────────────────────────────────────────────────────────────────────────────────────────

  137) tests/projects-workflows.spec.ts:6:3 › Projects workflows › opens project config, keeps selection stable on delete, and blocks filtered reorder affordance 

    Error: apiRequestContext.post: connect ECONNREFUSED 127.0.0.1:8000
    Call log:
      - → POST http://127.0.0.1:8000/api/v1/projects
        - user-agent: Playwright/1.63.0 (arm64; macOS 26.6) node/22.23
        - accept: */*
        - accept-encoding: gzip,deflate,br
        - X-User-Id: haewon.kim
        - X-Tenant-Id: 1
        - content-type: application/json
        - content-length: 125


       at helpers/sysgrid-test.ts:42

      40 |     const customRequest = {
      41 |       post: async (path: string, options?: any) => {
    > 42 |         return request.post(path, {
         |                        ^
      43 |           ...options,
      44 |           headers: {
      45 |             ...testApiHeaders,
        at Object.post (/Users/haewonkim/.codex-fabric/worktrees/CF-636cebcd88631ae64e47fa3c/frontend/tests/helpers/sysgrid-test.ts:42:24)
        at post (/Users/haewonkim/.codex-fabric/worktrees/CF-636cebcd88631ae64e47fa3c/frontend/tests/helpers/sysgrid.ts:42:34)
        at createProject (/Users/haewonkim/.codex-fabric/worktrees/CF-636cebcd88631ae64e47fa3c/frontend/tests/helpers/sysgrid.ts:245:10)
        at /Users/haewonkim/.codex-fabric/worktrees/CF-636cebcd88631ae64e47fa3c/frontend/tests/projects-workflows.spec.ts:13:25

    attachment #1: screenshot (image/png) ──────────────────────────────────────────────────────────
    test-results/projects-workflows-Project-fd8f4-filtered-reorder-affordance/test-failed-1.png
    ────────────────────────────────────────────────────────────────────────────────────────────────

    attachment #2: video (video/webm) ──────────────────────────────────────────────────────────────
    test-results/projects-workflows-Project-fd8f4-filtered-reorder-affordance/video.webm
    ────────────────────────────────────────────────────────────────────────────────────────────────

    Error Context: test-results/projects-workflows-Project-fd8f4-filtered-reorder-affordance/error-context.md

    attachment #4: trace (application/zip) ─────────────────────────────────────────────────────────
    test-results/projects-workflows-Project-fd8f4-filtered-reorder-affordance/trace.zip
    Usage:

        npx playwright show-trace test-results/projects-workflows-Project-fd8f4-filtered-reorder-affordance/trace.zip

    ────────────────────────────────────────────────────────────────────────────────────────────────

  138) tests/pv1-browser-matrix.spec.ts:68:1 › PV1 browser/state acceptance matrix covers required cells with strict request failure @pv1-browser-matrix 

    Error: page.goto: net::ERR_CONNECTION_REFUSED at http://127.0.0.1:5173/projects?pv1_theme=nordic-frost-v1
    Call log:
      - navigating to "http://127.0.0.1:5173/projects?pv1_theme=nordic-frost-v1", waiting until "domcontentloaded"


       98 |     await page.setViewportSize({ width, height })
       99 |     for (const theme of themes) {
    > 100 |       await page.goto(`/projects?pv1_theme=${encodeURIComponent(theme)}`, { waitUntil: 'domcontentloaded' })
          |                  ^
      101 |       await expect(page.locator('[data-p04-portfolio="true"]')).toBeVisible()
      102 |       expect(await page.evaluate(() => document.documentElement.scrollWidth <= window.innerWidth + 1)).toBe(true)
      103 |       cells.push({ viewport: `${width}x${height}`, theme, width, height })
        at /Users/haewonkim/.codex-fabric/worktrees/CF-636cebcd88631ae64e47fa3c/frontend/tests/pv1-browser-matrix.spec.ts:100:18

    attachment #1: screenshot (image/png) ──────────────────────────────────────────────────────────
    test-results/pv1-browser-matrix-PV1-bro-3c027--failure-pv1-browser-matrix/test-failed-1.png
    ────────────────────────────────────────────────────────────────────────────────────────────────

    attachment #2: video (video/webm) ──────────────────────────────────────────────────────────────
    test-results/pv1-browser-matrix-PV1-bro-3c027--failure-pv1-browser-matrix/video.webm
    ────────────────────────────────────────────────────────────────────────────────────────────────

    Error Context: test-results/pv1-browser-matrix-PV1-bro-3c027--failure-pv1-browser-matrix/error-context.md

    attachment #4: trace (application/zip) ─────────────────────────────────────────────────────────
    test-results/pv1-browser-matrix-PV1-bro-3c027--failure-pv1-browser-matrix/trace.zip
    Usage:

        npx playwright show-trace test-results/pv1-browser-matrix-PV1-bro-3c027--failure-pv1-browser-matrix/trace.zip

    ────────────────────────────────────────────────────────────────────────────────────────────────

  139) tests/pv1-performance-browser.spec.ts:137:1 › PV1 Typical production browser performance evidence uses real backend and built frontend 

    Error: P12 performance environment is incomplete

      136 |
      137 | test(`PV1 ${profile} production browser performance evidence uses real backend and built frontend`, async ({ page, browser }) => {
    > 138 |   if (!apiOrigin || !projectId || !outputPath) throw new Error('P12 performance environment is incomplete')
          |                                                      ^
      139 |   const api = await request.newContext({ baseURL: apiOrigin, extraHTTPHeaders: headers })
      140 |   const pageErrors: string[] = []
      141 |   const consoleErrors: string[] = []
        at /Users/haewonkim/.codex-fabric/worktrees/CF-636cebcd88631ae64e47fa3c/frontend/tests/pv1-performance-browser.spec.ts:138:54

    attachment #1: screenshot (image/png) ──────────────────────────────────────────────────────────
    test-results/pv1-performance-browser-PV-1ca7c--backend-and-built-frontend/test-failed-1.png
    ────────────────────────────────────────────────────────────────────────────────────────────────

    attachment #2: video (video/webm) ──────────────────────────────────────────────────────────────
    test-results/pv1-performance-browser-PV-1ca7c--backend-and-built-frontend/video.webm
    ────────────────────────────────────────────────────────────────────────────────────────────────

    Error Context: test-results/pv1-performance-browser-PV-1ca7c--backend-and-built-frontend/error-context.md

    attachment #4: trace (application/zip) ─────────────────────────────────────────────────────────
    test-results/pv1-performance-browser-PV-1ca7c--backend-and-built-frontend/trace.zip
    Usage:

        npx playwright show-trace test-results/pv1-performance-browser-PV-1ca7c--backend-and-built-frontend/trace.zip

    ────────────────────────────────────────────────────────────────────────────────────────────────

  140) tests/racks-workflows.spec.ts:7:3 › Racks workflows › handles spatial navigation, site decommission fallback, and sandbox collision safety 

    Error: apiRequestContext.post: connect ECONNREFUSED 127.0.0.1:8000
    Call log:
      - → POST http://127.0.0.1:8000/api/v1/sites
        - user-agent: Playwright/1.63.0 (arm64; macOS 26.6) node/22.23
        - accept: */*
        - accept-encoding: gzip,deflate,br
        - X-User-Id: haewon.kim
        - X-Tenant-Id: 1
        - content-type: application/json
        - content-length: 89


       at helpers/sysgrid-test.ts:42

      40 |     const customRequest = {
      41 |       post: async (path: string, options?: any) => {
    > 42 |         return request.post(path, {
         |                        ^
      43 |           ...options,
      44 |           headers: {
      45 |             ...testApiHeaders,
        at Object.post (/Users/haewonkim/.codex-fabric/worktrees/CF-636cebcd88631ae64e47fa3c/frontend/tests/helpers/sysgrid-test.ts:42:24)
        at post (/Users/haewonkim/.codex-fabric/worktrees/CF-636cebcd88631ae64e47fa3c/frontend/tests/helpers/sysgrid.ts:42:34)
        at createSite (/Users/haewonkim/.codex-fabric/worktrees/CF-636cebcd88631ae64e47fa3c/frontend/tests/helpers/sysgrid.ts:349:10)
        at seedRackScenario (/Users/haewonkim/.codex-fabric/worktrees/CF-636cebcd88631ae64e47fa3c/frontend/tests/helpers/sysgrid.ts:466:23)
        at /Users/haewonkim/.codex-fabric/worktrees/CF-636cebcd88631ae64e47fa3c/frontend/tests/racks-workflows.spec.ts:9:77

    attachment #1: screenshot (image/png) ──────────────────────────────────────────────────────────
    test-results/racks-workflows-Racks-work-46720-nd-sandbox-collision-safety/test-failed-1.png
    ────────────────────────────────────────────────────────────────────────────────────────────────

    attachment #2: video (video/webm) ──────────────────────────────────────────────────────────────
    test-results/racks-workflows-Racks-work-46720-nd-sandbox-collision-safety/video.webm
    ────────────────────────────────────────────────────────────────────────────────────────────────

    Error Context: test-results/racks-workflows-Racks-work-46720-nd-sandbox-collision-safety/error-context.md

    attachment #4: trace (application/zip) ─────────────────────────────────────────────────────────
    test-results/racks-workflows-Racks-work-46720-nd-sandbox-collision-safety/trace.zip
    Usage:

        npx playwright show-trace test-results/racks-workflows-Racks-work-46720-nd-sandbox-collision-safety/trace.zip

    ────────────────────────────────────────────────────────────────────────────────────────────────

  141) tests/research-workflows.spec.ts:23:3 › Research workflows › filters by real years and rejects blank intelligence pulses 

    Error: apiRequestContext.post: connect ECONNREFUSED 127.0.0.1:8000
    Call log:
      - → POST http://127.0.0.1:8000/api/v1/investigations
        - user-agent: Playwright/1.63.0 (arm64; macOS 26.6) node/22.23
        - accept: */*
        - accept-encoding: gzip,deflate,br
        - X-User-Id: haewon.kim
        - X-Tenant-Id: 1
        - content-type: application/json
        - content-length: 167


       at helpers/sysgrid-test.ts:42

      40 |     const customRequest = {
      41 |       post: async (path: string, options?: any) => {
    > 42 |         return request.post(path, {
         |                        ^
      43 |           ...options,
      44 |           headers: {
      45 |             ...testApiHeaders,
        at Object.post (/Users/haewonkim/.codex-fabric/worktrees/CF-636cebcd88631ae64e47fa3c/frontend/tests/helpers/sysgrid-test.ts:42:24)
        at post (/Users/haewonkim/.codex-fabric/worktrees/CF-636cebcd88631ae64e47fa3c/frontend/tests/helpers/sysgrid.ts:42:34)
        at createInvestigation (/Users/haewonkim/.codex-fabric/worktrees/CF-636cebcd88631ae64e47fa3c/frontend/tests/helpers/sysgrid.ts:199:10)
        at /Users/haewonkim/.codex-fabric/worktrees/CF-636cebcd88631ae64e47fa3c/frontend/tests/research-workflows.spec.ts:27:32

    attachment #1: screenshot (image/png) ──────────────────────────────────────────────────────────
    test-results/research-workflows-Researc-1cc0e-s-blank-intelligence-pulses/test-failed-1.png
    ────────────────────────────────────────────────────────────────────────────────────────────────

    attachment #2: video (video/webm) ──────────────────────────────────────────────────────────────
    test-results/research-workflows-Researc-1cc0e-s-blank-intelligence-pulses/video.webm
    ────────────────────────────────────────────────────────────────────────────────────────────────

    Error Context: test-results/research-workflows-Researc-1cc0e-s-blank-intelligence-pulses/error-context.md

    attachment #4: trace (application/zip) ─────────────────────────────────────────────────────────
    test-results/research-workflows-Researc-1cc0e-s-blank-intelligence-pulses/trace.zip
    Usage:

        npx playwright show-trace test-results/research-workflows-Researc-1cc0e-s-blank-intelligence-pulses/trace.zip

    ────────────────────────────────────────────────────────────────────────────────────────────────

  142) tests/resilience/dataflow-chaos.spec.ts:8:1 › DataFlow resilience: Stalling node interaction 

    Error: page.goto: net::ERR_CONNECTION_REFUSED at http://127.0.0.1:5173/architecture
    Call log:
      - navigating to "http://127.0.0.1:5173/architecture", waiting until "load"


       9 |   await resetBrowserState(page);
      10 |
    > 11 |   await page.goto('/architecture');
         |              ^
      12 |   await waitForAppIdle(page);
      13 |   
      14 |   // Locate a node in ReactFlow - DeviceNodes have 'glass-panel' class
        at /Users/haewonkim/.codex-fabric/worktrees/CF-636cebcd88631ae64e47fa3c/frontend/tests/resilience/dataflow-chaos.spec.ts:11:14

    attachment #1: screenshot (image/png) ──────────────────────────────────────────────────────────
    test-results/resilience-dataflow-chaos--23730-e-Stalling-node-interaction/test-failed-1.png
    ────────────────────────────────────────────────────────────────────────────────────────────────

    attachment #2: video (video/webm) ──────────────────────────────────────────────────────────────
    test-results/resilience-dataflow-chaos--23730-e-Stalling-node-interaction/video.webm
    ────────────────────────────────────────────────────────────────────────────────────────────────

    Error Context: test-results/resilience-dataflow-chaos--23730-e-Stalling-node-interaction/error-context.md

    attachment #4: trace (application/zip) ─────────────────────────────────────────────────────────
    test-results/resilience-dataflow-chaos--23730-e-Stalling-node-interaction/trace.zip
    Usage:

        npx playwright show-trace test-results/resilience-dataflow-chaos--23730-e-Stalling-node-interaction/trace.zip

    ────────────────────────────────────────────────────────────────────────────────────────────────

  143) tests/resilience/far-chaos.spec.ts:10:1 › FAR mitigation deletion resilience: Network Stall + Rapid Click 

    Error: apiRequestContext.post: connect ECONNREFUSED 127.0.0.1:8000
    Call log:
      - → POST http://127.0.0.1:8000/api/v1/devices
        - user-agent: Playwright/1.63.0 (arm64; macOS 26.6) node/22.23
        - accept: */*
        - accept-encoding: gzip,deflate,br
        - X-User-Id: haewon.kim
        - X-Tenant-Id: 1
        - content-type: application/json
        - content-length: 323


       at helpers/sysgrid-test.ts:42

      40 |     const customRequest = {
      41 |       post: async (path: string, options?: any) => {
    > 42 |         return request.post(path, {
         |                        ^
      43 |           ...options,
      44 |           headers: {
      45 |             ...testApiHeaders,
        at Object.post (/Users/haewonkim/.codex-fabric/worktrees/CF-636cebcd88631ae64e47fa3c/frontend/tests/helpers/sysgrid-test.ts:42:24)
        at post (/Users/haewonkim/.codex-fabric/worktrees/CF-636cebcd88631ae64e47fa3c/frontend/tests/helpers/sysgrid.ts:42:34)
        at createAsset (/Users/haewonkim/.codex-fabric/worktrees/CF-636cebcd88631ae64e47fa3c/frontend/tests/helpers/sysgrid.ts:183:10)
        at seedOperationalScenario (/Users/haewonkim/.codex-fabric/worktrees/CF-636cebcd88631ae64e47fa3c/frontend/tests/helpers/sysgrid.ts:366:25)
        at /Users/haewonkim/.codex-fabric/worktrees/CF-636cebcd88631ae64e47fa3c/frontend/tests/resilience/far-chaos.spec.ts:13:25

    attachment #1: screenshot (image/png) ──────────────────────────────────────────────────────────
    test-results/resilience-far-chaos-FAR-m-ecbd3-e-Network-Stall-Rapid-Click/test-failed-1.png
    ────────────────────────────────────────────────────────────────────────────────────────────────

    attachment #2: video (video/webm) ──────────────────────────────────────────────────────────────
    test-results/resilience-far-chaos-FAR-m-ecbd3-e-Network-Stall-Rapid-Click/video.webm
    ────────────────────────────────────────────────────────────────────────────────────────────────

    Error Context: test-results/resilience-far-chaos-FAR-m-ecbd3-e-Network-Stall-Rapid-Click/error-context.md

    attachment #4: trace (application/zip) ─────────────────────────────────────────────────────────
    test-results/resilience-far-chaos-FAR-m-ecbd3-e-Network-Stall-Rapid-Click/trace.zip
    Usage:

        npx playwright show-trace test-results/resilience-far-chaos-FAR-m-ecbd3-e-Network-Stall-Rapid-Click/trace.zip

    ────────────────────────────────────────────────────────────────────────────────────────────────

  144) tests/resilience/monitoring-chaos.spec.ts:9:1 › Monitoring bulk action resilience: Network Stall + Rapid Interaction 

    Error: apiRequestContext.post: connect ECONNREFUSED 127.0.0.1:8000
    Call log:
      - → POST http://127.0.0.1:8000/api/v1/devices
        - user-agent: Playwright/1.63.0 (arm64; macOS 26.6) node/22.23
        - accept: */*
        - accept-encoding: gzip,deflate,br
        - X-User-Id: haewon.kim
        - X-Tenant-Id: 1
        - content-type: application/json
        - content-length: 325


       at helpers/sysgrid-test.ts:42

      40 |     const customRequest = {
      41 |       post: async (path: string, options?: any) => {
    > 42 |         return request.post(path, {
         |                        ^
      43 |           ...options,
      44 |           headers: {
      45 |             ...testApiHeaders,
        at Object.post (/Users/haewonkim/.codex-fabric/worktrees/CF-636cebcd88631ae64e47fa3c/frontend/tests/helpers/sysgrid-test.ts:42:24)
        at post (/Users/haewonkim/.codex-fabric/worktrees/CF-636cebcd88631ae64e47fa3c/frontend/tests/helpers/sysgrid.ts:42:34)
        at createAsset (/Users/haewonkim/.codex-fabric/worktrees/CF-636cebcd88631ae64e47fa3c/frontend/tests/helpers/sysgrid.ts:183:10)
        at seedOperationalScenario (/Users/haewonkim/.codex-fabric/worktrees/CF-636cebcd88631ae64e47fa3c/frontend/tests/helpers/sysgrid.ts:366:25)
        at /Users/haewonkim/.codex-fabric/worktrees/CF-636cebcd88631ae64e47fa3c/frontend/tests/resilience/monitoring-chaos.spec.ts:11:9

    attachment #1: screenshot (image/png) ──────────────────────────────────────────────────────────
    test-results/resilience-monitoring-chao-11823-ork-Stall-Rapid-Interaction/test-failed-1.png
    ────────────────────────────────────────────────────────────────────────────────────────────────

    attachment #2: video (video/webm) ──────────────────────────────────────────────────────────────
    test-results/resilience-monitoring-chao-11823-ork-Stall-Rapid-Interaction/video.webm
    ────────────────────────────────────────────────────────────────────────────────────────────────

    Error Context: test-results/resilience-monitoring-chao-11823-ork-Stall-Rapid-Interaction/error-context.md

    attachment #4: trace (application/zip) ─────────────────────────────────────────────────────────
    test-results/resilience-monitoring-chao-11823-ork-Stall-Rapid-Interaction/trace.zip
    Usage:

        npx playwright show-trace test-results/resilience-monitoring-chao-11823-ork-Stall-Rapid-Interaction/trace.zip

    ────────────────────────────────────────────────────────────────────────────────────────────────

  145) tests/resilience/projects-chaos.spec.ts:10:1 › Projects task update resilience: Network Stall + Rapid Interaction 

    Error: apiRequestContext.post: connect ECONNREFUSED 127.0.0.1:8000
    Call log:
      - → POST http://127.0.0.1:8000/api/v1/projects
        - user-agent: Playwright/1.63.0 (arm64; macOS 26.6) node/22.23
        - accept: */*
        - accept-encoding: gzip,deflate,br
        - X-User-Id: haewon.kim
        - X-Tenant-Id: 1
        - content-type: application/json
        - content-length: 148


       at helpers/sysgrid-test.ts:42

      40 |     const customRequest = {
      41 |       post: async (path: string, options?: any) => {
    > 42 |         return request.post(path, {
         |                        ^
      43 |           ...options,
      44 |           headers: {
      45 |             ...testApiHeaders,
        at Object.post (/Users/haewonkim/.codex-fabric/worktrees/CF-636cebcd88631ae64e47fa3c/frontend/tests/helpers/sysgrid-test.ts:42:24)
        at post (/Users/haewonkim/.codex-fabric/worktrees/CF-636cebcd88631ae64e47fa3c/frontend/tests/helpers/sysgrid.ts:42:34)
        at createProject (/Users/haewonkim/.codex-fabric/worktrees/CF-636cebcd88631ae64e47fa3c/frontend/tests/helpers/sysgrid.ts:245:10)
        at /Users/haewonkim/.codex-fabric/worktrees/CF-636cebcd88631ae64e47fa3c/frontend/tests/resilience/projects-chaos.spec.ts:13:25

    attachment #1: screenshot (image/png) ──────────────────────────────────────────────────────────
    test-results/resilience-projects-chaos--17487-ork-Stall-Rapid-Interaction/test-failed-1.png
    ────────────────────────────────────────────────────────────────────────────────────────────────

    attachment #2: video (video/webm) ──────────────────────────────────────────────────────────────
    test-results/resilience-projects-chaos--17487-ork-Stall-Rapid-Interaction/video.webm
    ────────────────────────────────────────────────────────────────────────────────────────────────

    Error Context: test-results/resilience-projects-chaos--17487-ork-Stall-Rapid-Interaction/error-context.md

    attachment #4: trace (application/zip) ─────────────────────────────────────────────────────────
    test-results/resilience-projects-chaos--17487-ork-Stall-Rapid-Interaction/trace.zip
    Usage:

        npx playwright show-trace test-results/resilience-projects-chaos--17487-ork-Stall-Rapid-Interaction/trace.zip

    ────────────────────────────────────────────────────────────────────────────────────────────────

  146) tests/resilience/services-chaos.spec.ts:8:1 › Service registration resilience: Network Stall + Rapid Interaction 

    Error: page.goto: net::ERR_CONNECTION_REFUSED at http://127.0.0.1:5173/services
    Call log:
      - navigating to "http://127.0.0.1:5173/services", waiting until "load"


       9 |   await resetBrowserState(page);
      10 |
    > 11 |   await page.goto('/services');
         |              ^
      12 |   await waitForAppIdle(page);
      13 |   
      14 |   // 1. Open the registration modal
        at /Users/haewonkim/.codex-fabric/worktrees/CF-636cebcd88631ae64e47fa3c/frontend/tests/resilience/services-chaos.spec.ts:11:14

    attachment #1: screenshot (image/png) ──────────────────────────────────────────────────────────
    test-results/resilience-services-chaos--57263-ork-Stall-Rapid-Interaction/test-failed-1.png
    ────────────────────────────────────────────────────────────────────────────────────────────────

    attachment #2: video (video/webm) ──────────────────────────────────────────────────────────────
    test-results/resilience-services-chaos--57263-ork-Stall-Rapid-Interaction/video.webm
    ────────────────────────────────────────────────────────────────────────────────────────────────

    Error Context: test-results/resilience-services-chaos--57263-ork-Stall-Rapid-Interaction/error-context.md

    attachment #4: trace (application/zip) ─────────────────────────────────────────────────────────
    test-results/resilience-services-chaos--57263-ork-Stall-Rapid-Interaction/trace.zip
    Usage:

        npx playwright show-trace test-results/resilience-services-chaos--57263-ork-Stall-Rapid-Interaction/trace.zip

    ────────────────────────────────────────────────────────────────────────────────────────────────

  147) tests/sentinel_comprehensive.spec.ts:34:5 › System Sentinel (Zero-Tolerance Coverage - Comprehensive) › Comprehensive Check: Dashboard loads and template is compliant 

    Error: page.goto: net::ERR_CONNECTION_REFUSED at http://127.0.0.1:5173/
    Call log:
      - navigating to "http://127.0.0.1:5173/", waiting until "load"


      34 |     test(`Comprehensive Check: ${view.name} loads and template is compliant`, async ({ page }) => {
      35 |       const pom = new view.pom(page);
    > 36 |       await page.goto(view.path);
         |                  ^
      37 |       await pom.waitForAppIdle();
      38 |
      39 |       // Check Golden Template Primitives
        at /Users/haewonkim/.codex-fabric/worktrees/CF-636cebcd88631ae64e47fa3c/frontend/tests/sentinel_comprehensive.spec.ts:36:18

    Error: Browser Runtime Error: Failed to read the 'sessionStorage' property from 'Window': Access is denied for this document.

      18 |     });
      19 |     page.on('pageerror', err => {
    > 20 |       throw new Error(`Browser Runtime Error: ${err.message}`);
         |             ^
      21 |     });
      22 |     await resetBrowserState(page);
      23 |   });
        at _Page.<anonymous> (/Users/haewonkim/.codex-fabric/worktrees/CF-636cebcd88631ae64e47fa3c/frontend/tests/sentinel_comprehensive.spec.ts:20:13)

    attachment #1: screenshot (image/png) ──────────────────────────────────────────────────────────
    test-results/sentinel_comprehensive-Sys-fa309-s-and-template-is-compliant/test-failed-1.png
    ────────────────────────────────────────────────────────────────────────────────────────────────

    attachment #2: video (video/webm) ──────────────────────────────────────────────────────────────
    test-results/sentinel_comprehensive-Sys-fa309-s-and-template-is-compliant/video.webm
    ────────────────────────────────────────────────────────────────────────────────────────────────

    Error Context: test-results/sentinel_comprehensive-Sys-fa309-s-and-template-is-compliant/error-context.md

    attachment #4: trace (application/zip) ─────────────────────────────────────────────────────────
    test-results/sentinel_comprehensive-Sys-fa309-s-and-template-is-compliant/trace.zip
    Usage:

        npx playwright show-trace test-results/sentinel_comprehensive-Sys-fa309-s-and-template-is-compliant/trace.zip

    ────────────────────────────────────────────────────────────────────────────────────────────────

  148) tests/sentinel_comprehensive.spec.ts:34:5 › System Sentinel (Zero-Tolerance Coverage - Comprehensive) › Comprehensive Check: Monitoring loads and template is compliant 

    Error: page.goto: net::ERR_CONNECTION_REFUSED at http://127.0.0.1:5173/monitoring
    Call log:
      - navigating to "http://127.0.0.1:5173/monitoring", waiting until "load"


      34 |     test(`Comprehensive Check: ${view.name} loads and template is compliant`, async ({ page }) => {
      35 |       const pom = new view.pom(page);
    > 36 |       await page.goto(view.path);
         |                  ^
      37 |       await pom.waitForAppIdle();
      38 |
      39 |       // Check Golden Template Primitives
        at /Users/haewonkim/.codex-fabric/worktrees/CF-636cebcd88631ae64e47fa3c/frontend/tests/sentinel_comprehensive.spec.ts:36:18

    Error: Browser Runtime Error: Failed to read the 'sessionStorage' property from 'Window': Access is denied for this document.

      18 |     });
      19 |     page.on('pageerror', err => {
    > 20 |       throw new Error(`Browser Runtime Error: ${err.message}`);
         |             ^
      21 |     });
      22 |     await resetBrowserState(page);
      23 |   });
        at _Page.<anonymous> (/Users/haewonkim/.codex-fabric/worktrees/CF-636cebcd88631ae64e47fa3c/frontend/tests/sentinel_comprehensive.spec.ts:20:13)

    attachment #1: screenshot (image/png) ──────────────────────────────────────────────────────────
    test-results/sentinel_comprehensive-Sys-64553-s-and-template-is-compliant/test-failed-1.png
    ────────────────────────────────────────────────────────────────────────────────────────────────

    attachment #2: video (video/webm) ──────────────────────────────────────────────────────────────
    test-results/sentinel_comprehensive-Sys-64553-s-and-template-is-compliant/video.webm
    ────────────────────────────────────────────────────────────────────────────────────────────────

    Error Context: test-results/sentinel_comprehensive-Sys-64553-s-and-template-is-compliant/error-context.md

    attachment #4: trace (application/zip) ─────────────────────────────────────────────────────────
    test-results/sentinel_comprehensive-Sys-64553-s-and-template-is-compliant/trace.zip
    Usage:

        npx playwright show-trace test-results/sentinel_comprehensive-Sys-64553-s-and-template-is-compliant/trace.zip

    ────────────────────────────────────────────────────────────────────────────────────────────────

  149) tests/sentinel_comprehensive.spec.ts:34:5 › System Sentinel (Zero-Tolerance Coverage - Comprehensive) › Comprehensive Check: Assets loads and template is compliant 

    Error: page.goto: net::ERR_CONNECTION_REFUSED at http://127.0.0.1:5173/assets
    Call log:
      - navigating to "http://127.0.0.1:5173/assets", waiting until "load"


      34 |     test(`Comprehensive Check: ${view.name} loads and template is compliant`, async ({ page }) => {
      35 |       const pom = new view.pom(page);
    > 36 |       await page.goto(view.path);
         |                  ^
      37 |       await pom.waitForAppIdle();
      38 |
      39 |       // Check Golden Template Primitives
        at /Users/haewonkim/.codex-fabric/worktrees/CF-636cebcd88631ae64e47fa3c/frontend/tests/sentinel_comprehensive.spec.ts:36:18

    Error: Browser Runtime Error: Failed to read the 'sessionStorage' property from 'Window': Access is denied for this document.

      18 |     });
      19 |     page.on('pageerror', err => {
    > 20 |       throw new Error(`Browser Runtime Error: ${err.message}`);
         |             ^
      21 |     });
      22 |     await resetBrowserState(page);
      23 |   });
        at _Page.<anonymous> (/Users/haewonkim/.codex-fabric/worktrees/CF-636cebcd88631ae64e47fa3c/frontend/tests/sentinel_comprehensive.spec.ts:20:13)

    attachment #1: screenshot (image/png) ──────────────────────────────────────────────────────────
    test-results/sentinel_comprehensive-Sys-f21e0-s-and-template-is-compliant/test-failed-1.png
    ────────────────────────────────────────────────────────────────────────────────────────────────

    attachment #2: video (video/webm) ──────────────────────────────────────────────────────────────
    test-results/sentinel_comprehensive-Sys-f21e0-s-and-template-is-compliant/video.webm
    ────────────────────────────────────────────────────────────────────────────────────────────────

    Error Context: test-results/sentinel_comprehensive-Sys-f21e0-s-and-template-is-compliant/error-context.md

    attachment #4: trace (application/zip) ─────────────────────────────────────────────────────────
    test-results/sentinel_comprehensive-Sys-f21e0-s-and-template-is-compliant/trace.zip
    Usage:

        npx playwright show-trace test-results/sentinel_comprehensive-Sys-f21e0-s-and-template-is-compliant/trace.zip

    ────────────────────────────────────────────────────────────────────────────────────────────────

  150) tests/sentinel_comprehensive.spec.ts:34:5 › System Sentinel (Zero-Tolerance Coverage - Comprehensive) › Comprehensive Check: Projects loads and template is compliant 

    Error: page.goto: net::ERR_CONNECTION_REFUSED at http://127.0.0.1:5173/projects
    Call log:
      - navigating to "http://127.0.0.1:5173/projects", waiting until "load"


      34 |     test(`Comprehensive Check: ${view.name} loads and template is compliant`, async ({ page }) => {
      35 |       const pom = new view.pom(page);
    > 36 |       await page.goto(view.path);
         |                  ^
      37 |       await pom.waitForAppIdle();
      38 |
      39 |       // Check Golden Template Primitives
        at /Users/haewonkim/.codex-fabric/worktrees/CF-636cebcd88631ae64e47fa3c/frontend/tests/sentinel_comprehensive.spec.ts:36:18

    Error: Browser Runtime Error: Failed to read the 'sessionStorage' property from 'Window': Access is denied for this document.

      18 |     });
      19 |     page.on('pageerror', err => {
    > 20 |       throw new Error(`Browser Runtime Error: ${err.message}`);
         |             ^
      21 |     });
      22 |     await resetBrowserState(page);
      23 |   });
        at _Page.<anonymous> (/Users/haewonkim/.codex-fabric/worktrees/CF-636cebcd88631ae64e47fa3c/frontend/tests/sentinel_comprehensive.spec.ts:20:13)

    attachment #1: screenshot (image/png) ──────────────────────────────────────────────────────────
    test-results/sentinel_comprehensive-Sys-58a38-s-and-template-is-compliant/test-failed-1.png
    ────────────────────────────────────────────────────────────────────────────────────────────────

    attachment #2: video (video/webm) ──────────────────────────────────────────────────────────────
    test-results/sentinel_comprehensive-Sys-58a38-s-and-template-is-compliant/video.webm
    ────────────────────────────────────────────────────────────────────────────────────────────────

    Error Context: test-results/sentinel_comprehensive-Sys-58a38-s-and-template-is-compliant/error-context.md

    attachment #4: trace (application/zip) ─────────────────────────────────────────────────────────
    test-results/sentinel_comprehensive-Sys-58a38-s-and-template-is-compliant/trace.zip
    Usage:

        npx playwright show-trace test-results/sentinel_comprehensive-Sys-58a38-s-and-template-is-compliant/trace.zip

    ────────────────────────────────────────────────────────────────────────────────────────────────

  151) tests/sentinel_comprehensive.spec.ts:34:5 › System Sentinel (Zero-Tolerance Coverage - Comprehensive) › Comprehensive Check: Settings loads and template is compliant 

    Error: page.goto: net::ERR_CONNECTION_REFUSED at http://127.0.0.1:5173/settings
    Call log:
      - navigating to "http://127.0.0.1:5173/settings", waiting until "load"


      34 |     test(`Comprehensive Check: ${view.name} loads and template is compliant`, async ({ page }) => {
      35 |       const pom = new view.pom(page);
    > 36 |       await page.goto(view.path);
         |                  ^
      37 |       await pom.waitForAppIdle();
      38 |
      39 |       // Check Golden Template Primitives
        at /Users/haewonkim/.codex-fabric/worktrees/CF-636cebcd88631ae64e47fa3c/frontend/tests/sentinel_comprehensive.spec.ts:36:18

    Error: Browser Runtime Error: Failed to read the 'sessionStorage' property from 'Window': Access is denied for this document.

      18 |     });
      19 |     page.on('pageerror', err => {
    > 20 |       throw new Error(`Browser Runtime Error: ${err.message}`);
         |             ^
      21 |     });
      22 |     await resetBrowserState(page);
      23 |   });
        at _Page.<anonymous> (/Users/haewonkim/.codex-fabric/worktrees/CF-636cebcd88631ae64e47fa3c/frontend/tests/sentinel_comprehensive.spec.ts:20:13)

    attachment #1: screenshot (image/png) ──────────────────────────────────────────────────────────
    test-results/sentinel_comprehensive-Sys-84051-s-and-template-is-compliant/test-failed-1.png
    ────────────────────────────────────────────────────────────────────────────────────────────────

    attachment #2: video (video/webm) ──────────────────────────────────────────────────────────────
    test-results/sentinel_comprehensive-Sys-84051-s-and-template-is-compliant/video.webm
    ────────────────────────────────────────────────────────────────────────────────────────────────

    Error Context: test-results/sentinel_comprehensive-Sys-84051-s-and-template-is-compliant/error-context.md

    attachment #4: trace (application/zip) ─────────────────────────────────────────────────────────
    test-results/sentinel_comprehensive-Sys-84051-s-and-template-is-compliant/trace.zip
    Usage:

        npx playwright show-trace test-results/sentinel_comprehensive-Sys-84051-s-and-template-is-compliant/trace.zip

    ────────────────────────────────────────────────────────────────────────────────────────────────

  152) tests/sentinel_smoke.spec.ts:31:5 › System Sentinel (Zero-Tolerance Coverage) › Integrity Check: Dashboard loads and template is compliant 

    Error: page.goto: net::ERR_CONNECTION_REFUSED at http://127.0.0.1:5173/
    Call log:
      - navigating to "http://127.0.0.1:5173/", waiting until "load"


      31 |     test(`Integrity Check: ${view.name} loads and template is compliant`, async ({ page }) => {
      32 |       const pom = new view.pom(page);
    > 33 |       await page.goto(view.path);
         |                  ^
      34 |       await pom.waitForAppIdle();
      35 |
      36 |       // Check Golden Template Primitives
        at /Users/haewonkim/.codex-fabric/worktrees/CF-636cebcd88631ae64e47fa3c/frontend/tests/sentinel_smoke.spec.ts:33:18

    attachment #1: screenshot (image/png) ──────────────────────────────────────────────────────────
    test-results/sentinel_smoke-System-Sent-1f197-s-and-template-is-compliant/test-failed-1.png
    ────────────────────────────────────────────────────────────────────────────────────────────────

    attachment #2: video (video/webm) ──────────────────────────────────────────────────────────────
    test-results/sentinel_smoke-System-Sent-1f197-s-and-template-is-compliant/video.webm
    ────────────────────────────────────────────────────────────────────────────────────────────────

    Error Context: test-results/sentinel_smoke-System-Sent-1f197-s-and-template-is-compliant/error-context.md

    attachment #4: trace (application/zip) ─────────────────────────────────────────────────────────
    test-results/sentinel_smoke-System-Sent-1f197-s-and-template-is-compliant/trace.zip
    Usage:

        npx playwright show-trace test-results/sentinel_smoke-System-Sent-1f197-s-and-template-is-compliant/trace.zip

    ────────────────────────────────────────────────────────────────────────────────────────────────

  153) tests/sentinel_smoke.spec.ts:31:5 › System Sentinel (Zero-Tolerance Coverage) › Integrity Check: Monitoring loads and template is compliant 

    Error: page.goto: net::ERR_CONNECTION_REFUSED at http://127.0.0.1:5173/monitoring
    Call log:
      - navigating to "http://127.0.0.1:5173/monitoring", waiting until "load"


      31 |     test(`Integrity Check: ${view.name} loads and template is compliant`, async ({ page }) => {
      32 |       const pom = new view.pom(page);
    > 33 |       await page.goto(view.path);
         |                  ^
      34 |       await pom.waitForAppIdle();
      35 |
      36 |       // Check Golden Template Primitives
        at /Users/haewonkim/.codex-fabric/worktrees/CF-636cebcd88631ae64e47fa3c/frontend/tests/sentinel_smoke.spec.ts:33:18

    attachment #1: screenshot (image/png) ──────────────────────────────────────────────────────────
    test-results/sentinel_smoke-System-Sent-a578f-s-and-template-is-compliant/test-failed-1.png
    ────────────────────────────────────────────────────────────────────────────────────────────────

    attachment #2: video (video/webm) ──────────────────────────────────────────────────────────────
    test-results/sentinel_smoke-System-Sent-a578f-s-and-template-is-compliant/video.webm
    ────────────────────────────────────────────────────────────────────────────────────────────────

    Error Context: test-results/sentinel_smoke-System-Sent-a578f-s-and-template-is-compliant/error-context.md

    attachment #4: trace (application/zip) ─────────────────────────────────────────────────────────
    test-results/sentinel_smoke-System-Sent-a578f-s-and-template-is-compliant/trace.zip
    Usage:

        npx playwright show-trace test-results/sentinel_smoke-System-Sent-a578f-s-and-template-is-compliant/trace.zip

    ────────────────────────────────────────────────────────────────────────────────────────────────

  154) tests/sentinel_smoke.spec.ts:31:5 › System Sentinel (Zero-Tolerance Coverage) › Integrity Check: Assets loads and template is compliant 

    Error: page.goto: net::ERR_CONNECTION_REFUSED at http://127.0.0.1:5173/assets
    Call log:
      - navigating to "http://127.0.0.1:5173/assets", waiting until "load"


      31 |     test(`Integrity Check: ${view.name} loads and template is compliant`, async ({ page }) => {
      32 |       const pom = new view.pom(page);
    > 33 |       await page.goto(view.path);
         |                  ^
      34 |       await pom.waitForAppIdle();
      35 |
      36 |       // Check Golden Template Primitives
        at /Users/haewonkim/.codex-fabric/worktrees/CF-636cebcd88631ae64e47fa3c/frontend/tests/sentinel_smoke.spec.ts:33:18

    attachment #1: screenshot (image/png) ──────────────────────────────────────────────────────────
    test-results/sentinel_smoke-System-Sent-d753c-s-and-template-is-compliant/test-failed-1.png
    ────────────────────────────────────────────────────────────────────────────────────────────────

    attachment #2: video (video/webm) ──────────────────────────────────────────────────────────────
    test-results/sentinel_smoke-System-Sent-d753c-s-and-template-is-compliant/video.webm
    ────────────────────────────────────────────────────────────────────────────────────────────────

    Error Context: test-results/sentinel_smoke-System-Sent-d753c-s-and-template-is-compliant/error-context.md

    attachment #4: trace (application/zip) ─────────────────────────────────────────────────────────
    test-results/sentinel_smoke-System-Sent-d753c-s-and-template-is-compliant/trace.zip
    Usage:

        npx playwright show-trace test-results/sentinel_smoke-System-Sent-d753c-s-and-template-is-compliant/trace.zip

    ────────────────────────────────────────────────────────────────────────────────────────────────

  155) tests/sentinel_smoke.spec.ts:31:5 › System Sentinel (Zero-Tolerance Coverage) › Integrity Check: Projects loads and template is compliant 

    Error: page.goto: net::ERR_CONNECTION_REFUSED at http://127.0.0.1:5173/projects
    Call log:
      - navigating to "http://127.0.0.1:5173/projects", waiting until "load"


      31 |     test(`Integrity Check: ${view.name} loads and template is compliant`, async ({ page }) => {
      32 |       const pom = new view.pom(page);
    > 33 |       await page.goto(view.path);
         |                  ^
      34 |       await pom.waitForAppIdle();
      35 |
      36 |       // Check Golden Template Primitives
        at /Users/haewonkim/.codex-fabric/worktrees/CF-636cebcd88631ae64e47fa3c/frontend/tests/sentinel_smoke.spec.ts:33:18

    attachment #1: screenshot (image/png) ──────────────────────────────────────────────────────────
    test-results/sentinel_smoke-System-Sent-51d68-s-and-template-is-compliant/test-failed-1.png
    ────────────────────────────────────────────────────────────────────────────────────────────────

    attachment #2: video (video/webm) ──────────────────────────────────────────────────────────────
    test-results/sentinel_smoke-System-Sent-51d68-s-and-template-is-compliant/video.webm
    ────────────────────────────────────────────────────────────────────────────────────────────────

    Error Context: test-results/sentinel_smoke-System-Sent-51d68-s-and-template-is-compliant/error-context.md

    attachment #4: trace (application/zip) ─────────────────────────────────────────────────────────
    test-results/sentinel_smoke-System-Sent-51d68-s-and-template-is-compliant/trace.zip
    Usage:

        npx playwright show-trace test-results/sentinel_smoke-System-Sent-51d68-s-and-template-is-compliant/trace.zip

    ────────────────────────────────────────────────────────────────────────────────────────────────

  156) tests/sentinel_smoke.spec.ts:31:5 › System Sentinel (Zero-Tolerance Coverage) › Integrity Check: Settings loads and template is compliant 

    Error: page.goto: net::ERR_CONNECTION_REFUSED at http://127.0.0.1:5173/settings
    Call log:
      - navigating to "http://127.0.0.1:5173/settings", waiting until "load"


      31 |     test(`Integrity Check: ${view.name} loads and template is compliant`, async ({ page }) => {
      32 |       const pom = new view.pom(page);
    > 33 |       await page.goto(view.path);
         |                  ^
      34 |       await pom.waitForAppIdle();
      35 |
      36 |       // Check Golden Template Primitives
        at /Users/haewonkim/.codex-fabric/worktrees/CF-636cebcd88631ae64e47fa3c/frontend/tests/sentinel_smoke.spec.ts:33:18

    attachment #1: screenshot (image/png) ──────────────────────────────────────────────────────────
    test-results/sentinel_smoke-System-Sent-c0949-s-and-template-is-compliant/test-failed-1.png
    ────────────────────────────────────────────────────────────────────────────────────────────────

    attachment #2: video (video/webm) ──────────────────────────────────────────────────────────────
    test-results/sentinel_smoke-System-Sent-c0949-s-and-template-is-compliant/video.webm
    ────────────────────────────────────────────────────────────────────────────────────────────────

    Error Context: test-results/sentinel_smoke-System-Sent-c0949-s-and-template-is-compliant/error-context.md

    attachment #4: trace (application/zip) ─────────────────────────────────────────────────────────
    test-results/sentinel_smoke-System-Sent-c0949-s-and-template-is-compliant/trace.zip
    Usage:

        npx playwright show-trace test-results/sentinel_smoke-System-Sent-c0949-s-and-template-is-compliant/trace.zip

    ────────────────────────────────────────────────────────────────────────────────────────────────

  157) tests/sentinel_smoke.spec.ts:42:3 › System Sentinel (Zero-Tolerance Coverage) › Monitoring View: Golden Template Deep Link & Share Integrity 

    Error: page.goto: net::ERR_CONNECTION_REFUSED at http://127.0.0.1:5173/monitoring
    Call log:
      - navigating to "http://127.0.0.1:5173/monitoring", waiting until "load"


      42 |   test('Monitoring View: Golden Template Deep Link & Share Integrity', async ({ page }) => {
      43 |     const monitoringView = new MonitoringView(page);
    > 44 |     await page.goto('/monitoring');
         |                ^
      45 |     await monitoringView.waitForAppIdle();
      46 |
      47 |     // Select first item with wait
        at /Users/haewonkim/.codex-fabric/worktrees/CF-636cebcd88631ae64e47fa3c/frontend/tests/sentinel_smoke.spec.ts:44:16

    attachment #1: screenshot (image/png) ──────────────────────────────────────────────────────────
    test-results/sentinel_smoke-System-Sent-56210-e-Deep-Link-Share-Integrity/test-failed-1.png
    ────────────────────────────────────────────────────────────────────────────────────────────────

    attachment #2: video (video/webm) ──────────────────────────────────────────────────────────────
    test-results/sentinel_smoke-System-Sent-56210-e-Deep-Link-Share-Integrity/video.webm
    ────────────────────────────────────────────────────────────────────────────────────────────────

    Error Context: test-results/sentinel_smoke-System-Sent-56210-e-Deep-Link-Share-Integrity/error-context.md

    attachment #4: trace (application/zip) ─────────────────────────────────────────────────────────
    test-results/sentinel_smoke-System-Sent-56210-e-Deep-Link-Share-Integrity/trace.zip
    Usage:

        npx playwright show-trace test-results/sentinel_smoke-System-Sent-56210-e-Deep-Link-Share-Integrity/trace.zip

    ────────────────────────────────────────────────────────────────────────────────────────────────

  158) tests/service-workflows.spec.ts:9:3 › Service workflows › tolerates malformed metadata and clears deep-link state on close 

    Error: apiRequestContext.post: connect ECONNREFUSED 127.0.0.1:8000
    Call log:
      - → POST http://127.0.0.1:8000/api/v1/devices
        - user-agent: Playwright/1.63.0 (arm64; macOS 26.6) node/22.23
        - accept: */*
        - accept-encoding: gzip,deflate,br
        - X-User-Id: haewon.kim
        - X-Tenant-Id: 1
        - content-type: application/json
        - content-length: 272


       at helpers/sysgrid-test.ts:42

      40 |     const customRequest = {
      41 |       post: async (path: string, options?: any) => {
    > 42 |         return request.post(path, {
         |                        ^
      43 |           ...options,
      44 |           headers: {
      45 |             ...testApiHeaders,
        at Object.post (/Users/haewonkim/.codex-fabric/worktrees/CF-636cebcd88631ae64e47fa3c/frontend/tests/helpers/sysgrid-test.ts:42:24)
        at post (/Users/haewonkim/.codex-fabric/worktrees/CF-636cebcd88631ae64e47fa3c/frontend/tests/helpers/sysgrid.ts:42:34)
        at createAsset (/Users/haewonkim/.codex-fabric/worktrees/CF-636cebcd88631ae64e47fa3c/frontend/tests/helpers/sysgrid.ts:183:10)
        at /Users/haewonkim/.codex-fabric/worktrees/CF-636cebcd88631ae64e47fa3c/frontend/tests/service-workflows.spec.ts:13:24

    attachment #1: screenshot (image/png) ──────────────────────────────────────────────────────────
    test-results/service-workflows-Service--cd444-rs-deep-link-state-on-close/test-failed-1.png
    ────────────────────────────────────────────────────────────────────────────────────────────────

    attachment #2: video (video/webm) ──────────────────────────────────────────────────────────────
    test-results/service-workflows-Service--cd444-rs-deep-link-state-on-close/video.webm
    ────────────────────────────────────────────────────────────────────────────────────────────────

    Error Context: test-results/service-workflows-Service--cd444-rs-deep-link-state-on-close/error-context.md

    attachment #4: trace (application/zip) ─────────────────────────────────────────────────────────
    test-results/service-workflows-Service--cd444-rs-deep-link-state-on-close/trace.zip
    Usage:

        npx playwright show-trace test-results/service-workflows-Service--cd444-rs-deep-link-state-on-close/trace.zip

    ────────────────────────────────────────────────────────────────────────────────────────────────

  159) tests/settings-and-audit.spec.ts:9:3 › Settings and audit workflows › persists theme and loads major settings sections 

    Error: page.goto: net::ERR_CONNECTION_REFUSED at http://127.0.0.1:5173/settings
    Call log:
      - navigating to "http://127.0.0.1:5173/settings", waiting until "load"


      10 |     await resetBrowserState(page)
      11 |
    > 12 |     await page.goto('/settings')
         |                ^
      13 |     await expect(page.getByText('Infrastructure Domain')).toBeVisible()
      14 |
      15 |     await clickResilientButton(page, /^Light$/)
        at /Users/haewonkim/.codex-fabric/worktrees/CF-636cebcd88631ae64e47fa3c/frontend/tests/settings-and-audit.spec.ts:12:16

    attachment #1: screenshot (image/png) ──────────────────────────────────────────────────────────
    test-results/settings-and-audit-Setting-5d98d-ads-major-settings-sections/test-failed-1.png
    ────────────────────────────────────────────────────────────────────────────────────────────────

    attachment #2: video (video/webm) ──────────────────────────────────────────────────────────────
    test-results/settings-and-audit-Setting-5d98d-ads-major-settings-sections/video.webm
    ────────────────────────────────────────────────────────────────────────────────────────────────

    Error Context: test-results/settings-and-audit-Setting-5d98d-ads-major-settings-sections/error-context.md

    attachment #4: trace (application/zip) ─────────────────────────────────────────────────────────
    test-results/settings-and-audit-Setting-5d98d-ads-major-settings-sections/trace.zip
    Usage:

        npx playwright show-trace test-results/settings-and-audit-Setting-5d98d-ads-major-settings-sections/trace.zip

    ────────────────────────────────────────────────────────────────────────────────────────────────

  160) tests/settings-and-audit.spec.ts:32:3 › Settings and audit workflows › filters operators and keeps tenant input after a failed create attempt 

    Error: page.goto: net::ERR_CONNECTION_REFUSED at http://127.0.0.1:5173/settings?tab=permissions
    Call log:
      - navigating to "http://127.0.0.1:5173/settings?tab=permissions", waiting until "load"


      33 |     await resetBrowserState(page)
      34 |
    > 35 |     await page.goto('/settings?tab=permissions')
         |                ^
      36 |     await expect(page.getByText('Identity Sync Pipeline')).toBeVisible()
      37 |     await page.getByPlaceholder('Search identity, department, or team...').fill('admin_root')
      38 |     const adminRow = page.locator('table > tbody > tr').filter({ hasText: 'admin_root' }).first()
        at /Users/haewonkim/.codex-fabric/worktrees/CF-636cebcd88631ae64e47fa3c/frontend/tests/settings-and-audit.spec.ts:35:16

    attachment #1: screenshot (image/png) ──────────────────────────────────────────────────────────
    test-results/settings-and-audit-Setting-c17fe-ter-a-failed-create-attempt/test-failed-1.png
    ────────────────────────────────────────────────────────────────────────────────────────────────

    attachment #2: video (video/webm) ──────────────────────────────────────────────────────────────
    test-results/settings-and-audit-Setting-c17fe-ter-a-failed-create-attempt/video.webm
    ────────────────────────────────────────────────────────────────────────────────────────────────

    Error Context: test-results/settings-and-audit-Setting-c17fe-ter-a-failed-create-attempt/error-context.md

    attachment #4: trace (application/zip) ─────────────────────────────────────────────────────────
    test-results/settings-and-audit-Setting-c17fe-ter-a-failed-create-attempt/trace.zip
    Usage:

        npx playwright show-trace test-results/settings-and-audit-Setting-c17fe-ter-a-failed-create-attempt/trace.zip

    ────────────────────────────────────────────────────────────────────────────────────────────────

  161) tests/settings-and-audit.spec.ts:61:3 › Settings and audit workflows › stores and exposes user-pool synchronization history 

    Error: apiRequestContext.post: connect ECONNREFUSED 127.0.0.1:8000
    Call log:
      - → POST http://127.0.0.1:8000/api/v1/settings/user-pool/refresh
        - user-agent: Playwright/1.63.0 (arm64; macOS 26.6) node/22.23
        - accept: */*
        - accept-encoding: gzip,deflate,br
        - X-User-Id: haewon.kim
        - X-Tenant-Id: 1
        - content-type: application/json
        - content-length: 254


       at helpers/sysgrid-test.ts:42

      40 |     const customRequest = {
      41 |       post: async (path: string, options?: any) => {
    > 42 |         return request.post(path, {
         |                        ^
      43 |           ...options,
      44 |           headers: {
      45 |             ...testApiHeaders,
        at Object.post (/Users/haewonkim/.codex-fabric/worktrees/CF-636cebcd88631ae64e47fa3c/frontend/tests/helpers/sysgrid-test.ts:42:24)
        at /Users/haewonkim/.codex-fabric/worktrees/CF-636cebcd88631ae64e47fa3c/frontend/tests/settings-and-audit.spec.ts:66:36

    attachment #1: screenshot (image/png) ──────────────────────────────────────────────────────────
    test-results/settings-and-audit-Setting-e046c-ool-synchronization-history/test-failed-1.png
    ────────────────────────────────────────────────────────────────────────────────────────────────

    attachment #2: video (video/webm) ──────────────────────────────────────────────────────────────
    test-results/settings-and-audit-Setting-e046c-ool-synchronization-history/video.webm
    ────────────────────────────────────────────────────────────────────────────────────────────────

    Error Context: test-results/settings-and-audit-Setting-e046c-ool-synchronization-history/error-context.md

    attachment #4: trace (application/zip) ─────────────────────────────────────────────────────────
    test-results/settings-and-audit-Setting-e046c-ool-synchronization-history/trace.zip
    Usage:

        npx playwright show-trace test-results/settings-and-audit-Setting-e046c-ool-synchronization-history/trace.zip

    ────────────────────────────────────────────────────────────────────────────────────────────────

  162) tests/settings-and-audit.spec.ts:97:3 › Settings and audit workflows › renders scoped audit logs for seeded service activity 

    Error: apiRequestContext.post: connect ECONNREFUSED 127.0.0.1:8000
    Call log:
      - → POST http://127.0.0.1:8000/api/v1/devices
        - user-agent: Playwright/1.63.0 (arm64; macOS 26.6) node/22.23
        - accept: */*
        - accept-encoding: gzip,deflate,br
        - X-User-Id: haewon.kim
        - X-Tenant-Id: 1
        - content-type: application/json
        - content-length: 325


       at helpers/sysgrid-test.ts:42

      40 |     const customRequest = {
      41 |       post: async (path: string, options?: any) => {
    > 42 |         return request.post(path, {
         |                        ^
      43 |           ...options,
      44 |           headers: {
      45 |             ...testApiHeaders,
        at Object.post (/Users/haewonkim/.codex-fabric/worktrees/CF-636cebcd88631ae64e47fa3c/frontend/tests/helpers/sysgrid-test.ts:42:24)
        at post (/Users/haewonkim/.codex-fabric/worktrees/CF-636cebcd88631ae64e47fa3c/frontend/tests/helpers/sysgrid.ts:42:34)
        at createAsset (/Users/haewonkim/.codex-fabric/worktrees/CF-636cebcd88631ae64e47fa3c/frontend/tests/helpers/sysgrid.ts:183:10)
        at seedOperationalScenario (/Users/haewonkim/.codex-fabric/worktrees/CF-636cebcd88631ae64e47fa3c/frontend/tests/helpers/sysgrid.ts:366:25)
        at /Users/haewonkim/.codex-fabric/worktrees/CF-636cebcd88631ae64e47fa3c/frontend/tests/settings-and-audit.spec.ts:99:31

    attachment #1: screenshot (image/png) ──────────────────────────────────────────────────────────
    test-results/settings-and-audit-Setting-495e0-for-seeded-service-activity/test-failed-1.png
    ────────────────────────────────────────────────────────────────────────────────────────────────

    attachment #2: video (video/webm) ──────────────────────────────────────────────────────────────
    test-results/settings-and-audit-Setting-495e0-for-seeded-service-activity/video.webm
    ────────────────────────────────────────────────────────────────────────────────────────────────

    Error Context: test-results/settings-and-audit-Setting-495e0-for-seeded-service-activity/error-context.md

    attachment #4: trace (application/zip) ─────────────────────────────────────────────────────────
    test-results/settings-and-audit-Setting-495e0-for-seeded-service-activity/trace.zip
    Usage:

        npx playwright show-trace test-results/settings-and-audit-Setting-495e0-for-seeded-service-activity/trace.zip

    ────────────────────────────────────────────────────────────────────────────────────────────────

  163) tests/settings-standards.spec.ts:6:3 › Settings Standards reference › renders the synchronized reference and exercises shared primitives 

    Error: page.goto: net::ERR_CONNECTION_REFUSED at http://127.0.0.1:5173/settings?tab=standards
    Call log:
      - navigating to "http://127.0.0.1:5173/settings?tab=standards", waiting until "load"


       6 |   test('renders the synchronized reference and exercises shared primitives', async ({ page }) => {
       7 |     await resetBrowserState(page)
    >  8 |     await page.goto('/settings?tab=standards')
         |                ^
       9 |
      10 |     const reference = page.getByTestId('settings-standards-reference')
      11 |     await expect(reference).toBeVisible()
        at /Users/haewonkim/.codex-fabric/worktrees/CF-636cebcd88631ae64e47fa3c/frontend/tests/settings-standards.spec.ts:8:16

    attachment #1: screenshot (image/png) ──────────────────────────────────────────────────────────
    test-results/settings-standards-Setting-b1117-exercises-shared-primitives/test-failed-1.png
    ────────────────────────────────────────────────────────────────────────────────────────────────

    attachment #2: video (video/webm) ──────────────────────────────────────────────────────────────
    test-results/settings-standards-Setting-b1117-exercises-shared-primitives/video.webm
    ────────────────────────────────────────────────────────────────────────────────────────────────

    Error Context: test-results/settings-standards-Setting-b1117-exercises-shared-primitives/error-context.md

    attachment #4: trace (application/zip) ─────────────────────────────────────────────────────────
    test-results/settings-standards-Setting-b1117-exercises-shared-primitives/trace.zip
    Usage:

        npx playwright show-trace test-results/settings-standards-Setting-b1117-exercises-shared-primitives/trace.zip

    ────────────────────────────────────────────────────────────────────────────────────────────────

  164) tests/shell-and-search.spec.ts:8:3 › App shell and global search › loads the dashboard and feature audit HUD 

    Error: page.goto: net::ERR_CONNECTION_REFUSED at http://127.0.0.1:5173/
    Call log:
      - navigating to "http://127.0.0.1:5173/", waiting until "load"


       9 |     await resetBrowserState(page)
      10 |
    > 11 |     await page.goto('/')
         |                ^
      12 |     await expect(page.getByText('Stability Pulse')).toBeVisible()
      13 |     await expect(page.getByText('Defense Status')).toBeVisible()
      14 |
        at /Users/haewonkim/.codex-fabric/worktrees/CF-636cebcd88631ae64e47fa3c/frontend/tests/shell-and-search.spec.ts:11:16

    attachment #1: screenshot (image/png) ──────────────────────────────────────────────────────────
    test-results/shell-and-search-App-shell-bd1cd-board-and-feature-audit-HUD/test-failed-1.png
    ────────────────────────────────────────────────────────────────────────────────────────────────

    attachment #2: video (video/webm) ──────────────────────────────────────────────────────────────
    test-results/shell-and-search-App-shell-bd1cd-board-and-feature-audit-HUD/video.webm
    ────────────────────────────────────────────────────────────────────────────────────────────────

    Error Context: test-results/shell-and-search-App-shell-bd1cd-board-and-feature-audit-HUD/error-context.md

    attachment #4: trace (application/zip) ─────────────────────────────────────────────────────────
    test-results/shell-and-search-App-shell-bd1cd-board-and-feature-audit-HUD/trace.zip
    Usage:

        npx playwright show-trace test-results/shell-and-search-App-shell-bd1cd-board-and-feature-audit-HUD/trace.zip

    ────────────────────────────────────────────────────────────────────────────────────────────────

  165) tests/shell-and-search.spec.ts:19:3 › App shell and global search › navigates to seeded records through global search 

    Error: apiRequestContext.post: connect ECONNREFUSED 127.0.0.1:8000
    Call log:
      - → POST http://127.0.0.1:8000/api/v1/devices
        - user-agent: Playwright/1.63.0 (arm64; macOS 26.6) node/22.23
        - accept: */*
        - accept-encoding: gzip,deflate,br
        - X-User-Id: haewon.kim
        - X-Tenant-Id: 1
        - content-type: application/json
        - content-length: 323


       at helpers/sysgrid-test.ts:42

      40 |     const customRequest = {
      41 |       post: async (path: string, options?: any) => {
    > 42 |         return request.post(path, {
         |                        ^
      43 |           ...options,
      44 |           headers: {
      45 |             ...testApiHeaders,
        at Object.post (/Users/haewonkim/.codex-fabric/worktrees/CF-636cebcd88631ae64e47fa3c/frontend/tests/helpers/sysgrid-test.ts:42:24)
        at post (/Users/haewonkim/.codex-fabric/worktrees/CF-636cebcd88631ae64e47fa3c/frontend/tests/helpers/sysgrid.ts:42:34)
        at createAsset (/Users/haewonkim/.codex-fabric/worktrees/CF-636cebcd88631ae64e47fa3c/frontend/tests/helpers/sysgrid.ts:183:10)
        at seedOperationalScenario (/Users/haewonkim/.codex-fabric/worktrees/CF-636cebcd88631ae64e47fa3c/frontend/tests/helpers/sysgrid.ts:366:25)
        at /Users/haewonkim/.codex-fabric/worktrees/CF-636cebcd88631ae64e47fa3c/frontend/tests/shell-and-search.spec.ts:21:54

    attachment #1: screenshot (image/png) ──────────────────────────────────────────────────────────
    test-results/shell-and-search-App-shell-2d78d-cords-through-global-search/test-failed-1.png
    ────────────────────────────────────────────────────────────────────────────────────────────────

    attachment #2: video (video/webm) ──────────────────────────────────────────────────────────────
    test-results/shell-and-search-App-shell-2d78d-cords-through-global-search/video.webm
    ────────────────────────────────────────────────────────────────────────────────────────────────

    Error Context: test-results/shell-and-search-App-shell-2d78d-cords-through-global-search/error-context.md

    attachment #4: trace (application/zip) ─────────────────────────────────────────────────────────
    test-results/shell-and-search-App-shell-2d78d-cords-through-global-search/trace.zip
    Usage:

        npx playwright show-trace test-results/shell-and-search-App-shell-2d78d-cords-through-global-search/trace.zip

    ────────────────────────────────────────────────────────────────────────────────────────────────

  166) tests/shell-and-search.spec.ts:154:3 › Golden Eight rendered geometry › records authoritative API response shapes for comprehensive Golden Eight seed fixtures 

    Error: page.goto: net::ERR_CONNECTION_REFUSED at http://127.0.0.1:5173/monitoring
    Call log:
      - navigating to "http://127.0.0.1:5173/monitoring", waiting until "load"


      191 |
      192 |       page.on('response', listener)
    > 193 |       await page.goto(route.path)
          |                  ^
      194 |       await waitForAppIdle(page)
      195 |       await page.waitForTimeout(250)
      196 |       page.off('response', listener)
        at /Users/haewonkim/.codex-fabric/worktrees/CF-636cebcd88631ae64e47fa3c/frontend/tests/shell-and-search.spec.ts:193:18

    attachment #1: screenshot (image/png) ──────────────────────────────────────────────────────────
    test-results/shell-and-search-Golden-Ei-bb6f4--Golden-Eight-seed-fixtures/test-failed-1.png
    ────────────────────────────────────────────────────────────────────────────────────────────────

    attachment #2: video (video/webm) ──────────────────────────────────────────────────────────────
    test-results/shell-and-search-Golden-Ei-bb6f4--Golden-Eight-seed-fixtures/video.webm
    ────────────────────────────────────────────────────────────────────────────────────────────────

    Error Context: test-results/shell-and-search-Golden-Ei-bb6f4--Golden-Eight-seed-fixtures/error-context.md

    attachment #4: trace (application/zip) ─────────────────────────────────────────────────────────
    test-results/shell-and-search-Golden-Ei-bb6f4--Golden-Eight-seed-fixtures/trace.zip
    Usage:

        npx playwright show-trace test-results/shell-and-search-Golden-Ei-bb6f4--Golden-Eight-seed-fixtures/trace.zip

    ────────────────────────────────────────────────────────────────────────────────────────────────

  167) tests/shell-and-search.spec.ts:213:3 › Golden Eight rendered geometry › keeps desktop shell, command bar, and grid alignment invariant on every golden route 

    Error: page.goto: net::ERR_CONNECTION_REFUSED at http://127.0.0.1:5173/monitoring
    Call log:
      - navigating to "http://127.0.0.1:5173/monitoring", waiting until "load"


      216 |
      217 |     for (const route of goldenRoutes) {
    > 218 |       await page.goto(route.path)
          |                  ^
      219 |       await waitForAppIdle(page)
      220 |       const { shell, boxes } = await readGoldenGeometry(page)
      221 |
        at /Users/haewonkim/.codex-fabric/worktrees/CF-636cebcd88631ae64e47fa3c/frontend/tests/shell-and-search.spec.ts:218:18

    attachment #1: screenshot (image/png) ──────────────────────────────────────────────────────────
    test-results/shell-and-search-Golden-Ei-5632c-riant-on-every-golden-route/test-failed-1.png
    ────────────────────────────────────────────────────────────────────────────────────────────────

    attachment #2: video (video/webm) ──────────────────────────────────────────────────────────────
    test-results/shell-and-search-Golden-Ei-5632c-riant-on-every-golden-route/video.webm
    ────────────────────────────────────────────────────────────────────────────────────────────────

    Error Context: test-results/shell-and-search-Golden-Ei-5632c-riant-on-every-golden-route/error-context.md

    attachment #4: trace (application/zip) ─────────────────────────────────────────────────────────
    test-results/shell-and-search-Golden-Ei-5632c-riant-on-every-golden-route/trace.zip
    Usage:

        npx playwright show-trace test-results/shell-and-search-Golden-Ei-5632c-riant-on-every-golden-route/trace.zip

    ────────────────────────────────────────────────────────────────────────────────────────────────

  168) tests/shell-and-search.spec.ts:257:3 › Golden Eight rendered geometry › keeps narrow-screen stacking and overflow containment invariant on every golden route 

    Error: page.goto: net::ERR_CONNECTION_REFUSED at http://127.0.0.1:5173/monitoring
    Call log:
      - navigating to "http://127.0.0.1:5173/monitoring", waiting until "load"


      260 |
      261 |     for (const route of goldenRoutes) {
    > 262 |       await page.goto(route.path)
          |                  ^
      263 |       await waitForAppIdle(page)
      264 |       const { shell, boxes } = await readGoldenGeometry(page)
      265 |
        at /Users/haewonkim/.codex-fabric/worktrees/CF-636cebcd88631ae64e47fa3c/frontend/tests/shell-and-search.spec.ts:262:18

    attachment #1: screenshot (image/png) ──────────────────────────────────────────────────────────
    test-results/shell-and-search-Golden-Ei-9beb8-riant-on-every-golden-route/test-failed-1.png
    ────────────────────────────────────────────────────────────────────────────────────────────────

    attachment #2: video (video/webm) ──────────────────────────────────────────────────────────────
    test-results/shell-and-search-Golden-Ei-9beb8-riant-on-every-golden-route/video.webm
    ────────────────────────────────────────────────────────────────────────────────────────────────

    Error Context: test-results/shell-and-search-Golden-Ei-9beb8-riant-on-every-golden-route/error-context.md

    attachment #4: trace (application/zip) ─────────────────────────────────────────────────────────
    test-results/shell-and-search-Golden-Ei-9beb8-riant-on-every-golden-route/trace.zip
    Usage:

        npx playwright show-trace test-results/shell-and-search-Golden-Ei-9beb8-riant-on-every-golden-route/trace.zip

    ────────────────────────────────────────────────────────────────────────────────────────────────

  169) tests/smoke.spec.ts:12:5 › Smoke Tests › Canonical Page Load: monitoring (/monitoring) ──────

    Error: page.goto: net::ERR_CONNECTION_REFUSED at http://127.0.0.1:5173/monitoring
    Call log:
      - navigating to "http://127.0.0.1:5173/monitoring", waiting until "load"


      11 |   for (const workspace of OPERATIONAL_WORKSPACE_MATRIX) {
      12 |     test(`Canonical Page Load: ${workspace.key} (${workspace.route})`, async ({ page }) => {
    > 13 |       await page.goto(workspace.route)
         |                  ^
      14 |       
      15 |       // Ensure the canonical selector is visible, indicating the page loaded correctly
      16 |       await expect(page.locator(workspace.selector)).toBeVisible({ timeout: 30000 })
        at /Users/haewonkim/.codex-fabric/worktrees/CF-636cebcd88631ae64e47fa3c/frontend/tests/smoke.spec.ts:13:18

    attachment #1: screenshot (image/png) ──────────────────────────────────────────────────────────
    test-results/smoke-Smoke-Tests-Canonical-Page-Load-monitoring-monitoring-/test-failed-1.png
    ────────────────────────────────────────────────────────────────────────────────────────────────

    attachment #2: video (video/webm) ──────────────────────────────────────────────────────────────
    test-results/smoke-Smoke-Tests-Canonical-Page-Load-monitoring-monitoring-/video.webm
    ────────────────────────────────────────────────────────────────────────────────────────────────

    Error Context: test-results/smoke-Smoke-Tests-Canonical-Page-Load-monitoring-monitoring-/error-context.md

    attachment #4: trace (application/zip) ─────────────────────────────────────────────────────────
    test-results/smoke-Smoke-Tests-Canonical-Page-Load-monitoring-monitoring-/trace.zip
    Usage:

        npx playwright show-trace test-results/smoke-Smoke-Tests-Canonical-Page-Load-monitoring-monitoring-/trace.zip

    ────────────────────────────────────────────────────────────────────────────────────────────────

  170) tests/smoke.spec.ts:12:5 › Smoke Tests › Canonical Page Load: external (/external) ──────────

    Error: page.goto: net::ERR_CONNECTION_REFUSED at http://127.0.0.1:5173/external
    Call log:
      - navigating to "http://127.0.0.1:5173/external", waiting until "load"


      11 |   for (const workspace of OPERATIONAL_WORKSPACE_MATRIX) {
      12 |     test(`Canonical Page Load: ${workspace.key} (${workspace.route})`, async ({ page }) => {
    > 13 |       await page.goto(workspace.route)
         |                  ^
      14 |       
      15 |       // Ensure the canonical selector is visible, indicating the page loaded correctly
      16 |       await expect(page.locator(workspace.selector)).toBeVisible({ timeout: 30000 })
        at /Users/haewonkim/.codex-fabric/worktrees/CF-636cebcd88631ae64e47fa3c/frontend/tests/smoke.spec.ts:13:18

    attachment #1: screenshot (image/png) ──────────────────────────────────────────────────────────
    test-results/smoke-Smoke-Tests-Canonical-Page-Load-external-external-/test-failed-1.png
    ────────────────────────────────────────────────────────────────────────────────────────────────

    attachment #2: video (video/webm) ──────────────────────────────────────────────────────────────
    test-results/smoke-Smoke-Tests-Canonical-Page-Load-external-external-/video.webm
    ────────────────────────────────────────────────────────────────────────────────────────────────

    Error Context: test-results/smoke-Smoke-Tests-Canonical-Page-Load-external-external-/error-context.md

    attachment #4: trace (application/zip) ─────────────────────────────────────────────────────────
    test-results/smoke-Smoke-Tests-Canonical-Page-Load-external-external-/trace.zip
    Usage:

        npx playwright show-trace test-results/smoke-Smoke-Tests-Canonical-Page-Load-external-external-/trace.zip

    ────────────────────────────────────────────────────────────────────────────────────────────────

  171) tests/smoke.spec.ts:12:5 › Smoke Tests › Canonical Page Load: services (/services) ──────────

    Error: page.goto: net::ERR_CONNECTION_REFUSED at http://127.0.0.1:5173/services
    Call log:
      - navigating to "http://127.0.0.1:5173/services", waiting until "load"


      11 |   for (const workspace of OPERATIONAL_WORKSPACE_MATRIX) {
      12 |     test(`Canonical Page Load: ${workspace.key} (${workspace.route})`, async ({ page }) => {
    > 13 |       await page.goto(workspace.route)
         |                  ^
      14 |       
      15 |       // Ensure the canonical selector is visible, indicating the page loaded correctly
      16 |       await expect(page.locator(workspace.selector)).toBeVisible({ timeout: 30000 })
        at /Users/haewonkim/.codex-fabric/worktrees/CF-636cebcd88631ae64e47fa3c/frontend/tests/smoke.spec.ts:13:18

    attachment #1: screenshot (image/png) ──────────────────────────────────────────────────────────
    test-results/smoke-Smoke-Tests-Canonical-Page-Load-services-services-/test-failed-1.png
    ────────────────────────────────────────────────────────────────────────────────────────────────

    attachment #2: video (video/webm) ──────────────────────────────────────────────────────────────
    test-results/smoke-Smoke-Tests-Canonical-Page-Load-services-services-/video.webm
    ────────────────────────────────────────────────────────────────────────────────────────────────

    Error Context: test-results/smoke-Smoke-Tests-Canonical-Page-Load-services-services-/error-context.md

    attachment #4: trace (application/zip) ─────────────────────────────────────────────────────────
    test-results/smoke-Smoke-Tests-Canonical-Page-Load-services-services-/trace.zip
    Usage:

        npx playwright show-trace test-results/smoke-Smoke-Tests-Canonical-Page-Load-services-services-/trace.zip

    ────────────────────────────────────────────────────────────────────────────────────────────────

  172) tests/smoke.spec.ts:12:5 › Smoke Tests › Canonical Page Load: network (/network) ────────────

    Error: page.goto: net::ERR_CONNECTION_REFUSED at http://127.0.0.1:5173/network
    Call log:
      - navigating to "http://127.0.0.1:5173/network", waiting until "load"


      11 |   for (const workspace of OPERATIONAL_WORKSPACE_MATRIX) {
      12 |     test(`Canonical Page Load: ${workspace.key} (${workspace.route})`, async ({ page }) => {
    > 13 |       await page.goto(workspace.route)
         |                  ^
      14 |       
      15 |       // Ensure the canonical selector is visible, indicating the page loaded correctly
      16 |       await expect(page.locator(workspace.selector)).toBeVisible({ timeout: 30000 })
        at /Users/haewonkim/.codex-fabric/worktrees/CF-636cebcd88631ae64e47fa3c/frontend/tests/smoke.spec.ts:13:18

    attachment #1: screenshot (image/png) ──────────────────────────────────────────────────────────
    test-results/smoke-Smoke-Tests-Canonical-Page-Load-network-network-/test-failed-1.png
    ────────────────────────────────────────────────────────────────────────────────────────────────

    attachment #2: video (video/webm) ──────────────────────────────────────────────────────────────
    test-results/smoke-Smoke-Tests-Canonical-Page-Load-network-network-/video.webm
    ────────────────────────────────────────────────────────────────────────────────────────────────

    Error Context: test-results/smoke-Smoke-Tests-Canonical-Page-Load-network-network-/error-context.md

    attachment #4: trace (application/zip) ─────────────────────────────────────────────────────────
    test-results/smoke-Smoke-Tests-Canonical-Page-Load-network-network-/trace.zip
    Usage:

        npx playwright show-trace test-results/smoke-Smoke-Tests-Canonical-Page-Load-network-network-/trace.zip

    ────────────────────────────────────────────────────────────────────────────────────────────────

  173) tests/smoke.spec.ts:12:5 › Smoke Tests › Canonical Page Load: far (/far) ────────────────────

    Error: page.goto: net::ERR_CONNECTION_REFUSED at http://127.0.0.1:5173/far
    Call log:
      - navigating to "http://127.0.0.1:5173/far", waiting until "load"


      11 |   for (const workspace of OPERATIONAL_WORKSPACE_MATRIX) {
      12 |     test(`Canonical Page Load: ${workspace.key} (${workspace.route})`, async ({ page }) => {
    > 13 |       await page.goto(workspace.route)
         |                  ^
      14 |       
      15 |       // Ensure the canonical selector is visible, indicating the page loaded correctly
      16 |       await expect(page.locator(workspace.selector)).toBeVisible({ timeout: 30000 })
        at /Users/haewonkim/.codex-fabric/worktrees/CF-636cebcd88631ae64e47fa3c/frontend/tests/smoke.spec.ts:13:18

    attachment #1: screenshot (image/png) ──────────────────────────────────────────────────────────
    test-results/smoke-Smoke-Tests-Canonical-Page-Load-far-far-/test-failed-1.png
    ────────────────────────────────────────────────────────────────────────────────────────────────

    attachment #2: video (video/webm) ──────────────────────────────────────────────────────────────
    test-results/smoke-Smoke-Tests-Canonical-Page-Load-far-far-/video.webm
    ────────────────────────────────────────────────────────────────────────────────────────────────

    Error Context: test-results/smoke-Smoke-Tests-Canonical-Page-Load-far-far-/error-context.md

    attachment #4: trace (application/zip) ─────────────────────────────────────────────────────────
    test-results/smoke-Smoke-Tests-Canonical-Page-Load-far-far-/trace.zip
    Usage:

        npx playwright show-trace test-results/smoke-Smoke-Tests-Canonical-Page-Load-far-far-/trace.zip

    ────────────────────────────────────────────────────────────────────────────────────────────────

  174) tests/smoke.spec.ts:12:5 › Smoke Tests › Canonical Page Load: research (/research) ──────────

    Error: page.goto: net::ERR_CONNECTION_REFUSED at http://127.0.0.1:5173/research
    Call log:
      - navigating to "http://127.0.0.1:5173/research", waiting until "load"


      11 |   for (const workspace of OPERATIONAL_WORKSPACE_MATRIX) {
      12 |     test(`Canonical Page Load: ${workspace.key} (${workspace.route})`, async ({ page }) => {
    > 13 |       await page.goto(workspace.route)
         |                  ^
      14 |       
      15 |       // Ensure the canonical selector is visible, indicating the page loaded correctly
      16 |       await expect(page.locator(workspace.selector)).toBeVisible({ timeout: 30000 })
        at /Users/haewonkim/.codex-fabric/worktrees/CF-636cebcd88631ae64e47fa3c/frontend/tests/smoke.spec.ts:13:18

    attachment #1: screenshot (image/png) ──────────────────────────────────────────────────────────
    test-results/smoke-Smoke-Tests-Canonical-Page-Load-research-research-/test-failed-1.png
    ────────────────────────────────────────────────────────────────────────────────────────────────

    attachment #2: video (video/webm) ──────────────────────────────────────────────────────────────
    test-results/smoke-Smoke-Tests-Canonical-Page-Load-research-research-/video.webm
    ────────────────────────────────────────────────────────────────────────────────────────────────

    Error Context: test-results/smoke-Smoke-Tests-Canonical-Page-Load-research-research-/error-context.md

    attachment #4: trace (application/zip) ─────────────────────────────────────────────────────────
    test-results/smoke-Smoke-Tests-Canonical-Page-Load-research-research-/trace.zip
    Usage:

        npx playwright show-trace test-results/smoke-Smoke-Tests-Canonical-Page-Load-research-research-/trace.zip

    ────────────────────────────────────────────────────────────────────────────────────────────────

  175) tests/smoke.spec.ts:12:5 › Smoke Tests › Canonical Page Load: assets (/asset) ───────────────

    Error: page.goto: net::ERR_CONNECTION_REFUSED at http://127.0.0.1:5173/asset
    Call log:
      - navigating to "http://127.0.0.1:5173/asset", waiting until "load"


      11 |   for (const workspace of OPERATIONAL_WORKSPACE_MATRIX) {
      12 |     test(`Canonical Page Load: ${workspace.key} (${workspace.route})`, async ({ page }) => {
    > 13 |       await page.goto(workspace.route)
         |                  ^
      14 |       
      15 |       // Ensure the canonical selector is visible, indicating the page loaded correctly
      16 |       await expect(page.locator(workspace.selector)).toBeVisible({ timeout: 30000 })
        at /Users/haewonkim/.codex-fabric/worktrees/CF-636cebcd88631ae64e47fa3c/frontend/tests/smoke.spec.ts:13:18

    attachment #1: screenshot (image/png) ──────────────────────────────────────────────────────────
    test-results/smoke-Smoke-Tests-Canonical-Page-Load-assets-asset-/test-failed-1.png
    ────────────────────────────────────────────────────────────────────────────────────────────────

    attachment #2: video (video/webm) ──────────────────────────────────────────────────────────────
    test-results/smoke-Smoke-Tests-Canonical-Page-Load-assets-asset-/video.webm
    ────────────────────────────────────────────────────────────────────────────────────────────────

    Error Context: test-results/smoke-Smoke-Tests-Canonical-Page-Load-assets-asset-/error-context.md

    attachment #4: trace (application/zip) ─────────────────────────────────────────────────────────
    test-results/smoke-Smoke-Tests-Canonical-Page-Load-assets-asset-/trace.zip
    Usage:

        npx playwright show-trace test-results/smoke-Smoke-Tests-Canonical-Page-Load-assets-asset-/trace.zip

    ────────────────────────────────────────────────────────────────────────────────────────────────

  176) tests/smoke.spec.ts:12:5 › Smoke Tests › Canonical Page Load: vendors (/vendors) ────────────

    Error: page.goto: net::ERR_CONNECTION_REFUSED at http://127.0.0.1:5173/vendors
    Call log:
      - navigating to "http://127.0.0.1:5173/vendors", waiting until "load"


      11 |   for (const workspace of OPERATIONAL_WORKSPACE_MATRIX) {
      12 |     test(`Canonical Page Load: ${workspace.key} (${workspace.route})`, async ({ page }) => {
    > 13 |       await page.goto(workspace.route)
         |                  ^
      14 |       
      15 |       // Ensure the canonical selector is visible, indicating the page loaded correctly
      16 |       await expect(page.locator(workspace.selector)).toBeVisible({ timeout: 30000 })
        at /Users/haewonkim/.codex-fabric/worktrees/CF-636cebcd88631ae64e47fa3c/frontend/tests/smoke.spec.ts:13:18

    attachment #1: screenshot (image/png) ──────────────────────────────────────────────────────────
    test-results/smoke-Smoke-Tests-Canonical-Page-Load-vendors-vendors-/test-failed-1.png
    ────────────────────────────────────────────────────────────────────────────────────────────────

    attachment #2: video (video/webm) ──────────────────────────────────────────────────────────────
    test-results/smoke-Smoke-Tests-Canonical-Page-Load-vendors-vendors-/video.webm
    ────────────────────────────────────────────────────────────────────────────────────────────────

    Error Context: test-results/smoke-Smoke-Tests-Canonical-Page-Load-vendors-vendors-/error-context.md

    attachment #4: trace (application/zip) ─────────────────────────────────────────────────────────
    test-results/smoke-Smoke-Tests-Canonical-Page-Load-vendors-vendors-/trace.zip
    Usage:

        npx playwright show-trace test-results/smoke-Smoke-Tests-Canonical-Page-Load-vendors-vendors-/trace.zip

    ────────────────────────────────────────────────────────────────────────────────────────────────

  177) tests/smoke.spec.ts:12:5 › Smoke Tests › Canonical Page Load: settings-standards (/settings?tab=standards) 

    Error: page.goto: net::ERR_CONNECTION_REFUSED at http://127.0.0.1:5173/settings?tab=standards
    Call log:
      - navigating to "http://127.0.0.1:5173/settings?tab=standards", waiting until "load"


      11 |   for (const workspace of OPERATIONAL_WORKSPACE_MATRIX) {
      12 |     test(`Canonical Page Load: ${workspace.key} (${workspace.route})`, async ({ page }) => {
    > 13 |       await page.goto(workspace.route)
         |                  ^
      14 |       
      15 |       // Ensure the canonical selector is visible, indicating the page loaded correctly
      16 |       await expect(page.locator(workspace.selector)).toBeVisible({ timeout: 30000 })
        at /Users/haewonkim/.codex-fabric/worktrees/CF-636cebcd88631ae64e47fa3c/frontend/tests/smoke.spec.ts:13:18

    attachment #1: screenshot (image/png) ──────────────────────────────────────────────────────────
    test-results/smoke-Smoke-Tests-Canonica-bf7b1-rds-settings-tab-standards-/test-failed-1.png
    ────────────────────────────────────────────────────────────────────────────────────────────────

    attachment #2: video (video/webm) ──────────────────────────────────────────────────────────────
    test-results/smoke-Smoke-Tests-Canonica-bf7b1-rds-settings-tab-standards-/video.webm
    ────────────────────────────────────────────────────────────────────────────────────────────────

    Error Context: test-results/smoke-Smoke-Tests-Canonica-bf7b1-rds-settings-tab-standards-/error-context.md

    attachment #4: trace (application/zip) ─────────────────────────────────────────────────────────
    test-results/smoke-Smoke-Tests-Canonica-bf7b1-rds-settings-tab-standards-/trace.zip
    Usage:

        npx playwright show-trace test-results/smoke-Smoke-Tests-Canonica-bf7b1-rds-settings-tab-standards-/trace.zip

    ────────────────────────────────────────────────────────────────────────────────────────────────

  178) tests/smoke.spec.ts:31:5 › Smoke Tests › Page Load: / ───────────────────────────────────────

    Error: page.goto: net::ERR_CONNECTION_REFUSED at http://127.0.0.1:5173/
    Call log:
      - navigating to "http://127.0.0.1:5173/", waiting until "load"


      30 |   for (const route of otherRoutes) {
      31 |     test(`Page Load: ${route.path}`, async ({ page }) => {
    > 32 |       await page.goto(route.path)
         |                  ^
      33 |       await expect(page.locator('body')).toContainText(route.expectedText, { timeout: 30000 })
      34 |     })
      35 |   }
        at /Users/haewonkim/.codex-fabric/worktrees/CF-636cebcd88631ae64e47fa3c/frontend/tests/smoke.spec.ts:32:18

    attachment #1: screenshot (image/png) ──────────────────────────────────────────────────────────
    test-results/smoke-Smoke-Tests-Page-Load-/test-failed-1.png
    ────────────────────────────────────────────────────────────────────────────────────────────────

    attachment #2: video (video/webm) ──────────────────────────────────────────────────────────────
    test-results/smoke-Smoke-Tests-Page-Load-/video.webm
    ────────────────────────────────────────────────────────────────────────────────────────────────

    Error Context: test-results/smoke-Smoke-Tests-Page-Load-/error-context.md

    attachment #4: trace (application/zip) ─────────────────────────────────────────────────────────
    test-results/smoke-Smoke-Tests-Page-Load-/trace.zip
    Usage:

        npx playwright show-trace test-results/smoke-Smoke-Tests-Page-Load-/trace.zip

    ────────────────────────────────────────────────────────────────────────────────────────────────

  179) tests/smoke.spec.ts:31:5 › Smoke Tests › Page Load: /projects ───────────────────────────────

    Error: page.goto: net::ERR_CONNECTION_REFUSED at http://127.0.0.1:5173/projects
    Call log:
      - navigating to "http://127.0.0.1:5173/projects", waiting until "load"


      30 |   for (const route of otherRoutes) {
      31 |     test(`Page Load: ${route.path}`, async ({ page }) => {
    > 32 |       await page.goto(route.path)
         |                  ^
      33 |       await expect(page.locator('body')).toContainText(route.expectedText, { timeout: 30000 })
      34 |     })
      35 |   }
        at /Users/haewonkim/.codex-fabric/worktrees/CF-636cebcd88631ae64e47fa3c/frontend/tests/smoke.spec.ts:32:18

    attachment #1: screenshot (image/png) ──────────────────────────────────────────────────────────
    test-results/smoke-Smoke-Tests-Page-Load-projects/test-failed-1.png
    ────────────────────────────────────────────────────────────────────────────────────────────────

    attachment #2: video (video/webm) ──────────────────────────────────────────────────────────────
    test-results/smoke-Smoke-Tests-Page-Load-projects/video.webm
    ────────────────────────────────────────────────────────────────────────────────────────────────

    Error Context: test-results/smoke-Smoke-Tests-Page-Load-projects/error-context.md

    attachment #4: trace (application/zip) ─────────────────────────────────────────────────────────
    test-results/smoke-Smoke-Tests-Page-Load-projects/trace.zip
    Usage:

        npx playwright show-trace test-results/smoke-Smoke-Tests-Page-Load-projects/trace.zip

    ────────────────────────────────────────────────────────────────────────────────────────────────

  180) tests/smoke.spec.ts:31:5 › Smoke Tests › Page Load: /racks ──────────────────────────────────

    Error: page.goto: net::ERR_CONNECTION_REFUSED at http://127.0.0.1:5173/racks
    Call log:
      - navigating to "http://127.0.0.1:5173/racks", waiting until "load"


      30 |   for (const route of otherRoutes) {
      31 |     test(`Page Load: ${route.path}`, async ({ page }) => {
    > 32 |       await page.goto(route.path)
         |                  ^
      33 |       await expect(page.locator('body')).toContainText(route.expectedText, { timeout: 30000 })
      34 |     })
      35 |   }
        at /Users/haewonkim/.codex-fabric/worktrees/CF-636cebcd88631ae64e47fa3c/frontend/tests/smoke.spec.ts:32:18

    attachment #1: screenshot (image/png) ──────────────────────────────────────────────────────────
    test-results/smoke-Smoke-Tests-Page-Load-racks/test-failed-1.png
    ────────────────────────────────────────────────────────────────────────────────────────────────

    attachment #2: video (video/webm) ──────────────────────────────────────────────────────────────
    test-results/smoke-Smoke-Tests-Page-Load-racks/video.webm
    ────────────────────────────────────────────────────────────────────────────────────────────────

    Error Context: test-results/smoke-Smoke-Tests-Page-Load-racks/error-context.md

    attachment #4: trace (application/zip) ─────────────────────────────────────────────────────────
    test-results/smoke-Smoke-Tests-Page-Load-racks/trace.zip
    Usage:

        npx playwright show-trace test-results/smoke-Smoke-Tests-Page-Load-racks/trace.zip

    ────────────────────────────────────────────────────────────────────────────────────────────────

  181) tests/universal-crawler.spec.ts:6:3 › Universal View Resilience Crawler (Automated Chaos) › Automatically crawls all canonical views and injects bounded chaos @chaos 

    Error: page.goto: net::ERR_CONNECTION_REFUSED at http://127.0.0.1:5173/
    Call log:
      - navigating to "http://127.0.0.1:5173/", waiting until "domcontentloaded"


      24 |       })
      25 |
    > 26 |       await page.goto('/', { waitUntil: 'domcontentloaded', timeout: 30_000 })
         |                  ^
      27 |       await waitForAppIdle(page)
      28 |
      29 |       const navLinks = await page.locator('a[href^="/"]').evaluateAll((links) => {
        at /Users/haewonkim/.codex-fabric/worktrees/CF-636cebcd88631ae64e47fa3c/frontend/tests/universal-crawler.spec.ts:26:18

    attachment #1: screenshot (image/png) ──────────────────────────────────────────────────────────
    test-results/universal-crawler-Universa-a33fd-injects-bounded-chaos-chaos/test-failed-1.png
    ────────────────────────────────────────────────────────────────────────────────────────────────

    attachment #2: video (video/webm) ──────────────────────────────────────────────────────────────
    test-results/universal-crawler-Universa-a33fd-injects-bounded-chaos-chaos/video.webm
    ────────────────────────────────────────────────────────────────────────────────────────────────

    Error Context: test-results/universal-crawler-Universa-a33fd-injects-bounded-chaos-chaos/error-context.md

    attachment #4: trace (application/zip) ─────────────────────────────────────────────────────────
    test-results/universal-crawler-Universa-a33fd-injects-bounded-chaos-chaos/trace.zip
    Usage:

        npx playwright show-trace test-results/universal-crawler-Universa-a33fd-injects-bounded-chaos-chaos/trace.zip

    ────────────────────────────────────────────────────────────────────────────────────────────────

  182) tests/vendor-workflows.spec.ts:7:3 › Vendor workflows › creates a vendor, updates the profile, and registers a contract 

    Error: page.goto: net::ERR_CONNECTION_REFUSED at http://127.0.0.1:5173/vendors
    Call log:
      - navigating to "http://127.0.0.1:5173/vendors", waiting until "load"


      11 |     const contractTitle = `PW-CONTRACT-${stamp}`
      12 |
    > 13 |     await page.goto('/vendors')
         |                ^
      14 |     await expect(page.getByRole('heading', { name: 'Vendors' })).toBeVisible()
      15 |     await expect(page.getByPlaceholder('Search vendors...')).toBeVisible()
      16 |     await clickResilientButton(page, /^Filters$/)
        at /Users/haewonkim/.codex-fabric/worktrees/CF-636cebcd88631ae64e47fa3c/frontend/tests/vendor-workflows.spec.ts:13:16

    attachment #1: screenshot (image/png) ──────────────────────────────────────────────────────────
    test-results/vendor-workflows-Vendor-wo-35489-le-and-registers-a-contract/test-failed-1.png
    ────────────────────────────────────────────────────────────────────────────────────────────────

    attachment #2: video (video/webm) ──────────────────────────────────────────────────────────────
    test-results/vendor-workflows-Vendor-wo-35489-le-and-registers-a-contract/video.webm
    ────────────────────────────────────────────────────────────────────────────────────────────────

    Error Context: test-results/vendor-workflows-Vendor-wo-35489-le-and-registers-a-contract/error-context.md

    attachment #4: trace (application/zip) ─────────────────────────────────────────────────────────
    test-results/vendor-workflows-Vendor-wo-35489-le-and-registers-a-contract/trace.zip
    Usage:

        npx playwright show-trace test-results/vendor-workflows-Vendor-wo-35489-le-and-registers-a-contract/trace.zip

    ────────────────────────────────────────────────────────────────────────────────────────────────

  183) tests/vendors-real-runtime.spec.ts:191:3 › VendorsReal canonical runtime › preserves shell actions, import/export/copy, row actions, context menu, and details on /vendors 

    Error: apiRequestContext.post: connect ECONNREFUSED 127.0.0.1:8000
    Call log:
      - → POST http://127.0.0.1:8000/api/v1/devices
        - user-agent: Playwright/1.63.0 (arm64; macOS 26.6) node/22.23
        - accept: */*
        - accept-encoding: gzip,deflate,br
        - X-User-Id: haewon.kim
        - X-Tenant-Id: 1
        - content-type: application/json
        - content-length: 323


       at helpers/sysgrid.ts:42

      40 |
      41 | async function post(request: APIRequestContext, path: string, data: Record<string, any>) {
    > 42 |   const response = await request.post(`${apiBase}${path}`, { 
         |                                  ^
      43 |     data,
      44 |     headers: testApiHeaders
      45 |   })
        at post (/Users/haewonkim/.codex-fabric/worktrees/CF-636cebcd88631ae64e47fa3c/frontend/tests/helpers/sysgrid.ts:42:34)
        at createAsset (/Users/haewonkim/.codex-fabric/worktrees/CF-636cebcd88631ae64e47fa3c/frontend/tests/helpers/sysgrid.ts:183:10)
        at seedOperationalScenario (/Users/haewonkim/.codex-fabric/worktrees/CF-636cebcd88631ae64e47fa3c/frontend/tests/helpers/sysgrid.ts:366:25)
        at createVendorCandidateScenario (/Users/haewonkim/.codex-fabric/worktrees/CF-636cebcd88631ae64e47fa3c/frontend/tests/vendors-real-runtime.spec.ts:22:24)
        at /Users/haewonkim/.codex-fabric/worktrees/CF-636cebcd88631ae64e47fa3c/frontend/tests/vendors-real-runtime.spec.ts:194:28

    attachment #1: screenshot (image/png) ──────────────────────────────────────────────────────────
    test-results/vendors-real-runtime-Vendo-12a20-menu-and-details-on-vendors/test-failed-1.png
    ────────────────────────────────────────────────────────────────────────────────────────────────

    attachment #2: video (video/webm) ──────────────────────────────────────────────────────────────
    test-results/vendors-real-runtime-Vendo-12a20-menu-and-details-on-vendors/video.webm
    ────────────────────────────────────────────────────────────────────────────────────────────────

    Error Context: test-results/vendors-real-runtime-Vendo-12a20-menu-and-details-on-vendors/error-context.md

    attachment #4: trace (application/zip) ─────────────────────────────────────────────────────────
    test-results/vendors-real-runtime-Vendo-12a20-menu-and-details-on-vendors/trace.zip
    Usage:

        npx playwright show-trace test-results/vendors-real-runtime-Vendo-12a20-menu-and-details-on-vendors/trace.zip

    ────────────────────────────────────────────────────────────────────────────────────────────────

  184) tests/vendors-real-runtime.spec.ts:276:3 › VendorsReal canonical runtime › preserves /vendors?id= deep-link dossier and personnel accounts/pcs behavior 

    Error: apiRequestContext.post: connect ECONNREFUSED 127.0.0.1:8000
    Call log:
      - → POST http://127.0.0.1:8000/api/v1/devices
        - user-agent: Playwright/1.63.0 (arm64; macOS 26.6) node/22.23
        - accept: */*
        - accept-encoding: gzip,deflate,br
        - X-User-Id: haewon.kim
        - X-Tenant-Id: 1
        - content-type: application/json
        - content-length: 325


       at helpers/sysgrid.ts:42

      40 |
      41 | async function post(request: APIRequestContext, path: string, data: Record<string, any>) {
    > 42 |   const response = await request.post(`${apiBase}${path}`, { 
         |                                  ^
      43 |     data,
      44 |     headers: testApiHeaders
      45 |   })
        at post (/Users/haewonkim/.codex-fabric/worktrees/CF-636cebcd88631ae64e47fa3c/frontend/tests/helpers/sysgrid.ts:42:34)
        at createAsset (/Users/haewonkim/.codex-fabric/worktrees/CF-636cebcd88631ae64e47fa3c/frontend/tests/helpers/sysgrid.ts:183:10)
        at seedOperationalScenario (/Users/haewonkim/.codex-fabric/worktrees/CF-636cebcd88631ae64e47fa3c/frontend/tests/helpers/sysgrid.ts:366:25)
        at createVendorCandidateScenario (/Users/haewonkim/.codex-fabric/worktrees/CF-636cebcd88631ae64e47fa3c/frontend/tests/vendors-real-runtime.spec.ts:22:24)
        at /Users/haewonkim/.codex-fabric/worktrees/CF-636cebcd88631ae64e47fa3c/frontend/tests/vendors-real-runtime.spec.ts:278:28

    attachment #1: screenshot (image/png) ──────────────────────────────────────────────────────────
    test-results/vendors-real-runtime-Vendo-2ff05-onnel-accounts-pcs-behavior/test-failed-1.png
    ────────────────────────────────────────────────────────────────────────────────────────────────

    attachment #2: video (video/webm) ──────────────────────────────────────────────────────────────
    test-results/vendors-real-runtime-Vendo-2ff05-onnel-accounts-pcs-behavior/video.webm
    ────────────────────────────────────────────────────────────────────────────────────────────────

    Error Context: test-results/vendors-real-runtime-Vendo-2ff05-onnel-accounts-pcs-behavior/error-context.md

    attachment #4: trace (application/zip) ─────────────────────────────────────────────────────────
    test-results/vendors-real-runtime-Vendo-2ff05-onnel-accounts-pcs-behavior/trace.zip
    Usage:

        npx playwright show-trace test-results/vendors-real-runtime-Vendo-2ff05-onnel-accounts-pcs-behavior/trace.zip

    ────────────────────────────────────────────────────────────────────────────────────────────────

  185) tests/vendors-real-runtime.spec.ts:303:3 › VendorsReal canonical runtime › registers a contract and preserves rich contract detail behavior on /vendors 

    Error: apiRequestContext.post: connect ECONNREFUSED 127.0.0.1:8000
    Call log:
      - → POST http://127.0.0.1:8000/api/v1/devices
        - user-agent: Playwright/1.63.0 (arm64; macOS 26.6) node/22.23
        - accept: */*
        - accept-encoding: gzip,deflate,br
        - X-User-Id: haewon.kim
        - X-Tenant-Id: 1
        - content-type: application/json
        - content-length: 325


       at helpers/sysgrid.ts:42

      40 |
      41 | async function post(request: APIRequestContext, path: string, data: Record<string, any>) {
    > 42 |   const response = await request.post(`${apiBase}${path}`, { 
         |                                  ^
      43 |     data,
      44 |     headers: testApiHeaders
      45 |   })
        at post (/Users/haewonkim/.codex-fabric/worktrees/CF-636cebcd88631ae64e47fa3c/frontend/tests/helpers/sysgrid.ts:42:34)
        at createAsset (/Users/haewonkim/.codex-fabric/worktrees/CF-636cebcd88631ae64e47fa3c/frontend/tests/helpers/sysgrid.ts:183:10)
        at seedOperationalScenario (/Users/haewonkim/.codex-fabric/worktrees/CF-636cebcd88631ae64e47fa3c/frontend/tests/helpers/sysgrid.ts:366:25)
        at createVendorCandidateScenario (/Users/haewonkim/.codex-fabric/worktrees/CF-636cebcd88631ae64e47fa3c/frontend/tests/vendors-real-runtime.spec.ts:22:24)
        at /Users/haewonkim/.codex-fabric/worktrees/CF-636cebcd88631ae64e47fa3c/frontend/tests/vendors-real-runtime.spec.ts:305:28

    attachment #1: screenshot (image/png) ──────────────────────────────────────────────────────────
    test-results/vendors-real-runtime-Vendo-e4941--detail-behavior-on-vendors/test-failed-1.png
    ────────────────────────────────────────────────────────────────────────────────────────────────

    attachment #2: video (video/webm) ──────────────────────────────────────────────────────────────
    test-results/vendors-real-runtime-Vendo-e4941--detail-behavior-on-vendors/video.webm
    ────────────────────────────────────────────────────────────────────────────────────────────────

    Error Context: test-results/vendors-real-runtime-Vendo-e4941--detail-behavior-on-vendors/error-context.md

    attachment #4: trace (application/zip) ─────────────────────────────────────────────────────────
    test-results/vendors-real-runtime-Vendo-e4941--detail-behavior-on-vendors/trace.zip
    Usage:

        npx playwright show-trace test-results/vendors-real-runtime-Vendo-e4941--detail-behavior-on-vendors/trace.zip

    ────────────────────────────────────────────────────────────────────────────────────────────────

  186) tests/vendors-real-runtime.spec.ts:355:3 › VendorsReal canonical runtime › retains /vendors-real alias as a VendorsReal smoke route 

    Error: apiRequestContext.post: connect ECONNREFUSED 127.0.0.1:8000
    Call log:
      - → POST http://127.0.0.1:8000/api/v1/devices
        - user-agent: Playwright/1.63.0 (arm64; macOS 26.6) node/22.23
        - accept: */*
        - accept-encoding: gzip,deflate,br
        - X-User-Id: haewon.kim
        - X-Tenant-Id: 1
        - content-type: application/json
        - content-length: 323


       at helpers/sysgrid.ts:42

      40 |
      41 | async function post(request: APIRequestContext, path: string, data: Record<string, any>) {
    > 42 |   const response = await request.post(`${apiBase}${path}`, { 
         |                                  ^
      43 |     data,
      44 |     headers: testApiHeaders
      45 |   })
        at post (/Users/haewonkim/.codex-fabric/worktrees/CF-636cebcd88631ae64e47fa3c/frontend/tests/helpers/sysgrid.ts:42:34)
        at createAsset (/Users/haewonkim/.codex-fabric/worktrees/CF-636cebcd88631ae64e47fa3c/frontend/tests/helpers/sysgrid.ts:183:10)
        at seedOperationalScenario (/Users/haewonkim/.codex-fabric/worktrees/CF-636cebcd88631ae64e47fa3c/frontend/tests/helpers/sysgrid.ts:366:25)
        at createVendorCandidateScenario (/Users/haewonkim/.codex-fabric/worktrees/CF-636cebcd88631ae64e47fa3c/frontend/tests/vendors-real-runtime.spec.ts:22:24)
        at /Users/haewonkim/.codex-fabric/worktrees/CF-636cebcd88631ae64e47fa3c/frontend/tests/vendors-real-runtime.spec.ts:357:28

    attachment #1: screenshot (image/png) ──────────────────────────────────────────────────────────
    test-results/vendors-real-runtime-Vendo-1a831-s-a-VendorsReal-smoke-route/test-failed-1.png
    ────────────────────────────────────────────────────────────────────────────────────────────────

    attachment #2: video (video/webm) ──────────────────────────────────────────────────────────────
    test-results/vendors-real-runtime-Vendo-1a831-s-a-VendorsReal-smoke-route/video.webm
    ────────────────────────────────────────────────────────────────────────────────────────────────

    Error Context: test-results/vendors-real-runtime-Vendo-1a831-s-a-VendorsReal-smoke-route/error-context.md

    attachment #4: trace (application/zip) ─────────────────────────────────────────────────────────
    test-results/vendors-real-runtime-Vendo-1a831-s-a-VendorsReal-smoke-route/trace.zip
    Usage:

        npx playwright show-trace test-results/vendors-real-runtime-Vendo-1a831-s-a-VendorsReal-smoke-route/trace.zip

    ────────────────────────────────────────────────────────────────────────────────────────────────

  187) tests/view-deeplink-matrix.spec.ts:12:3 › View deep-link matrix › opens critical deep links without crashing and resolves the targeted record 

    Error: apiRequestContext.post: connect ECONNREFUSED 127.0.0.1:8000
    Call log:
      - → POST http://127.0.0.1:8000/api/v1/devices
        - user-agent: Playwright/1.63.0 (arm64; macOS 26.6) node/22.23
        - accept: */*
        - accept-encoding: gzip,deflate,br
        - X-User-Id: haewon.kim
        - X-Tenant-Id: 1
        - content-type: application/json
        - content-length: 325


       at helpers/sysgrid-test.ts:42

      40 |     const customRequest = {
      41 |       post: async (path: string, options?: any) => {
    > 42 |         return request.post(path, {
         |                        ^
      43 |           ...options,
      44 |           headers: {
      45 |             ...testApiHeaders,
        at Object.post (/Users/haewonkim/.codex-fabric/worktrees/CF-636cebcd88631ae64e47fa3c/frontend/tests/helpers/sysgrid-test.ts:42:24)
        at post (/Users/haewonkim/.codex-fabric/worktrees/CF-636cebcd88631ae64e47fa3c/frontend/tests/helpers/sysgrid.ts:42:34)
        at createAsset (/Users/haewonkim/.codex-fabric/worktrees/CF-636cebcd88631ae64e47fa3c/frontend/tests/helpers/sysgrid.ts:183:10)
        at seedOperationalScenario (/Users/haewonkim/.codex-fabric/worktrees/CF-636cebcd88631ae64e47fa3c/frontend/tests/helpers/sysgrid.ts:366:25)
        at /Users/haewonkim/.codex-fabric/worktrees/CF-636cebcd88631ae64e47fa3c/frontend/tests/view-deeplink-matrix.spec.ts:15:79

    attachment #1: screenshot (image/png) ──────────────────────────────────────────────────────────
    test-results/view-deeplink-matrix-View--d72f2-esolves-the-targeted-record/test-failed-1.png
    ────────────────────────────────────────────────────────────────────────────────────────────────

    attachment #2: video (video/webm) ──────────────────────────────────────────────────────────────
    test-results/view-deeplink-matrix-View--d72f2-esolves-the-targeted-record/video.webm
    ────────────────────────────────────────────────────────────────────────────────────────────────

    Error Context: test-results/view-deeplink-matrix-View--d72f2-esolves-the-targeted-record/error-context.md

    attachment #4: trace (application/zip) ─────────────────────────────────────────────────────────
    test-results/view-deeplink-matrix-View--d72f2-esolves-the-targeted-record/trace.zip
    Usage:

        npx playwright show-trace test-results/view-deeplink-matrix-View--d72f2-esolves-the-targeted-record/trace.zip

    ────────────────────────────────────────────────────────────────────────────────────────────────

  188) tests/view-empty-states.spec.ts:7:3 › View empty states › renders explicit empty-state guidance for deterministic no-result filters 

    Error: page.goto: net::ERR_CONNECTION_REFUSED at http://127.0.0.1:5173/knowledge
    Call log:
      - navigating to "http://127.0.0.1:5173/knowledge", waiting until "load"


      16 |
      17 |     for (const entry of expectations) {
    > 18 |       await page.goto(entry.path)
         |                  ^
      19 |       await waitForAppIdle(page)
      20 |       await page.getByPlaceholder(entry.placeholder).fill(impossibleTerm)
      21 |       await page.keyboard.press('Enter').catch(() => {})
        at /Users/haewonkim/.codex-fabric/worktrees/CF-636cebcd88631ae64e47fa3c/frontend/tests/view-empty-states.spec.ts:18:18

    attachment #1: screenshot (image/png) ──────────────────────────────────────────────────────────
    test-results/view-empty-states-View-emp-7ae72-rministic-no-result-filters/test-failed-1.png
    ────────────────────────────────────────────────────────────────────────────────────────────────

    attachment #2: video (video/webm) ──────────────────────────────────────────────────────────────
    test-results/view-empty-states-View-emp-7ae72-rministic-no-result-filters/video.webm
    ────────────────────────────────────────────────────────────────────────────────────────────────

    Error Context: test-results/view-empty-states-View-emp-7ae72-rministic-no-result-filters/error-context.md

    attachment #4: trace (application/zip) ─────────────────────────────────────────────────────────
    test-results/view-empty-states-View-emp-7ae72-rministic-no-result-filters/trace.zip
    Usage:

        npx playwright show-trace test-results/view-empty-states-View-emp-7ae72-rministic-no-result-filters/trace.zip

    ────────────────────────────────────────────────────────────────────────────────────────────────

  189) tests/workspace-collaborative-views.spec.ts:14:3 › Collaborative workspace views › persists personal views through the backend and restores stable view links 

    Error: page.goto: net::ERR_CONNECTION_REFUSED at http://127.0.0.1:5173/monitoring
    Call log:
      - navigating to "http://127.0.0.1:5173/monitoring", waiting until "load"


      18 |     for (const workspace of workspaces) {
      19 |       const name = `PW-${workspace.key.toUpperCase()}-VIEW-${stamp}`
    > 20 |       await page.goto(workspace.route)
         |                  ^
      21 |       await expect(page.getByRole('heading', { name: workspace.heading, exact: true }).first()).toBeVisible()
      22 |       await openToolbarButton(page, 'Views')
      23 |       await expect(page.getByTestId('workspace-view-sync-status')).toHaveText('Synced')
        at /Users/haewonkim/.codex-fabric/worktrees/CF-636cebcd88631ae64e47fa3c/frontend/tests/workspace-collaborative-views.spec.ts:20:18

    attachment #1: screenshot (image/png) ──────────────────────────────────────────────────────────
    test-results/workspace-collaborative-vi-3359d--restores-stable-view-links/test-failed-1.png
    ────────────────────────────────────────────────────────────────────────────────────────────────

    attachment #2: video (video/webm) ──────────────────────────────────────────────────────────────
    test-results/workspace-collaborative-vi-3359d--restores-stable-view-links/video.webm
    ────────────────────────────────────────────────────────────────────────────────────────────────

    Error Context: test-results/workspace-collaborative-vi-3359d--restores-stable-view-links/error-context.md

    attachment #4: trace (application/zip) ─────────────────────────────────────────────────────────
    test-results/workspace-collaborative-vi-3359d--restores-stable-view-links/trace.zip
    Usage:

        npx playwright show-trace test-results/workspace-collaborative-vi-3359d--restores-stable-view-links/trace.zip

    ────────────────────────────────────────────────────────────────────────────────────────────────

  189 failed
    tests/architecture-workflows.spec.ts:9:3 › Architecture workflows › creates an architecture, adds internal and external inventory, and persists the manifest 
    tests/architecture-workflows.spec.ts:148:3 › Architecture workflows › persists service-level swimlane workflows and protects against accidental exit 
    tests/assets-golden-evidence.spec.ts:690:3 › Assets golden evidence capture › captures stage31 workspace evidence 
    tests/assets-revert.spec.ts:6:3 › Assets Revert lifecycle › reverts the immutable completed row operation after selection changes 
    tests/assets-stage33-evidence.spec.ts:694:3 › Assets Stage 33 evidence capture › captures stage33 lock-proof evidence 
    tests/assets-stage34-evidence.spec.ts:710:3 › Assets Stage 34 evidence capture › captures stage34 lock-proof evidence 
    tests/assets-stage35-evidence.spec.ts:709:3 › Assets Stage 35 evidence capture › captures stage35 lock-proof evidence 
    tests/assets-stage36-evidence.spec.ts:620:3 › Assets Stage 36 targeted acceptance cleanup › captures stage36 lock-proof evidence 
    tests/assets-vendors-bulk-preview.spec.ts:31:3 › Assets and Vendors authoritative bulk completion › previews, confirms, receipts, and undoes exact shared changes 
    tests/assets-workflows.spec.ts:9:3 › Assets workflows › simulates the changed Assets workflows end-to-end 
    tests/audit-logs-workflows.spec.ts:10:3 › Audit Logs Workflows › AuditLogs view loads and is compliant 
    tests/blank-slate-audit.spec.ts:6:5 › Blank Slate Crash Audit › Navigates all views in a pristine, unseeded tenant to guarantee zero fatal React crashes 
    tests/crud-api-contracts.spec.ts:18:3 › CRUD API contracts › keeps assets, services, and monitoring CRUD free of write-time ORM errors 
    tests/crud-api-contracts.spec.ts:89:3 › CRUD API contracts › keeps knowledge, research, and projects CRUD durable through read-update-delete cycles 
    tests/crud-api-contracts.spec.ts:161:3 › CRUD API contracts › keeps network, external, and FAR CRUD flows stable with realistic payloads 
    tests/dashboard-workflows.spec.ts:10:3 › Dashboard Workflows › navigates to tabs and syncs URL parameter 
    tests/debug.spec.ts:5:1 › debug settings reload ────────────────────────────────────────────────
    tests/external-services-bulk-preview.spec.ts:37:3 › External and Services authoritative bulk preview › previews and confirms exact environment changes in both goldenized workspaces 
    tests/external-workflows.spec.ts:7:3 › External workflows › matches the workspace shell contract and opens the shared import modal 
    tests/external-workflows.spec.ts:51:3 › External workflows › preserves metadata, supports credentials, and surfaces link failures clearly 
    tests/far-golden-controls.spec.ts:6:3 › FAR Monitoring-golden controls › keeps FAR domain depth while exposing the golden command and interaction surfaces 
    tests/far-visible-grid.spec.ts:6:3 › FAR visible grid contract › repairs persisted collapse and paints analytical cells in the operator viewport 
    tests/far-workflows.spec.ts:31:3 › FAR workflows › opens deep links and refreshes the wizard when the selected mode changes 
    tests/far-workflows.spec.ts:61:3 › FAR workflows › uses the golden grid and previews failure-vector retirement without changing data 
    tests/far-workflows.spec.ts:94:3 › FAR workflows › edits mitigation provenance and preserves FAR version history invariants 
    tests/far-workflows.spec.ts:267:3 › FAR workflows › navigates to Research and can unlink linked research artifacts 
    tests/golden-eight-seeded-visual-matrix.spec.ts:28:3 › Golden Eight deterministic populated visual matrix › renders representative populated desktop states for every completed target view 
    tests/knowledge-workflows.spec.ts:9:3 › Knowledge workflows › supports command-center summaries, architecture linkage, export, and operational actions 
    tests/knowledge-workflows.spec.ts:114:3 › Knowledge workflows › supports richer Q&A collaboration and answer verification 
    tests/monitoring-comprehensive.spec.ts:32:3 › Monitoring Comprehensive Functional Coverage › Add Monitor: Validate field sanitization and success 
    tests/monitoring-comprehensive.spec.ts:44:3 › Monitoring Comprehensive Functional Coverage › Edit Monitor: Validate state propagation and save 
    tests/monitoring-comprehensive.spec.ts:72:3 › Monitoring Comprehensive Functional Coverage › Validation: Triggers error on empty title 
    tests/monitoring-workflows.spec.ts:58:3 › Monitoring workflows › preserves lifecycle status, recovery linking, and knowledge jump paths 
    tests/monitoring-workflows.spec.ts:104:3 › Monitoring workflows › supports bulk undo, compare, and persisted display state 
    tests/monitoring-workflows.spec.ts:171:3 › Monitoring workflows › edits an existing monitor without save errors and persists the updated fields 
    tests/monitoring-workflows.spec.ts:217:3 › Monitoring workflows › keeps default title sizing dynamic and preserves human resized widths only in saved views 
    tests/monitoring-workflows.spec.ts:364:3 › Monitoring workflows › imports monitoring rows through the shared operational import modal 
    tests/network-workflows.spec.ts:36:3 › Network workflows › supports deep-linked forensics, unit edits, and bulk sever from the grid 
    tests/network-workflows.spec.ts:146:3 › Network workflows › supports manual selection, modifiers, menu overlays, display configurations, and grouped grid parity 
    tests/network-workflows.spec.ts:457:3 › Network workflows › verifies golden column labels, domain order, pinning, resizability, bulk-edit dirty-close safety, context menu structure, and irreversible purge confirmation 
    tests/pre-test-check.spec.ts:3:1 › verify backend and frontend are up ──────────────────────────
    tests/projects-creation-flow.spec.ts:7:3 › Projects Creation Workflow › should create a new project with cascading multi-selects and month/year dates 
    tests/projects-golden-evidence.spec.ts:42:3 › Projects Iteration 4A collaboration and reporting foundation › Iteration 4A task comment authoring persists exact comment and @mentions on canonical task truth 
    tests/projects-golden-evidence.spec.ts:58:3 › Projects Iteration 4A collaboration and reporting foundation › Iteration 4A project material authoring persists one exact link through canonical Project PUT 
    tests/projects-golden-evidence.spec.ts:74:3 › Projects Iteration 4A collaboration and reporting foundation › Iteration 4A report capture creates immutable history and restores the exact snapshot by deep link 
    tests/projects-golden-evidence.spec.ts:105:3 › Projects Iteration 4B authoritative mention interaction › Iteration 4B mention click selection persists the exact canonical operator username 
    tests/projects-golden-evidence.spec.ts:125:3 › Projects Iteration 4B authoritative mention interaction › Iteration 4B mention keyboard selection inserts one canonical handle before persistence 
    tests/projects-golden-evidence.spec.ts:151:3 › Projects Iteration 4C native project updates collaboration › Iteration 4C project update click selection posts one canonical human update through Project PUT 
    tests/projects-golden-evidence.spec.ts:172:3 › Projects Iteration 4C native project updates collaboration › Iteration 4C project update keyboard selection persists and restores from canonical Project truth 
    tests/projects-golden-evidence.spec.ts:202:3 › Projects Iteration 4D collaboration reporting integration › Iteration 4D report snapshot freezes the canonical human update and mention evidence 
    tests/projects-golden-evidence.spec.ts:220:3 › Projects Iteration 4D collaboration reporting integration › Iteration 4D captured report remains immutable after a later live Project update 
    tests/projects-golden-evidence.spec.ts:247:3 › Projects Iteration 4E collaboration and reporting certification smoke › Iteration 4E certification preserves the canonical collaboration chain through immutable report review 
    tests/projects-hierarchy.spec.ts:64:1 › P10 hierarchy rehearsal shows ten roots and one nested child @hierarchy-rehearsal 
    tests/projects-hierarchy.spec.ts:74:1 › child deep link restores explicit parent context @hierarchy-acceptance 
    tests/projects-hierarchy.spec.ts:84:1 › portfolio counts only top-level outcomes and excludes child card @hierarchy-acceptance 
    tests/projects-hierarchy.spec.ts:92:1 › create flow exposes top-level versus subproject semantics with required parent chooser @hierarchy-acceptance 
    tests/projects-hierarchy.spec.ts:108:1 › edit child flow restores parent selection and can explicitly promote to top level @hierarchy-acceptance 
    tests/projects-navigation.spec.ts:85:1 › P01 central-navigation rehearsal exposes six intents and persistent context @navigation-rehearsal 
    tests/projects-navigation.spec.ts:95:1 › P01 Work deep link opens the canonical task graph and Board projection @navigation-acceptance 
    tests/projects-navigation.spec.ts:106:1 › P02 fixed project navigation exposes canonical Plan, Timeline, Updates and Outcomes deep links @navigation-acceptance 
    tests/projects-navigation.spec.ts:117:1 › P09 Outcomes reveals Reports and Insights and legacy governance link canonicalizes @navigation-acceptance 
    tests/projects-navigation.spec.ts:126:1 › all retained project view aliases history-replace to canonical destinations @navigation-acceptance 
    tests/projects-navigation.spec.ts:142:1 › central Add/edit and intent navigation reuse existing project flows @navigation-acceptance 
    tests/projects-navigation.spec.ts:152:1 › Portfolio remains a separate cross-project utility @navigation-acceptance 
    tests/projects-out40-slice-c-board-a11y.spec.ts:77:1 › OUT-40 Slice C Board move alternatives expose exact names and minimum targets @out40-slice-c-rehearsal 
    tests/projects-out40-slice-c-board-a11y.spec.ts:94:1 › OUT-40 Slice C keyboard status move persists canonical PUT, announces success, and restores focus @out40-slice-c-acceptance 
    tests/projects-out40-slice-d-wbs-keyboard.spec.ts:85:1 › OUT-40 Slice D WBS keyboard reorder exposes exact native controls and minimum targets @out40-slice-d-rehearsal 
    tests/projects-out40-slice-d-wbs-keyboard.spec.ts:108:1 › OUT-40 Slice D Enter reorder persists canonical PUT, preserves subtree, announces, and restores row focus @out40-slice-d-acceptance 
    tests/projects-out40-slice-e-timeline-dependency-a11y.spec.ts:106:1 › OUT-40 Slice E Timeline controls expose keyboard dependency and named Gantt interactions @out40-slice-e-rehearsal 
    tests/projects-out40-slice-e-timeline-dependency-a11y.spec.ts:134:1 › OUT-40 Slice E Enter add/remove uses canonical PUT, announces, and restores target focus @out40-slice-e-acceptance 
    tests/projects-out40-slice-f-task-drawer-a11y.spec.ts:95:1 › OUT-40 Slice F Task Drawer required controls are explicitly named and icon targets are >=40px @out40-slice-f-rehearsal 
    tests/projects-out40-slice-f-task-drawer-a11y.spec.ts:113:1 › OUT-40 Slice F named dependency removal keeps native Enter activation and canonical Project PUT @out40-slice-f-acceptance 
    tests/projects-out40-slice-g-accessible-name-audit.spec.ts:123:1 › OUT-40 Slice G persistent Projects surfaces have no unnamed required controls @out40-slice-g-rehearsal 
    tests/projects-out40-slice-g-accessible-name-audit.spec.ts:144:1 › OUT-40 Slice G transient Projects surfaces have no unnamed required controls @out40-slice-g-acceptance 
    tests/projects-out40-slice-h-gantt-modernization.spec.ts:127:1 › OUT-40 Slice H P10 Gantt is bounded, aligned and connector-anchored @out40-slice-h-rehearsal 
    tests/projects-out40-slice-h-gantt-modernization.spec.ts:157:1 › OUT-40 Slice H keyboard dependency add/remove is explicit, canonical and focus-stable @out40-slice-h-acceptance 
    tests/projects-out40-slice-h-gantt-modernization.spec.ts:185:1 › OUT-40 Slice H scroll zoom filter collapse are mutation-free and stay bounded @out40-slice-h-acceptance 
    tests/projects-out40-slice-h-gantt-modernization.spec.ts:217:1 › OUT-40 Slice H bar move and resize each commit one Project PUT @out40-slice-h-acceptance 
    tests/projects-out40-slice-h-gantt-modernization.spec.ts:238:1 › OUT-40 Slice H narrow Gantt contains page overflow and keeps primary controls >=40px @out40-slice-h-acceptance 
    tests/projects-outcomes.spec.ts:47:1 › P03 completed delivery remains visibly at risk when adoption is weak @outcomes-rehearsal 
    tests/projects-outcomes.spec.ts:55:1 › P01 and P08 expose traceable measured adoption and realized value @outcomes-acceptance 
    tests/projects-outcomes.spec.ts:63:1 › missing outcome measurement renders Unknown and Not measured @outcomes-acceptance 
    tests/projects-outcomes.spec.ts:71:1 › portfolio outcome summary excludes child population and child value @outcomes-acceptance 
    tests/projects-outcomes.spec.ts:82:1 › measurement edit uses canonical Project PUT and preserves legacy ROI fields @outcomes-acceptance 
    tests/projects-outcomes.spec.ts:96:1 › captured report snapshot freezes measured outcome values @outcomes-acceptance 
    tests/projects-overhaul.spec.ts:9:3 › Projects Overhaul 2.0 › verifies shell and tab navigation 
    tests/projects-overhaul.spec.ts:41:3 › Projects Overhaul 2.0 › verifies dashboard view ─────────
    tests/projects-p04-project-story.spec.ts:35:1 › real backend creation survives one failed save and reload without duplicate Projects 
    tests/projects-p05-work-plan.spec.ts:15:1 › P05 Work treegrid exposes expanded row geometry and keyboard status projection 
    tests/projects-p05-work-plan.spec.ts:49:1 › P05 Board keeps Move to keyboard control in the same task projection 
    tests/projects-p11-portfolio-regression.spec.ts:8:1 › P11 Portfolio keeps migrated and native Projects in one canonical story projection 
    tests/projects-readability.spec.ts:230:1 › P01 readability rehearsal @readability-rehearsal ────
    tests/projects-readability.spec.ts:239:1 › P01 high-value Overview stays readable at 1280x720 @readability-acceptance 
    tests/projects-readability.spec.ts:248:1 › P02 blocked project preserves clear hierarchy at 1440x900 @readability-acceptance 
    tests/projects-readability.spec.ts:257:1 › P10 large Gantt remains contained and readable at 1920x1080 @readability-acceptance 
    tests/projects-readability.spec.ts:268:1 › narrow Projects navigation remains reachable at 390x844 @readability-acceptance 
    tests/projects-readability.spec.ts:282:1 › Projects modal inherits elevated readability without changing the shared modal @readability-acceptance 
    tests/projects-readability.spec.ts:294:1 › readability diagnostics expose computed contract @readability-diagnostic 
    tests/projects-saved-views.spec.ts:66:3 › Projects shared saved views › hydrates without applying, then applies a normalized personal remote view only after explicit selection 
    tests/projects-saved-views.spec.ts:89:3 › Projects shared saved views › restores the exact nested Portfolio section from a synced saved view 
    tests/projects-saved-views.spec.ts:109:3 › Projects shared saved views › restores a locally saved nested Portfolio section after leaving the view 
    tests/projects-saved-views.spec.ts:129:3 › Projects shared saved views › preserves a linked legacy Portfolio subsection instead of falling back to Control Tower 
    tests/projects-saved-views.spec.ts:149:3 › Projects shared saved views › saved-view URL identity follows explicit remote selection and local replacement 
    tests/projects-saved-views.spec.ts:177:3 › Projects shared saved views › saved-view URL identity follows synced creation and deletion 
    tests/projects-saved-views.spec.ts:200:3 › Projects shared saved views › saved-view URL identity removes authoritative stale links but preserves them while hydration is offline 
    tests/projects-saved-views.spec.ts:222:3 › Projects shared saved views › preserves active state and local saved-view use when personal remote hydration fails 
    tests/projects-saved-views.spec.ts:236:3 › Projects shared saved views › creates and updates an explicit personal synced Project view, then reloads a stale-revision conflict without clobbering the client draft 
    tests/projects-saved-views.spec.ts:265:3 › Projects shared saved views › saves a stale personal client draft as a new synced copy and deletes that copy explicitly without touching legacy local views 
    tests/projects-saved-views.spec.ts:288:3 › Projects shared saved views › reconciles personal, current-team and local views and runs an authorized team write/conflict/delete lifecycle 
    tests/projects-saved-views.spec.ts:331:3 › Projects shared saved views › never fabricates a local team view when team persistence is offline 
    tests/projects-saved-views.spec.ts:355:3 › Projects shared saved views › copies a collision-safe saved_view link and restores it exactly once without replacing the Projects view parameter 
    tests/projects-saved-views.spec.ts:380:3 › Projects shared saved views › leaves inaccessible saved_view links inert and cancels delayed restoration after user interaction 
    tests/projects-scheduling-completion.spec.ts:68:1 › advanced schedule control completes the existing Timeline without replacing it @scheduling-rehearsal 
    tests/projects-scheduling-completion.spec.ts:79:1 › typed dependency and calendar save through canonical Project PUT @scheduling-acceptance 
    tests/projects-scheduling-completion.spec.ts:97:1 › scenario preview is non-mutating, save is metadata-only, and Apply changes live dates @scheduling-acceptance 
    tests/projects-scheduling-completion.spec.ts:112:1 › baseline history is additive and capacity stays Unknown without authority @scheduling-acceptance 
    tests/projects-scheduling-completion.spec.ts:122:1 › OUT-40 schedule control is keyboard-accessible, announced and contained at 390x844 @out40-slice-b-acceptance 
    tests/projects-scheduling-completion.spec.ts:170:1 › OUT-40 schedule control stays viewport-contained on desktop and wide screens @out40-slice-b-regression 
    tests/projects-showcase.spec.ts:63:1 › executive showcase is question-driven, truthful and sparse @showcase-rehearsal 
    tests/projects-showcase.spec.ts:84:1 › visual pins use canonical full Project PUT and preserve existing reporting metadata @showcase-acceptance 
    tests/projects-showcase.spec.ts:100:1 › captured report showcase stays frozen and does not borrow live schedule truth @showcase-acceptance 
    tests/projects-visual-repair.spec.ts:49:35 › usable real workspace 390x844 ─────────────────────
    tests/projects-visual-repair.spec.ts:49:35 › usable real workspace 430x932 ─────────────────────
    tests/projects-visual-repair.spec.ts:49:35 › usable real workspace 768x1024 ────────────────────
    tests/projects-visual-repair.spec.ts:49:35 › usable real workspace 1024x768 ────────────────────
    tests/projects-visual-repair.spec.ts:49:35 › usable real workspace 1280x720 ────────────────────
    tests/projects-visual-repair.spec.ts:49:35 › usable real workspace 1440x900 ────────────────────
    tests/projects-visual-repair.spec.ts:49:35 › usable real workspace 1920x1080 ───────────────────
    tests/projects-visual-repair.spec.ts:49:35 › usable real workspace 2560x1440 ───────────────────
    tests/projects-visual-repair.spec.ts:61:1 › move, connected preview, cancellation, and history at the formerly failing 1280 viewport 
    tests/projects-visual-repair.spec.ts:72:1 › Fit and short-bar date actions; connector inspection is not deletion 
    tests/projects-visual-repair.spec.ts:81:1 › wide resize and bounded realized DOM after scroll ──
    tests/projects-visual-repair.spec.ts:94:1 › virtual WBS semantics and keyboard schedule parity stay bounded 
    tests/projects-visual-repair.spec.ts:110:1 › Board and Work preserve status meaning and working space 
    tests/projects-visual-repair.spec.ts:121:1 › phone menu keeps focus contained and returns it on Escape 
    tests/projects-visual-repair.spec.ts:130:1 › Projects sidebar has final geometry on first frame and breakpoint changes 
    tests/projects-workflows.spec.ts:6:3 › Projects workflows › opens project config, keeps selection stable on delete, and blocks filtered reorder affordance 
    tests/pv1-browser-matrix.spec.ts:68:1 › PV1 browser/state acceptance matrix covers required cells with strict request failure @pv1-browser-matrix 
    tests/pv1-performance-browser.spec.ts:137:1 › PV1 Typical production browser performance evidence uses real backend and built frontend 
    tests/racks-workflows.spec.ts:7:3 › Racks workflows › handles spatial navigation, site decommission fallback, and sandbox collision safety 
    tests/research-workflows.spec.ts:23:3 › Research workflows › filters by real years and rejects blank intelligence pulses 
    tests/resilience/dataflow-chaos.spec.ts:8:1 › DataFlow resilience: Stalling node interaction ───
    tests/resilience/far-chaos.spec.ts:10:1 › FAR mitigation deletion resilience: Network Stall + Rapid Click 
    tests/resilience/monitoring-chaos.spec.ts:9:1 › Monitoring bulk action resilience: Network Stall + Rapid Interaction 
    tests/resilience/projects-chaos.spec.ts:10:1 › Projects task update resilience: Network Stall + Rapid Interaction 
    tests/resilience/services-chaos.spec.ts:8:1 › Service registration resilience: Network Stall + Rapid Interaction 
    tests/sentinel_comprehensive.spec.ts:34:5 › System Sentinel (Zero-Tolerance Coverage - Comprehensive) › Comprehensive Check: Dashboard loads and template is compliant 
    tests/sentinel_comprehensive.spec.ts:34:5 › System Sentinel (Zero-Tolerance Coverage - Comprehensive) › Comprehensive Check: Monitoring loads and template is compliant 
    tests/sentinel_comprehensive.spec.ts:34:5 › System Sentinel (Zero-Tolerance Coverage - Comprehensive) › Comprehensive Check: Assets loads and template is compliant 
    tests/sentinel_comprehensive.spec.ts:34:5 › System Sentinel (Zero-Tolerance Coverage - Comprehensive) › Comprehensive Check: Projects loads and template is compliant 
    tests/sentinel_comprehensive.spec.ts:34:5 › System Sentinel (Zero-Tolerance Coverage - Comprehensive) › Comprehensive Check: Settings loads and template is compliant 
    tests/sentinel_smoke.spec.ts:31:5 › System Sentinel (Zero-Tolerance Coverage) › Integrity Check: Dashboard loads and template is compliant 
    tests/sentinel_smoke.spec.ts:31:5 › System Sentinel (Zero-Tolerance Coverage) › Integrity Check: Monitoring loads and template is compliant 
    tests/sentinel_smoke.spec.ts:31:5 › System Sentinel (Zero-Tolerance Coverage) › Integrity Check: Assets loads and template is compliant 
    tests/sentinel_smoke.spec.ts:31:5 › System Sentinel (Zero-Tolerance Coverage) › Integrity Check: Projects loads and template is compliant 
    tests/sentinel_smoke.spec.ts:31:5 › System Sentinel (Zero-Tolerance Coverage) › Integrity Check: Settings loads and template is compliant 
    tests/sentinel_smoke.spec.ts:42:3 › System Sentinel (Zero-Tolerance Coverage) › Monitoring View: Golden Template Deep Link & Share Integrity 
    tests/service-workflows.spec.ts:9:3 › Service workflows › tolerates malformed metadata and clears deep-link state on close 
    tests/settings-and-audit.spec.ts:9:3 › Settings and audit workflows › persists theme and loads major settings sections 
    tests/settings-and-audit.spec.ts:32:3 › Settings and audit workflows › filters operators and keeps tenant input after a failed create attempt 
    tests/settings-and-audit.spec.ts:61:3 › Settings and audit workflows › stores and exposes user-pool synchronization history 
    tests/settings-and-audit.spec.ts:97:3 › Settings and audit workflows › renders scoped audit logs for seeded service activity 
    tests/settings-standards.spec.ts:6:3 › Settings Standards reference › renders the synchronized reference and exercises shared primitives 
    tests/shell-and-search.spec.ts:8:3 › App shell and global search › loads the dashboard and feature audit HUD 
    tests/shell-and-search.spec.ts:19:3 › App shell and global search › navigates to seeded records through global search 
    tests/shell-and-search.spec.ts:154:3 › Golden Eight rendered geometry › records authoritative API response shapes for comprehensive Golden Eight seed fixtures 
    tests/shell-and-search.spec.ts:213:3 › Golden Eight rendered geometry › keeps desktop shell, command bar, and grid alignment invariant on every golden route 
    tests/shell-and-search.spec.ts:257:3 › Golden Eight rendered geometry › keeps narrow-screen stacking and overflow containment invariant on every golden route 
    tests/smoke.spec.ts:12:5 › Smoke Tests › Canonical Page Load: monitoring (/monitoring) ─────────
    tests/smoke.spec.ts:12:5 › Smoke Tests › Canonical Page Load: external (/external) ─────────────
    tests/smoke.spec.ts:12:5 › Smoke Tests › Canonical Page Load: services (/services) ─────────────
    tests/smoke.spec.ts:12:5 › Smoke Tests › Canonical Page Load: network (/network) ───────────────
    tests/smoke.spec.ts:12:5 › Smoke Tests › Canonical Page Load: far (/far) ───────────────────────
    tests/smoke.spec.ts:12:5 › Smoke Tests › Canonical Page Load: research (/research) ─────────────
    tests/smoke.spec.ts:12:5 › Smoke Tests › Canonical Page Load: assets (/asset) ──────────────────
    tests/smoke.spec.ts:12:5 › Smoke Tests › Canonical Page Load: vendors (/vendors) ───────────────
    tests/smoke.spec.ts:12:5 › Smoke Tests › Canonical Page Load: settings-standards (/settings?tab=standards) 
    tests/smoke.spec.ts:31:5 › Smoke Tests › Page Load: / ──────────────────────────────────────────
    tests/smoke.spec.ts:31:5 › Smoke Tests › Page Load: /projects ──────────────────────────────────
    tests/smoke.spec.ts:31:5 › Smoke Tests › Page Load: /racks ─────────────────────────────────────
    tests/universal-crawler.spec.ts:6:3 › Universal View Resilience Crawler (Automated Chaos) › Automatically crawls all canonical views and injects bounded chaos @chaos 
    tests/vendor-workflows.spec.ts:7:3 › Vendor workflows › creates a vendor, updates the profile, and registers a contract 
    tests/vendors-real-runtime.spec.ts:191:3 › VendorsReal canonical runtime › preserves shell actions, import/export/copy, row actions, context menu, and details on /vendors 
    tests/vendors-real-runtime.spec.ts:276:3 › VendorsReal canonical runtime › preserves /vendors?id= deep-link dossier and personnel accounts/pcs behavior 
    tests/vendors-real-runtime.spec.ts:303:3 › VendorsReal canonical runtime › registers a contract and preserves rich contract detail behavior on /vendors 
    tests/vendors-real-runtime.spec.ts:355:3 › VendorsReal canonical runtime › retains /vendors-real alias as a VendorsReal smoke route 
    tests/view-deeplink-matrix.spec.ts:12:3 › View deep-link matrix › opens critical deep links without crashing and resolves the targeted record 
    tests/view-empty-states.spec.ts:7:3 › View empty states › renders explicit empty-state guidance for deterministic no-result filters 
    tests/workspace-collaborative-views.spec.ts:14:3 › Collaborative workspace views › persists personal views through the backend and restores stable view links 
  10 skipped
  9 passed (1.5m)

[LLM-Reporter] Emitted token-optimized failure artifact to /Users/haewonkim/.codex-fabric/worktrees/CF-636cebcd88631ae64e47fa3c/frontend/llm-report.json
